absolute_boundary_distance,carrier_id,eligible,gate_reached,ground_gap,inside_norm,inside_preserved,limiting_surface,lowest_eigenvalue,outside_crossed,outside_norm,reason,sign_clearance,sign_threshold,signed_margin,simplicity_clearance,simplicity_threshold,state_index
0.8666445222974162,annual-sunspots,True,True,1.7332890545948323,0.857978077074442,True,simplicity,-1.2110322215887226,True,0.8666445247974159,,1.2110322214887226,-1e-10,0.8666445222974162,1.7332890445948324,1e-08,0
0.8597043184271366,annual-sunspots,True,True,1.719408646854273,0.8511072752428653,True,simplicity,-1.213730893672948,True,0.8597043209271364,,1.213730893572948,-1e-10,0.8597043184271366,1.7194086368542731,1e-08,1
0.853545661979556,annual-sunspots,True,True,1.7070913339591118,0.8450102053597606,True,simplicity,-1.2165706886038858,True,0.8535456644795565,,1.2165706885038858,-1e-10,0.853545661979556,1.707091323959112,1e-08,2
0.846123296711544,annual-sunspots,True,True,1.6922466034230879,0.8376620637444289,True,simplicity,-1.218596902534578,True,0.8461232992115438,,1.218596902434578,-1e-10,0.846123296711544,1.692246593423088,1e-08,3
0.8368599573015273,annual-sunspots,True,True,1.6737199246030545,0.828491357728512,True,simplicity,-1.2183698408087507,True,0.836859959801527,,1.2183698407087507,-1e-10,0.8368599573015273,1.6737199146030546,1e-08,4
0.8206485087645934,annual-sunspots,True,True,1.6412970275291867,0.8124420236769476,True,simplicity,-1.211642003730316,True,0.8206485112645936,,1.211642003630316,-1e-10,0.8206485087645934,1.6412970175291868,1e-08,5
0.8070869098043744,annual-sunspots,True,True,1.6141738296087487,0.7990160407063306,True,simplicity,-1.2168626967121785,True,0.8070869123043741,,1.2168626966121785,-1e-10,0.8070869098043744,1.6141738196087487,1e-08,6
0.8013987506950815,annual-sunspots,True,True,1.602797511390163,0.7933847631881307,True,simplicity,-1.214857608765128,True,0.8013987531950815,,1.214857608665128,-1e-10,0.8013987506950815,1.602797501390163,1e-08,7
0.8134243424920042,annual-sunspots,True,True,1.6268486949840084,0.805290099067084,True,simplicity,-1.2142422197325389,True,0.8134243449920041,,1.2142422196325389,-1e-10,0.8134243424920042,1.6268486849840085,1e-08,8
0.8221716695649474,annual-sunspots,True,True,1.6443433491298947,0.8139499528692977,True,simplicity,-1.2124353086086321,True,0.8221716720649475,,1.2124353085086321,-1e-10,0.8221716695649474,1.6443433391298947,1e-08,9
0.8279733532301011,annual-sunspots,True,True,1.6559467164602022,0.8196936196978,True,simplicity,-1.2091824862614384,True,0.8279733557301012,,1.2091824861614384,-1e-10,0.8279733532301011,1.6559467064602023,1e-08,10
0.8360491744125903,annual-sunspots,True,True,1.6720983588251805,0.8276886826684641,True,simplicity,-1.2055097495431286,True,0.83604917691259,,1.2055097494431286,-1e-10,0.8360491744125903,1.6720983488251806,1e-08,11
0.837987386397143,annual-sunspots,True,True,1.675974782794286,0.8296075125331717,True,simplicity,-1.2047310849936959,True,0.8379873888971433,,1.2047310848936958,-1e-10,0.837987386397143,1.675974772794286,1e-08,12
0.8467988022453823,annual-sunspots,True,True,1.6935976144907645,0.8383308142229285,True,simplicity,-1.2104526601809311,True,0.8467988047453825,,1.210452660080931,-1e-10,0.8467988022453823,1.6935976044907646,1e-08,13
0.8621559310294524,annual-sunspots,True,True,1.7243118720589048,0.8535343717191577,True,simplicity,-1.2142029996950159,True,0.8621559335294524,,1.2142029995950159,-1e-10,0.8621559310294524,1.7243118620589049,1e-08,14
0.8143508197112633,annual-sunspots,True,True,1.6287016494225266,0.8062073115141505,True,simplicity,-1.2152170341907993,True,0.8143508222112632,,1.2152170340907993,-1e-10,0.8143508197112633,1.6287016394225267,1e-08,15
0.7419314906610457,annual-sunspots,True,True,1.4838629913220913,0.734512175754435,True,simplicity,-1.221057355373413,True,0.7419314931610457,,1.221057355273413,-1e-10,0.7419314906610457,1.4838629813220914,1e-08,16
0.7476388080605493,annual-sunspots,True,True,1.4952776261210985,0.7401624199799438,True,simplicity,-1.2170482597801042,True,0.7476388105605493,,1.2170482596801042,-1e-10,0.7476388080605493,1.4952776161210986,1e-08,17
0.7637106917446264,annual-sunspots,True,True,1.5274213934892527,0.7560735848271802,True,simplicity,-1.2246160909671224,True,0.7637106942446263,,1.2246160908671224,-1e-10,0.7637106917446264,1.5274213834892527,1e-08,18
0.7743557002290266,annual-sunspots,True,True,1.548711410458053,0.7666121432267361,True,simplicity,-1.2242393995987038,True,0.7743557027290267,,1.2242393994987038,-1e-10,0.7743557002290266,1.5487114004580531,1e-08,19
0.7860787736200193,annual-sunspots,True,True,1.5721575572400386,0.778217985883819,True,simplicity,-1.2230286548190423,True,0.7860787761200191,,1.2230286547190423,-1e-10,0.7860787736200193,1.5721575472400386,1e-08,20
0.7935212100980731,annual-sunspots,True,True,1.587042430196146,0.7855859979970928,True,simplicity,-1.2188162110907537,True,0.7935212125980735,,1.2188162109907537,-1e-10,0.7935212100980731,1.5870424201961462,1e-08,21
0.7975853834238202,annual-sunspots,True,True,1.5951707768476404,0.7896095295895821,True,simplicity,-1.2148186964482166,True,0.7975853859238202,,1.2148186963482166,-1e-10,0.7975853834238202,1.5951707668476405,1e-08,22
0.7900050318071038,annual-sunspots,True,True,1.5800100736142075,0.7821049814890327,True,simplicity,-1.2169840964571639,True,0.7900050343071039,,1.2169840963571639,-1e-10,0.7900050318071038,1.5800100636142076,1e-08,23
0.7847530663541252,annual-sunspots,True,True,1.5695061427082504,0.7769055356905838,True,simplicity,-1.2173157450764194,True,0.7847530688541254,,1.2173157449764194,-1e-10,0.7847530663541252,1.5695061327082505,1e-08,24
0.7853367671822116,annual-sunspots,True,True,1.570673544364423,0.7774833995103894,True,simplicity,-1.216460617346648,True,0.7853367696822113,,1.216460617246648,-1e-10,0.7853367671822116,1.5706735343644231,1e-08,25
0.7834251773738133,annual-sunspots,True,True,1.5668503647476266,0.7755909256000751,True,simplicity,-1.2180143422780954,True,0.7834251798738134,,1.2180143421780953,-1e-10,0.7834251773738133,1.5668503547476267,1e-08,26
0.7754242306973937,annual-sunspots,True,True,1.5508484713947874,0.7676699883904198,True,simplicity,-1.2179924057973308,True,0.7754242331973941,,1.2179924056973308,-1e-10,0.7754242306973937,1.5508484613947875,1e-08,27
0.7906357993011832,annual-sunspots,True,True,1.5812716086023664,0.7827294413081709,True,simplicity,-1.2197481694751446,True,0.790635801801183,,1.2197481693751446,-1e-10,0.7906357993011832,1.5812715986023664,1e-08,28
0.7907668602617302,annual-sunspots,True,True,1.5815337305234602,0.7828591916591131,True,simplicity,-1.2161549264145475,True,0.7907668627617305,,1.2161549263145475,-1e-10,0.7907668602617302,1.5815337205234603,1e-08,29
0.7934530345680209,annual-sunspots,True,True,1.5869060791360416,0.7855185042223404,True,simplicity,-1.2169948964875643,True,0.7934530370680207,,1.2169948963875643,-1e-10,0.7934530345680209,1.5869060691360417,1e-08,30
0.7975374150189276,annual-sunspots,True,True,1.5950748400378552,0.7895620408687383,True,simplicity,-1.2143175596195053,True,0.7975374175189274,,1.2143175595195053,-1e-10,0.7975374150189276,1.5950748300378552,1e-08,31
0.8013858673669179,annual-sunspots,True,True,1.6027717447338357,0.7933720086932488,True,simplicity,-1.2151427657933938,True,0.8013858698669181,,1.2151427656933937,-1e-10,0.8013858673669179,1.6027717347338357,1e-08,32
0.8055225951414452,annual-sunspots,True,True,1.6110452002828903,0.7974673691900309,True,simplicity,-1.2148711391276752,True,0.805522597641445,,1.2148711390276752,-1e-10,0.8055225951414452,1.6110451902828904,1e-08,33
0.79365515104858,annual-sunspots,True,True,1.58731031209716,0.7857185995380943,True,simplicity,-1.2173727873104414,True,0.7936551535485802,,1.2173727872104414,-1e-10,0.79365515104858,1.58731030209716,1e-08,34
0.7811895096483897,annual-sunspots,True,True,1.5623790292967794,0.773377614551906,True,simplicity,-1.2215520961660127,True,0.7811895121483896,,1.2215520960660127,-1e-10,0.7811895096483897,1.5623790192967795,1e-08,35
0.7710176375434586,annual-sunspots,True,True,1.5420352850869172,0.763307461168024,True,simplicity,-1.2230087059601038,True,0.7710176400434587,,1.2230087058601038,-1e-10,0.7710176375434586,1.5420352750869173,1e-08,36
0.7653891908545738,annual-sunspots,True,True,1.5307783917091475,0.757735298946028,True,simplicity,-1.2199808982530769,True,0.7653891933545737,,1.2199808981530769,-1e-10,0.7653891908545738,1.5307783817091476,1e-08,37
0.759988907134618,annual-sunspots,True,True,1.5199778242692359,0.7523890180632715,True,simplicity,-1.21671495587914,True,0.7599889096346181,,1.21671495577914,-1e-10,0.759988907134618,1.519977814269236,1e-08,38
0.7785192101546502,annual-sunspots,True,True,1.5570384303093003,0.7707340180531035,True,simplicity,-1.2159341187769208,True,0.7785192126546501,,1.2159341186769208,-1e-10,0.7785192101546502,1.5570384203093004,1e-08,39
0.8158667337401198,annual-sunspots,True,True,1.6317334774802394,0.8077080664027183,True,simplicity,-1.210858669143572,True,0.8158667362401197,,1.210858669043572,-1e-10,0.8158667337401198,1.6317334674802395,1e-08,40
0.8188515917846191,annual-sunspots,True,True,1.637703193569238,0.8106630758667731,True,simplicity,-1.2153510679998443,True,0.8188515942846192,,1.2153510678998443,-1e-10,0.8188515917846191,1.6377031835692382,1e-08,41
0.8221641332818801,annual-sunspots,True,True,1.6443282765637601,0.8139424919490609,True,simplicity,-1.213462361498029,True,0.8221641357818801,,1.213462361398029,-1e-10,0.8221641332818801,1.6443282665637602,1e-08,42
0.8306563488731711,annual-sunspots,True,True,1.661312707746342,0.8223497853844395,True,simplicity,-1.209395249988134,True,0.8306563513731708,,1.209395249888134,-1e-10,0.8306563488731711,1.6613126977463422,1e-08,43
0.8305357902631505,annual-sunspots,True,True,1.661071590526301,0.8222304323605187,True,simplicity,-1.2082516117231688,True,0.8305357927631503,,1.2082516116231687,-1e-10,0.8305357902631505,1.661071580526301,1e-08,44
0.8310834561905819,annual-sunspots,True,True,1.6621669223811637,0.8227726216286759,True,simplicity,-1.2102923107822807,True,0.8310834586905819,,1.2102923106822807,-1e-10,0.8310834561905819,1.6621669123811638,1e-08,45
0.830978832303876,annual-sunspots,True,True,1.661957674607752,0.8226690439808371,True,simplicity,-1.212209667598778,True,0.830978834803876,,1.212209667498778,-1e-10,0.830978832303876,1.661957664607752,1e-08,46
0.8298243735173796,annual-sunspots,True,True,1.6596487570347591,0.8215261297822056,True,simplicity,-1.215015457486054,True,0.8298243760173795,,1.215015457386054,-1e-10,0.8298243735173796,1.6596487470347592,1e-08,47
0.8242631143249477,annual-sunspots,True,True,1.6485262386498953,0.8160204831816982,True,simplicity,-1.2141897918931455,True,0.8242631168249477,,1.2141897917931455,-1e-10,0.8242631143249477,1.6485262286498954,1e-08,48
0.8174781652237626,annual-sunspots,True,True,1.6349563404475251,0.8093033835715249,True,simplicity,-1.2102590148350147,True,0.8174781677237624,,1.2102590147350147,-1e-10,0.8174781652237626,1.6349563304475252,1e-08,49
0.816071677503871,annual-sunspots,True,True,1.632143365007742,0.8079109607288324,True,simplicity,-1.2068978797598746,True,0.8160716800038709,,1.2068978796598746,-1e-10,0.816071677503871,1.632143355007742,1e-08,50
0.8301427355641255,annual-sunspots,True,True,1.660285481128251,0.8218413082084846,True,simplicity,-1.2137591510290564,True,0.8301427380641258,,1.2137591509290564,-1e-10,0.8301427355641255,1.660285471128251,1e-08,51
0.83433715165382,annual-sunspots,True,True,1.66867431330764,0.8259937801372816,True,simplicity,-1.2163123128676938,True,0.8343371541538198,,1.2163123127676938,-1e-10,0.83433715165382,1.66867430330764,1e-08,52
0.8339499311435008,annual-sunspots,True,True,1.6678998722870015,0.8256104318320663,True,simplicity,-1.2170755977364358,True,0.8339499336435008,,1.2170755976364358,-1e-10,0.8339499311435008,1.6678998622870016,1e-08,53
0.8320103847340331,annual-sunspots,True,True,1.6640207794680661,0.8236902808866927,True,simplicity,-1.2138916044511232,True,0.8320103872340328,,1.2138916043511232,-1e-10,0.8320103847340331,1.6640207694680662,1e-08,54
0.8355840911332991,annual-sunspots,True,True,1.6711681922665982,0.8272282502219659,True,simplicity,-1.2105127755493708,True,0.835584093633299,,1.2105127754493707,-1e-10,0.8355840911332991,1.6711681822665982,1e-08,55
0.8448864063541155,annual-sunspots,True,True,1.689772822708231,0.8364375422905745,True,simplicity,-1.214924842322441,True,0.8448864088541161,,1.214924842222441,-1e-10,0.8448864063541155,1.689772812708231,1e-08,56
0.8598941257137462,annual-sunspots,True,True,1.7197882614274924,0.8512951844566087,True,simplicity,-1.2182740642497527,True,0.8598941282137463,,1.2182740641497527,-1e-10,0.8598941257137462,1.7197882514274925,1e-08,57
0.7834703327217585,annual-sunspots,True,True,1.566940675443517,0.7756356293945411,True,simplicity,-1.217854157043071,True,0.7834703352217584,,1.217854156943071,-1e-10,0.7834703327217585,1.566940665443517,1e-08,58
0.7866206378349052,annual-sunspots,True,True,1.5732412856698104,0.7787544314565562,True,simplicity,-1.2193112118245488,True,0.7866206403349053,,1.2193112117245488,-1e-10,0.7866206378349052,1.5732412756698104,1e-08,59
0.8019515401161286,annual-sunspots,True,True,1.603903090232257,0.7939320247149674,True,simplicity,-1.220216967519713,True,0.8019515426161283,,1.220216967419713,-1e-10,0.8019515401161286,1.6039030802322571,1e-08,60
0.815675748636854,annual-sunspots,True,True,1.631351507273708,0.8075189911504854,True,simplicity,-1.2170682162667184,True,0.8156757511368539,,1.2170682161667183,-1e-10,0.815675748636854,1.631351497273708,1e-08,61
0.8197699851248016,annual-sunspots,True,True,1.6395399802496031,0.8115722852735535,True,simplicity,-1.2169253481963933,True,0.8197699876248016,,1.2169253480963933,-1e-10,0.8197699851248016,1.6395399702496032,1e-08,62
0.8218903012761134,annual-sunspots,True,True,1.6437806125522267,0.8136713982633521,True,simplicity,-1.213215822655126,True,0.8218903037761135,,1.213215822555126,-1e-10,0.8218903012761134,1.6437806025522268,1e-08,63
0.8292500093528866,annual-sunspots,True,True,1.6585000287057732,0.8209575092593575,True,simplicity,-1.2123875720337551,True,0.8292500118528865,,1.2123875719337551,-1e-10,0.8292500093528866,1.6585000187057732,1e-08,64
0.8207268771277992,annual-sunspots,True,True,1.6414537642555984,0.8125196083565212,True,simplicity,-1.214087423880104,True,0.8207268796277991,,1.214087423780104,-1e-10,0.8207268771277992,1.6414537542555985,1e-08,65
0.8130396684137247,annual-sunspots,True,True,1.6260793468274493,0.8049092717295874,True,simplicity,-1.217946695799926,True,0.8130396709137248,,1.217946695699926,-1e-10,0.8130396684137247,1.6260793368274493,1e-08,66
0.7351708212722172,annual-sunspots,True,True,1.4703416525444344,0.727819113059495,True,simplicity,-1.2179729521907585,True,0.7351708237722171,,1.2179729520907585,-1e-10,0.7351708212722172,1.4703416425444344,1e-08,67
0.7556441592297163,annual-sunspots,True,True,1.5112883284594325,0.7480877176374194,True,simplicity,-1.2285308161043662,True,0.7556441617297167,,1.2285308160043662,-1e-10,0.7556441592297163,1.5112883184594326,1e-08,68
0.7716188721933769,annual-sunspots,True,True,1.5432377543867537,0.763902683471443,True,simplicity,-1.2280359334659134,True,0.771618874693377,,1.2280359333659134,-1e-10,0.7716188721933769,1.5432377443867538,1e-08,69
0.775597989752316,annual-sunspots,True,True,1.551195989504632,0.7678420098547927,True,simplicity,-1.2248503760292275,True,0.775597992252316,,1.2248503759292275,-1e-10,0.775597989752316,1.551195979504632,1e-08,70
0.7732404779796798,annual-sunspots,True,True,1.5464809659593595,0.7655080731998829,True,simplicity,-1.2220487400408047,True,0.7732404804796796,,1.2220487399408047,-1e-10,0.7732404779796798,1.5464809559593595,1e-08,71
0.7681399446781221,annual-sunspots,True,True,1.536279899356244,0.7604585452313409,True,simplicity,-1.217050328626298,True,0.768139947178122,,1.217050328526298,-1e-10,0.7681399446781221,1.5362798893562442,1e-08,72
0.7660512149838801,annual-sunspots,True,True,1.53210243996776,0.7583907028340414,True,simplicity,-1.220317233491466,True,0.7660512174838798,,1.220317233391466,-1e-10,0.7660512149838801,1.5321024299677601,1e-08,73
0.7604126736260296,annual-sunspots,True,True,1.5208253572520591,0.7528085468897693,True,simplicity,-1.2233041493423775,True,0.7604126761260296,,1.2233041492423775,-1e-10,0.7604126736260296,1.5208253472520592,1e-08,74
0.762589185973507,annual-sunspots,True,True,1.525178381947014,0.7549632941137724,True,simplicity,-1.2234602812478006,True,0.7625891884735072,,1.2234602811478006,-1e-10,0.762589185973507,1.525178371947014,1e-08,75
0.7651533528583392,annual-sunspots,True,True,1.5303067157166783,0.7575018193297559,True,simplicity,-1.21777870420095,True,0.7651533553583394,,1.21777870410095,-1e-10,0.7651533528583392,1.5303067057166784,1e-08,76
0.7754296191918124,annual-sunspots,True,True,1.5508592483836248,0.7676753229998944,True,simplicity,-1.2307323240505794,True,0.7754296216918123,,1.2307323239505794,-1e-10,0.7754296191918124,1.5508592383836248,1e-08,77
0.7706728774176846,annual-sunspots,True,True,1.5413457648353692,0.7629661486435079,True,simplicity,-1.2316444159903055,True,0.7706728799176842,,1.2316444158903055,-1e-10,0.7706728774176846,1.5413457548353693,1e-08,78
0.778365963857419,annual-sunspots,True,True,1.5567319377148379,0.7705823042188451,True,simplicity,-1.2281070268132261,True,0.7783659663574194,,1.2281070267132261,-1e-10,0.778365963857419,1.556731927714838,1e-08,79
0.7797799194894333,annual-sunspots,True,True,1.5595598489788665,0.7719821202945389,True,simplicity,-1.2239546465669968,True,0.7797799219894334,,1.2239546464669968,-1e-10,0.7797799194894333,1.5595598389788665,1e-08,80
0.7776347983095678,annual-sunspots,True,True,1.5552696066191356,0.7698584503264719,True,simplicity,-1.2245325912479685,True,0.7776348008095679,,1.2245325911479685,-1e-10,0.7776347983095678,1.5552695966191357,1e-08,81
0.7701870871355793,annual-sunspots,True,True,1.5403741842711585,0.7624852162642234,True,simplicity,-1.2286077587353597,True,0.7701870896355796,,1.2286077586353596,-1e-10,0.7701870871355793,1.5403741742711585,1e-08,82
0.7667000617369546,annual-sunspots,True,True,1.5334001334739091,0.7590330611195848,True,simplicity,-1.2307575757205036,True,0.7667000642369542,,1.2307575756205036,-1e-10,0.7667000617369546,1.5334001234739092,1e-08,83
0.7677770415095221,annual-sunspots,True,True,1.535554093019044,0.7600992710944268,True,simplicity,-1.2292849307024123,True,0.767777044009522,,1.2292849306024123,-1e-10,0.7677770415095221,1.5355540830190442,1e-08,84
0.7861772678106429,annual-sunspots,True,True,1.5723545456212857,0.7783154951325365,True,simplicity,-1.2288631862177384,True,0.7861772703106432,,1.2288631861177384,-1e-10,0.7861772678106429,1.5723545356212858,1e-08,85
0.7788818359482764,annual-sunspots,True,True,1.5577636818965528,0.771093017588794,True,simplicity,-1.230468083195999,True,0.7788818384482765,,1.230468083095999,-1e-10,0.7788818359482764,1.5577636718965528,1e-08,86
0.7635483218834508,annual-sunspots,True,True,1.5270966537669015,0.7559128386646166,True,simplicity,-1.229695613521601,True,0.7635483243834508,,1.229695613421601,-1e-10,0.7635483218834508,1.5270966437669016,1e-08,87
0.7630805873231561,annual-sunspots,True,True,1.5261611846463121,0.7554497814499241,True,simplicity,-1.2269070923788807,True,0.7630805898231557,,1.2269070922788807,-1e-10,0.7630805873231561,1.5261611746463122,1e-08,88
0.7709831422021841,annual-sunspots,True,True,1.5419662944043682,0.7632733107801624,True,simplicity,-1.2237367872114462,True,0.7709831447021841,,1.2237367871114462,-1e-10,0.7709831422021841,1.5419662844043682,1e-08,89
0.799694356481794,annual-sunspots,True,True,1.599388722963588,0.791697412916976,True,simplicity,-1.218189998149592,True,0.7996943589817938,,1.218189998049592,-1e-10,0.799694356481794,1.599388712963588,1e-08,90
0.8277887201285351,annual-sunspots,True,True,1.6555774502570701,0.8195108329272497,True,simplicity,-1.2115725370047798,True,0.827788722628535,,1.2115725369047798,-1e-10,0.8277887201285351,1.6555774402570702,1e-08,91
0.8446078215044273,annual-sunspots,True,True,1.6892156530088545,0.8361617432893829,True,simplicity,-1.2082003849075873,True,0.8446078240044275,,1.2082003848075873,-1e-10,0.8446078215044273,1.6892156430088545,1e-08,92
0.8590727562115279,annual-sunspots,True,True,1.7181455224230557,0.8504820286494125,True,simplicity,-1.208049202870085,True,0.8590727587115278,,1.208049202770085,-1e-10,0.8590727562115279,1.7181455124230558,1e-08,93
0.8604075091535268,annual-sunspots,True,True,1.7208150283070536,0.8518034340619914,True,simplicity,-1.215585784858933,True,0.8604075116535269,,1.215585784758933,-1e-10,0.8604075091535268,1.7208150183070536,1e-08,94
0.8615975598888466,annual-sunspots,True,True,1.723195129777693,0.852981584289958,True,simplicity,-1.219562075285496,True,0.8615975623888462,,1.219562075185496,-1e-10,0.8615975598888466,1.7231951197776931,1e-08,95
0.8590948508773648,annual-sunspots,True,True,1.7181897117547296,0.8505039023685913,True,simplicity,-1.2120459967716988,True,0.8590948533773648,,1.2120459966716988,-1e-10,0.8590948508773648,1.7181897017547296,1e-08,96
0.8568022063934767,annual-sunspots,True,True,1.7136044227869534,0.8482341843295418,True,simplicity,-1.2055001147352566,True,0.8568022088934767,,1.2055001146352566,-1e-10,0.8568022063934767,1.7136044127869534,1e-08,97
0.853308987380363,annual-sunspots,True,True,1.706617984760726,0.844775897506559,True,simplicity,-1.2009819204695296,True,0.8533089898803629,,1.2009819203695296,-1e-10,0.853308987380363,1.706617974760726,1e-08,98
0.8503640778235678,annual-sunspots,True,True,1.7007281656471356,0.8418604370453323,True,simplicity,-1.2043365588894066,True,0.8503640803235678,,1.2043365587894066,-1e-10,0.8503640778235678,1.7007281556471356,1e-08,99
0.8471828787751858,annual-sunspots,True,True,1.6943657675503716,0.8387110499874341,True,simplicity,-1.2139428455741443,True,0.8471828812751857,,1.2139428454741443,-1e-10,0.8471828787751858,1.6943657575503717,1e-08,100
0.8440621378072218,annual-sunspots,True,True,1.6881242856144436,0.83562151642915,True,simplicity,-1.2200055486808883,True,0.844062140307222,,1.2200055485808883,-1e-10,0.8440621378072218,1.6881242756144437,1e-08,101
0.8404733391065088,annual-sunspots,True,True,1.6809466882130175,0.8320686057154442,True,simplicity,-1.2202837289353963,True,0.840473341606509,,1.2202837288353963,-1e-10,0.8404733391065088,1.6809466782130176,1e-08,102
0.8421219738038095,annual-sunspots,True,True,1.684243957607619,0.8337007540657715,True,simplicity,-1.2187778993795408,True,0.8421219763038098,,1.2187778992795408,-1e-10,0.8421219738038095,1.684243947607619,1e-08,103
0.8453489353430337,annual-sunspots,True,True,1.6906978806860673,0.8368954459896032,True,simplicity,-1.2165593302639486,True,0.8453489378430338,,1.2165593301639486,-1e-10,0.8453489353430337,1.6906978706860674,1e-08,104
0.8467876829228387,annual-sunspots,True,True,1.6935753758456773,0.8383198060936106,True,simplicity,-1.2117018568592957,True,0.8467876854228386,,1.2117018567592956,-1e-10,0.8467876829228387,1.6935753658456774,1e-08,105
0.8499043166400572,annual-sunspots,True,True,1.6998086432801143,0.8414052734736569,True,simplicity,-1.2184659218271587,True,0.8499043191400575,,1.2184659217271587,-1e-10,0.8499043166400572,1.6998086332801143,1e-08,106
0.8530522040889252,annual-sunspots,True,True,1.7061044181778504,0.8445216820480357,True,simplicity,-1.2205815618220437,True,0.853052206588925,,1.2205815617220437,-1e-10,0.8530522040889252,1.7061044081778505,1e-08,107
0.8560116425297171,annual-sunspots,True,True,1.712023295059434,0.84745152610442,True,simplicity,-1.2185878208480954,True,0.8560116450297172,,1.2185878207480954,-1e-10,0.8560116425297171,1.7120232850594341,1e-08,108
0.8591587203026516,annual-sunspots,True,True,1.7183174506053032,0.850567133099625,True,simplicity,-1.2136856142343497,True,0.8591587228026517,,1.2136856141343497,-1e-10,0.8591587203026516,1.7183174406053032,1e-08,109
0.8646049398277464,annual-sunspots,True,True,1.7292098896554928,0.8559588904294689,True,simplicity,-1.2068040106418232,True,0.8646049423277461,,1.2068040105418232,-1e-10,0.8646049398277464,1.7292098796554929,1e-08,110
0.864171191503001,annual-sunspots,True,True,1.728342393006002,0.8555294795879711,True,simplicity,-1.2038329947109825,True,0.8641711940030012,,1.2038329946109825,-1e-10,0.864171191503001,1.728342383006002,1e-08,111
0.8612004589003607,annual-sunspots,True,True,1.7224009278007213,0.8525884543113572,True,simplicity,-1.2056954838005236,True,0.8612004614003608,,1.2056954837005236,-1e-10,0.8612004589003607,1.7224009178007214,1e-08,112
0.8632140908931734,annual-sunspots,True,True,1.7264281917863467,0.854581949984242,True,simplicity,-1.2121842721510703,True,0.863214093393174,,1.2121842720510703,-1e-10,0.8632140908931734,1.7264281817863467,1e-08,113
0.8660005196201517,annual-sunspots,True,True,1.7320010492403033,0.8573405144239503,True,simplicity,-1.22098258692089,True,0.8660005221201517,,1.22098258682089,-1e-10,0.8660005196201517,1.7320010392403034,1e-08,114
0.862774050308315,annual-sunspots,True,True,1.72554811061663,0.854146309805232,True,simplicity,-1.2201982344449152,True,0.8627740528083154,,1.2201982343449151,-1e-10,0.862774050308315,1.72554810061663,1e-08,115
0.8500765019662275,annual-sunspots,True,True,1.700153013932455,0.8415757369465654,True,simplicity,-1.2110128971930465,True,0.8500765044662278,,1.2110128970930465,-1e-10,0.8500765019662275,1.700153003932455,1e-08,116
0.8234321856937363,annual-sunspots,True,True,1.6468643813874726,0.8151978638367989,True,simplicity,-1.2127348238894466,True,0.8234321881937365,,1.2127348237894466,-1e-10,0.8234321856937363,1.6468643713874727,1e-08,117
0.8114796659195264,annual-sunspots,True,True,1.6229593418390527,0.8033648692603311,True,simplicity,-1.2136564863387402,True,0.8114796684195266,,1.2136564862387402,-1e-10,0.8114796659195264,1.6229593318390527,1e-08,118
0.8054468834559373,annual-sunspots,True,True,1.6108937769118745,0.7973924146213782,True,simplicity,-1.2176824351911855,True,0.8054468859559376,,1.2176824350911855,-1e-10,0.8054468834559373,1.6108937669118746,1e-08,119
0.8119868866319497,annual-sunspots,True,True,1.6239737832638994,0.80386701776563,True,simplicity,-1.2179388076691218,True,0.8119868891319499,,1.2179388075691218,-1e-10,0.8119868866319497,1.6239737732638995,1e-08,120
0.8164709631606504,annual-sunspots,True,True,1.6329419363213007,0.8083062535290441,True,simplicity,-1.2133441029997827,True,0.8164709656606504,,1.2133441028997827,-1e-10,0.8164709631606504,1.6329419263213008,1e-08,121
0.8230876779204472,annual-sunspots,True,True,1.6461753658408944,0.8148568011412428,True,simplicity,-1.2079088356166814,True,0.8230876804204471,,1.2079088355166814,-1e-10,0.8230876779204472,1.6461753558408945,1e-08,122
0.831097922393451,annual-sunspots,True,True,1.662195854786902,0.8227869431695165,True,simplicity,-1.2039563944643907,True,0.8310979248934509,,1.2039563943643907,-1e-10,0.831097922393451,1.662195844786902,1e-08,123
0.844950283818212,annual-sunspots,True,True,1.689900577636424,0.8365007809800299,True,simplicity,-1.2043393536775853,True,0.8449502863182118,,1.2043393535775853,-1e-10,0.844950283818212,1.689900567636424,1e-08,124
0.741465226080988,annual-sunspots,True,True,1.4829304621619759,0.7340505738201781,True,simplicity,-1.2141573693078935,True,0.7414652285809881,,1.2141573692078935,-1e-10,0.741465226080988,1.482930452161976,1e-08,125
0.7303904972223132,annual-sunspots,True,True,1.4607810044446263,0.7230865922500903,True,simplicity,-1.2150852624025144,True,0.7303904997223133,,1.2150852623025143,-1e-10,0.7303904972223132,1.4607809944446264,1e-08,126
0.7476821981007766,annual-sunspots,True,True,1.4953644062015532,0.7402053761197691,True,simplicity,-1.2250786570906915,True,0.7476822006007765,,1.2250786569906915,-1e-10,0.7476821981007766,1.4953643962015533,1e-08,127
0.7629083560020481,annual-sunspots,True,True,1.5258167220040961,0.7552792724420275,True,simplicity,-1.225480664443727,True,0.7629083585020481,,1.225480664343727,-1e-10,0.7629083560020481,1.5258167120040962,1e-08,128
0.7767296956076634,annual-sunspots,True,True,1.5534594012153267,0.7689623986515868,True,simplicity,-1.2224024464116177,True,0.7767296981076633,,1.2224024463116177,-1e-10,0.7767296956076634,1.5534593912153267,1e-08,129
0.7869577692728231,annual-sunspots,True,True,1.5739155485456462,0.7790881915800949,True,simplicity,-1.2191482816021786,True,0.7869577717728231,,1.2191482815021786,-1e-10,0.7869577692728231,1.5739155385456463,1e-08,130
0.7830878704874648,annual-sunspots,True,True,1.5661757509749294,0.7752569917825904,True,simplicity,-1.2177308602810122,True,0.7830878729874651,,1.2177308601810122,-1e-10,0.7830878704874648,1.5661757409749295,1e-08,131
0.7794132300855762,annual-sunspots,True,True,1.5588264701711523,0.7716190977847205,True,simplicity,-1.2214265868688878,True,0.7794132325855758,,1.2214265867688878,-1e-10,0.7794132300855762,1.5588264601711523,1e-08,132
0.7745235375166701,annual-sunspots,True,True,1.5490470850333402,0.7667783021415033,True,simplicity,-1.2240683159776788,True,0.7745235400166701,,1.2240683158776788,-1e-10,0.7745235375166701,1.5490470750333403,1e-08,133
0.773217094262792,annual-sunspots,True,True,1.5464341985255838,0.7654849233201639,True,simplicity,-1.223329800992747,True,0.7732170967627916,,1.223329800892747,-1e-10,0.773217094262792,1.546434188525584,1e-08,134
0.7714912253583871,annual-sunspots,True,True,1.5429824607167741,0.7637763131048032,True,simplicity,-1.217946531648424,True,0.7714912278583873,,1.217946531548424,-1e-10,0.7714912253583871,1.5429824507167742,1e-08,135
0.7706890079767297,annual-sunspots,True,True,1.5413780259534593,0.7629821178969627,True,simplicity,-1.2226628869828087,True,0.7706890104767304,,1.2226628868828087,-1e-10,0.7706890079767297,1.5413780159534594,1e-08,136
0.7737960112395772,annual-sunspots,True,True,1.5475920324791543,0.7660580511271815,True,simplicity,-1.2214651239752832,True,0.7737960137395773,,1.2214651238752832,-1e-10,0.7737960112395772,1.5475920224791544,1e-08,137
0.7844466456721209,annual-sunspots,True,True,1.5688933013442417,0.7766021792153994,True,simplicity,-1.2202229663098567,True,0.7844466481721206,,1.2202229662098567,-1e-10,0.7844466456721209,1.5688932913442417,1e-08,138
0.7911363530033371,annual-sunspots,True,True,1.582272716006674,0.783224989473304,True,simplicity,-1.2177228828627606,True,0.7911363555033369,,1.2177228827627606,-1e-10,0.7911363530033371,1.5822727060066741,1e-08,139
0.7920693875549252,annual-sunspots,True,True,1.5841387851098503,0.7841486936793761,True,simplicity,-1.2199146006081798,True,0.7920693900549253,,1.2199146005081798,-1e-10,0.7920693875549252,1.5841387751098504,1e-08,140
0.7944518754073204,annual-sunspots,True,True,1.5889037608146408,0.786507356653247,True,simplicity,-1.222527930552153,True,0.7944518779073203,,1.222527930452153,-1e-10,0.7944518754073204,1.5889037508146409,1e-08,141
0.7951145927081602,annual-sunspots,True,True,1.5902291954163204,0.7871634467810787,True,simplicity,-1.2232713534287971,True,0.7951145952081601,,1.223271353328797,-1e-10,0.7951145927081602,1.5902291854163204,1e-08,142
0.7960658507976149,annual-sunspots,True,True,1.5921317115952298,0.7881051922896388,True,simplicity,-1.2218268617148835,True,0.7960658532976145,,1.2218268616148835,-1e-10,0.7960658507976149,1.5921317015952299,1e-08,143
0.8076385599921604,annual-sunspots,True,True,1.6152771299843207,0.799562174392239,True,simplicity,-1.221046511720602,True,0.8076385624921608,,1.221046511620602,-1e-10,0.8076385599921604,1.6152771199843208,1e-08,144
0.7935889957213754,annual-sunspots,True,True,1.5871780014427508,0.7856531057641618,True,simplicity,-1.2229369848282208,True,0.7935889982213753,,1.2229369847282208,-1e-10,0.7935889957213754,1.5871779914427508,1e-08,145
0.7896434677045621,annual-sunspots,True,True,1.579286945409124,0.7817470330275161,True,simplicity,-1.2245395815027371,True,0.789643470204562,,1.224539581402737,-1e-10,0.7896434677045621,1.5792869354091241,1e-08,146
0.7820785476911548,annual-sunspots,True,True,1.5641571053823096,0.7742577622142434,True,simplicity,-1.221911016789162,True,0.7820785501911549,,1.221911016689162,-1e-10,0.7820785476911548,1.5641570953823096,1e-08,147
0.7763710316797348,annual-sunspots,True,True,1.5527420733594695,0.7686073213629373,True,simplicity,-1.2175061333313395,True,0.7763710341797349,,1.2175061332313395,-1e-10,0.7763710316797348,1.5527420633594695,1e-08,148
0.785172739019108,annual-sunspots,True,True,1.570345488038216,0.7773210116289169,True,simplicity,-1.2156489549868188,True,0.7851727415191084,,1.2156489548868188,-1e-10,0.785172739019108,1.570345478038216,1e-08,149
0.7910718794839711,annual-sunspots,True,True,1.582143768967942,0.7831611606891314,True,simplicity,-1.2163061975599485,True,0.7910718819839712,,1.2163061974599485,-1e-10,0.7910718794839711,1.5821437589679421,1e-08,150
0.8022559237204389,annual-sunspots,True,True,1.6045118574408777,0.7942333644832346,True,simplicity,-1.2132543469388766,True,0.8022559262204391,,1.2132543468388766,-1e-10,0.8022559237204389,1.6045118474408777,1e-08,151
0.8063747431451225,annual-sunspots,True,True,1.6127494962902449,0.7983109957136714,True,simplicity,-1.2124506863072613,True,0.8063747456451228,,1.2124506862072613,-1e-10,0.8063747431451225,1.612749486290245,1e-08,152
0.8055631195551026,annual-sunspots,True,True,1.6111262491102052,0.7975074883595515,True,simplicity,-1.2142917693770923,True,0.8055631220551025,,1.2142917692770923,-1e-10,0.8055631195551026,1.6111262391102052,1e-08,153
0.7982987818066142,annual-sunspots,True,True,1.5965975736132283,0.7903157939885477,True,simplicity,-1.2160944615613407,True,0.7982987843066143,,1.2160944614613407,-1e-10,0.7982987818066142,1.5965975636132284,1e-08,154
0.7967359228432793,annual-sunspots,True,True,1.5934718556865586,0.7887685636148463,True,simplicity,-1.2158212246158087,True,0.7967359253432789,,1.2158212245158087,-1e-10,0.7967359228432793,1.5934718456865586,1e-08,155
0.8067326048277774,annual-sunspots,True,True,1.6134652196555548,0.7986652787794998,True,simplicity,-1.2162709920606978,True,0.8067326073277774,,1.2162709919606978,-1e-10,0.8067326048277774,1.6134652096555548,1e-08,156
0.8238241778128031,annual-sunspots,True,True,1.6476483656256062,0.8155859360346749,True,simplicity,-1.2167121704891792,True,0.8238241803128029,,1.2167121703891792,-1e-10,0.8238241778128031,1.6476483556256063,1e-08,157
0.8231940068049514,annual-sunspots,True,True,1.6463880236099027,0.8149620667369022,True,simplicity,-1.2189958392839637,True,0.8231940093049515,,1.2189958391839637,-1e-10,0.8231940068049514,1.6463880136099027,1e-08,158
0.7310546616452527,annual-sunspots,True,True,1.4621093332905053,0.7237441150288004,True,simplicity,-1.2238055096247844,True,0.7310546641452527,,1.2238055095247844,-1e-10,0.7310546616452527,1.4621093232905054,1e-08,159
0.7435667577564702,annual-sunspots,True,True,1.4871335255129403,0.7361310901789053,True,simplicity,-1.2189204974486203,True,0.7435667602564701,,1.2189204973486203,-1e-10,0.7435667577564702,1.4871335155129404,1e-08,160
0.7530505438874806,annual-sunspots,True,True,1.5061010977749612,0.7455200384486059,True,simplicity,-1.2242724092560413,True,0.7530505463874804,,1.2242724091560413,-1e-10,0.7530505438874806,1.5061010877749612,1e-08,161
0.7606731421286376,annual-sunspots,True,True,1.521346294257275,0.753066410707351,True,simplicity,-1.2171384705868364,True,0.7606731446286376,,1.2171384704868364,-1e-10,0.7606731421286376,1.5213462842572751,1e-08,162
0.7729125164102428,annual-sunspots,True,True,1.5458250428204856,0.7651833912461404,True,simplicity,-1.2197482006838158,True,0.7729125189102429,,1.2197482005838158,-1e-10,0.7729125164102428,1.5458250328204857,1e-08,163
0.780274709912871,annual-sunspots,True,True,1.5605494298257419,0.7724719628137421,True,simplicity,-1.2180393286350784,True,0.7802747124128709,,1.2180393285350783,-1e-10,0.780274709912871,1.560549419825742,1e-08,164
0.7838010124367533,annual-sunspots,True,True,1.5676020348735065,0.7759630023123854,True,simplicity,-1.2182546088130812,True,0.783801014936753,,1.2182546087130812,-1e-10,0.7838010124367533,1.5676020248735065,1e-08,165
0.7793281201722569,annual-sunspots,True,True,1.5586562503445138,0.771534838970534,True,simplicity,-1.2199925018146516,True,0.7793281226722565,,1.2199925017146516,-1e-10,0.7793281201722569,1.5586562403445139,1e-08,166
0.7711847384463513,annual-sunspots,True,True,1.5423694868927025,0.7634728910618875,True,simplicity,-1.2225307506198533,True,0.7711847409463515,,1.2225307505198533,-1e-10,0.7711847384463513,1.5423694768927025,1e-08,167
0.7622938613344328,annual-sunspots,True,True,1.5245877326688655,0.7546709227210886,True,simplicity,-1.226526352856328,True,0.7622938638344325,,1.226526352756328,-1e-10,0.7622938613344328,1.5245877226688656,1e-08,168
0.7518272753327089,annual-sunspots,True,True,1.5036545606654177,0.7443090025793822,True,simplicity,-1.225591489822642,True,0.7518272778327092,,1.225591489722642,-1e-10,0.7518272753327089,1.5036545506654178,1e-08,169
0.7408704902982803,annual-sunspots,True,True,1.4817409905965606,0.7334617853952975,True,simplicity,-1.2192283603277647,True,0.7408704927982801,,1.2192283602277647,-1e-10,0.7408704902982803,1.4817409805965607,1e-08,170
0.7505101864475037,annual-sunspots,True,True,1.5010203828950073,0.7430050845830286,True,simplicity,-1.2108274046480352,True,0.750510188947504,,1.2108274045480352,-1e-10,0.7505101864475037,1.5010203728950073,1e-08,171
0.7668005725541908,annual-sunspots,True,True,1.5336011551083815,0.7591325668286487,True,simplicity,-1.2120113128655006,True,0.7668005750541904,,1.2120113127655006,-1e-10,0.7668005725541908,1.5336011451083815,1e-08,172
0.828067118747623,annual-sunspots,True,True,1.6561342474952458,0.8197864475601471,True,simplicity,-1.2105634773063039,True,0.8280671212476232,,1.2105634772063039,-1e-10,0.828067118747623,1.656134237495246,1e-08,173
0.8279224308286148,annual-sunspots,True,True,1.6558448716572296,0.819643206520329,True,simplicity,-1.216470152197583,True,0.8279224333286148,,1.216470152097583,-1e-10,0.8279224308286148,1.6558448616572297,1e-08,174
0.826409466011305,annual-sunspots,True,True,1.65281894202261,0.8181453713511924,True,simplicity,-1.213400716986421,True,0.8264094685113054,,1.213400716886421,-1e-10,0.826409466011305,1.65281893202261,1e-08,175
0.8312983601993887,annual-sunspots,True,True,1.6625967303987774,0.8229853765973952,True,simplicity,-1.2076501725887814,True,0.8312983626993886,,1.2076501724887814,-1e-10,0.8312983601993887,1.6625967203987775,1e-08,176
0.8342151398058042,annual-sunspots,True,True,1.6684302896116083,0.8258729884077459,True,simplicity,-1.2033197649423841,True,0.8342151423058043,,1.2033197648423841,-1e-10,0.8342151398058042,1.6684302796116084,1e-08,177
0.8315022985820246,annual-sunspots,True,True,1.6630046071640492,0.8231872755962049,True,simplicity,-1.2020422662426307,True,0.8315023010820253,,1.2020422661426307,-1e-10,0.8315022985820246,1.6630045971640492,1e-08,178
0.8280951648006707,annual-sunspots,True,True,1.6561903396013413,0.8198142131526642,True,simplicity,-1.2053619025841504,True,0.828095167300671,,1.2053619024841504,-1e-10,0.8280951648006707,1.6561903296013414,1e-08,179
0.8321288497196504,annual-sunspots,True,True,1.6642577094393007,0.823807561222454,True,simplicity,-1.213527421444128,True,0.8321288522196506,,1.213527421344128,-1e-10,0.8321288497196504,1.6642576994393008,1e-08,180
0.8238604442248447,annual-sunspots,True,True,1.6477208984496894,0.8156218397825965,True,simplicity,-1.2137531476370809,True,0.8238604467248447,,1.2137531475370809,-1e-10,0.8238604442248447,1.6477208884496894,1e-08,181
0.7954602064696982,annual-sunspots,True,True,1.5909204229393963,0.7875056044050013,True,simplicity,-1.2128555344379872,True,0.795460208969698,,1.2128555343379872,-1e-10,0.7954602064696982,1.5909204129393963,1e-08,182
0.7936232737726261,annual-sunspots,True,True,1.5872465575452521,0.7856870410348997,True,simplicity,-1.212849639831769,True,0.793623276272626,,1.212849639731769,-1e-10,0.7936232737726261,1.5872465475452522,1e-08,183
0.7980406359507863,annual-sunspots,True,True,1.5960812819015726,0.7900602295912783,True,simplicity,-1.2125594656833751,True,0.7980406384507861,,1.2125594655833751,-1e-10,0.7980406359507863,1.5960812719015727,1e-08,184
0.8041520320962472,annual-sunspots,True,True,1.6083040741924943,0.7961105117752849,True,simplicity,-1.210683245201673,True,0.8041520345962473,,1.210683245101673,-1e-10,0.8041520320962472,1.6083040641924944,1e-08,185
0.8050426399160915,annual-sunspots,True,True,1.610085289832183,0.7969922135169311,True,simplicity,-1.2099853904942095,True,0.8050426424160917,,1.2099853903942095,-1e-10,0.8050426399160915,1.610085279832183,1e-08,186
0.8098619182032087,annual-sunspots,True,True,1.6197238464064174,0.8017632990211769,True,simplicity,-1.2076673006073517,True,0.8098619207032094,,1.2076673005073517,-1e-10,0.8098619182032087,1.6197238364064175,1e-08,187
0.8121021543484879,annual-sunspots,True,True,1.6242043186969757,0.8039811328050027,True,simplicity,-1.2080796915140943,True,0.8121021568484877,,1.2080796914140943,-1e-10,0.8121021543484879,1.6242043086969757,1e-08,188
0.8195343267748196,annual-sunspots,True,True,1.6390686635496392,0.8113389835070713,True,simplicity,-1.209901297716255,True,0.8195343292748196,,1.209901297616255,-1e-10,0.8195343267748196,1.6390686535496393,1e-08,189
0.8190087102258496,annual-sunspots,True,True,1.6380174304516992,0.8108186231235914,True,simplicity,-1.2134804582531222,True,0.8190087127258497,,1.2134804581531222,-1e-10,0.8190087102258496,1.6380174204516993,1e-08,190
0.8056170241963571,annual-sunspots,True,True,1.611234058392714,0.7975608539543936,True,simplicity,-1.2178321639522613,True,0.8056170266963572,,1.2178321638522613,-1e-10,0.8056170241963571,1.6112340483927141,1e-08,191
0.7940824011990594,annual-sunspots,True,True,1.5881648123981187,0.786141577187069,True,simplicity,-1.2199731532072353,True,0.7940824036990595,,1.2199731531072353,-1e-10,0.7940824011990594,1.5881648023981187,1e-08,192
0.7917755313825456,annual-sunspots,True,True,1.5835510727650912,0.7838577760687199,True,simplicity,-1.215202777191938,True,0.7917755338825456,,1.215202777091938,-1e-10,0.7917755313825456,1.5835510627650913,1e-08,193
0.8069438164984051,annual-sunspots,True,True,1.61388764299681,0.7988743783334209,True,simplicity,-1.209218355234402,True,0.806943818998405,,1.209218355134402,-1e-10,0.8069438164984051,1.6138876329968102,1e-08,194
0.8300009016218337,annual-sunspots,True,True,1.6600018132436674,0.8217008926056154,True,simplicity,-1.2071352298138616,True,0.8300009041218339,,1.2071352297138616,-1e-10,0.8300009016218337,1.6600018032436674,1e-08,195
0.8288518639355027,annual-sunspots,True,True,1.6577037378710053,0.8205633452961478,True,simplicity,-1.213078510683477,True,0.8288518664355028,,1.213078510583477,-1e-10,0.8288518639355027,1.6577037278710054,1e-08,196
0.8311703318602904,annual-sunspots,True,True,1.6623406737205808,0.8228586285416877,True,simplicity,-1.21649589497284,True,0.8311703343602908,,1.21649589487284,-1e-10,0.8311703318602904,1.6623406637205809,1e-08,197
0.8322218416795293,annual-sunspots,True,True,1.6644436933590585,0.8238996232627339,True,simplicity,-1.219063895111965,True,0.8322218441795295,,1.219063895011965,-1e-10,0.8322218416795293,1.6644436833590586,1e-08,198
0.8310543494478455,annual-sunspots,True,True,1.662108708895691,0.8227438059533669,True,simplicity,-1.2116021932963668,True,0.8310543519478454,,1.2116021931963668,-1e-10,0.8310543494478455,1.662108698895691,1e-08,199
0.8324174481921476,annual-sunspots,True,True,1.664834906384295,0.8240932737102263,True,simplicity,-1.2076839638941408,True,0.8324174506921476,,1.2076839637941408,-1e-10,0.8324174481921476,1.6648348963842952,1e-08,200
0.8283550581129562,annual-sunspots,True,True,1.6567101262259123,0.8200715075318267,True,simplicity,-1.203375825228064,True,0.8283550606129563,,1.203375825128064,-1e-10,0.8283550581129562,1.6567101162259124,1e-08,201
0.8245225422334923,annual-sunspots,True,True,1.6490450944669846,0.8162773168111576,True,simplicity,-1.2032878382446386,True,0.8245225447334926,,1.2032878381446386,-1e-10,0.8245225422334923,1.6490450844669846,1e-08,202
0.8259409054498171,annual-sunspots,True,True,1.6518818208996342,0.8176814963953188,True,simplicity,-1.2130797052424271,True,0.8259409079498168,,1.2130797051424271,-1e-10,0.8259409054498171,1.6518818108996343,1e-08,203
0.8325975181166249,annual-sunspots,True,True,1.6651950462332497,0.8242715429354588,True,simplicity,-1.2152496549700156,True,0.8325975206166251,,1.2152496548700156,-1e-10,0.8325975181166249,1.6651950362332497,1e-08,204
0.835431788539537,annual-sunspots,True,True,1.670863587079074,0.8270774706541416,True,simplicity,-1.2104034077011616,True,0.835431791039537,,1.2104034076011616,-1e-10,0.835431788539537,1.670863577079074,1e-08,205
0.7579265259785015,annual-sunspots,True,True,1.515853061957003,0.7503472607187164,True,simplicity,-1.211398939585885,True,0.7579265284785014,,1.211398939485885,-1e-10,0.7579265259785015,1.515853051957003,1e-08,206
0.7730318280683264,annual-sunspots,True,True,1.5460636661366527,0.7653015097876431,True,simplicity,-1.2093999629464403,True,0.7730318305683264,,1.2093999628464402,-1e-10,0.7730318280683264,1.5460636561366528,1e-08,207
0.7835163335808323,annual-sunspots,True,True,1.5670326771616645,0.7756811702450239,True,simplicity,-1.2114979539146822,True,0.7835163360808323,,1.2114979538146822,-1e-10,0.7835163335808323,1.5670326671616646,1e-08,208
0.791827652319457,annual-sunspots,True,True,1.5836553146389138,0.7839093757962622,True,simplicity,-1.2093097950675133,True,0.7918276548194569,,1.2093097949675133,-1e-10,0.791827652319457,1.583655304638914,1e-08,209
0.7945975270167087,annual-sunspots,True,True,1.5891950640334174,0.7866515517465416,True,simplicity,-1.2096697789450133,True,0.7945975295167085,,1.2096697788450133,-1e-10,0.7945975270167087,1.5891950540334174,1e-08,210
0.8007299128007117,annual-sunspots,True,True,1.6014598356014234,0.792722613672705,True,simplicity,-1.2075135445338763,True,0.8007299153007118,,1.2075135444338763,-1e-10,0.8007299128007117,1.6014598256014234,1e-08,211
0.8097948111965068,annual-sunspots,True,True,1.6195896323930135,0.8016968630845418,True,simplicity,-1.206724277090699,True,0.8097948136965066,,1.206724276990699,-1e-10,0.8097948111965068,1.6195896223930135,1e-08,212
0.813240369504993,annual-sunspots,True,True,1.626480749009986,0.8051079658099429,True,simplicity,-1.2098290031855838,True,0.813240372004993,,1.2098290030855838,-1e-10,0.813240369504993,1.626480739009986,1e-08,213
0.8109779215996564,annual-sunspots,True,True,1.6219558531993128,0.8028681423836596,True,simplicity,-1.206069997396248,True,0.8109779240996563,,1.206069997296248,-1e-10,0.8109779215996564,1.6219558431993129,1e-08,214
0.8122835873620109,annual-sunspots,True,True,1.6245671847240217,0.8041607514883907,True,simplicity,-1.2116448876575596,True,0.8122835898620108,,1.2116448875575596,-1e-10,0.8122835873620109,1.6245671747240218,1e-08,215
0.8074004012577388,annual-sunspots,True,True,1.6148008125154776,0.7993263972451617,True,simplicity,-1.211972577144488,True,0.807400403757739,,1.211972577044488,-1e-10,0.8074004012577388,1.6148008025154776,1e-08,216
0.7970684755717748,annual-sunspots,True,True,1.5941369611435496,0.7890977908160572,True,simplicity,-1.2131425006769248,True,0.797068478071775,,1.2131425005769247,-1e-10,0.7970684755717748,1.5941369511435497,1e-08,217
0.8338674643240147,annual-sunspots,True,True,1.6677349386480294,0.8255287896807744,True,simplicity,-1.2131428904535313,True,0.8338674668240146,,1.2131428903535313,-1e-10,0.8338674643240147,1.6677349286480294,1e-08,218
0.8394917205243236,annual-sunspots,True,True,1.6789834510486472,0.8310968033190802,True,simplicity,-1.2115230759281124,True,0.8394917230243234,,1.2115230758281124,-1e-10,0.8394917205243236,1.6789834410486473,1e-08,219
0.8381918806334662,annual-sunspots,True,True,1.6763837712669323,0.8298099618271316,True,simplicity,-1.209061136049304,True,0.8381918831334664,,1.209061135949304,-1e-10,0.8381918806334662,1.6763837612669323,1e-08,220
0.8380826374518,annual-sunspots,True,True,1.6761652849036,0.8297018110772824,True,simplicity,-1.205294523601823,True,0.8380826399518003,,1.205294523501823,-1e-10,0.8380826374518,1.6761652749036,1e-08,221
0.8363704686261784,annual-sunspots,True,True,1.6727409472523567,0.8280067639399165,True,simplicity,-1.2020100927425388,True,0.8363704711261787,,1.2020100926425388,-1e-10,0.8363704686261784,1.6727409372523567,1e-08,222
0.8266861554061962,annual-sunspots,True,True,1.6533723208123923,0.8184192938521341,True,simplicity,-1.2061566923911897,True,0.8266861579061962,,1.2061566922911897,-1e-10,0.8266861554061962,1.6533723108123923,1e-08,223
0.8258982526807106,annual-sunspots,True,True,1.6517965153614211,0.8176392701539037,True,simplicity,-1.208980140380738,True,0.8258982551807104,,1.208980140280738,-1e-10,0.8258982526807106,1.6517965053614212,1e-08,224
0.8194424080485097,annual-sunspots,True,True,1.6388848260970192,0.8112479839680248,True,simplicity,-1.2147122204930554,True,0.8194424105485094,,1.2147122203930554,-1e-10,0.8194424080485097,1.6388848160970193,1e-08,225
0.7595490550911896,annual-sunspots,True,True,1.5190981201823792,0.7519535645402783,True,simplicity,-1.2181717325557726,True,0.7595490575911903,,1.2181717324557726,-1e-10,0.7595490550911896,1.5190981101823793,1e-08,226
0.7565954791252478,annual-sunspots,True,True,1.5131909682504956,0.7490295243339954,True,simplicity,-1.220585101145186,True,0.7565954816252476,,1.220585101045186,-1e-10,0.7565954791252478,1.5131909582504957,1e-08,227
0.7610107694515922,annual-sunspots,True,True,1.5220215489031843,0.7534006617570764,True,simplicity,-1.2220724180181002,True,0.7610107719515923,,1.2220724179181002,-1e-10,0.7610107694515922,1.5220215389031844,1e-08,228
0.7652033121399587,annual-sunspots,True,True,1.5304066342799174,0.7575512790185592,True,simplicity,-1.2216641397610637,True,0.7652033146399583,,1.2216641396610637,-1e-10,0.7652033121399587,1.5304066242799175,1e-08,229
0.7692628118765932,annual-sunspots,True,True,1.5385256337531863,0.7615701837578274,True,simplicity,-1.2199966708935843,True,0.7692628143765935,,1.2199966707935843,-1e-10,0.7692628118765932,1.5385256237531864,1e-08,230
0.778691947897056,annual-sunspots,True,True,1.557383905794112,0.7709050284180854,True,simplicity,-1.2189413926569652,True,0.778691950397056,,1.2189413925569652,-1e-10,0.778691947897056,1.557383895794112,1e-08,231
0.7830593572674646,annual-sunspots,True,True,1.566118724534929,0.77522876369479,True,simplicity,-1.2189729429174279,True,0.7830593597674648,,1.2189729428174279,-1e-10,0.7830593572674646,1.5661187145349291,1e-08,232
0.7898796778940647,annual-sunspots,True,True,1.5797593657881293,0.7819808811151241,True,simplicity,-1.2190683601783294,True,0.7898796803940649,,1.2190683600783294,-1e-10,0.7898796778940647,1.5797593557881293,1e-08,233
0.7982209508467228,annual-sunspots,True,True,1.5964419116934456,0.7902387413382552,True,simplicity,-1.2198793221169062,True,0.7982209533467225,,1.2198793220169062,-1e-10,0.7982209508467228,1.5964419016934457,1e-08,234
0.8071789161907307,annual-sunspots,True,True,1.6143578423814613,0.7991071270288234,True,simplicity,-1.221798309749997,True,0.8071789186907306,,1.221798309649997,-1e-10,0.8071789161907307,1.6143578323814614,1e-08,235
0.7427053998830745,annual-sunspots,True,True,1.485410809766149,0.735278345884244,True,simplicity,-1.2270195345774968,True,0.7427054023830746,,1.2270195344774968,-1e-10,0.7427053998830745,1.485410799766149,1e-08,236
0.7496430914869648,annual-sunspots,True,True,1.4992861929739296,0.7421466605720951,True,simplicity,-1.2294924005210364,True,0.7496430939869649,,1.2294924004210364,-1e-10,0.7496430914869648,1.4992861829739297,1e-08,237
0.7466417596110363,annual-sunspots,True,True,1.4932835292220725,0.7391753420149261,True,simplicity,-1.2301372281254925,True,0.7466417621110363,,1.2301372280254925,-1e-10,0.7466417596110363,1.4932835192220726,1e-08,238
0.750860683542794,annual-sunspots,True,True,1.501721377085588,0.7433520767073662,True,simplicity,-1.2285148051433943,True,0.750860686042794,,1.2285148050433943,-1e-10,0.750860683542794,1.501721367085588,1e-08,239
0.7550617997259726,annual-sunspots,True,True,1.5101236094519452,0.7475111817287129,True,simplicity,-1.229457692028809,True,0.7550618022259725,,1.229457691928809,-1e-10,0.7550617997259726,1.5101235994519453,1e-08,240
0.7587232981581729,annual-sunspots,True,True,1.5174466063163456,0.751136065176591,True,simplicity,-1.2280930186044507,True,0.7587233006581727,,1.2280930185044507,-1e-10,0.7587232981581729,1.5174465963163457,1e-08,241
0.7635793077126634,annual-sunspots,True,True,1.5271586254253267,0.7559435146355368,True,simplicity,-1.2286255655106633,True,0.7635793102126635,,1.2286255654106633,-1e-10,0.7635793077126634,1.5271586154253267,1e-08,242
0.7633164807970152,annual-sunspots,True,True,1.5266329715940303,0.7556833159890449,True,simplicity,-1.2275764055211118,True,0.763316483297015,,1.2275764054211118,-1e-10,0.7633164807970152,1.5266329615940304,1e-08,243
0.7616578784777015,annual-sunspots,True,True,1.523315766955403,0.7540412996929244,True,simplicity,-1.2267304394907972,True,0.7616578809777017,,1.2267304393907972,-1e-10,0.7616578784777015,1.523315756955403,1e-08,244
0.7592409476450086,annual-sunspots,True,True,1.5184819052900171,0.7516485381685584,True,simplicity,-1.229105614052537,True,0.7592409501450083,,1.229105613952537,-1e-10,0.7592409476450086,1.5184818952900172,1e-08,245
0.7465266525566098,annual-sunspots,True,True,1.4930533151132195,0.7390613860310437,True,simplicity,-1.2340344058006936,True,0.7465266550566098,,1.2340344057006936,-1e-10,0.7465266525566098,1.4930533051132195,1e-08,246
0.7391605179140501,annual-sunspots,True,True,1.4783210458281002,0.7317689127349097,True,simplicity,-1.233768361617953,True,0.7391605204140501,,1.2337683615179529,-1e-10,0.7391605179140501,1.4783210358281003,1e-08,247
0.7371396210941576,annual-sunspots,True,True,1.4742792521883152,0.7297682248832158,True,simplicity,-1.2367707347670267,True,0.7371396235941574,,1.2367707346670267,-1e-10,0.7371396210941576,1.4742792421883153,1e-08,248
0.732773056828167,annual-sunspots,True,True,1.4655461236563339,0.7254453262598852,True,simplicity,-1.2300959223026096,True,0.7327730593281669,,1.2300959222026095,-1e-10,0.732773056828167,1.465546113656334,1e-08,249
0.7296458601142505,annual-sunspots,True,True,1.459291730228501,0.722349401513108,True,simplicity,-1.2267624077092152,True,0.7296458626142505,,1.2267624076092152,-1e-10,0.7296458601142505,1.459291720228501,1e-08,250
0.7275423461002086,annual-sunspots,True,True,1.4550847022004172,0.7202669226392066,True,simplicity,-1.2255421334479868,True,0.7275423486002085,,1.2255421333479868,-1e-10,0.7275423461002086,1.4550846922004173,1e-08,251
0.7319035956533329,annual-sunspots,True,True,1.4638072013066656,0.7245845596967995,True,simplicity,-1.237191987711912,True,0.7319035981533328,,1.237191987611912,-1e-10,0.7319035956533329,1.4638071913066657,1e-08,252
0.7293486276332954,annual-sunspots,True,True,1.4586972652665908,0.7220551413569627,True,simplicity,-1.2340262241822855,True,0.7293486301332954,,1.2340262240822855,-1e-10,0.7293486276332954,1.4586972552665909,1e-08,253
0.7276517716832966,annual-sunspots,True,True,1.4553035533665932,0.7203752539664634,True,simplicity,-1.2337324138153023,True,0.7276517741832964,,1.2337324137153023,-1e-10,0.7276517716832966,1.4553035433665933,1e-08,254
0.7283945260725289,annual-sunspots,True,True,1.4567890621450577,0.7211105808118033,True,simplicity,-1.234995031788323,True,0.7283945285725287,,1.234995031688323,-1e-10,0.7283945260725289,1.4567890521450577,1e-08,255
0.73105292811607,annual-sunspots,True,True,1.46210586623214,0.7237423988349094,True,simplicity,-1.2343408613144615,True,0.7310529306160701,,1.2343408612144615,-1e-10,0.73105292811607,1.46210585623214,1e-08,256
0.7306924203276943,annual-sunspots,True,True,1.4613848506553886,0.7233854961244175,True,simplicity,-1.2330688338568936,True,0.7306924228276944,,1.2330688337568936,-1e-10,0.7306924203276943,1.4613848406553887,1e-08,257
0.7349019175062238,annual-sunspots,True,True,1.4698038450124475,0.7275528983311614,True,simplicity,-1.2312615881571118,True,0.7349019200062239,,1.2312615880571118,-1e-10,0.7349019175062238,1.4698038350124476,1e-08,258
0.7471005502752252,annual-sunspots,True,True,1.4942011105504502,0.7396295447724729,True,simplicity,-1.2295999912313669,True,0.747100552775225,,1.2295999911313669,-1e-10,0.7471005502752252,1.4942011005504503,1e-08,259
0.7862962243159214,annual-sunspots,True,True,1.5725924586318427,0.7784332620727624,True,simplicity,-1.2236838113772015,True,0.7862962268159214,,1.2236838112772015,-1e-10,0.7862962243159214,1.5725924486318428,1e-08,260
0.7859656545989258,annual-sunspots,True,True,1.5719313191978515,0.7781059980529363,True,simplicity,-1.221868139187982,True,0.7859656570989255,,1.221868139087982,-1e-10,0.7859656545989258,1.5719313091978515,1e-08,261
0.7884572973619427,annual-sunspots,True,True,1.5769146047238853,0.7805727243883236,True,simplicity,-1.2205183550973824,True,0.7884572998619428,,1.2205183549973824,-1e-10,0.7884572973619427,1.5769145947238854,1e-08,262
0.7856878727555135,annual-sunspots,True,True,1.571375755511027,0.7778309940279586,True,simplicity,-1.222100862146295,True,0.7856878752555135,,1.222100862046295,-1e-10,0.7856878727555135,1.571375745511027,1e-08,263
0.7854163667633196,annual-sunspots,True,True,1.5708327435266392,0.7775622030956861,True,simplicity,-1.2229165167037697,True,0.7854163692633194,,1.2229165166037697,-1e-10,0.7854163667633196,1.5708327335266392,1e-08,264
0.8037970644516899,annual-sunspots,True,True,1.6075941389033797,0.7957590938071729,True,simplicity,-1.223433509730671,True,0.8037970669516897,,1.223433509630671,-1e-10,0.8037970644516899,1.6075941289033797,1e-08,265
0.7973555506792853,annual-sunspots,True,True,1.5947111113585706,0.7893819951724923,True,simplicity,-1.2252108873242746,True,0.7973555531792854,,1.2252108872242746,-1e-10,0.7973555506792853,1.5947111013585706,1e-08,266
0.7997842083255984,annual-sunspots,True,True,1.5995684266511967,0.7917863662423423,True,simplicity,-1.2274283784389008,True,0.7997842108255984,,1.2274283783389008,-1e-10,0.7997842083255984,1.5995684166511968,1e-08,267
0.7354616015452171,annual-sunspots,True,True,1.4709232130904342,0.7281069855297648,True,simplicity,-1.228609117083405,True,0.7354616040452169,,1.228609116983405,-1e-10,0.7354616015452171,1.4709232030904342,1e-08,268
0.7336207518106352,annual-sunspots,True,True,1.4672415136212704,0.726284544292529,True,simplicity,-1.2300351178757531,True,0.7336207543106351,,1.2300351177757531,-1e-10,0.7336207518106352,1.4672415036212705,1e-08,269
0.7340314052438717,annual-sunspots,True,True,1.4680628204877433,0.7266910911914332,True,simplicity,-1.230181568022446,True,0.7340314077438718,,1.230181567922446,-1e-10,0.7340314052438717,1.4680628104877433,1e-08,270
0.7361519809983018,annual-sunspots,True,True,1.4723039719966036,0.728790461188319,True,simplicity,-1.2329663475023716,True,0.7361519834983021,,1.2329663474023715,-1e-10,0.7361519809983018,1.4723039619966036,1e-08,271
0.743315509331664,annual-sunspots,True,True,1.486631028663328,0.7358823542383472,True,simplicity,-1.2323647187205578,True,0.743315511831664,,1.2323647186205577,-1e-10,0.743315509331664,1.486631018663328,1e-08,272
0.7485142938408849,annual-sunspots,True,True,1.4970285976817697,0.741029150902476,True,simplicity,-1.2353393966685238,True,0.7485142963408851,,1.2353393965685238,-1e-10,0.7485142938408849,1.4970285876817697,1e-08,273
0.752972915251273,annual-sunspots,True,True,1.5059458405025459,0.7454431860987603,True,simplicity,-1.2333476732081516,True,0.7529729177512728,,1.2333476731081516,-1e-10,0.752972915251273,1.505945830502546,1e-08,274
0.7524459206546166,annual-sunspots,True,True,1.504891851309233,0.7449214614480704,True,simplicity,-1.2314130783273465,True,0.7524459231546167,,1.2314130782273465,-1e-10,0.7524459206546166,1.5048918413092331,1e-08,275
0.7508871831574332,annual-sunspots,True,True,1.5017743763148663,0.7433783113258592,True,simplicity,-1.2310286636195444,True,0.7508871856574333,,1.2310286635195444,-1e-10,0.7508871831574332,1.5017743663148664,1e-08,276
0.7617519939131476,annual-sunspots,True,True,1.5235039978262952,0.754134473974016,True,simplicity,-1.232236242333815,True,0.7617519964131475,,1.232236242233815,-1e-10,0.7617519939131476,1.5235039878262953,1e-08,277
0.7622754280615195,annual-sunspots,True,True,1.524550866123039,0.7546526737809047,True,simplicity,-1.2348738813013531,True,0.7622754305615198,,1.234873881201353,-1e-10,0.7622754280615195,1.524550856123039,1e-08,278
0.7557687129991383,annual-sunspots,True,True,1.5115374359982765,0.7482110258691466,True,simplicity,-1.2363091592259763,True,0.755768715499138,,1.2363091591259763,-1e-10,0.7557687129991383,1.5115374259982766,1e-08,279
0.7560875843694,annual-sunspots,True,True,1.5121751787388,0.7485267085257061,True,simplicity,-1.236340065468771,True,0.7560875868693999,,1.236340065368771,-1e-10,0.7560875843694,1.5121751687388,1e-08,280
0.761687578193302,annual-sunspots,True,True,1.523375166386604,0.7540707024113688,True,simplicity,-1.2329699296204297,True,0.7616875806933021,,1.2329699295204297,-1e-10,0.761687578193302,1.523375156386604,1e-08,281
0.7668010225464289,annual-sunspots,True,True,1.5336020550928577,0.7591330123209646,True,simplicity,-1.2294055559453145,True,0.7668010250464287,,1.2294055558453145,-1e-10,0.7668010225464289,1.5336020450928578,1e-08,282
0.757003017031968,annual-sunspots,True,True,1.514006044063936,0.7494329868616483,True,simplicity,-1.2259391210225126,True,0.7570030195319677,,1.2259391209225126,-1e-10,0.757003017031968,1.514006034063936,1e-08,283
0.7541465379258077,annual-sunspots,True,True,1.5082930858516153,0.7466050725465496,True,simplicity,-1.2300732633650797,True,0.7541465404258075,,1.2300732632650797,-1e-10,0.7541465379258077,1.5082930758516153,1e-08,284
0.7497486036520944,annual-sunspots,True,True,1.4994972173041887,0.7422511176155739,True,simplicity,-1.2314629773454273,True,0.7497486061520946,,1.2314629772454273,-1e-10,0.7497486036520944,1.4994972073041888,1e-08,285
0.7455661151153182,annual-sunspots,True,True,1.4911322402306364,0.7381104539641651,True,simplicity,-1.2327759738803095,True,0.7455661176153181,,1.2327759737803095,-1e-10,0.7455661151153182,1.4911322302306365,1e-08,286
0.7439685123968013,annual-sunspots,True,True,1.4879370347936025,0.7365288272728338,True,simplicity,-1.2232707662952553,True,0.7439685148968015,,1.2232707661952553,-1e-10,0.7439685123968013,1.4879370247936026,1e-08,287
0.7505550235163102,annual-sunspots,True,True,1.5011100570326203,0.743049473281147,True,simplicity,-1.2289650409342374,True,0.7505550260163102,,1.2289650408342374,-1e-10,0.7505550235163102,1.5011100470326204,1e-08,288
0.747394728265903,annual-sunspots,True,True,1.494789466531806,0.7399207809832438,True,simplicity,-1.2307298382802578,True,0.747394730765903,,1.2307298381802578,-1e-10,0.747394728265903,1.494789456531806,1e-08,289
0.7567825883407567,annual-sunspots,True,True,1.5135651866815134,0.7492147624573495,True,simplicity,-1.2295864478776597,True,0.7567825908407569,,1.2295864477776597,-1e-10,0.7567825883407567,1.5135651766815135,1e-08,290
0.7617352194357767,annual-sunspots,True,True,1.5234704488715534,0.7541178672414188,True,simplicity,-1.2279495611789202,True,0.7617352219357766,,1.2279495610789202,-1e-10,0.7617352194357767,1.5234704388715534,1e-08,291
0.7889598321595301,annual-sunspots,True,True,1.5779196743190602,0.7810702338379348,True,simplicity,-1.2219077980465403,True,0.7889598346595303,,1.2219077979465403,-1e-10,0.7889598321595301,1.5779196643190603,1e-08,292
0.7877277591005147,annual-sunspots,True,True,1.5754555282010294,0.7798504815095096,True,simplicity,-1.2204301375491016,True,0.7877277616005147,,1.2204301374491016,-1e-10,0.7877277591005147,1.5754555182010295,1e-08,293
0.7883844555620745,annual-sunspots,True,True,1.576768921124149,0.7805006110064535,True,simplicity,-1.2209611467800545,True,0.7883844580620747,,1.2209611466800545,-1e-10,0.7883844555620745,1.576768911124149,1e-08,294
0.7916622280634971,annual-sunspots,True,True,1.583324466126994,0.7837456057828622,True,simplicity,-1.2209880912694033,True,0.7916622305634972,,1.2209880911694033,-1e-10,0.7916622280634971,1.5833244561269941,1e-08,295
0.7898777690162374,annual-sunspots,True,True,1.5797555480324748,0.7819789913260748,True,simplicity,-1.2221352369989062,True,0.7898777715162376,,1.2221352368989062,-1e-10,0.7898777690162374,1.5797555380324748,1e-08,296
0.8242138104382636,mauna-loa-co2,True,True,1.648427630876527,0.8159716723338808,True,simplicity,-1.2454521753214618,True,0.8242138129382631,,1.2454521752214618,-1e-10,0.8242138104382636,1.6484276208765272,1e-08,0
0.8228433122923805,mauna-loa-co2,True,True,1.645686634584761,0.8146148791694567,True,simplicity,-1.2422272133406846,True,0.8228433147923806,,1.2422272132406846,-1e-10,0.8228433122923805,1.645686624584761,1e-08,1
0.8160822748853787,mauna-loa-co2,True,True,1.6321645597707573,0.8079214521365249,True,simplicity,-1.241443475649205,True,0.8160822773853781,,1.241443475549205,-1e-10,0.8160822748853787,1.6321645497707573,1e-08,2
0.8006513187957719,mauna-loa-co2,True,True,1.6013026475915437,0.792644805607814,True,simplicity,-1.2399149675272165,True,0.8006513212957715,,1.2399149674272165,-1e-10,0.8006513187957719,1.6013026375915438,1e-08,3
0.797034654188064,mauna-loa-co2,True,True,1.5940693183761279,0.7890643076461835,True,simplicity,-1.240048300134125,True,0.7970346566880644,,1.240048300034125,-1e-10,0.797034654188064,1.594069308376128,1e-08,4
0.8017341927109257,mauna-loa-co2,True,True,1.6034683954218514,0.7937168507838166,True,simplicity,-1.24561394061576,True,0.8017341952109257,,1.24561394051576,-1e-10,0.8017341927109257,1.6034683854218514,1e-08,5
0.8035252830306671,mauna-loa-co2,True,True,1.607050576061334,0.7954900302003601,True,simplicity,-1.242723284280204,True,0.803525285530667,,1.242723284180204,-1e-10,0.8035252830306671,1.6070505660613341,1e-08,6
0.8073731102474455,mauna-loa-co2,True,True,1.614746230494891,0.7992993791449713,True,simplicity,-1.2411767045733741,True,0.8073731127474455,,1.2411767044733741,-1e-10,0.8073731102474455,1.614746220494891,1e-08,7
0.8097190531548633,mauna-loa-co2,True,True,1.6194381163097264,0.8016218626233147,True,simplicity,-1.2414770266739246,True,0.8097190556548635,,1.2414770265739246,-1e-10,0.8097190531548633,1.6194381063097265,1e-08,8
0.8147821041285785,mauna-loa-co2,True,True,1.629564218257157,0.8066342830872928,True,simplicity,-1.2434898721682814,True,0.8147821066285786,,1.2434898720682814,-1e-10,0.8147821041285785,1.629564208257157,1e-08,9
0.8168106426567543,mauna-loa-co2,True,True,1.6336212953135085,0.8086425362301871,True,simplicity,-1.2451942975294112,True,0.8168106451567543,,1.2451942974294112,-1e-10,0.8168106426567543,1.6336212853135086,1e-08,10
0.8177618289281238,mauna-loa-co2,True,True,1.6355236678562475,0.8095842106388426,True,simplicity,-1.2455502698909453,True,0.8177618314281235,,1.2455502697909453,-1e-10,0.8177618289281238,1.6355236578562475,1e-08,11
0.8186930688300799,mauna-loa-co2,True,True,1.6373861476601597,0.8105061381417786,True,simplicity,-1.245597859185298,True,0.8186930713300795,,1.245597859085298,-1e-10,0.8186930688300799,1.6373861376601597,1e-08,12
0.8189697879076261,mauna-loa-co2,True,True,1.6379395858152521,0.8107800900285498,True,simplicity,-1.2455587105158508,True,0.8189697904076261,,1.2455587104158508,-1e-10,0.8189697879076261,1.6379395758152522,1e-08,13
0.8161927088367865,mauna-loa-co2,True,True,1.632385427673573,0.808030781748419,True,simplicity,-1.2434520813707783,True,0.8161927113367867,,1.2434520812707783,-1e-10,0.8161927088367865,1.632385417673573,1e-08,14
0.809240126563066,mauna-loa-co2,True,True,1.618480263126132,0.8011477252974353,True,simplicity,-1.2447097598935069,True,0.8092401290630656,,1.2447097597935068,-1e-10,0.809240126563066,1.618480253126132,1e-08,15
0.808378614522717,mauna-loa-co2,True,True,1.616757239045434,0.8002948283774897,True,simplicity,-1.2451337686687616,True,0.8083786170227171,,1.2451337685687616,-1e-10,0.808378614522717,1.616757229045434,1e-08,16
0.8083547074062079,mauna-loa-co2,True,True,1.6167094248124156,0.8002711603321455,True,simplicity,-1.245084242624097,True,0.8083547099062078,,1.2450842425240969,-1e-10,0.8083547074062079,1.6167094148124157,1e-08,17
0.809354194624763,mauna-loa-co2,True,True,1.618708399249526,0.8012606526785148,True,simplicity,-1.2450270073328964,True,0.8093541971247628,,1.2450270072328964,-1e-10,0.809354194624763,1.618708389249526,1e-08,18
0.8101059482142378,mauna-loa-co2,True,True,1.6202119064284755,0.8020048887320954,True,simplicity,-1.2411181821378967,True,0.8101059507142382,,1.2411181820378967,-1e-10,0.8101059482142378,1.6202118964284755,1e-08,19
0.8194833759743805,mauna-loa-co2,True,True,1.638966761948761,0.8112885422146366,True,simplicity,-1.2453477709969685,True,0.8194833784743807,,1.2453477708969685,-1e-10,0.8194833759743805,1.638966751948761,1e-08,20
0.819646282281549,mauna-loa-co2,True,True,1.639292574563098,0.8114498194587334,True,simplicity,-1.245414563661149,True,0.8196462847815488,,1.245414563561149,-1e-10,0.819646282281549,1.639292564563098,1e-08,21
0.8192455497718245,mauna-loa-co2,True,True,1.638491109543649,0.8110530942741067,True,simplicity,-1.2454107036965205,True,0.8192455522718247,,1.2454107035965205,-1e-10,0.8192455497718245,1.638491099543649,1e-08,22
0.8187928845632467,mauna-loa-co2,True,True,1.6375857791264934,0.8106049557176142,True,simplicity,-1.245413170373463,True,0.8187928870632468,,1.245413170273463,-1e-10,0.8187928845632467,1.6375857691264935,1e-08,23
0.8181835420982648,mauna-loa-co2,True,True,1.6363670941965296,0.8100017066772821,True,simplicity,-1.2452505027431795,True,0.8181835445982647,,1.2452505026431795,-1e-10,0.8181835420982648,1.6363670841965297,1e-08,24
0.8152116410405778,mauna-loa-co2,True,True,1.6304232920811554,0.8070595246301717,True,simplicity,-1.242273950454579,True,0.8152116435405778,,1.242273950354579,-1e-10,0.8152116410405778,1.6304232820811555,1e-08,25
0.8120093432840078,mauna-loa-co2,True,True,1.6240186965680155,0.803889249851168,True,simplicity,-1.2418642001688354,True,0.8120093457840081,,1.2418642000688354,-1e-10,0.8120093432840078,1.6240186865680155,1e-08,26
0.8061059629833962,mauna-loa-co2,True,True,1.6122119359667924,0.7980449033535627,True,simplicity,-1.2419317166256316,True,0.8061059654833963,,1.2419317165256316,-1e-10,0.8061059629833962,1.6122119259667924,1e-08,27
0.8022897088476414,mauna-loa-co2,True,True,1.6045794276952827,0.7942668117591655,True,simplicity,-1.2437522143929094,True,0.8022897113476415,,1.2437522142929094,-1e-10,0.8022897088476414,1.6045794176952828,1e-08,28
0.8005790919101499,mauna-loa-co2,True,True,1.6011581938202997,0.7925733009910484,True,simplicity,-1.2457050820575977,True,0.8005790944101501,,1.2457050819575977,-1e-10,0.8005790919101499,1.6011581838202997,1e-08,29
0.8000519997568335,mauna-loa-co2,True,True,1.600104009513667,0.7920514797592652,True,simplicity,-1.245632445645352,True,0.8000520022568338,,1.245632445545352,-1e-10,0.8000519997568335,1.600103999513667,1e-08,30
0.8034554648361465,mauna-loa-co2,True,True,1.606910939672293,0.795420910187785,True,simplicity,-1.2413821427597274,True,0.8034554673361465,,1.2413821426597274,-1e-10,0.8034554648361465,1.606910929672293,1e-08,31
0.8131589181621731,mauna-loa-co2,True,True,1.6263178463243462,0.8050273289805516,True,simplicity,-1.2411376831746008,True,0.8131589206621734,,1.2411376830746008,-1e-10,0.8131589181621731,1.6263178363243462,1e-08,32
0.817461942045381,mauna-loa-co2,True,True,1.634923894090762,0.8092873226249272,True,simplicity,-1.2456404660522387,True,0.8174619445453811,,1.2456404659522387,-1e-10,0.817461942045381,1.634923884090762,1e-08,33
0.8181646567837186,mauna-loa-co2,True,True,1.6363293235674372,0.8099830102158816,True,simplicity,-1.2457130754159866,True,0.818164659283719,,1.2457130753159866,-1e-10,0.8181646567837186,1.6363293135674373,1e-08,34
0.8190128756261394,mauna-loa-co2,True,True,1.6380257612522788,0.8108227468698783,True,simplicity,-1.245770020804089,True,0.8190128781261392,,1.245770020704089,-1e-10,0.8190128756261394,1.638025751252279,1e-08,35
0.819638004833125,mauna-loa-co2,True,True,1.63927601966625,0.8114416247847936,True,simplicity,-1.2457917623159143,True,0.8196380073331252,,1.2457917622159143,-1e-10,0.819638004833125,1.63927600966625,1e-08,36
0.8200520029693678,mauna-loa-co2,True,True,1.6401040159387354,0.8118514829396741,True,simplicity,-1.2455490769898065,True,0.8200520054693683,,1.2455490768898065,-1e-10,0.8200520029693678,1.6401040059387355,1e-08,37
0.8153203803058218,mauna-loa-co2,True,True,1.6306407706116435,0.8071671765027643,True,simplicity,-1.2417119318654746,True,0.8153203828058221,,1.2417119317654746,-1e-10,0.8153203803058218,1.6306407606116435,1e-08,38
0.806984299453488,mauna-loa-co2,True,True,1.613968608906976,0.7989144564589531,True,simplicity,-1.2429306600490102,True,0.8069843019534878,,1.2429306599490102,-1e-10,0.806984299453488,1.613968598906976,1e-08,39
0.8042490307328832,mauna-loa-co2,True,True,1.6084980714657664,0.796206540425554,True,simplicity,-1.2456001846240827,True,0.8042490332328832,,1.2456001845240827,-1e-10,0.8042490307328832,1.6084980614657665,1e-08,40
0.8042065281216214,mauna-loa-co2,True,True,1.6084130662432428,0.7961644628404054,True,simplicity,-1.2455829008387853,True,0.8042065306216216,,1.2455829007387853,-1e-10,0.8042065281216214,1.6084130562432428,1e-08,41
0.8045666088195776,mauna-loa-co2,True,True,1.6091332276391552,0.7965209427313822,True,simplicity,-1.2442152313270054,True,0.8045666113195776,,1.2442152312270054,-1e-10,0.8045666088195776,1.6091332176391553,1e-08,42
0.810450211310662,mauna-loa-co2,True,True,1.6209004326213239,0.8023457091975554,True,simplicity,-1.241163803897569,True,0.8104502138106622,,1.241163803797569,-1e-10,0.810450211310662,1.620900422621324,1e-08,43
0.8138074277478884,mauna-loa-co2,True,True,1.6276148654957767,0.80566935347041,True,simplicity,-1.241543721607446,True,0.813807430247889,,1.241543721507446,-1e-10,0.8138074277478884,1.6276148554957768,1e-08,44
0.8158060664131271,mauna-loa-co2,True,True,1.6316121428262542,0.8076480057489961,True,simplicity,-1.2448292051566696,True,0.8158060689131272,,1.2448292050566696,-1e-10,0.8158060664131271,1.6316121328262543,1e-08,45
0.8168520404039714,mauna-loa-co2,True,True,1.6337040908079428,0.8086835199999316,True,simplicity,-1.2454320049457595,True,0.8168520429039715,,1.2454320048457594,-1e-10,0.8168520404039714,1.6337040808079428,1e-08,46
0.8176827742701155,mauna-loa-co2,True,True,1.635365558540231,0.8095059465274146,True,simplicity,-1.2457312192079455,True,0.8176827767701156,,1.2457312191079455,-1e-10,0.8176827742701155,1.635365548540231,1e-08,47
0.8183131949985208,mauna-loa-co2,True,True,1.6366263999970416,0.8101300630485357,True,simplicity,-1.2459055961965433,True,0.8183131974985208,,1.2459055960965433,-1e-10,0.8183131949985208,1.6366263899970417,1e-08,48
0.8188738879989983,mauna-loa-co2,True,True,1.6377477859979965,0.8106851491190084,True,simplicity,-1.2456694171618106,True,0.8188738904989981,,1.2456694170618106,-1e-10,0.8188738879989983,1.6377477759979966,1e-08,49
0.8176639782936277,mauna-loa-co2,True,True,1.6353279665872553,0.809487338510691,True,simplicity,-1.2439155362076244,True,0.8176639807936279,,1.2439155361076244,-1e-10,0.8176639782936277,1.6353279565872554,1e-08,50
0.8140375111526963,mauna-loa-co2,True,True,1.6280750323053925,0.8058971360411692,True,simplicity,-1.2442110096177394,True,0.8140375136526963,,1.2442110095177394,-1e-10,0.8140375111526963,1.6280750223053926,1e-08,51
0.8103059391462178,mauna-loa-co2,True,True,1.6206118882924356,0.8022028797547557,True,simplicity,-1.245731549575455,True,0.8103059416462179,,1.245731549475455,-1e-10,0.8103059391462178,1.6206118782924357,1e-08,52
0.808305644784598,mauna-loa-co2,True,True,1.616611299569196,0.8002225883367521,True,simplicity,-1.2456491031887038,True,0.808305647284598,,1.2456491030887038,-1e-10,0.808305644784598,1.616611289569196,1e-08,53
0.8081950054002299,mauna-loa-co2,True,True,1.6163900208004598,0.8001130553462276,True,simplicity,-1.2455348360171565,True,0.80819500790023,,1.2455348359171565,-1e-10,0.8081950054002299,1.6163900108004599,1e-08,54
0.8077336525687482,mauna-loa-co2,True,True,1.6154673151374963,0.7996563160430605,True,simplicity,-1.2404846264780292,True,0.807733655068748,,1.2404846263780291,-1e-10,0.8077336525687482,1.6154673051374964,1e-08,55
0.814501091253913,mauna-loa-co2,True,True,1.629002192507826,0.8063560803413738,True,simplicity,-1.2433043145903726,True,0.8145010937539128,,1.2433043144903726,-1e-10,0.814501091253913,1.629002182507826,1e-08,56
0.816314140276583,mauna-loa-co2,True,True,1.632628290553166,0.8081509988738171,True,simplicity,-1.2458312806428031,True,0.8163141427765832,,1.2458312805428031,-1e-10,0.816314140276583,1.632628280553166,1e-08,57
0.8165324034673447,mauna-loa-co2,True,True,1.6330648169346893,0.8083670794326713,True,simplicity,-1.2457837455772587,True,0.8165324059673448,,1.2457837454772587,-1e-10,0.8165324034673447,1.6330648069346894,1e-08,58
0.8169488003005474,mauna-loa-co2,True,True,1.6338976106010947,0.8087793122975416,True,simplicity,-1.2458341532460635,True,0.8169488028005472,,1.2458341531460635,-1e-10,0.8169488003005474,1.6338976006010948,1e-08,59
0.8172106694868069,mauna-loa-co2,True,True,1.6344213489736137,0.8090385627919386,True,simplicity,-1.2458262523415857,True,0.817210671986807,,1.2458262522415857,-1e-10,0.8172106694868069,1.6344213389736137,1e-08,60
0.8170962339932125,mauna-loa-co2,True,True,1.634192477986425,0.8089252716532805,True,simplicity,-1.2458399330736563,True,0.8170962364932127,,1.2458399329736562,-1e-10,0.8170962339932125,1.634192467986425,1e-08,61
0.8147367028088823,mauna-loa-co2,True,True,1.6294734156177646,0.8065893357807935,True,simplicity,-1.2420844568117535,True,0.8147367053088823,,1.2420844567117535,-1e-10,0.8147367028088823,1.6294734056177647,1e-08,62
0.8124468306886352,mauna-loa-co2,True,True,1.6248936713772704,0.8043223623817489,True,simplicity,-1.2423951428143818,True,0.8124468331886354,,1.2423951427143818,-1e-10,0.8124468306886352,1.6248936613772704,1e-08,63
0.8092758336504958,mauna-loa-co2,True,True,1.6185516773009916,0.8011830753139906,True,simplicity,-1.2455723215998193,True,0.8092758361504956,,1.2455723214998193,-1e-10,0.8092758336504958,1.6185516673009916,1e-08,64
0.8051804358691875,mauna-loa-co2,True,True,1.610360881738375,0.7971286315104955,True,simplicity,-1.2459272411078728,True,0.8051804383691876,,1.2459272410078728,-1e-10,0.8051804358691875,1.610360871738375,1e-08,65
0.8041025345666477,mauna-loa-co2,True,True,1.6082050791332954,0.7960615092209811,True,simplicity,-1.2458395698668274,True,0.8041025370666474,,1.2458395697668274,-1e-10,0.8041025345666477,1.6082050691332954,1e-08,66
0.808823093784787,mauna-loa-co2,True,True,1.617646197569574,0.800734862846939,True,simplicity,-1.242432290951054,True,0.8088230962847871,,1.2424322908510539,-1e-10,0.808823093784787,1.617646187569574,1e-08,67
0.8166104001227578,mauna-loa-co2,True,True,1.6332208102455155,0.8084442961215301,True,simplicity,-1.2414258477243494,True,0.8166104026227577,,1.2414258476243494,-1e-10,0.8166104001227578,1.6332208002455155,1e-08,68
0.8211962912897641,mauna-loa-co2,True,True,1.6423925925795282,0.8129843283768666,True,simplicity,-1.2456775138543725,True,0.8211962937897639,,1.2456775137543725,-1e-10,0.8211962912897641,1.6423925825795282,1e-08,69
0.82100027033974,mauna-loa-co2,True,True,1.64200055067948,0.8127902676363428,True,simplicity,-1.2458643763862647,True,0.82100027283974,,1.2458643762862647,-1e-10,0.82100027033974,1.64200054067948,1e-08,70
0.8212146308867458,mauna-loa-co2,True,True,1.6424292717734916,0.8130024845778784,True,simplicity,-1.2459749770389617,True,0.821214633386746,,1.2459749769389616,-1e-10,0.8212146308867458,1.6424292617734917,1e-08,71
0.8205040669619396,mauna-loa-co2,True,True,1.641008143923879,0.8122990262923202,True,simplicity,-1.2447267582110446,True,0.8205040694619397,,1.2447267581110446,-1e-10,0.8205040669619396,1.6410081339238791,1e-08,72
0.8187244259057195,mauna-loa-co2,True,True,1.637448861811439,0.8105371816466626,True,simplicity,-1.243843390792952,True,0.8187244284057197,,1.243843390692952,-1e-10,0.8187244259057195,1.637448851811439,1e-08,73
0.808974116087265,mauna-loa-co2,True,True,1.61794824217453,0.8008843749263919,True,simplicity,-1.2432992130311762,True,0.8089741185872648,,1.2432992129311762,-1e-10,0.808974116087265,1.61794823217453,1e-08,74
0.8001121034897505,mauna-loa-co2,True,True,1.600224216979501,0.792110982454853,True,simplicity,-1.243320731917854,True,0.8001121059897509,,1.243320731817854,-1e-10,0.8001121034897505,1.600224206979501,1e-08,75
0.7965897777063817,mauna-loa-co2,True,True,1.5931795654127634,0.788623879929318,True,simplicity,-1.2452624567600887,True,0.7965897802063814,,1.2452624566600887,-1e-10,0.7965897777063817,1.5931795554127635,1e-08,76
0.7956094057483252,mauna-loa-co2,True,True,1.5912188214966503,0.787653311690842,True,simplicity,-1.245892497084876,True,0.795609408248325,,1.245892496984876,-1e-10,0.7956094057483252,1.5912188114966503,1e-08,77
0.7975603720498935,mauna-loa-co2,True,True,1.595120754099787,0.7895847683293945,True,simplicity,-1.2440372809286149,True,0.7975603745498934,,1.2440372808286149,-1e-10,0.7975603720498935,1.595120744099787,1e-08,78
0.8045262377010298,mauna-loa-co2,True,True,1.6090524854020596,0.7964809753240195,True,simplicity,-1.2429048921294197,True,0.8045262402010298,,1.2429048920294197,-1e-10,0.8045262377010298,1.6090524754020596,1e-08,79
0.8104299353892583,mauna-loa-co2,True,True,1.6208598807785166,0.8023256360353659,True,simplicity,-1.2429204284669781,True,0.8104299378892583,,1.2429204283669781,-1e-10,0.8104299353892583,1.6208598707785167,1e-08,80
0.8158028094174778,mauna-loa-co2,True,True,1.6316056288349556,0.8076447813233028,True,simplicity,-1.244953872016219,True,0.8158028119174778,,1.244953871916219,-1e-10,0.8158028094174778,1.6316056188349557,1e-08,81
0.8172412790820945,mauna-loa-co2,True,True,1.634482568164189,0.8090688662912737,True,simplicity,-1.2457769113272121,True,0.8172412815820944,,1.2457769112272121,-1e-10,0.8172412790820945,1.634482558164189,1e-08,82
0.8173161340359804,mauna-loa-co2,True,True,1.6346322780719607,0.8091429726956205,True,simplicity,-1.2459356439247893,True,0.8173161365359803,,1.2459356438247893,-1e-10,0.8173161340359804,1.6346322680719607,1e-08,83
0.8172909260446128,mauna-loa-co2,True,True,1.6345818620892256,0.8091180167841671,True,simplicity,-1.2459030440838887,True,0.817290928544613,,1.2459030439838887,-1e-10,0.8172909260446128,1.6345818520892257,1e-08,84
0.8167870017242347,mauna-loa-co2,True,True,1.6335740134484693,0.8086191317069925,True,simplicity,-1.2456596610774466,True,0.8167870042242346,,1.2456596609774466,-1e-10,0.8167870017242347,1.6335740034484694,1e-08,85
0.8130883196090715,mauna-loa-co2,True,True,1.6261766492181429,0.8049574364129809,True,simplicity,-1.245160711210767,True,0.8130883221090714,,1.245160711110767,-1e-10,0.8130883196090715,1.626176639218143,1e-08,86
0.8078471775973981,mauna-loa-co2,True,True,1.6156943651947961,0.7997687058214239,True,simplicity,-1.2454033374096218,True,0.8078471800973981,,1.2454033373096218,-1e-10,0.8078471775973981,1.6156943551947962,1e-08,87
0.8033643030430448,mauna-loa-co2,True,True,1.6067286160860896,0.7953306600126142,True,simplicity,-1.2456158790288194,True,0.803364305543045,,1.2456158789288194,-1e-10,0.8033643030430448,1.6067286060860897,1e-08,88
0.7986205472274897,mauna-loa-co2,True,True,1.5972411044549792,0.7906343417552149,True,simplicity,-1.2455513101252471,True,0.7986205497274896,,1.245551310025247,-1e-10,0.7986205472274897,1.5972410944549793,1e-08,89
0.7973534370313691,mauna-loa-co2,True,True,1.594706884062738,0.7893799026610555,True,simplicity,-1.2457172143776485,True,0.7973534395313694,,1.2457172142776485,-1e-10,0.7973534370313691,1.5947068740627381,1e-08,90
0.8000477033624854,mauna-loa-co2,True,True,1.6000954167249708,0.7920472263288605,True,simplicity,-1.2430987944150498,True,0.8000477058624851,,1.2430987943150498,-1e-10,0.8000477033624854,1.6000954067249709,1e-08,91
0.8127182551800324,mauna-loa-co2,True,True,1.6254365203600647,0.8045910726282316,True,simplicity,-1.2440849150159803,True,0.8127182576800319,,1.2440849149159803,-1e-10,0.8127182551800324,1.6254365103600648,1e-08,92
0.8164562995305192,mauna-loa-co2,True,True,1.6329126090610384,0.8082917365352135,True,simplicity,-1.2460167951610654,True,0.8164563020305191,,1.2460167950610654,-1e-10,0.8164562995305192,1.6329125990610385,1e-08,93
0.8186638005439599,mauna-loa-co2,True,True,1.6373276110879198,0.8104771625385202,True,simplicity,-1.2460261342843433,True,0.81866380304396,,1.2460261341843433,-1e-10,0.8186638005439599,1.6373276010879199,1e-08,94
0.8193708118177848,mauna-loa-co2,True,True,1.6387416336355696,0.8111771036996069,True,simplicity,-1.2460958540279612,True,0.8193708143177846,,1.2460958539279612,-1e-10,0.8193708118177848,1.6387416236355696,1e-08,95
0.8198511655102692,mauna-loa-co2,True,True,1.6397023410205382,0.8116526538551663,True,simplicity,-1.2462088028601774,True,0.8198511680102694,,1.2462088027601774,-1e-10,0.8198511655102692,1.6397023310205383,1e-08,96
0.819071653703565,mauna-loa-co2,True,True,1.63814331740713,0.8108809371665298,True,simplicity,-1.2452834068148233,True,0.8190716562035651,,1.2452834067148233,-1e-10,0.819071653703565,1.63814330740713,1e-08,97
0.8142115968789535,mauna-loa-co2,True,True,1.628423203757907,0.8060694809101642,True,simplicity,-1.2441292717417949,True,0.8142115993789535,,1.2441292716417949,-1e-10,0.8142115968789535,1.628423193757907,1e-08,98
0.806481890933282,mauna-loa-co2,True,True,1.612963791866564,0.7984170720239488,True,simplicity,-1.244237760986737,True,0.8064818934332821,,1.244237760886737,-1e-10,0.806481890933282,1.612963781866564,1e-08,99
0.8013716838019876,mauna-loa-co2,True,True,1.6027433776039752,0.793357966963968,True,simplicity,-1.2451559001840589,True,0.8013716863019881,,1.2451559000840589,-1e-10,0.8013716838019876,1.6027433676039753,1e-08,100
0.7987929533944034,mauna-loa-co2,True,True,1.5975859167888067,0.7908050238604595,True,simplicity,-1.246150210007647,True,0.7987929558944034,,1.246150209907647,-1e-10,0.7987929533944034,1.5975859067888067,1e-08,101
0.7969822070585301,mauna-loa-co2,True,True,1.59396442411706,0.7890123849879447,True,simplicity,-1.2458555379109666,True,0.7969822095585299,,1.2458555378109666,-1e-10,0.7969822070585301,1.5939644141170601,1e-08,102
0.7984860946464456,mauna-loa-co2,True,True,1.5969721992928911,0.7905012336999813,True,simplicity,-1.2423281802987427,True,0.7984860971464457,,1.2423281801987427,-1e-10,0.7984860946464456,1.5969721892928912,1e-08,103
0.8146499501129449,mauna-loa-co2,True,True,1.6292999102258898,0.8065034506118157,True,simplicity,-1.2427131101973552,True,0.8146499526129451,,1.2427131100973552,-1e-10,0.8146499501129449,1.6292999002258899,1e-08,104
0.817439046818168,mauna-loa-co2,True,True,1.634878103636336,0.8092646563499862,True,simplicity,-1.2459946756438796,True,0.8174390493181679,,1.2459946755438795,-1e-10,0.817439046818168,1.634878093636336,1e-08,105
0.8184140908631985,mauna-loa-co2,True,True,1.636828191726397,0.8102299499545665,True,simplicity,-1.2462395922375666,True,0.8184140933631983,,1.2462395921375666,-1e-10,0.8184140908631985,1.636828181726397,1e-08,106
0.8187708205694473,mauna-loa-co2,True,True,1.6375416511388945,0.8105831123637527,True,simplicity,-1.2462758164845287,True,0.8187708230694474,,1.2462758163845287,-1e-10,0.8187708205694473,1.6375416411388946,1e-08,107
0.8186668206125698,mauna-loa-co2,True,True,1.6373336512251395,0.8104801524064441,True,simplicity,-1.2461643266043492,True,0.8186668231125697,,1.2461643265043492,-1e-10,0.8186668206125698,1.6373336412251396,1e-08,108
0.8157699651844277,mauna-loa-co2,True,True,1.6315399403688553,0.8076122655325831,True,simplicity,-1.2448794786458026,True,0.815769967684428,,1.2448794785458026,-1e-10,0.8157699651844277,1.6315399303688554,1e-08,109
0.8083162559531591,mauna-loa-co2,True,True,1.6166325219063182,0.8002330933936278,True,simplicity,-1.2440110932921362,True,0.8083162584531591,,1.2440110931921362,-1e-10,0.8083162559531591,1.6166325119063183,1e-08,110
0.7986472937579516,mauna-loa-co2,True,True,1.5972945975159032,0.7906608208203721,True,simplicity,-1.2450538200877102,True,0.7986472962579517,,1.2450538199877101,-1e-10,0.7986472937579516,1.5972945875159033,1e-08,111
0.7963321372092724,mauna-loa-co2,True,True,1.5926642844185448,0.7883688158371797,True,simplicity,-1.246194561294606,True,0.7963321397092726,,1.246194561194606,-1e-10,0.7963321372092724,1.5926642744185449,1e-08,112
0.7943611490472892,mauna-loa-co2,True,True,1.5887223080945783,0.7864175375568162,True,simplicity,-1.2462345333205471,True,0.794361151547289,,1.2462345332205471,-1e-10,0.7943611490472892,1.5887222980945783,1e-08,113
0.7956828565140791,mauna-loa-co2,True,True,1.5913657230281582,0.7877260279489384,True,simplicity,-1.2461809120756988,True,0.7956828590140793,,1.2461809119756988,-1e-10,0.7956828565140791,1.5913657130281582,1e-08,114
0.8025953477710355,mauna-loa-co2,True,True,1.6051907055420709,0.7945693942933248,True,simplicity,-1.2445346644972823,True,0.8025953502710351,,1.2445346643972823,-1e-10,0.8025953477710355,1.605190695542071,1e-08,115
0.8119345960304103,mauna-loa-co2,True,True,1.6238692020608205,0.8038152500701063,True,simplicity,-1.2442321108015308,True,0.8119345985304107,,1.2442321107015308,-1e-10,0.8119345960304103,1.6238691920608206,1e-08,116
0.8154140497737669,mauna-loa-co2,True,True,1.6308281095475337,0.8072599092760291,True,simplicity,-1.2460142031732722,True,0.8154140522737664,,1.2460142030732722,-1e-10,0.8154140497737669,1.6308280995475337,1e-08,117
0.8154786834653502,mauna-loa-co2,True,True,1.6309573769307004,0.8073238966306968,True,simplicity,-1.2463010122285705,True,0.8154786859653506,,1.2463010121285705,-1e-10,0.8154786834653502,1.6309573669307005,1e-08,118
0.8152108166660567,mauna-loa-co2,True,True,1.6304216433321133,0.8070587084993963,True,simplicity,-1.246414715584138,True,0.8152108191660568,,1.246414715484138,-1e-10,0.8152108166660567,1.6304216333321133,1e-08,119
0.8145936839184871,mauna-loa-co2,True,True,1.629187377836974,0.8064477470793023,True,simplicity,-1.2465509211544734,True,0.8145936864184874,,1.2465509210544734,-1e-10,0.8145936839184871,1.6291873678369742,1e-08,120
0.8113804148830963,mauna-loa-co2,True,True,1.6227608397661926,0.8032666107342654,True,simplicity,-1.2449758297744289,True,0.8113804173830963,,1.2449758296744289,-1e-10,0.8113804148830963,1.6227608297661926,1e-08,121
0.8048128709564067,mauna-loa-co2,True,True,1.6096257519128134,0.7967647422468425,True,simplicity,-1.2445322960611716,True,0.8048128734564065,,1.2445322959611715,-1e-10,0.8048128709564067,1.6096257419128135,1e-08,122
0.8006731889455979,mauna-loa-co2,True,True,1.6013463878911958,0.7926664570561418,True,simplicity,-1.2447636919661837,True,0.800673191445598,,1.2447636918661837,-1e-10,0.8006731889455979,1.6013463778911958,1e-08,123
0.7958462089895079,mauna-loa-co2,True,True,1.5916924279790157,0.7878877468996133,True,simplicity,-1.2458589899183319,True,0.795846211489508,,1.2458589898183319,-1e-10,0.7958462089895079,1.5916924179790157,1e-08,124
0.7919454889279878,mauna-loa-co2,True,True,1.5838909878559755,0.7840260340387082,True,simplicity,-1.24646954022191,True,0.7919454914279878,,1.24646954012191,-1e-10,0.7919454889279878,1.5838909778559755,1e-08,125
0.7895107592507558,mauna-loa-co2,True,True,1.5790215285015115,0.7816156516582481,True,simplicity,-1.246147547943489,True,0.7895107617507559,,1.246147547843489,-1e-10,0.7895107592507558,1.5790215185015115,1e-08,126
0.7955754954159465,mauna-loa-co2,True,True,1.591151000831893,0.7876197404617868,True,simplicity,-1.2442954091174427,True,0.7955754979159465,,1.2442954090174427,-1e-10,0.7955754954159465,1.591150990831893,1e-08,127
0.8116932084146327,mauna-loa-co2,True,True,1.6233864268292653,0.8035762763304864,True,simplicity,-1.2446148017298833,True,0.8116932109146328,,1.2446148016298832,-1e-10,0.8116932084146327,1.6233864168292653,1e-08,128
0.8194899252792212,mauna-loa-co2,True,True,1.6389798605584422,0.811295026026429,True,simplicity,-1.2463631005686715,True,0.8194899277792216,,1.2463631004686715,-1e-10,0.8194899252792212,1.6389798505584423,1e-08,129
0.8204971660868,mauna-loa-co2,True,True,1.6409943421736,0.8122921944259327,True,simplicity,-1.246630310689568,True,0.8204971685868003,,1.246630310589568,-1e-10,0.8204971660868,1.6409943321736,1e-08,130
0.8209477710146615,mauna-loa-co2,True,True,1.641895552029323,0.8127382933045149,True,simplicity,-1.2467166157520784,True,0.8209477735146614,,1.2467166156520784,-1e-10,0.8209477710146615,1.641895542029323,1e-08,131
0.8213845996554656,mauna-loa-co2,True,True,1.6427692093109312,0.8131707536589107,True,simplicity,-1.24673534010097,True,0.821384602155465,,1.24673534000097,-1e-10,0.8213845996554656,1.6427691993109312,1e-08,132
0.8208616578359827,mauna-loa-co2,True,True,1.6417233256719654,0.8126530412576228,True,simplicity,-1.245941170837336,True,0.820861660335983,,1.245941170737336,-1e-10,0.8208616578359827,1.6417233156719655,1e-08,133
0.8167185141096492,mauna-loa-co2,True,True,1.6334370382192984,0.8085513289685528,True,simplicity,-1.2445786530561893,True,0.8167185166096492,,1.2445786529561893,-1e-10,0.8167185141096492,1.6334370282192985,1e-08,134
0.8096337069734214,mauna-loa-co2,True,True,1.6192674239468428,0.801537369903687,True,simplicity,-1.2450758808437425,True,0.8096337094734213,,1.2450758807437425,-1e-10,0.8096337069734214,1.6192674139468428,1e-08,135
0.8045076610682689,mauna-loa-co2,True,True,1.6090153321365377,0.7964625844575862,True,simplicity,-1.246009307040902,True,0.8045076635682689,,1.246009306940902,-1e-10,0.8045076610682689,1.6090153221365378,1e-08,136
0.8009618999506423,mauna-loa-co2,True,True,1.6019238099012845,0.7929522809511361,True,simplicity,-1.2469606387633285,True,0.8009619024506424,,1.2469606386633285,-1e-10,0.8009618999506423,1.6019237999012845,1e-08,137
0.8000721204544963,mauna-loa-co2,True,True,1.6001442509089925,0.7920713992499514,True,simplicity,-1.246910915080861,True,0.8000721229544963,,1.246910914980861,-1e-10,0.8000721204544963,1.6001442409089925,1e-08,138
0.8005525739878435,mauna-loa-co2,True,True,1.601105157975687,0.7925470482479654,True,simplicity,-1.2435836540083804,True,0.8005525764878436,,1.2435836539083804,-1e-10,0.8005525739878435,1.601105147975687,1e-08,139
0.811748139129423,mauna-loa-co2,True,True,1.623496288258846,0.8036306577381291,True,simplicity,-1.244007147032032,True,0.811748141629423,,1.244007146932032,-1e-10,0.811748139129423,1.623496278258846,1e-08,140
0.8175792652145819,mauna-loa-co2,True,True,1.6351585404291638,0.8094034725624359,True,simplicity,-1.2469685198612865,True,0.8175792677145818,,1.2469685197612865,-1e-10,0.8175792652145819,1.6351585304291638,1e-08,141
0.8190026758746247,mauna-loa-co2,True,True,1.6380053617492494,0.8108126491158786,True,simplicity,-1.2469107921418012,True,0.8190026783746248,,1.2469107920418012,-1e-10,0.8190026758746247,1.6380053517492494,1e-08,142
0.8197376486334848,mauna-loa-co2,True,True,1.6394753072669694,0.8115402721471497,True,simplicity,-1.2469761966231276,True,0.8197376511334847,,1.2469761965231276,-1e-10,0.8197376486334848,1.6394752972669695,1e-08,143
0.8199929071798023,mauna-loa-co2,True,True,1.6399858243596046,0.8117929781080041,True,simplicity,-1.2466962375540547,True,0.8199929096798023,,1.2466962374540547,-1e-10,0.8199929071798023,1.6399858143596047,1e-08,144
0.8204847556009455,mauna-loa-co2,True,True,1.6409695212018909,0.812279908044936,True,simplicity,-1.2463755506707705,True,0.8204847581009452,,1.2463755505707705,-1e-10,0.8204847556009455,1.640969511201891,1e-08,145
0.8141793403571941,mauna-loa-co2,True,True,1.628358690714388,0.8060375469536222,True,simplicity,-1.245172320723241,True,0.8141793428571937,,1.245172320623241,-1e-10,0.8141793403571941,1.6283586807143882,1e-08,146
0.8067886934518901,mauna-loa-co2,True,True,1.61357739690378,0.7987208065173709,True,simplicity,-1.2457446545944215,True,0.8067886959518896,,1.2457446544944215,-1e-10,0.8067886934518901,1.6135773869037802,1e-08,147
0.8058700004428102,mauna-loa-co2,True,True,1.6117400108856204,0.7978113004383827,True,simplicity,-1.2468113925202264,True,0.8058700029428109,,1.2468113924202264,-1e-10,0.8058700004428102,1.6117400008856204,1e-08,148
0.8050184113773071,mauna-loa-co2,True,True,1.6100368327546142,0.7969682272635344,True,simplicity,-1.2468024517343594,True,0.8050184138773074,,1.2468024516343594,-1e-10,0.8050184113773071,1.6100368227546142,1e-08,149
0.8059968858273947,mauna-loa-co2,True,True,1.6119937816547893,0.7979369169691204,True,simplicity,-1.246849392080124,True,0.8059968883273944,,1.246849391980124,-1e-10,0.8059968858273947,1.6119937716547894,1e-08,150
0.8111739002815161,mauna-loa-co2,True,True,1.6223478105630322,0.803062161278701,True,simplicity,-1.2447417225325275,True,0.8111739027815159,,1.2447417224325275,-1e-10,0.8111739002815161,1.6223478005630323,1e-08,151
0.8185024546046711,mauna-loa-co2,True,True,1.637004919209342,0.810317430058624,True,simplicity,-1.24551152299619,True,0.8185024571046714,,1.24551152289619,-1e-10,0.8185024546046711,1.6370049092093422,1e-08,152
0.8210289100341148,mauna-loa-co2,True,True,1.6420578300682296,0.8128186209337736,True,simplicity,-1.2467032978033803,True,0.8210289125341146,,1.2467032977033803,-1e-10,0.8210289100341148,1.6420578200682296,1e-08,153
0.8212772737575282,mauna-loa-co2,True,True,1.6425545575150564,0.813064501019953,True,simplicity,-1.2469171883290582,True,0.8212772762575286,,1.2469171882290582,-1e-10,0.8212772737575282,1.6425545475150565,1e-08,154
0.8207083460334226,mauna-loa-co2,True,True,1.641416702066845,0.8125012625730882,True,simplicity,-1.2470263454476962,True,0.8207083485334224,,1.2470263453476962,-1e-10,0.8207083460334226,1.6414166920668452,1e-08,155
0.8178173798756009,mauna-loa-co2,True,True,1.6356347697512017,0.8096392060768446,True,simplicity,-1.2459106627765437,True,0.8178173823756006,,1.2459106626765437,-1e-10,0.8178173798756009,1.6356347597512018,1e-08,156
0.8125179117414185,mauna-loa-co2,True,True,1.625035833482837,0.8043927326240046,True,simplicity,-1.2457634575298697,True,0.812517914241419,,1.2457634574298697,-1e-10,0.8125179117414185,1.625035823482837,1e-08,157
0.8004396341320812,mauna-loa-co2,True,True,1.6008792782641623,0.7924352377907602,True,simplicity,-1.245607625524591,True,0.8004396366320811,,1.245607625424591,-1e-10,0.8004396341320812,1.6008792682641624,1e-08,158
0.787184265898823,mauna-loa-co2,True,True,1.5743685417976458,0.7793124232398346,True,simplicity,-1.24563390522561,True,0.7871842683988228,,1.24563390512561,-1e-10,0.787184265898823,1.574368531797646,1e-08,159
0.7832857179739011,mauna-loa-co2,True,True,1.5665714459478022,0.7754528607941624,True,simplicity,-1.246233344564866,True,0.7832857204739014,,1.2462333444648659,-1e-10,0.7832857179739011,1.5665714359478022,1e-08,160
0.783894529949599,mauna-loa-co2,True,True,1.5677890698991979,0.7760555846501029,True,simplicity,-1.2471499435007432,True,0.7838945324495988,,1.2471499434007431,-1e-10,0.783894529949599,1.567789059899198,1e-08,161
0.7841987263214714,mauna-loa-co2,True,True,1.5683974626429427,0.7763567390582566,True,simplicity,-1.245033452509936,True,0.7841987288214718,,1.245033452409936,-1e-10,0.7841987263214714,1.5683974526429427,1e-08,162
0.7914035127154787,mauna-loa-co2,True,True,1.5828070354309574,0.783489477588324,True,simplicity,-1.2456213002122285,True,0.7914035152154788,,1.2456213001122285,-1e-10,0.7914035127154787,1.5828070254309574,1e-08,163
0.8001831831125572,mauna-loa-co2,True,True,1.6003663762251144,0.7921813512814316,True,simplicity,-1.2456485482565494,True,0.8001831856125573,,1.2456485481565494,-1e-10,0.8001831831125572,1.6003663662251144,1e-08,164
0.8058621411310155,mauna-loa-co2,True,True,1.611724292262031,0.7978035197197053,True,simplicity,-1.2464551125116816,True,0.8058621436310155,,1.2464551124116816,-1e-10,0.8058621411310155,1.611724282262031,1e-08,165
0.8082878694944131,mauna-loa-co2,True,True,1.6165757489888262,0.8002049907994689,True,simplicity,-1.246972928874657,True,0.8082878719944133,,1.246972928774657,-1e-10,0.8082878694944131,1.6165757389888262,1e-08,166
0.8089096308473598,mauna-loa-co2,True,True,1.6178192716947195,0.800820534538886,True,simplicity,-1.2470352235034514,True,0.8089096333473597,,1.2470352234034514,-1e-10,0.8089096308473598,1.6178192616947196,1e-08,167
0.8086673497105734,mauna-loa-co2,True,True,1.6173347094211468,0.8005806762134675,True,simplicity,-1.2468830178787986,True,0.8086673522105736,,1.2468830177787986,-1e-10,0.8086673497105734,1.6173346994211468,1e-08,168
0.8065060185156687,mauna-loa-co2,True,True,1.6130120470313374,0.7984409583305121,True,simplicity,-1.2455584048352977,True,0.8065060210156685,,1.2455584047352977,-1e-10,0.8065060185156687,1.6130120370313374,1e-08,169
0.8000285170401591,mauna-loa-co2,True,True,1.6000570440803181,0.7920282318697575,True,simplicity,-1.245517349454217,True,0.8000285195401594,,1.245517349354217,-1e-10,0.8000285170401591,1.6000570340803182,1e-08,170
0.7935831445184598,mauna-loa-co2,True,True,1.5871662990369195,0.7856473130732752,True,simplicity,-1.2460659515485784,True,0.7935831470184597,,1.2460659514485783,-1e-10,0.7935831445184598,1.5871662890369196,1e-08,171
0.7896598786762531,mauna-loa-co2,True,True,1.5793197673525061,0.7817632798894906,True,simplicity,-1.2473314646233933,True,0.789659881176253,,1.2473314645233933,-1e-10,0.7896598786762531,1.5793197573525062,1e-08,172
0.7856378208358772,mauna-loa-co2,True,True,1.5712756516717543,0.7777814426275186,True,simplicity,-1.2473346488031316,True,0.7856378233358774,,1.2473346487031316,-1e-10,0.7856378208358772,1.5712756416717544,1e-08,173
0.7834791830202914,mauna-loa-co2,True,True,1.5669583760405827,0.7756443911900884,True,simplicity,-1.2443876898093835,True,0.7834791855202912,,1.2443876897093835,-1e-10,0.7834791830202914,1.5669583660405828,1e-08,174
0.7953031964736561,mauna-loa-co2,True,True,1.5906064029473121,0.7873501645089196,True,simplicity,-1.2453210525831149,True,0.7953031989736564,,1.2453210524831149,-1e-10,0.7953031964736561,1.5906063929473122,1e-08,175
0.811310522945472,mauna-loa-co2,True,True,1.622621055890944,0.8031974177160174,True,simplicity,-1.2456316549659319,True,0.8113105254454721,,1.2456316548659319,-1e-10,0.811310522945472,1.622621045890944,1e-08,176
0.8182986956642648,mauna-loa-co2,True,True,1.6365974013285296,0.8101157087076223,True,simplicity,-1.2459830812350607,True,0.8182986981642649,,1.2459830811350607,-1e-10,0.8182986956642648,1.6365973913285297,1e-08,177
0.8212109290322622,mauna-loa-co2,True,True,1.6424218680645244,0.8129988197419397,True,simplicity,-1.2473817024089466,True,0.8212109315322622,,1.2473817023089466,-1e-10,0.8212109290322622,1.6424218580645245,1e-08,178
0.8219160232028454,mauna-loa-co2,True,True,1.6438320564056907,0.813696862970817,True,simplicity,-1.247369024002428,True,0.8219160257028455,,1.247369023902428,-1e-10,0.8219160232028454,1.6438320464056908,1e-08,179
0.8223652443094283,mauna-loa-co2,True,True,1.6447304986188565,0.8141415918663338,True,simplicity,-1.2473541531117345,True,0.822365246809428,,1.2473541530117345,-1e-10,0.8223652443094283,1.6447304886188565,1e-08,180
0.8221501676949535,mauna-loa-co2,True,True,1.644300345389907,0.8139286660180044,True,simplicity,-1.2469152924813993,True,0.8221501701949536,,1.2469152923813993,-1e-10,0.8221501676949535,1.644300335389907,1e-08,181
0.8182308875525524,mauna-loa-co2,True,True,1.6364617851051046,0.8100485786770268,True,simplicity,-1.2457688114213745,True,0.8182308900525522,,1.2457688113213745,-1e-10,0.8182308875525524,1.6364617751051047,1e-08,182
0.810704951034482,mauna-loa-co2,True,True,1.621409912068964,0.8025979015241373,True,simplicity,-1.2462538758895012,True,0.8107049535344825,,1.2462538757895012,-1e-10,0.810704951034482,1.621409902068964,1e-08,183
0.806896828335117,mauna-loa-co2,True,True,1.613793666670234,0.7988278600517659,True,simplicity,-1.24737614800319,True,0.8068968308351167,,1.24737614790319,-1e-10,0.806896828335117,1.613793656670234,1e-08,184
0.8071675663389641,mauna-loa-co2,True,True,1.6143351426779282,0.7990958906755744,True,simplicity,-1.2473843718835482,True,0.8071675688389637,,1.2473843717835482,-1e-10,0.8071675663389641,1.6143351326779283,1e-08,185
0.8090545201840063,mauna-loa-co2,True,True,1.6181090503680124,0.8009639749821659,True,simplicity,-1.2474151090013164,True,0.809054522684006,,1.2474151089013163,-1e-10,0.8090545201840063,1.6181090403680125,1e-08,186
0.8136100817109184,mauna-loa-co2,True,True,1.6272201734218368,0.8054739808938096,True,simplicity,-1.2457060198708354,True,0.8136100842109186,,1.2457060197708354,-1e-10,0.8136100817109184,1.6272201634218368,1e-08,187
0.8181220712105146,mauna-loa-co2,True,True,1.6362441524210292,0.8099408504984094,True,simplicity,-1.2458323575950268,True,0.8181220737105145,,1.2458323574950267,-1e-10,0.8181220712105146,1.6362441424210292,1e-08,188
0.8199295700879763,mauna-loa-co2,True,True,1.6398591501759525,0.8117302743870968,True,simplicity,-1.2473850631897139,True,0.8199295725879763,,1.2473850630897139,-1e-10,0.8199295700879763,1.6398591401759526,1e-08,189
0.8206162188806179,mauna-loa-co2,True,True,1.6412324477612357,0.812410056691812,True,simplicity,-1.2474011121577333,True,0.820616221380618,,1.2474011120577333,-1e-10,0.8206162188806179,1.6412324377612357,1e-08,190
0.8207029333181036,mauna-loa-co2,True,True,1.6414058766362072,0.8124959039849223,True,simplicity,-1.2474686442235936,True,0.8207029358181037,,1.2474686441235936,-1e-10,0.8207029333181036,1.6414058666362072,1e-08,191
0.820290855777593,mauna-loa-co2,True,True,1.640581721555186,0.8120879472198166,True,simplicity,-1.2475151167235459,True,0.8202908582775925,,1.2475151166235459,-1e-10,0.820290855777593,1.640581711555186,1e-08,192
0.8182283678263798,mauna-loa-co2,True,True,1.6364567456527594,0.8100460841481161,True,simplicity,-1.2466705279946164,True,0.8182283703263797,,1.2466705278946164,-1e-10,0.8182283678263798,1.6364567356527595,1e-08,193
0.8124490163959643,mauna-loa-co2,True,True,1.6248980427919286,0.8043245262320048,True,simplicity,-1.2462590280543415,True,0.8124490188959645,,1.2462590279543415,-1e-10,0.8124490163959643,1.6248980327919287,1e-08,194
0.8050619548068851,mauna-loa-co2,True,True,1.6101239196137702,0.7970113352588163,True,simplicity,-1.2467036078566782,True,0.8050619573068852,,1.2467036077566782,-1e-10,0.8050619548068851,1.6101239096137703,1e-08,195
0.8003285138092153,mauna-loa-co2,True,True,1.6006570376184306,0.7923252286711233,True,simplicity,-1.2474802181771878,True,0.8003285163092154,,1.2474802180771878,-1e-10,0.8003285138092153,1.6006570276184307,1e-08,196
0.7986380719644949,mauna-loa-co2,True,True,1.5972761539289897,0.7906516912448499,True,simplicity,-1.2475501007053622,True,0.798638074464495,,1.2475501006053622,-1e-10,0.7986380719644949,1.5972761439289898,1e-08,197
0.7987740660501176,mauna-loa-co2,True,True,1.597548142100235,0.7907863253896162,True,simplicity,-1.247210367456034,True,0.7987740685501173,,1.247210367356034,-1e-10,0.7987740660501176,1.5975481321002352,1e-08,198
0.8056433726098986,mauna-loa-co2,True,True,1.6112867552197971,0.7975869388837998,True,simplicity,-1.246034322621063,True,0.8056433751098988,,1.246034322521063,-1e-10,0.8056433726098986,1.6112867452197972,1e-08,199
0.8144267939781185,mauna-loa-co2,True,True,1.6288535979562369,0.8062825260383374,True,simplicity,-1.2461312716526738,True,0.8144267964781182,,1.2461312715526738,-1e-10,0.8144267939781185,1.628853587956237,1e-08,200
0.8176494445714344,mauna-loa-co2,True,True,1.6352988991428687,0.8094729501257202,True,simplicity,-1.24746292930201,True,0.8176494470714344,,1.24746292920201,-1e-10,0.8176494445714344,1.6352988891428688,1e-08,201
0.8188104616543411,mauna-loa-co2,True,True,1.6376209333086822,0.8106223570377977,True,simplicity,-1.2475532904280386,True,0.818810464154341,,1.2475532903280386,-1e-10,0.8188104616543411,1.6376209233086823,1e-08,202
0.8198704571759385,mauna-loa-co2,True,True,1.639740924351877,0.811671752604179,True,simplicity,-1.247605271853474,True,0.8198704596759385,,1.247605271753474,-1e-10,0.8198704571759385,1.639740914351877,1e-08,203
0.8204179103183686,mauna-loa-co2,True,True,1.6408358306367372,0.8122137312151847,True,simplicity,-1.2476019990909244,True,0.8204179128183686,,1.2476019989909244,-1e-10,0.8204179103183686,1.6408358206367373,1e-08,204
0.8184756680674496,mauna-loa-co2,True,True,1.6369513461348992,0.8102909113867753,True,simplicity,-1.2470846279485297,True,0.8184756705674493,,1.2470846278485297,-1e-10,0.8184756680674496,1.6369513361348993,1e-08,205
0.807508647876259,mauna-loa-co2,True,True,1.615017305752518,0.7994335613974964,True,simplicity,-1.2467197621883008,True,0.807508650376259,,1.2467197620883008,-1e-10,0.807508647876259,1.615017295752518,1e-08,206
0.795028714785952,mauna-loa-co2,True,True,1.590057439571904,0.7870784276380923,True,simplicity,-1.2470918110724973,True,0.795028717285952,,1.2470918109724973,-1e-10,0.795028714785952,1.590057429571904,1e-08,207
0.7905376236682722,mauna-loa-co2,True,True,1.5810752573365443,0.7826322474315895,True,simplicity,-1.247653230820979,True,0.7905376261682724,,1.247653230720979,-1e-10,0.7905376236682722,1.5810752473365444,1e-08,208
0.7903245842230467,mauna-loa-co2,True,True,1.5806491784460934,0.7824213383808163,True,simplicity,-1.2476833902921636,True,0.7903245867230467,,1.2476833901921636,-1e-10,0.7903245842230467,1.5806491684460935,1e-08,209
0.7923255416741504,mauna-loa-co2,True,True,1.5846510933483007,0.7844022862574089,True,simplicity,-1.2476501178360093,True,0.7923255441741506,,1.2476501177360093,-1e-10,0.7923255416741504,1.5846510833483007,1e-08,210
0.7983920169077147,mauna-loa-co2,True,True,1.5967840438154293,0.7904080967386374,True,simplicity,-1.2469267369932697,True,0.7983920194077142,,1.2469267368932697,-1e-10,0.7983920169077147,1.5967840338154293,1e-08,211
0.8087929647142892,mauna-loa-co2,True,True,1.6175859394285783,0.800705035067146,True,simplicity,-1.2466959117869634,True,0.8087929672142888,,1.2466959116869634,-1e-10,0.8087929647142892,1.6175859294285784,1e-08,212
0.8135836579648861,mauna-loa-co2,True,True,1.627167325929772,0.8054478213852376,True,simplicity,-1.2474923153713904,True,0.8135836604648858,,1.2474923152713904,-1e-10,0.8135836579648861,1.6271673159297722,1e-08,213
0.8135230031567329,mauna-loa-co2,True,True,1.6270460163134657,0.8053877731251657,True,simplicity,-1.247639044823414,True,0.8135230056567331,,1.247639044723414,-1e-10,0.8135230031567329,1.6270460063134657,1e-08,214
0.8124891345487266,mauna-loa-co2,True,True,1.6249782790974532,0.8043642432032395,True,simplicity,-1.2477385761092283,True,0.8124891370487268,,1.2477385760092283,-1e-10,0.8124891345487266,1.6249782690974532,1e-08,215
0.8113188659035993,mauna-loa-co2,True,True,1.6226377418071984,0.8032056772445634,True,simplicity,-1.2478032522710085,True,0.8113188684035995,,1.2478032521710085,-1e-10,0.8113188659035993,1.6226377318071985,1e-08,216
0.8077801425112321,mauna-loa-co2,True,True,1.6155602950224641,0.7997023410861197,True,simplicity,-1.2471535997879926,True,0.8077801450112323,,1.2471535996879926,-1e-10,0.8077801425112321,1.6155602850224642,1e-08,217
0.8007798768075599,mauna-loa-co2,True,True,1.6015597636151198,0.792772078039485,True,simplicity,-1.2469919107460266,True,0.8007798793075601,,1.2469919106460265,-1e-10,0.8007798768075599,1.6015597536151198,1e-08,218
0.7931441252297229,mauna-loa-co2,True,True,1.5862882604594457,0.7852126839774253,True,simplicity,-1.24709705364364,True,0.793144127729723,,1.24709705354364,-1e-10,0.7931441252297229,1.5862882504594458,1e-08,219
0.7874667647931465,mauna-loa-co2,True,True,1.574933539586293,0.7795920971452149,True,simplicity,-1.2477959058894519,True,0.7874667672931466,,1.2477959057894519,-1e-10,0.7874667647931465,1.574933529586293,1e-08,220
0.7840277283992485,mauna-loa-co2,True,True,1.568055466798497,0.7761874511152556,True,simplicity,-1.2479513404071423,True,0.7840277308992483,,1.2479513403071423,-1e-10,0.7840277283992485,1.568055456798497,1e-08,221
0.7834437025872609,mauna-loa-co2,True,True,1.5668874151745218,0.7756092655613883,True,simplicity,-1.2478967944886739,True,0.7834437050872609,,1.2478967943886738,-1e-10,0.7834437025872609,1.5668874051745219,1e-08,222
0.789069584844193,mauna-loa-co2,True,True,1.578139179688386,0.7811788889957517,True,simplicity,-1.2470548439661258,True,0.7890695873441934,,1.2470548438661258,-1e-10,0.789069584844193,1.578139169688386,1e-08,223
0.8056351137062191,mauna-loa-co2,True,True,1.6112702374124381,0.797578762569157,True,simplicity,-1.247142856146777,True,0.8056351162062192,,1.247142856046777,-1e-10,0.8056351137062191,1.6112702274124382,1e-08,224
0.8134845501898246,mauna-loa-co2,True,True,1.626969110379649,0.8053497046879264,True,simplicity,-1.247318827969107,True,0.8134845526898248,,1.247318827869107,-1e-10,0.8134845501898246,1.6269691003796491,1e-08,225
0.8158994395491697,mauna-loa-co2,True,True,1.6317988890983393,0.807740445153678,True,simplicity,-1.2478730887833327,True,0.8158994420491695,,1.2478730886833327,-1e-10,0.8158994395491697,1.6317988790983393,1e-08,226
0.8162145226269877,mauna-loa-co2,True,True,1.6324290552539753,0.8080523774007179,True,simplicity,-1.247908978173854,True,0.8162145251269878,,1.247908978073854,-1e-10,0.8162145226269877,1.6324290452539754,1e-08,227
0.8164591490465601,mauna-loa-co2,True,True,1.6329183080931202,0.8082945575560946,True,simplicity,-1.2479654011431867,True,0.8164591515465601,,1.2479654010431867,-1e-10,0.8164591490465601,1.6329182980931203,1e-08,228
0.8142229423144307,mauna-loa-co2,True,True,1.6284458946288614,0.8060807128912865,True,simplicity,-1.2475863268115417,True,0.8142229448144304,,1.2475863267115417,-1e-10,0.8142229423144307,1.6284458846288614,1e-08,229
0.8085226017651219,mauna-loa-co2,True,True,1.6170452135302438,0.8004373757474703,True,simplicity,-1.247407640312018,True,0.8085226042651215,,1.247407640212018,-1e-10,0.8085226017651219,1.6170452035302438,1e-08,230
0.8005909154913201,mauna-loa-co2,True,True,1.6011818409826402,0.7925850063364064,True,simplicity,-1.247593917109715,True,0.8005909179913199,,1.247593917009715,-1e-10,0.8005909154913201,1.6011818309826402,1e-08,231
0.7944381399497802,mauna-loa-co2,True,True,1.5888762898995603,0.7864937585502824,True,simplicity,-1.2481167531940103,True,0.7944381424497801,,1.2481167530940103,-1e-10,0.7944381399497802,1.5888762798995604,1e-08,232
0.7916777462735017,mauna-loa-co2,True,True,1.5833555025470034,0.7837609688107672,True,simplicity,-1.2481764459414588,True,0.7916777487735025,,1.2481764458414588,-1e-10,0.7916777462735017,1.5833554925470035,1e-08,233
0.7910927436198881,mauna-loa-co2,True,True,1.5821854972397762,0.7831818161836893,True,simplicity,-1.248124321609389,True,0.7910927461198882,,1.248124321509389,-1e-10,0.7910927436198881,1.5821854872397763,1e-08,234
0.7960940157668595,mauna-loa-co2,True,True,1.5921880415337188,0.7881330756091907,True,simplicity,-1.2472116520960528,True,0.7960940182668592,,1.2472116519960528,-1e-10,0.7960940157668595,1.592188031533719,1e-08,235
0.8117911563709004,mauna-loa-co2,True,True,1.6235823227418007,0.8036732448071915,True,simplicity,-1.2472937105135125,True,0.8117911588709005,,1.2472937104135124,-1e-10,0.8117911563709004,1.6235823127418008,1e-08,236
0.8177814401718382,mauna-loa-co2,True,True,1.6355628903436763,0.80960362577012,True,simplicity,-1.2479838056162489,True,0.8177814426718383,,1.2479838055162489,-1e-10,0.8177814401718382,1.6355628803436764,1e-08,237
0.8185748321241624,mauna-loa-co2,True,True,1.6371496742483247,0.8103890838029206,True,simplicity,-1.2480890273237506,True,0.8185748346241623,,1.2480890272237506,-1e-10,0.8185748321241624,1.6371496642483248,1e-08,238
0.8183476745003597,mauna-loa-co2,True,True,1.6366953590007194,0.810164197755356,True,simplicity,-1.2481456881099815,True,0.8183476770003598,,1.2481456880099815,-1e-10,0.8183476745003597,1.6366953490007194,1e-08,239
0.8181208041342255,mauna-loa-co2,True,True,1.636241618268451,0.8099395960928838,True,simplicity,-1.2481701279161732,True,0.8181208066342258,,1.2481701278161732,-1e-10,0.8181208041342255,1.636241608268451,1e-08,240
0.8126651986287737,mauna-loa-co2,True,True,1.6253304072575474,0.8045385466424861,True,simplicity,-1.247794725810589,True,0.8126652011287735,,1.247794725710589,-1e-10,0.8126651986287737,1.6253303972575475,1e-08,241
0.8036561495551584,mauna-loa-co2,True,True,1.6073123091103168,0.7956195880596066,True,simplicity,-1.2477958791736128,True,0.8036561520551583,,1.2477958790736128,-1e-10,0.8036561495551584,1.6073122991103168,1e-08,242
0.793258702463686,mauna-loa-co2,True,True,1.586517414927372,0.7853261154390491,True,simplicity,-1.2478798460038103,True,0.7932587049636861,,1.2478798459038103,-1e-10,0.793258702463686,1.586517404927372,1e-08,243
0.7883510113894805,mauna-loa-co2,True,True,1.576702032778961,0.7804675012755861,True,simplicity,-1.2483536134181603,True,0.7883510138894804,,1.2483536133181603,-1e-10,0.7883510113894805,1.576702022778961,1e-08,244
0.7874745621751288,mauna-loa-co2,True,True,1.5749491343502575,0.7795998165533777,True,simplicity,-1.2483954398665889,True,0.7874745646751291,,1.2483954397665888,-1e-10,0.7874745621751288,1.5749491243502576,1e-08,245
0.7878378725100614,mauna-loa-co2,True,True,1.5756757550201228,0.7799594937849607,True,simplicity,-1.2483896323451544,True,0.7878378750100616,,1.2483896322451544,-1e-10,0.7878378725100614,1.5756757450201229,1e-08,246
0.7945154895934521,mauna-loa-co2,True,True,1.589030989186904,0.7865703346975176,True,simplicity,-1.2476892242163302,True,0.7945154920934522,,1.2476892241163302,-1e-10,0.7945154895934521,1.5890309791869042,1e-08,247
0.8066055972164632,mauna-loa-co2,True,True,1.6132112044329263,0.7985395412442987,True,simplicity,-1.2477277090865742,True,0.806605599716463,,1.2477277089865741,-1e-10,0.8066055972164632,1.6132111944329264,1e-08,248
0.8128060149367282,mauna-loa-co2,True,True,1.6256120398734564,0.8046779547873608,True,simplicity,-1.248147542635227,True,0.8128060174367281,,1.248147542535227,-1e-10,0.8128060149367282,1.6256120298734564,1e-08,249
0.8137614111648368,mauna-loa-co2,True,True,1.6275228323296735,0.8056237970531885,True,simplicity,-1.2482530819886515,True,0.8137614136648369,,1.2482530818886515,-1e-10,0.8137614111648368,1.6275228223296736,1e-08,250
0.8132557891977793,mauna-loa-co2,True,True,1.6265115883955585,0.8051232313058018,True,simplicity,-1.2482994927071334,True,0.8132557916977793,,1.2482994926071334,-1e-10,0.8132557891977793,1.6265115783955586,1e-08,251
0.812113141814167,mauna-loa-co2,True,True,1.624226293628334,0.803992010396026,True,simplicity,-1.248361471539062,True,0.8121131443141674,,1.248361471439062,-1e-10,0.812113141814167,1.624226283628334,1e-08,252
0.8086389932711457,mauna-loa-co2,True,True,1.6172779965422914,0.8005526033384345,True,simplicity,-1.2480074264767342,True,0.8086389957711456,,1.2480074263767342,-1e-10,0.8086389932711457,1.6172779865422915,1e-08,253
0.8013036559858028,mauna-loa-co2,True,True,1.6026073219716055,0.7932906194259447,True,simplicity,-1.2479467601921375,True,0.8013036584858027,,1.2479467600921375,-1e-10,0.8013036559858028,1.6026073119716056,1e-08,254
0.7929760011511976,mauna-loa-co2,True,True,1.5859520123023951,0.7850462411396859,True,simplicity,-1.248059426750928,True,0.7929760036511978,,1.248059426650928,-1e-10,0.7929760011511976,1.5859520023023952,1e-08,255
0.788514152095577,mauna-loa-co2,True,True,1.5770283141911539,0.7806290105746213,True,simplicity,-1.2485392733419474,True,0.7885141545955768,,1.2485392732419474,-1e-10,0.788514152095577,1.577028304191154,1e-08,256
0.786056775985029,mauna-loa-co2,True,True,1.572113561970058,0.7781962082251784,True,simplicity,-1.2485928810967186,True,0.7860567784850288,,1.2485928809967186,-1e-10,0.786056775985029,1.572113551970058,1e-08,257
0.7837644659374583,mauna-loa-co2,True,True,1.5675289418749165,0.7759268212780834,True,simplicity,-1.2483724727792442,True,0.7837644684374582,,1.2483724726792442,-1e-10,0.7837644659374583,1.5675289318749166,1e-08,258
0.7913746862191893,mauna-loa-co2,True,True,1.5827493824383785,0.783460939356997,True,simplicity,-1.2479146724997885,True,0.7913746887191891,,1.2479146723997885,-1e-10,0.7913746862191893,1.5827493724383785,1e-08,259
0.8097670829405316,mauna-loa-co2,True,True,1.619534175881063,0.8016694121111261,True,simplicity,-1.2479739161133354,True,0.8097670854405313,,1.2479739160133354,-1e-10,0.8097670829405316,1.6195341658810631,1e-08,260
0.8180558342920355,mauna-loa-co2,True,True,1.636111678584071,0.8098752759491155,True,simplicity,-1.2482243250286609,True,0.8180558367920356,,1.2482243249286609,-1e-10,0.8180558342920355,1.636111668584071,1e-08,261
0.8197854214556263,mauna-loa-co2,True,True,1.6395708529112525,0.8115875672410701,True,simplicity,-1.2484156203916037,True,0.8197854239556261,,1.2484156202916037,-1e-10,0.8197854214556263,1.6395708429112525,1e-08,262
0.8204292115050539,mauna-loa-co2,True,True,1.6408584330101077,0.8122249193900035,True,simplicity,-1.2484358019860902,True,0.8204292140050536,,1.2484358018860902,-1e-10,0.8204292115050539,1.6408584230101078,1e-08,263
0.8206669281390375,mauna-loa-co2,True,True,1.641333866278075,0.8124602588576473,True,simplicity,-1.2484576692844134,True,0.8206669306390377,,1.2484576691844134,-1e-10,0.8206669281390375,1.641333856278075,1e-08,264
0.8177744445570375,mauna-loa-co2,True,True,1.635548899114075,0.8095967001114671,True,simplicity,-1.2483152972160558,True,0.8177744470570373,,1.2483152971160558,-1e-10,0.8177744445570375,1.635548889114075,1e-08,265
0.8100811178467001,mauna-loa-co2,True,True,1.6201622456934002,0.8019803066682328,True,simplicity,-1.2482719420350126,True,0.8100811203467001,,1.2482719419350126,-1e-10,0.8100811178467001,1.6201622356934002,1e-08,266
0.8005628865228891,mauna-loa-co2,True,True,1.6011257830457781,0.7925572576576602,True,simplicity,-1.2484386647183747,True,0.800562889022889,,1.2484386646183747,-1e-10,0.8005628865228891,1.6011257730457782,1e-08,267
0.7956091160114177,mauna-loa-co2,True,True,1.5912182420228353,0.7876530248513036,True,simplicity,-1.2486451303122494,True,0.7956091185114177,,1.2486451302122494,-1e-10,0.7956091160114177,1.5912182320228354,1e-08,268
0.793367107616345,mauna-loa-co2,True,True,1.58673422523269,0.7854334365401812,True,simplicity,-1.2486896394735212,True,0.7933671101163449,,1.2486896393735212,-1e-10,0.793367107616345,1.58673421523269,1e-08,269
0.794222946244693,mauna-loa-co2,True,True,1.588445902489386,0.7862807167822463,True,simplicity,-1.2486643350273243,True,0.7942229487446932,,1.2486643349273243,-1e-10,0.794222946244693,1.588445892489386,1e-08,270
0.8027063427164443,mauna-loa-co2,True,True,1.6054126954328884,0.7946792792892798,True,simplicity,-1.2480873780746293,True,0.8027063452164445,,1.2480873779746293,-1e-10,0.8027063427164443,1.6054126854328885,1e-08,271
0.8127516405768742,mauna-loa-co2,True,True,1.6255032911537484,0.8046241241711056,True,simplicity,-1.2481257508067016,True,0.8127516430768743,,1.2481257507067016,-1e-10,0.8127516405768742,1.6255032811537484,1e-08,272
0.8161852834865269,mauna-loa-co2,True,True,1.6323705769730537,0.8080234306516617,True,simplicity,-1.2485478341181846,True,0.816185285986527,,1.2485478340181846,-1e-10,0.8161852834865269,1.6323705669730537,1e-08,273
0.8173804712049307,mauna-loa-co2,True,True,1.6347609524098614,0.8092066664928819,True,simplicity,-1.2485543438545745,True,0.8173804737049308,,1.2485543437545745,-1e-10,0.8173804712049307,1.6347609424098615,1e-08,274
0.8181847578545637,mauna-loa-co2,True,True,1.6363695257091273,0.8100029102760176,True,simplicity,-1.2485885112347923,True,0.8181847603545634,,1.2485885111347923,-1e-10,0.8181847578545637,1.6363695157091274,1e-08,275
0.8186037920243663,mauna-loa-co2,True,True,1.6372075940487325,0.8104177541041225,True,simplicity,-1.2486175147813028,True,0.8186037945243662,,1.2486175146813028,-1e-10,0.8186037920243663,1.6372075840487326,1e-08,276
0.8173679603913924,mauna-loa-co2,True,True,1.6347359307827847,0.8091942807874782,True,simplicity,-1.2485475922575473,True,0.8173679628913922,,1.2485475921575473,-1e-10,0.8173679603913924,1.6347359207827847,1e-08,277
0.8077991762355162,mauna-loa-co2,True,True,1.6155983624710324,0.7997211844731615,True,simplicity,-1.2482784937214593,True,0.8077991787355165,,1.2482784936214593,-1e-10,0.8077991762355162,1.6155983524710325,1e-08,278
0.7945724538623103,mauna-loa-co2,True,True,1.5891449177246206,0.7866267293236865,True,simplicity,-1.248493581669965,True,0.7945724563623097,,1.248493581569965,-1e-10,0.7945724538623103,1.5891449077246207,1e-08,279
0.7890588435811208,mauna-loa-co2,True,True,1.5781176971622415,0.7811682551453095,True,simplicity,-1.248751684182872,True,0.7890588460811203,,1.248751684082872,-1e-10,0.7890588435811208,1.5781176871622415,1e-08,280
0.7877529562799956,mauna-loa-co2,True,True,1.5755059225599912,0.7798754267171956,True,simplicity,-1.248802274457531,True,0.7877529587799956,,1.2488022743575309,-1e-10,0.7877529562799956,1.5755059125599913,1e-08,281
0.7882250320479859,mauna-loa-co2,True,True,1.5764500740959717,0.7803427817275062,True,simplicity,-1.248771800442838,True,0.7882250345479861,,1.248771800342838,-1e-10,0.7882250320479859,1.5764500640959718,1e-08,282
0.7974250175500098,mauna-loa-co2,True,True,1.5948500451000196,0.7894507673745095,True,simplicity,-1.2482841703591667,True,0.7974250200500096,,1.2482841702591667,-1e-10,0.7974250175500098,1.5948500351000197,1e-08,283
0.8105418849836902,mauna-loa-co2,True,True,1.6210837799673803,0.8024364661338529,True,simplicity,-1.2483313505984421,True,0.8105418874836899,,1.2483313504984421,-1e-10,0.8105418849836902,1.6210837699673804,1e-08,284
0.8155199846686528,mauna-loa-co2,True,True,1.6310399793373056,0.807364784821966,True,simplicity,-1.2485969495986327,True,0.8155199871686533,,1.2485969494986326,-1e-10,0.8155199846686528,1.6310399693373057,1e-08,285
0.8153833525871662,mauna-loa-co2,True,True,1.6307667151743324,0.8072295190612947,True,simplicity,-1.2486530059731478,True,0.8153833550871662,,1.2486530058731478,-1e-10,0.8153833525871662,1.6307667051743324,1e-08,286
0.8139995684182524,mauna-loa-co2,True,True,1.6279991468365047,0.8058595727340697,True,simplicity,-1.2487182229449498,True,0.8139995709182524,,1.2487182228449498,-1e-10,0.8139995684182524,1.6279991368365048,1e-08,287
0.8118627514688128,mauna-loa-co2,True,True,1.6237255129376256,0.8037441239541239,True,simplicity,-1.2487665718955,True,0.8118627539688124,,1.2487665717955,-1e-10,0.8118627514688128,1.6237255029376256,1e-08,288
0.8085011062196545,mauna-loa-co2,True,True,1.617002222439309,0.8004160951574582,True,simplicity,-1.2486958781823545,True,0.8085011087196546,,1.2486958780823545,-1e-10,0.8085011062196545,1.617002212439309,1e-08,289
0.7955664919768971,mauna-loa-co2,True,True,1.5911329939537942,0.7876108270571284,True,simplicity,-1.2485143412491269,True,0.7955664944768972,,1.2485143411491268,-1e-10,0.7955664919768971,1.5911329839537942,1e-08,290
0.7884792080734526,mauna-loa-co2,True,True,1.5769584261469052,0.7805944159927177,True,simplicity,-1.2486326968841035,True,0.7884792105734525,,1.2486326967841035,-1e-10,0.7884792080734526,1.5769584161469052,1e-08,291
0.7852815682685437,mauna-loa-co2,True,True,1.5705631465370873,0.7774287525858581,True,simplicity,-1.248950057136852,True,0.7852815707685434,,1.248950057036852,-1e-10,0.7852815682685437,1.5705631365370873,1e-08,292
0.7832614409587166,mauna-loa-co2,True,True,1.5665228919174332,0.775428826549129,True,simplicity,-1.2489769887358344,True,0.7832614434587162,,1.2489769886358344,-1e-10,0.7832614409587166,1.5665228819174333,1e-08,293
0.7832624724852283,mauna-loa-co2,True,True,1.5665249549704565,0.7754298477603757,True,simplicity,-1.24899801212668,True,0.7832624749852283,,1.24899801202668,-1e-10,0.7832624724852283,1.5665249449704566,1e-08,294
0.7901895791905258,mauna-loa-co2,True,True,1.5803791683810515,0.7822876833986206,True,simplicity,-1.248611234494426,True,0.790189581690526,,1.248611234394426,-1e-10,0.7901895791905258,1.5803791583810516,1e-08,295
0.8047821027482279,mauna-loa-co2,True,True,1.6095642154964558,0.796734281720746,True,simplicity,-1.2486239031377857,True,0.8047821052482284,,1.2486239030377857,-1e-10,0.8047821027482279,1.6095642054964558,1e-08,296
0.811638237594942,mauna-loa-co2,True,True,1.623276485189884,0.803521855218992,True,simplicity,-1.248710373186184,True,0.8116382400949419,,1.248710373086184,-1e-10,0.811638237594942,1.623276475189884,1e-08,297
0.8145469272303589,mauna-loa-co2,True,True,1.6290938644607178,0.8064014579580552,True,simplicity,-1.2488466488704881,True,0.8145469297303588,,1.2488466487704881,-1e-10,0.8145469272303589,1.6290938544607179,1e-08,298
0.815816649653053,mauna-loa-co2,True,True,1.631633309306106,0.8076584831565223,True,simplicity,-1.2488550742929583,True,0.8158166521530528,,1.2488550741929583,-1e-10,0.815816649653053,1.631633299306106,1e-08,299
0.815456826887586,mauna-loa-co2,True,True,1.630913663775172,0.8073022586187104,True,simplicity,-1.248881690968895,True,0.8154568293875859,,1.248881690868895,-1e-10,0.815456826887586,1.630913653775172,1e-08,300
0.8113535868208871,mauna-loa-co2,True,True,1.6227071836417741,0.8032400509526786,True,simplicity,-1.2487813373107273,True,0.8113535893208875,,1.2487813372107273,-1e-10,0.8113535868208871,1.6227071736417742,1e-08,301
0.8029790716538803,mauna-loa-co2,True,True,1.6059581533077605,0.7949492809373414,True,simplicity,-1.2487528487974018,True,0.8029790741538803,,1.2487528486974018,-1e-10,0.8029790716538803,1.6059581433077605,1e-08,302
0.7941167688354218,mauna-loa-co2,True,True,1.5882335476708436,0.7861756011470676,True,simplicity,-1.2488610071077741,True,0.7941167713354216,,1.2488610070077741,-1e-10,0.7941167688354218,1.5882335376708436,1e-08,303
0.7898944198383744,mauna-loa-co2,True,True,1.5797888496767487,0.7819954756399906,True,simplicity,-1.2490424997384453,True,0.7898944223383744,,1.2490424996384453,-1e-10,0.7898944198383744,1.5797888396767488,1e-08,304
0.7886763080083973,mauna-loa-co2,True,True,1.5773526260167945,0.7807895449283134,True,simplicity,-1.2490631116543942,True,0.7886763105083973,,1.2490631115543942,-1e-10,0.7886763080083973,1.5773526160167946,1e-08,305
0.7872760133453353,mauna-loa-co2,True,True,1.5745520366906705,0.7794032532118819,True,simplicity,-1.249050286718205,True,0.787276015845335,,1.249050286618205,-1e-10,0.7872760133453353,1.5745520266906705,1e-08,306
0.7960948655994297,mauna-loa-co2,True,True,1.5921897411988593,0.7881339169434354,True,simplicity,-1.2487611096733227,True,0.7960948680994296,,1.2487611095733226,-1e-10,0.7960948655994297,1.5921897311988593,1e-08,307
0.8114140241164493,mauna-loa-co2,True,True,1.6228280582328984,0.8032998838752851,True,simplicity,-1.248724264815591,True,0.8114140266164496,,1.248724264715591,-1e-10,0.8114140241164493,1.6228280482328985,1e-08,308
0.8175845918999659,mauna-loa-co2,True,True,1.6351691937999318,0.8094087459809662,True,simplicity,-1.2489417991166718,True,0.8175845943999659,,1.2489417990166718,-1e-10,0.8175845918999659,1.6351691837999318,1e-08,309
0.8180852447300268,mauna-loa-co2,True,True,1.6361704994600534,0.8099043922827264,True,simplicity,-1.248944291003793,True,0.8180852472300265,,1.2489442909037929,-1e-10,0.8180852447300268,1.6361704894600535,1e-08,310
0.8181363080338322,mauna-loa-co2,True,True,1.6362726260676643,0.809954944953494,True,simplicity,-1.2489539746929792,True,0.8181363105338323,,1.2489539745929792,-1e-10,0.8181363080338322,1.6362726160676644,1e-08,311
0.81783351119711,mauna-loa-co2,True,True,1.63566703239422,0.8096551760851391,True,simplicity,-1.2489715797517542,True,0.8178335136971101,,1.2489715796517542,-1e-10,0.81783351119711,1.63566702239422,1e-08,312
0.8162717165928819,mauna-loa-co2,True,True,1.6325434431857637,0.8081089994269529,True,simplicity,-1.2490021843228678,True,0.8162717190928817,,1.2490021842228678,-1e-10,0.8162717165928819,1.6325434331857638,1e-08,313
0.8072138193552004,mauna-loa-co2,True,True,1.6144276487104008,0.7991416811616483,True,simplicity,-1.2488116431352336,True,0.8072138218552002,,1.2488116430352336,-1e-10,0.8072138193552004,1.6144276387104008,1e-08,314
0.796790718622165,mauna-loa-co2,True,True,1.59358144724433,0.7888228114359436,True,simplicity,-1.2489169397644229,True,0.7967907211221649,,1.2489169396644229,-1e-10,0.796790718622165,1.59358143724433,1e-08,315
0.792631438474505,mauna-loa-co2,True,True,1.58526288694901,0.7847051240897601,True,simplicity,-1.2491243572198893,True,0.792631440974505,,1.2491243571198893,-1e-10,0.792631438474505,1.58526287694901,1e-08,316
0.7905911128897084,mauna-loa-co2,True,True,1.5811822357794167,0.7826852017608115,True,simplicity,-1.2491500668977629,True,0.7905911153897087,,1.2491500667977629,-1e-10,0.7905911128897084,1.5811822257794168,1e-08,317
0.7890562534451184,mauna-loa-co2,True,True,1.5781125168902368,0.781165690910667,True,simplicity,-1.2491527740922832,True,0.7890562559451184,,1.2491527739922832,-1e-10,0.7890562534451184,1.5781125068902369,1e-08,318
0.7987742373160283,mauna-loa-co2,True,True,1.5975484846320565,0.7907864949428678,True,simplicity,-1.2489893272166102,True,0.7987742398160281,,1.2489893271166101,-1e-10,0.7987742373160283,1.5975484746320565,1e-08,319
0.8129980219854426,mauna-loa-co2,True,True,1.625996053970885,0.8048680417655879,True,simplicity,-1.2489049994453971,True,0.8129980244854426,,1.2489049993453971,-1e-10,0.8129980219854426,1.6259960439708852,1e-08,320
0.8177106565152775,mauna-loa-co2,True,True,1.635421323030555,0.8095335499501244,True,simplicity,-1.2491034548753905,True,0.8177106590152775,,1.2491034547753905,-1e-10,0.8177106565152775,1.635421313030555,1e-08,321
0.818376817606872,mauna-loa-co2,True,True,1.636753645213744,0.8101930494308031,True,simplicity,-1.2491056747979516,True,0.8183768201068718,,1.2491056746979516,-1e-10,0.818376817606872,1.636753635213744,1e-08,322
0.8180309584714095,mauna-loa-co2,True,True,1.636061926942819,0.8098506488866957,True,simplicity,-1.2491191168000673,True,0.8180309609714098,,1.2491191167000673,-1e-10,0.8180309584714095,1.636061916942819,1e-08,323
0.8172514293646646,mauna-loa-co2,True,True,1.634502868729329,0.8090789150710183,True,simplicity,-1.249140080315488,True,0.8172514318646645,,1.249140080215488,-1e-10,0.8172514293646646,1.634502858729329,1e-08,324
0.815135780046899,mauna-loa-co2,True,True,1.630271570093798,0.8069844222464301,True,simplicity,-1.2490462762931955,True,0.8151357825468992,,1.2490462761931955,-1e-10,0.815135780046899,1.630271560093798,1e-08,325
0.8075619345929518,mauna-loa-co2,True,True,1.6151238791859035,0.7994863152470221,True,simplicity,-1.248970656623373,True,0.8075619370929515,,1.248970656523373,-1e-10,0.8075619345929518,1.6151238691859036,1e-08,326
0.7954279132984199,mauna-loa-co2,True,True,1.5908558365968397,0.7874736341654356,True,simplicity,-1.2490380547633464,True,0.7954279157984198,,1.2490380546633464,-1e-10,0.7954279132984199,1.5908558265968398,1e-08,327
0.7911167875563296,mauna-loa-co2,True,True,1.5822335851126592,0.7832056196807664,True,simplicity,-1.2492461912323753,True,0.7911167900563298,,1.2492461911323753,-1e-10,0.7911167875563296,1.5822335751126593,1e-08,328
0.7906370806481956,mauna-loa-co2,True,True,1.5812741712963911,0.7827307098417137,True,simplicity,-1.2492673408203525,True,0.7906370831481956,,1.2492673407203525,-1e-10,0.7906370806481956,1.5812741612963912,1e-08,329
0.7915513574039987,mauna-loa-co2,True,True,1.5831027248079974,0.7836358438299589,True,simplicity,-1.2492699325494876,True,0.7915513599039988,,1.2492699324494876,-1e-10,0.7915513574039987,1.5831027148079975,1e-08,330
0.7978861667450357,mauna-loa-co2,True,True,1.5957723434900712,0.7899073050775853,True,simplicity,-1.2490798930340223,True,0.7978861692450356,,1.2490798929340223,-1e-10,0.7978861667450357,1.5957723334900713,1e-08,331
0.8106975031741769,mauna-loa-co2,True,True,1.6213950163483537,0.8025905281424355,True,simplicity,-1.2490847858103513,True,0.8106975056741772,,1.2490847857103513,-1e-10,0.8106975031741769,1.6213950063483538,1e-08,332
0.814095134725927,mauna-loa-co2,True,True,1.628190279451854,0.8059541833786681,True,simplicity,-1.2492386901596984,True,0.8140951372259271,,1.2492386900596983,-1e-10,0.814095134725927,1.628190269451854,1e-08,333
0.8142837510775638,mauna-loa-co2,True,True,1.6285675121551275,0.806140913566788,True,simplicity,-1.2492544180892093,True,0.8142837535775638,,1.2492544179892093,-1e-10,0.8142837510775638,1.6285675021551276,1e-08,334
0.8133184694395179,mauna-loa-co2,True,True,1.6266369488790358,0.8051852847451227,True,simplicity,-1.2492659688563699,True,0.8133184719395179,,1.2492659687563699,-1e-10,0.8133184694395179,1.6266369388790358,1e-08,335
0.8097570915463808,mauna-loa-co2,True,True,1.6195141930927615,0.8016595206309167,True,simplicity,-1.2491930168418919,True,0.8097570940463809,,1.2491930167418919,-1e-10,0.8097570915463808,1.6195141830927615,1e-08,336
0.8056351657643761,mauna-loa-co2,True,True,1.6112703415287521,0.7975788141067324,True,simplicity,-1.2491957287765845,True,0.8056351682643762,,1.2491957286765845,-1e-10,0.8056351657643761,1.6112703315287522,1e-08,337
0.7943318657578802,mauna-loa-co2,True,True,1.5886637415157603,0.7863885471003017,True,simplicity,-1.2492025887546845,True,0.79433186825788,,1.2492025886546845,-1e-10,0.7943318657578802,1.5886637315157603,1e-08,338
0.7838426876892042,mauna-loa-co2,True,True,1.5676853853784083,0.7760042608123121,True,simplicity,-1.2492693747447547,True,0.7838426901892042,,1.2492693746447547,-1e-10,0.7838426876892042,1.5676853753784084,1e-08,339
0.7793520573115617,mauna-loa-co2,True,True,1.5587041246231232,0.7715585367384457,True,simplicity,-1.2494104139673352,True,0.7793520598115616,,1.2494104138673352,-1e-10,0.7793520573115617,1.5587041146231233,1e-08,340
0.7788235585766058,mauna-loa-co2,True,True,1.5576471271532115,0.7710353229908398,True,simplicity,-1.2494366613266403,True,0.7788235610766056,,1.2494366612266403,-1e-10,0.7788235585766058,1.5576471171532116,1e-08,341
0.7806479269491098,mauna-loa-co2,True,True,1.5612958638982195,0.7728414476796189,True,simplicity,-1.2493354776224515,True,0.7806479294491098,,1.2493354775224514,-1e-10,0.7806479269491098,1.5612958538982196,1e-08,342
0.7846766631498002,mauna-loa-co2,True,True,1.5693533362996004,0.7768298965183021,True,simplicity,-1.249294929255417,True,0.7846766656498002,,1.249294929155417,-1e-10,0.7846766631498002,1.5693533262996004,1e-08,343
0.7973870219499184,mauna-loa-co2,True,True,1.5947740538998367,0.7894131517304193,True,simplicity,-1.249277385058912,True,0.7973870244499186,,1.249277384958912,-1e-10,0.7973870219499184,1.5947740438998368,1e-08,344
0.8037151225261309,mauna-loa-co2,True,True,1.6074302550522617,0.7956779713008694,True,simplicity,-1.249294236884051,True,0.8037151250261307,,1.249294236784051,-1e-10,0.8037151225261309,1.6074302450522617,1e-08,345
0.8070275715406617,mauna-loa-co2,True,True,1.6140551530813234,0.7989572958252555,True,simplicity,-1.2493804045651518,True,0.807027574040662,,1.2493804044651518,-1e-10,0.8070275715406617,1.6140551430813235,1e-08,346
0.8068503047477542,mauna-loa-co2,True,True,1.6137006194955084,0.7987818017002766,True,simplicity,-1.249387606715021,True,0.806850307247754,,1.249387606615021,-1e-10,0.8068503047477542,1.6137006094955084,1e-08,347
0.8068095588292853,mauna-loa-co2,True,True,1.6136191276585705,0.7987414632409926,True,simplicity,-1.249392800807043,True,0.8068095613292852,,1.249392800707043,-1e-10,0.8068095588292853,1.6136191176585706,1e-08,348
0.8036980275420769,mauna-loa-co2,True,True,1.6073960650841537,0.795661047266656,True,simplicity,-1.2493795957651352,True,0.8036980300420766,,1.2493795956651352,-1e-10,0.8036980275420769,1.6073960550841537,1e-08,349
0.7961070348177932,mauna-loa-co2,True,True,1.5922140796355864,0.7881459644696155,True,simplicity,-1.2493462280860204,True,0.7961070373177933,,1.2493462279860204,-1e-10,0.7961070348177932,1.5922140696355864,1e-08,350
0.7890138974915238,mauna-loa-co2,True,True,1.5780278049830476,0.7811237585166084,True,simplicity,-1.2493893847002668,True,0.7890138999915239,,1.2493893846002668,-1e-10,0.7890138974915238,1.5780277949830477,1e-08,351
0.7837599141232405,mauna-loa-co2,True,True,1.567519838246481,0.775922314982008,True,simplicity,-1.2494926051062525,True,0.7837599166232403,,1.2494926050062525,-1e-10,0.7837599141232405,1.567519828246481,1e-08,352
0.7801886198582135,mauna-loa-co2,True,True,1.560377249716427,0.7723867336596314,True,simplicity,-1.2495171351939915,True,0.7801886223582135,,1.2495171350939915,-1e-10,0.7801886198582135,1.560377239716427,1e-08,353
0.7785445947594666,mauna-loa-co2,True,True,1.557089199518933,0.7707591488118721,True,simplicity,-1.2494705947342508,True,0.7785445972594669,,1.2494705946342508,-1e-10,0.7785445947594666,1.5570891895189332,1e-08,354
0.7866183296057285,mauna-loa-co2,True,True,1.573236669211457,0.7787521463096716,True,simplicity,-1.2494044006916567,True,0.7866183321057287,,1.2494044005916567,-1e-10,0.7866183296057285,1.573236659211457,1e-08,355
0.8069702719228778,mauna-loa-co2,True,True,1.6139405538457556,0.7989005692036492,True,simplicity,-1.249401487132296,True,0.8069702744228783,,1.249401487032296,-1e-10,0.8069702719228778,1.6139405438457557,1e-08,356
0.8154163098115927,mauna-loa-co2,True,True,1.6308326296231854,0.8072621467134765,True,simplicity,-1.249436792577135,True,0.8154163123115925,,1.249436792477135,-1e-10,0.8154163098115927,1.6308326196231855,1e-08,357
0.8185806576730826,mauna-loa-co2,True,True,1.6371613253461652,0.8103948510963521,True,simplicity,-1.2495220917538985,True,0.8185806601730823,,1.2495220916538985,-1e-10,0.8185806576730826,1.6371613153461653,1e-08,358
0.8190228111932127,mauna-loa-co2,True,True,1.6380456323864254,0.8108325830812807,True,simplicity,-1.249532702177619,True,0.8190228136932128,,1.249532702077619,-1e-10,0.8190228111932127,1.6380456223864255,1e-08,359
0.8182555116964627,mauna-loa-co2,True,True,1.6365110333929254,0.8100729565794982,True,simplicity,-1.2495211220558755,True,0.8182555141964628,,1.2495211219558755,-1e-10,0.8182555116964627,1.6365110233929254,1e-08,360
0.8157352402231226,mauna-loa-co2,True,True,1.6314704904462451,0.8075778878208913,True,simplicity,-1.2494888354180125,True,0.815735242723123,,1.2494888353180125,-1e-10,0.8157352402231226,1.6314704804462452,1e-08,361
0.8103195395622271,mauna-loa-co2,True,True,1.6206390891244542,0.8022163441666049,True,simplicity,-1.2494670317355576,True,0.8103195420622273,,1.2494670316355576,-1e-10,0.8103195395622271,1.6206390791244543,1e-08,362
0.801456541831253,mauna-loa-co2,True,True,1.602913093662506,0.7934419764129406,True,simplicity,-1.249479190910478,True,0.8014565443312531,,1.249479190810478,-1e-10,0.801456541831253,1.602913083662506,1e-08,363
0.7972337743459608,mauna-loa-co2,True,True,1.5944675586919215,0.7892614366025008,True,simplicity,-1.2495213864405703,True,0.7972337768459609,,1.2495213863405703,-1e-10,0.7972337743459608,1.5944675486919215,1e-08,364
0.7945401526452965,mauna-loa-co2,True,True,1.589080315290593,0.7865947511188436,True,simplicity,-1.2495353220567298,True,0.7945401551452965,,1.2495353219567298,-1e-10,0.7945401526452965,1.589080305290593,1e-08,365
0.7944215252132042,mauna-loa-co2,True,True,1.5888430604264083,0.7864773099610723,True,simplicity,-1.2495396493456625,True,0.7944215277132042,,1.2495396492456625,-1e-10,0.7944215252132042,1.5888430504264084,1e-08,366
0.8035582696674204,mauna-loa-co2,True,True,1.6071165493348407,0.7955226869707462,True,simplicity,-1.2494460143524166,True,0.8035582721674204,,1.2494460142524166,-1e-10,0.8035582696674204,1.6071165393348408,1e-08,367
0.8148975180481599,mauna-loa-co2,True,True,1.6297950460963198,0.8067485428676787,True,simplicity,-1.2494768233354643,True,0.81489752054816,,1.2494768232354643,-1e-10,0.8148975180481599,1.6297950360963198,1e-08,368
0.819045736314536,mauna-loa-co2,True,True,1.638091482629072,0.8108552789513913,True,simplicity,-1.2495616617795742,True,0.8190457388145365,,1.2495616616795742,-1e-10,0.819045736314536,1.638091472629072,1e-08,369
0.7331009249187083,enso-pacific-sst,True,True,1.4662018598374165,0.7257699156695213,True,simplicity,-1.2300912241097588,True,0.7331009274187084,,1.2300912240097588,-1e-10,0.7331009249187083,1.4662018498374165,1e-08,0
0.735995627075407,enso-pacific-sst,True,True,1.471991264150814,0.728635670804653,True,simplicity,-1.2296887079101984,True,0.7359956295754071,,1.2296887078101983,-1e-10,0.735995627075407,1.471991254150814,1e-08,1
0.7391985715348456,enso-pacific-sst,True,True,1.478397153069691,0.7318065858194971,True,simplicity,-1.2310109165782568,True,0.7391985740348456,,1.2310109164782568,-1e-10,0.7391985715348456,1.4783971430696912,1e-08,2
0.7419014264424926,enso-pacific-sst,True,True,1.483802862884985,0.7344824121780678,True,simplicity,-1.230127241935608,True,0.7419014289424929,,1.230127241835608,-1e-10,0.7419014264424926,1.4838028528849851,1e-08,3
0.7467344673285573,enso-pacific-sst,True,True,1.4934689446571145,0.7392671226552717,True,simplicity,-1.2318451853645072,True,0.7467344698285574,,1.2318451852645071,-1e-10,0.7467344673285573,1.4934689346571146,1e-08,4
0.7513713807779658,enso-pacific-sst,True,True,1.5027427715559316,0.7438576669701864,True,simplicity,-1.2313060381804388,True,0.7513713832779658,,1.2313060380804388,-1e-10,0.7513713807779658,1.5027427615559317,1e-08,5
0.754998447986504,enso-pacific-sst,True,True,1.5099969059730078,0.747448463506639,True,simplicity,-1.2306179778367816,True,0.7549984504865039,,1.2306179777367816,-1e-10,0.754998447986504,1.509996895973008,1e-08,6
0.7576644115490835,enso-pacific-sst,True,True,1.515328833098167,0.750087767433593,True,simplicity,-1.2314493417714198,True,0.7576644140490838,,1.2314493416714198,-1e-10,0.7576644115490835,1.515328823098167,1e-08,7
0.7592383672694694,enso-pacific-sst,True,True,1.5184767445389387,0.7516459835967745,True,simplicity,-1.23236588022146,True,0.7592383697694693,,1.23236588012146,-1e-10,0.7592383672694694,1.5184767345389387,1e-08,8
0.7607932041483194,enso-pacific-sst,True,True,1.5215864182966388,0.753185272106836,True,simplicity,-1.231002629353897,True,0.7607932066483193,,1.231002629253897,-1e-10,0.7607932041483194,1.5215864082966388,1e-08,9
0.7571213319479075,enso-pacific-sst,True,True,1.514242673895815,0.7495501186284285,True,simplicity,-1.2229103846599525,True,0.7571213344479075,,1.2229103845599525,-1e-10,0.7571213319479075,1.514242663895815,1e-08,10
0.766981520649789,enso-pacific-sst,True,True,1.5339630512995779,0.7593117054432912,True,simplicity,-1.2328644982191999,True,0.7669815231497891,,1.2328644981191998,-1e-10,0.766981520649789,1.533963041299578,1e-08,11
0.7632775367858575,enso-pacific-sst,True,True,1.526555083571715,0.7556447614179991,True,simplicity,-1.232580553477816,True,0.7632775392858577,,1.232580553377816,-1e-10,0.7632775367858575,1.526555073571715,1e-08,12
0.759631966571283,enso-pacific-sst,True,True,1.5192639431425659,0.7520356469055701,True,simplicity,-1.2321239896222287,True,0.7596319690712828,,1.2321239895222287,-1e-10,0.759631966571283,1.519263933142566,1e-08,13
0.7501096146038168,enso-pacific-sst,True,True,1.5002192392076334,0.7426085184577783,True,simplicity,-1.2152259670857315,True,0.7501096171038166,,1.2152259669857315,-1e-10,0.7501096146038168,1.5002192292076335,1e-08,14
0.7535641907732644,enso-pacific-sst,True,True,1.5071283915465288,0.7460285488655316,True,simplicity,-1.2263211869553716,True,0.7535641932732644,,1.2263211868553716,-1e-10,0.7535641907732644,1.5071283815465288,1e-08,15
0.7408915853849181,enso-pacific-sst,True,True,1.481783180769836,0.7334826695310688,True,simplicity,-1.2260371384166049,True,0.7408915878849183,,1.2260371383166049,-1e-10,0.7408915853849181,1.4817831707698361,1e-08,16
0.7441176452903346,enso-pacific-sst,True,True,1.4882353005806692,0.736676468837431,True,simplicity,-1.2339778606626668,True,0.7441176477903343,,1.2339778605626668,-1e-10,0.7441176452903346,1.4882352905806693,1e-08,17
0.7489231783759063,enso-pacific-sst,True,True,1.4978463667518125,0.7414339465921476,True,simplicity,-1.2338838647350168,True,0.7489231808759064,,1.2338838646350168,-1e-10,0.7489231783759063,1.4978463567518125,1e-08,18
0.7544204113839282,enso-pacific-sst,True,True,1.5088408327678564,0.7468762072700889,True,simplicity,-1.231116710470428,True,0.7544204138839282,,1.231116710370428,-1e-10,0.7544204113839282,1.5088408227678565,1e-08,19
0.7581610632287876,enso-pacific-sst,True,True,1.5163221364575752,0.7505794525964997,True,simplicity,-1.2335202293931924,True,0.7581610657287874,,1.2335202292931924,-1e-10,0.7581610632287876,1.5163221264575752,1e-08,20
0.7584895504141089,enso-pacific-sst,True,True,1.5169791108282178,0.7509046549099679,True,simplicity,-1.2325219227785118,True,0.758489552914109,,1.2325219226785118,-1e-10,0.7584895504141089,1.5169791008282179,1e-08,21
0.7601728403258462,enso-pacific-sst,True,True,1.5203456906516923,0.7525711119225879,True,simplicity,-1.2298184416177769,True,0.7601728428258461,,1.2298184415177769,-1e-10,0.7601728403258462,1.5203456806516924,1e-08,22
0.7626020064451443,enso-pacific-sst,True,True,1.5252040228902886,0.7549759863806932,True,simplicity,-1.2304958970057522,True,0.7626020089451442,,1.2304958969057522,-1e-10,0.7626020064451443,1.5252040128902886,1e-08,23
0.764660201508454,enso-pacific-sst,True,True,1.529320413016908,0.7570135994933698,True,simplicity,-1.2289034656802456,True,0.7646602040084547,,1.2289034655802455,-1e-10,0.764660201508454,1.529320403016908,1e-08,24
0.7427271852613218,enso-pacific-sst,True,True,1.4854543805226434,0.7352999134087084,True,simplicity,-1.2202519205033662,True,0.7427271877613216,,1.2202519204033662,-1e-10,0.7427271852613218,1.4854543705226435,1e-08,25
0.7605484712986622,enso-pacific-sst,True,True,1.5210969525973244,0.7529429865856757,True,simplicity,-1.2256275046820075,True,0.7605484737986623,,1.2256275045820075,-1e-10,0.7605484712986622,1.5210969425973244,1e-08,26
0.7665448688571012,enso-pacific-sst,True,True,1.5330897477142023,0.7588794201685299,True,simplicity,-1.2311212329964243,True,0.766544871357101,,1.2311212328964243,-1e-10,0.7665448688571012,1.5330897377142023,1e-08,27
0.7348279610932508,enso-pacific-sst,True,True,1.4696559321865015,0.7274796814823181,True,simplicity,-1.229629180372114,True,0.7348279635932509,,1.229629180272114,-1e-10,0.7348279610932508,1.4696559221865015,1e-08,28
0.7321512363825997,enso-pacific-sst,True,True,1.4643024827651994,0.724829724018774,True,simplicity,-1.230230802085705,True,0.7321512388825997,,1.230230801985705,-1e-10,0.7321512363825997,1.4643024727651994,1e-08,29
0.734144378777846,enso-pacific-sst,True,True,1.468288767555692,0.7268029349900674,True,simplicity,-1.2306438756308955,True,0.7341443812778458,,1.2306438755308955,-1e-10,0.734144378777846,1.468288757555692,1e-08,30
0.7328004659502748,enso-pacific-sst,True,True,1.4656009419005496,0.725472461290772,True,simplicity,-1.2309287968559044,True,0.732800468450275,,1.2309287967559044,-1e-10,0.7328004659502748,1.4656009319005496,1e-08,31
0.7343550834337286,enso-pacific-sst,True,True,1.468710176867457,0.7270115325993913,True,simplicity,-1.2302735581259296,True,0.7343550859337284,,1.2302735580259296,-1e-10,0.7343550834337286,1.4687101668674571,1e-08,32
0.7343025955201177,enso-pacific-sst,True,True,1.4686052010402353,0.7269595695649166,True,simplicity,-1.2303492053756135,True,0.7343025980201178,,1.2303492052756135,-1e-10,0.7343025955201177,1.4686051910402353,1e-08,33
0.7333014899026339,enso-pacific-sst,True,True,1.4666029898052677,0.7259684750036074,True,simplicity,-1.2294359935938275,True,0.7333014924026338,,1.2294359934938275,-1e-10,0.7333014899026339,1.4666029798052678,1e-08,34
0.7332347689650229,enso-pacific-sst,True,True,1.4664695479300458,0.7259024212753727,True,simplicity,-1.2294535426274986,True,0.7332347714650227,,1.2294535425274986,-1e-10,0.7332347689650229,1.4664695379300459,1e-08,35
0.7328290074775601,enso-pacific-sst,True,True,1.46565802495512,0.7255007174027844,True,simplicity,-1.2287542615185942,True,0.7328290099775601,,1.2287542614185942,-1e-10,0.7328290074775601,1.4656580149551202,1e-08,36
0.7339204331246305,enso-pacific-sst,True,True,1.467840876249261,0.7265812287933842,True,simplicity,-1.231350540402575,True,0.7339204356246306,,1.231350540302575,-1e-10,0.7339204331246305,1.467840866249261,1e-08,37
0.7336017740582288,enso-pacific-sst,True,True,1.4672035581164575,0.726265756317646,True,simplicity,-1.2323432832656418,True,0.7336017765582286,,1.2323432831656418,-1e-10,0.7336017740582288,1.4672035481164576,1e-08,38
0.7325717654551742,enso-pacific-sst,True,True,1.4651435409103484,0.7252460478006227,True,simplicity,-1.2304374873681871,True,0.7325717679551742,,1.2304374872681871,-1e-10,0.7325717654551742,1.4651435309103484,1e-08,39
0.7333964444262067,enso-pacific-sst,True,True,1.4667928988524133,0.7260624799819446,True,simplicity,-1.2291944758328897,True,0.7333964469262062,,1.2291944757328896,-1e-10,0.7333964444262067,1.4667928888524133,1e-08,40
0.7309739583523384,enso-pacific-sst,True,True,1.4619479267046767,0.723664218768815,True,simplicity,-1.2214370012807028,True,0.7309739608523386,,1.2214370011807028,-1e-10,0.7309739583523384,1.4619479167046767,1e-08,41
0.7301131913356941,enso-pacific-sst,True,True,1.460226392671388,0.7228120594223374,True,simplicity,-1.217439615736954,True,0.7301131938356938,,1.217439615636954,-1e-10,0.7301131913356941,1.4602263826713882,1e-08,42
0.7301898507917091,enso-pacific-sst,True,True,1.460379711583418,0.7228879522837924,True,simplicity,-1.2156332619786157,True,0.7301898532917089,,1.2156332618786156,-1e-10,0.7301898507917091,1.4603797015834181,1e-08,43
0.7319816877897819,enso-pacific-sst,True,True,1.4639633855795637,0.724661870911884,True,simplicity,-1.2123683998843084,True,0.7319816902897819,,1.2123683997843084,-1e-10,0.7319816877897819,1.4639633755795638,1e-08,44
0.7392448811805202,enso-pacific-sst,True,True,1.4784897723610404,0.7318524323687152,True,simplicity,-1.2077500693147536,True,0.7392448836805202,,1.2077500692147536,-1e-10,0.7392448811805202,1.4784897623610405,1e-08,45
0.7397369191108877,enso-pacific-sst,True,True,1.4794738482217753,0.732339549919779,True,simplicity,-1.1966249318582427,True,0.7397369216108879,,1.1966249317582427,-1e-10,0.7397369191108877,1.4794738382217754,1e-08,46
0.7578454174724871,enso-pacific-sst,True,True,1.5156908449449742,0.7502669632977618,True,simplicity,-1.1908751001430877,True,0.7578454199724869,,1.1908751000430877,-1e-10,0.7578454174724871,1.5156908349449743,1e-08,47
0.7863593263305186,enso-pacific-sst,True,True,1.5727186626610372,0.7784957330672134,True,simplicity,-1.1851822744374332,True,0.7863593288305188,,1.1851822743374332,-1e-10,0.7863593263305186,1.5727186526610373,1e-08,48
0.7849178928540301,enso-pacific-sst,True,True,1.5698357957080602,0.77706871392549,True,simplicity,-1.1879977778150428,True,0.7849178953540301,,1.1879977777150428,-1e-10,0.7849178928540301,1.5698357857080603,1e-08,49
0.7810045974117488,enso-pacific-sst,True,True,1.5620092048234975,0.773194551437631,True,simplicity,-1.1894604475343156,True,0.7810045999117488,,1.1894604474343156,-1e-10,0.7810045974117488,1.5620091948234975,1e-08,50
0.7686559051955661,enso-pacific-sst,True,True,1.5373118203911322,0.7609693461436104,True,simplicity,-1.193841431486867,True,0.7686559076955661,,1.193841431386867,-1e-10,0.7686559051955661,1.5373118103911323,1e-08,51
0.7698548212993901,enso-pacific-sst,True,True,1.5397096525987801,0.762156273086396,True,simplicity,-1.1854339771243287,True,0.76985482379939,,1.1854339770243287,-1e-10,0.7698548212993901,1.5397096425987802,1e-08,52
0.7835525941668307,enso-pacific-sst,True,True,1.5671051983336612,0.7757170682251624,True,simplicity,-1.194074209122272,True,0.7835525966668307,,1.194074209022272,-1e-10,0.7835525941668307,1.5671051883336613,1e-08,53
0.7867743239263265,enso-pacific-sst,True,True,1.573548657852653,0.7789065806870631,True,simplicity,-1.1978940301474246,True,0.7867743264263266,,1.1978940300474246,-1e-10,0.7867743239263265,1.573548647852653,1e-08,54
0.7803924161254203,enso-pacific-sst,True,True,1.5607848422508406,0.7725884919641659,True,simplicity,-1.193632531456127,True,0.7803924186254201,,1.193632531356127,-1e-10,0.7803924161254203,1.5607848322508406,1e-08,55
0.7756316095563844,enso-pacific-sst,True,True,1.5512632291127688,0.7678752934608206,True,simplicity,-1.1946261315379214,True,0.7756316120563845,,1.1946261314379214,-1e-10,0.7756316095563844,1.5512632191127689,1e-08,56
0.789356750532069,enso-pacific-sst,True,True,1.578713511064138,0.781463183026748,True,simplicity,-1.217714779844394,True,0.7893567530320686,,1.217714779744394,-1e-10,0.789356750532069,1.578713501064138,1e-08,57
0.7942219013688256,enso-pacific-sst,True,True,1.5884438127376512,0.7862796823551371,True,simplicity,-1.218528311576729,True,0.7942219038688257,,1.218528311476729,-1e-10,0.7942219013688256,1.5884438027376513,1e-08,58
0.7966570380143541,enso-pacific-sst,True,True,1.593314086028708,0.7886904676342104,True,simplicity,-1.2186469381368537,True,0.796657040514354,,1.2186469380368536,-1e-10,0.7966570380143541,1.5933140760287081,1e-08,59
0.7968592948251363,enso-pacific-sst,True,True,1.5937185996502725,0.7888907018768851,True,simplicity,-1.2152415992169414,True,0.7968592973251364,,1.2152415991169414,-1e-10,0.7968592948251363,1.5937185896502726,1e-08,60
0.7961303272134156,enso-pacific-sst,True,True,1.5922606644268311,0.7881690239412815,True,simplicity,-1.2122151419930618,True,0.7961303297134156,,1.2122151418930618,-1e-10,0.7961303272134156,1.5922606544268312,1e-08,61
0.7540598811982913,enso-pacific-sst,True,True,1.5081197723965825,0.7465192823863085,True,simplicity,-1.211367805182919,True,0.7540598836982914,,1.211367805082919,-1e-10,0.7540598811982913,1.5081197623965825,1e-08,62
0.7151360110502437,enso-pacific-sst,True,True,1.4302720321004874,0.7079846509397413,True,simplicity,-1.204163152409893,True,0.7151360135502436,,1.204163152309893,-1e-10,0.7151360110502437,1.4302720221004874,1e-08,63
0.7097350324215852,enso-pacific-sst,True,True,1.4194700748431703,0.7026376820973694,True,simplicity,-1.2034437754185565,True,0.7097350349215853,,1.2034437753185565,-1e-10,0.7097350324215852,1.4194700648431704,1e-08,64
0.7116706534975529,enso-pacific-sst,True,True,1.4233413169951057,0.7045539469625774,True,simplicity,-1.213100175674009,True,0.7116706559975531,,1.213100175574009,-1e-10,0.7116706534975529,1.4233413069951057,1e-08,65
0.7144783926539799,enso-pacific-sst,True,True,1.4289567953079598,0.7073336087274399,True,simplicity,-1.220381605094613,True,0.7144783951539797,,1.220381604994613,-1e-10,0.7144783926539799,1.4289567853079599,1e-08,66
0.7161704767769471,enso-pacific-sst,True,True,1.4323409635538942,0.7090087720091774,True,simplicity,-1.2245398375608771,True,0.7161704792769468,,1.2245398374608771,-1e-10,0.7161704767769471,1.4323409535538942,1e-08,67
0.7180532383777697,enso-pacific-sst,True,True,1.4361064867555393,0.7108727059939922,True,simplicity,-1.2275165268121322,True,0.71805324087777,,1.2275165267121322,-1e-10,0.7180532383777697,1.4361064767555394,1e-08,68
0.7203241923816418,enso-pacific-sst,True,True,1.4406483947632835,0.7131209504578256,True,simplicity,-1.2308092726651254,True,0.7203241948816421,,1.2308092725651254,-1e-10,0.7203241923816418,1.4406483847632836,1e-08,69
0.7218894659711532,enso-pacific-sst,True,True,1.4437789419423064,0.7146705713114418,True,simplicity,-1.232459023364084,True,0.7218894684711534,,1.232459023264084,-1e-10,0.7218894659711532,1.4437789319423064,1e-08,70
0.7234154297628989,enso-pacific-sst,True,True,1.4468308695257976,0.7161812754652701,True,simplicity,-1.234209305492541,True,0.7234154322628988,,1.234209305392541,-1e-10,0.7234154297628989,1.4468308595257977,1e-08,71
0.724961264477908,enso-pacific-sst,True,True,1.449922538955816,0.7177116518331287,True,simplicity,-1.236200491868474,True,0.724961266977908,,1.236200491768474,-1e-10,0.724961264477908,1.449922528955816,1e-08,72
0.7262263178212351,enso-pacific-sst,True,True,1.4524526456424702,0.7189640546430227,True,simplicity,-1.236655399985903,True,0.7262263203212351,,1.236655399885903,-1e-10,0.7262263178212351,1.4524526356424703,1e-08,73
0.7273749121211622,enso-pacific-sst,True,True,1.4547498342423244,0.7201011629999506,True,simplicity,-1.2370905914299883,True,0.7273749146211621,,1.2370905913299883,-1e-10,0.7273749121211622,1.4547498242423245,1e-08,74
0.7282322772832034,enso-pacific-sst,True,True,1.4564645645664067,0.7209499545103718,True,simplicity,-1.2383574994976927,True,0.7282322797832038,,1.2383574993976927,-1e-10,0.7282322772832034,1.4564645545664068,1e-08,75
0.7282674940914126,enso-pacific-sst,True,True,1.456534998182825,0.7209848191504982,True,simplicity,-1.2392453064468874,True,0.7282674965914124,,1.2392453063468873,-1e-10,0.7282674940914126,1.4565349881828251,1e-08,76
0.7288993075409029,enso-pacific-sst,True,True,1.4577986250818058,0.721610314465494,True,simplicity,-1.2404327222326161,True,0.7288993100409028,,1.2404327221326161,-1e-10,0.7288993075409029,1.4577986150818059,1e-08,77
0.7295641367081134,enso-pacific-sst,True,True,1.4591282834162267,0.7222684953410322,True,simplicity,-1.2417651874726476,True,0.7295641392081135,,1.2417651873726476,-1e-10,0.7295641367081134,1.4591282734162268,1e-08,78
0.7282837809132675,enso-pacific-sst,True,True,1.456567571826535,0.7210009431041351,True,simplicity,-1.2423281528143966,True,0.7282837834132677,,1.2423281527143966,-1e-10,0.7282837809132675,1.456567561826535,1e-08,79
0.7254506589119607,enso-pacific-sst,True,True,1.4509013278239213,0.718196152322841,True,simplicity,-1.2410635120777487,True,0.7254506614119608,,1.2410635119777487,-1e-10,0.7254506589119607,1.4509013178239214,1e-08,80
0.7238779926453459,enso-pacific-sst,True,True,1.4477559952906918,0.7166392127188922,True,simplicity,-1.240345868253482,True,0.7238779951453458,,1.240345868153482,-1e-10,0.7238779926453459,1.4477559852906918,1e-08,81
0.7239091961940264,enso-pacific-sst,True,True,1.4478184023880527,0.7166701042320865,True,simplicity,-1.239899474121014,True,0.7239091986940268,,1.239899474021014,-1e-10,0.7239091961940264,1.4478183923880528,1e-08,82
0.7226223802323498,enso-pacific-sst,True,True,1.4452447704646996,0.7153961564300266,True,simplicity,-1.2391737658857003,True,0.7226223827323498,,1.2391737657857003,-1e-10,0.7226223802323498,1.4452447604646996,1e-08,83
0.7215571744994597,enso-pacific-sst,True,True,1.4431143589989193,0.7143416027544652,True,simplicity,-1.2384241181210127,True,0.7215571769994595,,1.2384241180210127,-1e-10,0.7215571744994597,1.4431143489989193,1e-08,84
0.7769646888658391,enso-pacific-sst,True,True,1.5539293877316782,0.7691950419771808,True,simplicity,-1.241461628015038,True,0.776964691365839,,1.241461627915038,-1e-10,0.7769646888658391,1.5539293777316783,1e-08,85
0.7739549370688116,enso-pacific-sst,True,True,1.547909884137623,0.7662153876981239,True,simplicity,-1.2418319084015703,True,0.7739549395688117,,1.2418319083015703,-1e-10,0.7739549370688116,1.5479098741376232,1e-08,86
0.766807163916099,enso-pacific-sst,True,True,1.533614337832198,0.7591390922769383,True,simplicity,-1.2382931469333256,True,0.766807166416099,,1.2382931468333256,-1e-10,0.766807163916099,1.533614327832198,1e-08,87
0.7598446358175792,enso-pacific-sst,True,True,1.5196892816351584,0.7522461894594039,True,simplicity,-1.2367969423802403,True,0.7598446383175794,,1.2367969422802403,-1e-10,0.7598446358175792,1.5196892716351584,1e-08,88
0.7719884398390472,enso-pacific-sst,True,True,1.5439768896780943,0.7642685554406567,True,simplicity,-1.2363349379137627,True,0.7719884423390472,,1.2363349378137627,-1e-10,0.7719884398390472,1.5439768796780944,1e-08,89
0.7817781977543308,enso-pacific-sst,True,True,1.5635564055086615,0.7739604157767879,True,simplicity,-1.2355760271495413,True,0.7817782002543311,,1.2355760270495413,-1e-10,0.7817781977543308,1.5635563955086615,1e-08,90
0.8027388659261563,enso-pacific-sst,True,True,1.6054777418523125,0.7947114772668947,True,simplicity,-1.2351113364555764,True,0.8027388684261563,,1.2351113363555764,-1e-10,0.8027388659261563,1.6054777318523126,1e-08,91
0.8027569991921865,enso-pacific-sst,True,True,1.6055140083843729,0.794729429200265,True,simplicity,-1.2343273395298264,True,0.8027570016921867,,1.2343273394298264,-1e-10,0.8027569991921865,1.605513998384373,1e-08,92
0.8042639185737931,enso-pacific-sst,True,True,1.6085278471475861,0.796221279388055,True,simplicity,-1.2336218898346183,True,0.8042639210737929,,1.2336218897346183,-1e-10,0.8042639185737931,1.6085278371475862,1e-08,93
0.806218705092181,enso-pacific-sst,True,True,1.6124374201843619,0.7981565180412594,True,simplicity,-1.2333164206813776,True,0.806218707592181,,1.2333164205813776,-1e-10,0.806218705092181,1.612437410184362,1e-08,94
0.8082166500713283,enso-pacific-sst,True,True,1.6164333101426565,0.8001344835706148,True,simplicity,-1.2323697048092197,True,0.808216652571328,,1.2323697047092197,-1e-10,0.8082166500713283,1.6164333001426565,1e-08,95
0.810978362864273,enso-pacific-sst,True,True,1.621956735728546,0.8028685792356303,True,simplicity,-1.2322849985728148,True,0.810978365364273,,1.2322849984728148,-1e-10,0.810978362864273,1.621956725728546,1e-08,96
0.8076232259202046,enso-pacific-sst,True,True,1.6152464618404092,0.7995469936610028,True,simplicity,-1.228136268436864,True,0.8076232284202046,,1.228136268336864,-1e-10,0.8076232259202046,1.6152464518404093,1e-08,97
0.8073303354831135,enso-pacific-sst,True,True,1.614660680966227,0.7992570321282825,True,simplicity,-1.2272497625647638,True,0.8073303379831137,,1.2272497624647638,-1e-10,0.8073303354831135,1.614660670966227,1e-08,98
0.8095349058526446,enso-pacific-sst,True,True,1.6190698217052892,0.8014395567941183,True,simplicity,-1.2267804417194044,True,0.8095349083526446,,1.2267804416194044,-1e-10,0.8095349058526446,1.6190698117052893,1e-08,99
0.8157456933488845,enso-pacific-sst,True,True,1.6314913966977689,0.8075882364153955,True,simplicity,-1.2255000521258448,True,0.8157456958488842,,1.2255000520258448,-1e-10,0.8157456933488845,1.631491386697769,1e-08,100
0.8150558914284309,enso-pacific-sst,True,True,1.6301117928568618,0.806905332514147,True,simplicity,-1.2228724502767747,True,0.8150558939284313,,1.2228724501767747,-1e-10,0.8150558914284309,1.6301117828568619,1e-08,101
0.8079188930459643,enso-pacific-sst,True,True,1.6158377960919286,0.7998397041155048,True,simplicity,-1.2224315946721407,True,0.8079188955459644,,1.2224315945721407,-1e-10,0.8079188930459643,1.6158377860919286,1e-08,102
0.8044996874220839,enso-pacific-sst,True,True,1.6089993848441677,0.7964546905478631,True,simplicity,-1.2228012727923727,True,0.804499689922084,,1.2228012726923727,-1e-10,0.8044996874220839,1.6089993748441678,1e-08,103
0.8067534357553185,enso-pacific-sst,True,True,1.613506881510637,0.7986859013977654,True,simplicity,-1.226550909697878,True,0.8067534382553188,,1.226550909597878,-1e-10,0.8067534357553185,1.613506871510637,1e-08,104
0.8074089235422149,enso-pacific-sst,True,True,1.6148178570844298,0.7993348343067928,True,simplicity,-1.2207076222159947,True,0.8074089260422151,,1.2207076221159947,-1e-10,0.8074089235422149,1.6148178470844299,1e-08,105
0.810721949247753,enso-pacific-sst,True,True,1.621443908495506,0.8026147297552753,True,simplicity,-1.226409237691949,True,0.810721951747753,,1.226409237591949,-1e-10,0.810721949247753,1.621443898495506,1e-08,106
0.8070304291554061,enso-pacific-sst,True,True,1.6140608683108122,0.798960124863852,True,simplicity,-1.2211164118033853,True,0.8070304316554058,,1.2211164117033853,-1e-10,0.8070304291554061,1.6140608583108123,1e-08,107
0.8052343763551091,enso-pacific-sst,True,True,1.610468762710218,0.7971820325915587,True,simplicity,-1.2198354316750413,True,0.8052343788551092,,1.2198354315750413,-1e-10,0.8052343763551091,1.6104687527102182,1e-08,108
0.803720493094782,enso-pacific-sst,True,True,1.607440996189564,0.7956832881638345,True,simplicity,-1.222758248609279,True,0.8037204955947819,,1.222758248509279,-1e-10,0.803720493094782,1.607440986189564,1e-08,109
0.7769727755056515,enso-pacific-sst,True,True,1.5539455610113029,0.7692030477505949,True,simplicity,-1.2178182988611015,True,0.7769727780056518,,1.2178182987611015,-1e-10,0.7769727755056515,1.553945551011303,1e-08,110
0.7853542583091828,enso-pacific-sst,True,True,1.5707085266183656,0.777500715726091,True,simplicity,-1.2189691401743894,True,0.7853542608091827,,1.2189691400743894,-1e-10,0.7853542583091828,1.5707085166183656,1e-08,111
0.7935427293861844,enso-pacific-sst,True,True,1.5870854687723688,0.7856073020923228,True,simplicity,-1.2204931718081697,True,0.793542731886184,,1.2204931717081697,-1e-10,0.7935427293861844,1.5870854587723688,1e-08,112
0.795781595241221,enso-pacific-sst,True,True,1.591563200482442,0.7878237792888086,True,simplicity,-1.2140437750431798,True,0.795781597741221,,1.2140437749431798,-1e-10,0.795781595241221,1.591563190482442,1e-08,113
0.80149397828934,enso-pacific-sst,True,True,1.60298796657868,0.7934790385064466,True,simplicity,-1.2137815223345712,True,0.80149398078934,,1.2137815222345711,-1e-10,0.80149397828934,1.60298795657868,1e-08,114
0.7986622137722317,enso-pacific-sst,True,True,1.5973244375444633,0.7906755916345094,True,simplicity,-1.2066142098405495,True,0.7986622162722318,,1.2066142097405494,-1e-10,0.7986622137722317,1.5973244275444634,1e-08,115
0.8007638919032847,enso-pacific-sst,True,True,1.6015277938065693,0.7927562529842522,True,simplicity,-1.209110688218469,True,0.8007638944032848,,1.209110688118469,-1e-10,0.8007638919032847,1.6015277838065693,1e-08,116
0.8003290783846193,enso-pacific-sst,True,True,1.6006581667692386,0.7923257876007732,True,simplicity,-1.2113566617283678,True,0.8003290808846196,,1.2113566616283677,-1e-10,0.8003290783846193,1.6006581567692386,1e-08,117
0.8002251537766412,enso-pacific-sst,True,True,1.6004503175532823,0.7922229022388744,True,simplicity,-1.2121889967058004,True,0.800225156276641,,1.2121889966058004,-1e-10,0.8002251537766412,1.6004503075532823,1e-08,118
0.8043095704254107,enso-pacific-sst,True,True,1.6086191508508214,0.7962664747211564,True,simplicity,-1.209336242320367,True,0.8043095729254106,,1.209336242220367,-1e-10,0.8043095704254107,1.6086191408508215,1e-08,119
0.8060003509072096,enso-pacific-sst,True,True,1.612000711814419,0.7979403473981377,True,simplicity,-1.2106252536605242,True,0.8060003534072092,,1.2106252535605242,-1e-10,0.8060003509072096,1.6120007018144191,1e-08,120
0.8075686811212506,enso-pacific-sst,True,True,1.615137372242501,0.7994929943100386,True,simplicity,-1.2090638991710625,True,0.8075686836212511,,1.2090638990710625,-1e-10,0.8075686811212506,1.6151373622425012,1e-08,121
0.8050995758978187,enso-pacific-sst,True,True,1.6101991617956373,0.7970485801388407,True,simplicity,-1.2100026351880397,True,0.8050995783978186,,1.2100026350880397,-1e-10,0.8050995758978187,1.6101991517956373,1e-08,122
0.7725276669159087,enso-pacific-sst,True,True,1.5450553438318173,0.7648023902467496,True,simplicity,-1.2117671553614253,True,0.7725276694159088,,1.2117671552614253,-1e-10,0.7725276669159087,1.5450553338318174,1e-08,123
0.755711617345668,enso-pacific-sst,True,True,1.511423244691336,0.7481545011722118,True,simplicity,-1.2107854681176022,True,0.7557116198456684,,1.2107854680176022,-1e-10,0.755711617345668,1.511423234691336,1e-08,124
0.7668614931425897,enso-pacific-sst,True,True,1.5337229962851793,0.759192878211164,True,simplicity,-1.2111676088935335,True,0.7668614956425897,,1.2111676087935335,-1e-10,0.7668614931425897,1.5337229862851793,1e-08,125
0.7738093127763104,enso-pacific-sst,True,True,1.5476186355526207,0.7660712196485475,True,simplicity,-1.2128464284593528,True,0.7738093152763107,,1.2128464283593527,-1e-10,0.7738093127763104,1.5476186255526208,1e-08,126
0.7776144974206611,enso-pacific-sst,True,True,1.5552290048413222,0.7698383524464547,True,simplicity,-1.2150493159727223,True,0.7776144999206615,,1.2150493158727222,-1e-10,0.7776144974206611,1.5552289948413223,1e-08,127
0.7797902209998526,enso-pacific-sst,True,True,1.5595804519997052,0.771992318789854,True,simplicity,-1.2169046863166217,True,0.7797902234998527,,1.2169046862166217,-1e-10,0.7797902209998526,1.5595804419997052,1e-08,128
0.7781194107585645,enso-pacific-sst,True,True,1.556238831517129,0.7703382166509789,True,simplicity,-1.2159674343898343,True,0.7781194132585645,,1.2159674342898343,-1e-10,0.7781194107585645,1.556238821517129,1e-08,129
0.7762782969914311,enso-pacific-sst,True,True,1.5525566039828622,0.7685155140215169,True,simplicity,-1.217403962762993,True,0.7762782994914312,,1.2174039626629929,-1e-10,0.7762782969914311,1.5525565939828623,1e-08,130
0.7738364089640787,enso-pacific-sst,True,True,1.5476728279281573,0.7660980448744378,True,simplicity,-1.2194217470323887,True,0.7738364114640787,,1.2194217469323887,-1e-10,0.7738364089640787,1.5476728179281574,1e-08,131
0.7650507070220098,enso-pacific-sst,True,True,1.5301014240440196,0.7574001999517898,True,simplicity,-1.2192461665780905,True,0.7650507095220098,,1.2192461664780905,-1e-10,0.7650507070220098,1.5301014140440197,1e-08,132
0.7498559066406201,enso-pacific-sst,True,True,1.49971182328124,0.742357347574214,True,simplicity,-1.2199134514805112,True,0.7498559091406203,,1.2199134513805112,-1e-10,0.7498559066406201,1.4997118132812401,1e-08,133
0.8159822562272669,enso-pacific-sst,True,True,1.6319645224545338,0.8078224336649945,True,simplicity,-1.2214642814588057,True,0.8159822587272667,,1.2214642813588057,-1e-10,0.8159822562272669,1.6319645124545339,1e-08,134
0.8185861034257327,enso-pacific-sst,True,True,1.6371722168514653,0.810400242391475,True,simplicity,-1.2219531301825954,True,0.8185861059257322,,1.2219531300825954,-1e-10,0.8185861034257327,1.6371722068514654,1e-08,135
0.8161906708484123,enso-pacific-sst,True,True,1.6323813516968246,0.8080287641399283,True,simplicity,-1.2200217127089628,True,0.8161906733484123,,1.2200217126089627,-1e-10,0.8161906708484123,1.6323813416968247,1e-08,136
0.8106039367713423,enso-pacific-sst,True,True,1.6212078835426846,0.8024978974036288,True,simplicity,-1.2197613800730451,True,0.8106039392713422,,1.2197613799730451,-1e-10,0.8106039367713423,1.6212078735426847,1e-08,137
0.806631130578457,enso-pacific-sst,True,True,1.613262271156914,0.7985648192726724,True,simplicity,-1.2190617005774083,True,0.8066311330784569,,1.2190617004774082,-1e-10,0.806631130578457,1.613262261156914,1e-08,138
0.8041865184621555,enso-pacific-sst,True,True,1.608373046924311,0.7961446532775341,True,simplicity,-1.223252973632275,True,0.8041865209621554,,1.223252973532275,-1e-10,0.8041865184621555,1.608373036924311,1e-08,139
0.7911096486446629,enso-pacific-sst,True,True,1.5822193072893258,0.7831985521582162,True,simplicity,-1.2225434962242228,True,0.7911096511446628,,1.2225434961242228,-1e-10,0.7911096486446629,1.5822192972893259,1e-08,140
0.7870992718522815,enso-pacific-sst,True,True,1.5741985537045629,0.7792282791337585,True,simplicity,-1.225859154195157,True,0.7870992743522814,,1.2258591540951569,-1e-10,0.7870992718522815,1.574198543704563,1e-08,141
0.7860890886047581,enso-pacific-sst,True,True,1.5721781872095162,0.778228197718711,True,simplicity,-1.2289063060028096,True,0.7860890911047586,,1.2289063059028096,-1e-10,0.7860890886047581,1.5721781772095162,1e-08,142
0.7790736183023373,enso-pacific-sst,True,True,1.5581472466046746,0.7712828821193137,True,simplicity,-1.2181437205127692,True,0.779073620802337,,1.2181437204127692,-1e-10,0.7790736183023373,1.5581472366046747,1e-08,143
0.7772739128727915,enso-pacific-sst,True,True,1.5545478357455829,0.7695011737440636,True,simplicity,-1.218007024079084,True,0.7772739153727914,,1.218007023979084,-1e-10,0.7772739128727915,1.554547825745583,1e-08,144
0.7761585216941829,enso-pacific-sst,True,True,1.5523170533883657,0.7683969364772414,True,simplicity,-1.2203503100252497,True,0.776158524194183,,1.2203503099252497,-1e-10,0.7761585216941829,1.5523170433883657,1e-08,145
0.7681155262157539,enso-pacific-sst,True,True,1.5362310624315076,0.7604343709535962,True,simplicity,-1.2095505558394897,True,0.7681155287157537,,1.2095505557394897,-1e-10,0.7681155262157539,1.5362310524315077,1e-08,146
0.7758779845572983,enso-pacific-sst,True,True,1.5517559791145965,0.7681192047117256,True,simplicity,-1.2244054390381935,True,0.7758779870572984,,1.2244054389381935,-1e-10,0.7758779845572983,1.5517559691145966,1e-08,147
0.8010654811246972,enso-pacific-sst,True,True,1.6021309722493944,0.7930548263134501,True,simplicity,-1.226755107302802,True,0.8010654836246972,,1.226755107202802,-1e-10,0.8010654811246972,1.6021309622493944,1e-08,148
0.7284281041620074,enso-pacific-sst,True,True,1.4568562183240148,0.7211438231203876,True,simplicity,-1.2268285192917778,True,0.7284281066620075,,1.2268285191917778,-1e-10,0.7284281041620074,1.4568562083240149,1e-08,149
0.7348102437518188,enso-pacific-sst,True,True,1.4696204975036375,0.7274621413143008,True,simplicity,-1.2113879974848403,True,0.7348102462518186,,1.2113879973848403,-1e-10,0.7348102437518188,1.4696204875036376,1e-08,150
0.746312188589376,enso-pacific-sst,True,True,1.492624387178752,0.7388490667034819,True,simplicity,-1.2154333673926032,True,0.746312191089376,,1.2154333672926032,-1e-10,0.746312188589376,1.492624377178752,1e-08,151
0.7538145074930243,enso-pacific-sst,True,True,1.5076290249860484,0.7462763624180939,True,simplicity,-1.2200359926384654,True,0.7538145099930245,,1.2200359925384654,-1e-10,0.7538145074930243,1.5076290149860485,1e-08,152
0.7596971401571821,enso-pacific-sst,True,True,1.5193942903143642,0.7521001687556105,True,simplicity,-1.2219538193969783,True,0.7596971426571821,,1.2219538192969783,-1e-10,0.7596971401571821,1.5193942803143643,1e-08,153
0.7630292889052379,enso-pacific-sst,True,True,1.5260585878104758,0.7553989960161857,True,simplicity,-1.2215748265921933,True,0.7630292914052382,,1.2215748264921933,-1e-10,0.7630292889052379,1.5260585778104758,1e-08,154
0.765890821937686,enso-pacific-sst,True,True,1.531781653875372,0.7582319137183091,True,simplicity,-1.2172590108225267,True,0.7658908244376861,,1.2172590107225267,-1e-10,0.765890821937686,1.531781643875372,1e-08,155
0.7687358137071956,enso-pacific-sst,True,True,1.537471637414391,0.7610484555701236,True,simplicity,-1.2174885221800555,True,0.7687358162071954,,1.2174885220800555,-1e-10,0.7687358137071956,1.5374716274143911,1e-08,156
0.7634746344078973,enso-pacific-sst,True,True,1.5269492788157946,0.7558398880638186,True,simplicity,-1.2026526260049522,True,0.7634746369078976,,1.2026526259049521,-1e-10,0.7634746344078973,1.5269492688157946,1e-08,157
0.765901418785264,enso-pacific-sst,True,True,1.5318028475705279,0.7582424045974112,True,simplicity,-1.2045048615046827,True,0.7659014212852636,,1.2045048614046827,-1e-10,0.765901418785264,1.531802837570528,1e-08,158
0.7653029451162788,enso-pacific-sst,True,True,1.5306059002325576,0.7576499156651161,True,simplicity,-1.2077666823869544,True,0.7653029476162787,,1.2077666822869544,-1e-10,0.7653029451162788,1.5306058902325577,1e-08,159
0.7254403606713935,enso-pacific-sst,True,True,1.450880731342787,0.7181859570646795,True,simplicity,-1.2140069229587716,True,0.7254403631713933,,1.2140069228587715,-1e-10,0.7254403606713935,1.450880721342787,1e-08,160
0.7214293336937951,enso-pacific-sst,True,True,1.4428586773875902,0.7142150403568568,True,simplicity,-1.2186438247009086,True,0.721429336193795,,1.2186438246009086,-1e-10,0.7214293336937951,1.4428586673875903,1e-08,161
0.7246044986094048,enso-pacific-sst,True,True,1.4492090072188095,0.7173584536233106,True,simplicity,-1.2263488760041863,True,0.7246045011094046,,1.2263488759041863,-1e-10,0.7246044986094048,1.4492089972188096,1e-08,162
0.7269639085126762,enso-pacific-sst,True,True,1.4539278270253524,0.7196942694275497,True,simplicity,-1.2291419480737518,True,0.7269639110126765,,1.2291419479737518,-1e-10,0.7269639085126762,1.4539278170253525,1e-08,163
0.7268259454326799,enso-pacific-sst,True,True,1.4536519008653597,0.719557685978353,True,simplicity,-1.2304861724839795,True,0.7268259479326794,,1.2304861723839795,-1e-10,0.7268259454326799,1.4536518908653597,1e-08,164
0.7299322394276361,enso-pacific-sst,True,True,1.459864488855272,0.7226329170333596,True,simplicity,-1.2306017098195081,True,0.7299322419276361,,1.230601709719508,-1e-10,0.7299322394276361,1.4598644788552722,1e-08,165
0.7315188758639198,enso-pacific-sst,True,True,1.4630377617278396,0.7242036871052807,True,simplicity,-1.2305901118315012,True,0.7315188783639199,,1.2305901117315012,-1e-10,0.7315188758639198,1.4630377517278397,1e-08,166
0.7323699130855702,enso-pacific-sst,True,True,1.4647398361711403,0.7250462139547144,True,simplicity,-1.2308531499523392,True,0.7323699155855703,,1.2308531498523392,-1e-10,0.7323699130855702,1.4647398261711404,1e-08,167
0.7342409750141637,enso-pacific-sst,True,True,1.4684819600283274,0.7268985652640223,True,simplicity,-1.2332395582108093,True,0.7342409775141638,,1.2332395581108093,-1e-10,0.7342409750141637,1.4684819500283275,1e-08,168
0.7361564160824028,enso-pacific-sst,True,True,1.4723128421648055,0.7287948519215787,True,simplicity,-1.236233443225831,True,0.7361564185824031,,1.236233443125831,-1e-10,0.7361564160824028,1.4723128321648056,1e-08,169
0.7379130714225899,enso-pacific-sst,True,True,1.4758261528451797,0.7305339407083641,True,simplicity,-1.235474099155236,True,0.73791307392259,,1.235474099055236,-1e-10,0.7379130714225899,1.4758261428451798,1e-08,170
0.7359463152059581,enso-pacific-sst,True,True,1.4718926404119161,0.7285868520538984,True,simplicity,-1.2279959928029478,True,0.7359463177059581,,1.2279959927029478,-1e-10,0.7359463152059581,1.4718926304119162,1e-08,171
0.7378036920168691,enso-pacific-sst,True,True,1.4756073940337382,0.7304256550967003,True,simplicity,-1.230265023769084,True,0.7378036945168696,,1.230265023669084,-1e-10,0.7378036920168691,1.4756073840337383,1e-08,172
0.7436995971902924,enso-pacific-sst,True,True,1.4873992043805848,0.7362626012183895,True,simplicity,-1.2355050157135605,True,0.7436995996902925,,1.2355050156135605,-1e-10,0.7436995971902924,1.4873991943805849,1e-08,173
0.7441047248662449,enso-pacific-sst,True,True,1.4882094597324897,0.7366636776175829,True,simplicity,-1.235979545625997,True,0.7441047273662447,,1.235979545525997,-1e-10,0.7441047248662449,1.4882094497324898,1e-08,174
0.7444639857172899,enso-pacific-sst,True,True,1.4889279814345797,0.737019345860117,True,simplicity,-1.2367220558933454,True,0.74446398821729,,1.2367220557933454,-1e-10,0.7444639857172899,1.4889279714345798,1e-08,175
0.7457163385522081,enso-pacific-sst,True,True,1.4914326871044161,0.7382591751666864,True,simplicity,-1.236927714302225,True,0.7457163410522084,,1.236927714202225,-1e-10,0.7457163385522081,1.4914326771044162,1e-08,176
0.7464459168195419,enso-pacific-sst,True,True,1.4928918436390837,0.7389814576513466,True,simplicity,-1.2363157942441128,True,0.7464459193195417,,1.2363157941441127,-1e-10,0.7464459168195419,1.4928918336390837,1e-08,177
0.7470679258607196,enso-pacific-sst,True,True,1.494135861721439,0.7395972466021122,True,simplicity,-1.235072224257807,True,0.7470679283607196,,1.235072224157807,-1e-10,0.7470679258607196,1.4941358517214391,1e-08,178
0.7463094033790624,enso-pacific-sst,True,True,1.4926188167581247,0.7388463093452715,True,simplicity,-1.2346498672566588,True,0.7463094058790624,,1.2346498671566588,-1e-10,0.7463094033790624,1.4926188067581247,1e-08,179
0.7432412034468513,enso-pacific-sst,True,True,1.4864824168937025,0.7358087914123829,True,simplicity,-1.2349091859392314,True,0.7432412059468514,,1.2349091858392314,-1e-10,0.7432412034468513,1.4864824068937026,1e-08,180
0.7405611329945609,enso-pacific-sst,True,True,1.4811222759891218,0.7331555216646154,True,simplicity,-1.2359045312625017,True,0.7405611354945612,,1.2359045311625017,-1e-10,0.7405611329945609,1.4811222659891219,1e-08,181
0.7385174471442724,enso-pacific-sst,True,True,1.4770349042885447,0.7311322726728295,True,simplicity,-1.234770410875882,True,0.7385174496442722,,1.234770410775882,-1e-10,0.7385174471442724,1.4770348942885447,1e-08,182
0.7387488433642222,enso-pacific-sst,True,True,1.4774976967284443,0.73136135493058,True,simplicity,-1.2389485087329748,True,0.7387488458642224,,1.2389485086329748,-1e-10,0.7387488433642222,1.4774976867284444,1e-08,183
0.736137259955881,enso-pacific-sst,True,True,1.4722745299117619,0.7287758873563219,True,simplicity,-1.2336578167683665,True,0.7361372624558808,,1.2336578166683665,-1e-10,0.736137259955881,1.472274519911762,1e-08,184
0.7362337655709822,enso-pacific-sst,True,True,1.4724675411419643,0.7288714279152723,True,simplicity,-1.2315548469322037,True,0.7362337680709822,,1.2315548468322037,-1e-10,0.7362337655709822,1.4724675311419644,1e-08,185
0.7368994214467857,enso-pacific-sst,True,True,1.4737988528935713,0.7295304272323172,True,simplicity,-1.2300294792979194,True,0.7368994239467853,,1.2300294791979194,-1e-10,0.7368994214467857,1.4737988428935713,1e-08,186
0.7411869383720415,enso-pacific-sst,True,True,1.482373886744083,0.733775068988321,True,simplicity,-1.23552602322907,True,0.7411869408720414,,1.23552602312907,-1e-10,0.7411869383720415,1.482373876744083,1e-08,187
0.7435464967357954,enso-pacific-sst,True,True,1.4870930034715908,0.7361110317684373,True,simplicity,-1.2307822219608338,True,0.7435464992357952,,1.2307822218608337,-1e-10,0.7435464967357954,1.4870929934715909,1e-08,188
0.7438957531331067,enso-pacific-sst,True,True,1.4877915162662134,0.7364567956017758,True,simplicity,-1.2294770977503882,True,0.743895755633107,,1.2294770976503882,-1e-10,0.7438957531331067,1.4877915062662135,1e-08,189
0.7380247840293241,enso-pacific-sst,True,True,1.4760495780586482,0.7306445361890311,True,simplicity,-1.2143315056179482,True,0.7380247865293244,,1.2143315055179482,-1e-10,0.7380247840293241,1.4760495680586483,1e-08,190
0.7388074929461764,enso-pacific-sst,True,True,1.4776149958923528,0.7314194180167144,True,simplicity,-1.2082855409933004,True,0.7388074954461765,,1.2082855408933004,-1e-10,0.7388074929461764,1.4776149858923529,1e-08,191
0.7364742201331463,enso-pacific-sst,True,True,1.4729484502662926,0.7291094779318149,True,simplicity,-1.202358252092086,True,0.7364742226331465,,1.202358251992086,-1e-10,0.7364742201331463,1.4729484402662927,1e-08,192
0.7975776594749697,enso-pacific-sst,True,True,1.5951553289499394,0.7896018828802203,True,simplicity,-1.2252298077017556,True,0.7975776619749698,,1.2252298076017556,-1e-10,0.7975776594749697,1.5951553189499394,1e-08,193
0.8030084159407942,enso-pacific-sst,True,True,1.6060168418815883,0.7949783317813864,True,simplicity,-1.2264797076778216,True,0.8030084184407942,,1.2264797075778215,-1e-10,0.8030084159407942,1.6060168318815884,1e-08,194
0.8008050856319501,enso-pacific-sst,True,True,1.6016101812639,0.7927970347756306,True,simplicity,-1.2221300168848455,True,0.8008050881319502,,1.2221300167848455,-1e-10,0.8008050856319501,1.6016101712639002,1e-08,195
0.7995716389880498,enso-pacific-sst,True,True,1.5991432879760996,0.791575922598169,True,simplicity,-1.221590113577344,True,0.7995716414880498,,1.221590113477344,-1e-10,0.7995716389880498,1.5991432779760997,1e-08,196
0.7984405237474376,enso-pacific-sst,True,True,1.596881057494875,0.7904561185099633,True,simplicity,-1.2239978341870832,True,0.7984405262474374,,1.2239978340870832,-1e-10,0.7984405237474376,1.5968810474948751,1e-08,197
0.7987560215622287,enso-pacific-sst,True,True,1.5975120531244573,0.7907684613466063,True,simplicity,-1.221668292982184,True,0.7987560240622289,,1.221668292882184,-1e-10,0.7987560215622287,1.5975120431244574,1e-08,198
0.8005504827731185,enso-pacific-sst,True,True,1.6011009755462369,0.7925449779453871,True,simplicity,-1.2239921994861214,True,0.8005504852731186,,1.2239921993861214,-1e-10,0.8005504827731185,1.601100965546237,1e-08,199
0.769932770405142,enso-pacific-sst,True,True,1.5398655508102839,0.7622334427010905,True,simplicity,-1.2254032221487503,True,0.7699327729051421,,1.2254032220487503,-1e-10,0.769932770405142,1.539865540810284,1e-08,200
0.7397105583418816,enso-pacific-sst,True,True,1.4794211266837631,0.7323134527584632,True,simplicity,-1.2208723829947064,True,0.7397105608418817,,1.2208723828947063,-1e-10,0.7397105583418816,1.4794211166837632,1e-08,201
0.7431322304846523,enso-pacific-sst,True,True,1.4862644709693045,0.7357009081798057,True,simplicity,-1.222297181081113,True,0.7431322329846521,,1.222297180981113,-1e-10,0.7431322304846523,1.4862644609693045,1e-08,202
0.7461106565588689,enso-pacific-sst,True,True,1.4922213231177377,0.7386495499932801,True,simplicity,-1.2248813967034087,True,0.746110659058869,,1.2248813966034087,-1e-10,0.7461106565588689,1.4922213131177378,1e-08,203
0.743391579393444,enso-pacific-sst,True,True,1.486783168786888,0.7359576635995094,True,simplicity,-1.2265832202851465,True,0.7433915818934436,,1.2265832201851465,-1e-10,0.743391579393444,1.486783158786888,1e-08,204
0.7438992062578255,enso-pacific-sst,True,True,1.4877984225156509,0.7364602141952468,True,simplicity,-1.2292176393040586,True,0.7438992087578252,,1.2292176392040586,-1e-10,0.7438992062578255,1.487798412515651,1e-08,205
0.7462166077756204,enso-pacific-sst,True,True,1.4924332255512407,0.7387544416978645,True,simplicity,-1.2287289703817734,True,0.7462166102756209,,1.2287289702817734,-1e-10,0.7462166077756204,1.4924332155512408,1e-08,206
0.7435105207211521,enso-pacific-sst,True,True,1.4870210514423041,0.7360754155139404,True,simplicity,-1.228160621955709,True,0.7435105232211519,,1.228160621855709,-1e-10,0.7435105207211521,1.4870210414423042,1e-08,207
0.7410371604394966,enso-pacific-sst,True,True,1.4820743308789932,0.7336267888351018,True,simplicity,-1.2290375752827687,True,0.741037162939497,,1.2290375751827687,-1e-10,0.7410371604394966,1.4820743208789933,1e-08,208
0.7350649644396811,enso-pacific-sst,True,True,1.470129938879362,0.7277143147952844,True,simplicity,-1.2261386941002066,True,0.7350649669396812,,1.2261386940002066,-1e-10,0.7350649644396811,1.4701299288793621,1e-08,209
0.7364625626503642,enso-pacific-sst,True,True,1.4729251353007284,0.7290979370238606,True,simplicity,-1.2293064605655963,True,0.7364625651503642,,1.2293064604655963,-1e-10,0.7364625626503642,1.4729251253007285,1e-08,210
0.7396060347230671,enso-pacific-sst,True,True,1.479212079446134,0.7322099743758363,True,simplicity,-1.2331582856944592,True,0.739606037223067,,1.2331582855944592,-1e-10,0.7396060347230671,1.4792120694461341,1e-08,211
0.7413982305867209,enso-pacific-sst,True,True,1.4827964711734418,0.7339842482808536,True,simplicity,-1.2318312662683457,True,0.7413982330867209,,1.2318312661683457,-1e-10,0.7413982305867209,1.4827964611734419,1e-08,212
0.7432312320716019,enso-pacific-sst,True,True,1.4864624741432038,0.7357989197508861,True,simplicity,-1.2306968875865933,True,0.743231234571602,,1.2306968874865933,-1e-10,0.7432312320716019,1.4864624641432038,1e-08,213
0.7440609482675766,enso-pacific-sst,True,True,1.4881219065351532,0.7366203387849012,True,simplicity,-1.2311176262928971,True,0.7440609507675766,,1.231117626192897,-1e-10,0.7440609482675766,1.4881218965351533,1e-08,214
0.745189115326462,enso-pacific-sst,True,True,1.490378240652924,0.7377372241731972,True,simplicity,-1.2316980981355872,True,0.7451891178264621,,1.2316980980355872,-1e-10,0.745189115326462,1.490378230652924,1e-08,215
0.7471837693630218,enso-pacific-sst,True,True,1.4943675487260435,0.7397119316693918,True,simplicity,-1.2323897196170914,True,0.7471837718630221,,1.2323897195170914,-1e-10,0.7471837693630218,1.4943675387260436,1e-08,216
0.7479820609566202,enso-pacific-sst,True,True,1.4959641319132404,0.740502240347054,True,simplicity,-1.2330970162860857,True,0.7479820634566201,,1.2330970161860857,-1e-10,0.7479820609566202,1.4959641219132405,1e-08,217
0.7449878745958879,enso-pacific-sst,True,True,1.4899757591917757,0.7375379958499289,True,simplicity,-1.2318424947317104,True,0.7449878770958879,,1.2318424946317104,-1e-10,0.7449878745958879,1.4899757491917758,1e-08,218
0.7428353759814439,enso-pacific-sst,True,True,1.4856707619628877,0.7354070222216293,True,simplicity,-1.2311037486073033,True,0.7428353784814438,,1.2311037485073033,-1e-10,0.7428353759814439,1.4856707519628878,1e-08,219
0.7413881525581913,enso-pacific-sst,True,True,1.4827763151163826,0.7339742710326095,True,simplicity,-1.2274260221377253,True,0.7413881550581914,,1.2274260220377253,-1e-10,0.7413881525581913,1.4827763051163827,1e-08,220
0.7580076846677823,enso-pacific-sst,True,True,1.5160153793355646,0.7504276078211044,True,simplicity,-1.231782402193863,True,0.7580076871677822,,1.231782402093863,-1e-10,0.7580076846677823,1.5160153693355647,1e-08,221
0.7479202030702953,enso-pacific-sst,True,True,1.4958404161405905,0.7404410010395923,True,simplicity,-1.233014843605035,True,0.7479202055702951,,1.233014843505035,-1e-10,0.7479202030702953,1.4958404061405906,1e-08,222
0.739098534563756,enso-pacific-sst,True,True,1.4781970791275119,0.7317075492181186,True,simplicity,-1.2328128890417829,True,0.7390985370637561,,1.2328128889417829,-1e-10,0.739098534563756,1.478197069127512,1e-08,223
0.7375314461149789,enso-pacific-sst,True,True,1.4750629022299577,0.7301561316538293,True,simplicity,-1.232463243429893,True,0.7375314486149791,,1.232463243329893,-1e-10,0.7375314461149789,1.4750628922299578,1e-08,224
0.7386375308462059,enso-pacific-sst,True,True,1.4772750716924117,0.7312511555377441,True,simplicity,-1.2327981364714418,True,0.7386375333462063,,1.2327981363714418,-1e-10,0.7386375308462059,1.4772750616924117,1e-08,225
0.7400823840561814,enso-pacific-sst,True,True,1.4801647781123628,0.7326815602156196,True,simplicity,-1.232277750794752,True,0.7400823865561809,,1.232277750694752,-1e-10,0.7400823840561814,1.4801647681123629,1e-08,226
0.7407837134725697,enso-pacific-sst,True,True,1.4815674369451393,0.7333758763378436,True,simplicity,-1.2328014996164767,True,0.7407837159725696,,1.2328014995164767,-1e-10,0.7407837134725697,1.4815674269451393,1e-08,227
0.7412758032797572,enso-pacific-sst,True,True,1.4825516165595143,0.73386304524696,True,simplicity,-1.2319933294019498,True,0.7412758057797575,,1.2319933293019498,-1e-10,0.7412758032797572,1.4825516065595143,1e-08,228
0.7401830939026525,enso-pacific-sst,True,True,1.4803661978053049,0.7327812629636259,True,simplicity,-1.2298994144567525,True,0.7401830964026527,,1.2298994143567525,-1e-10,0.7401830939026525,1.480366187805305,1e-08,229
0.7381625941242886,enso-pacific-sst,True,True,1.4763251982485772,0.7307809681830458,True,simplicity,-1.2332582130866094,True,0.7381625966242887,,1.2332582129866094,-1e-10,0.7381625941242886,1.4763251882485773,1e-08,230
0.7366918212611775,enso-pacific-sst,True,True,1.473383652522355,0.7293249030485655,True,simplicity,-1.2335668640661575,True,0.7366918237611776,,1.2335668639661574,-1e-10,0.7366918212611775,1.473383642522355,1e-08,231
0.7356592581326804,enso-pacific-sst,True,True,1.4713185262653607,0.7283026655513536,True,simplicity,-1.2314393579910559,True,0.7356592606326806,,1.2314393578910559,-1e-10,0.7356592581326804,1.4713185162653608,1e-08,232
0.7363066513947498,enso-pacific-sst,True,True,1.4726133127894996,0.7289435848808025,True,simplicity,-1.2305681524780026,True,0.7363066538947499,,1.2305681523780025,-1e-10,0.7363066513947498,1.4726133027894996,1e-08,233
0.7363246287535307,enso-pacific-sst,True,True,1.4726492675070613,0.7289613824659956,True,simplicity,-1.2284481321524774,True,0.7363246312535306,,1.2284481320524774,-1e-10,0.7363246287535307,1.4726492575070613,1e-08,234
0.7366559061691438,enso-pacific-sst,True,True,1.4733118223382875,0.7292893471074521,True,simplicity,-1.2286292990718417,True,0.7366559086691434,,1.2286292989718417,-1e-10,0.7366559061691438,1.4733118123382876,1e-08,235
0.7341199504518949,enso-pacific-sst,True,True,1.4682399109037898,0.7267787509473758,True,simplicity,-1.2287197571680248,True,0.7341199529518947,,1.2287197570680248,-1e-10,0.7341199504518949,1.4682399009037899,1e-08,236
0.7316058231722942,enso-pacific-sst,True,True,1.4632116563445883,0.7242897649405714,True,simplicity,-1.2300062665927163,True,0.7316058256722943,,1.2300062664927163,-1e-10,0.7316058231722942,1.4632116463445883,1e-08,237
0.7269806966315611,enso-pacific-sst,True,True,1.453961403263122,0.7197108896652455,True,simplicity,-1.218225851120986,True,0.7269806991315612,,1.218225851020986,-1e-10,0.7269806966315611,1.4539613932631221,1e-08,238
0.7265970321580573,enso-pacific-sst,True,True,1.4531940743161145,0.7193310618364768,True,simplicity,-1.2100407027859288,True,0.7265970346580577,,1.2100407026859288,-1e-10,0.7265970321580573,1.4531940643161145,1e-08,239
0.7435419063573421,enso-pacific-sst,True,True,1.487083822714684,0.7361064872937686,True,simplicity,-1.2232654759003294,True,0.743541908857342,,1.2232654758003294,-1e-10,0.7435419063573421,1.4870838127146842,1e-08,240
0.789704655157339,enso-pacific-sst,True,True,1.579409320314678,0.7818076086057656,True,simplicity,-1.22005314412807,True,0.789704657657339,,1.22005314402807,-1e-10,0.789704655157339,1.579409310314678,1e-08,241
0.7345650815277222,enso-pacific-sst,True,True,1.4691301730554442,0.7272194307124452,True,simplicity,-1.2096015724509657,True,0.7345650840277221,,1.2096015723509657,-1e-10,0.7345650815277222,1.4691301630554443,1e-08,242
0.7351680446064,enso-pacific-sst,True,True,1.4703360992127998,0.7278163641603363,True,simplicity,-1.2196554377688942,True,0.7351680471064,,1.2196554376688942,-1e-10,0.7351680446064,1.4703360892128,1e-08,243
0.7374129782067884,enso-pacific-sst,True,True,1.4748259664135768,0.7300388484247206,True,simplicity,-1.2298265496859786,True,0.7374129807067884,,1.2298265495859786,-1e-10,0.7374129782067884,1.4748259564135768,1e-08,244
0.7344214963030218,enso-pacific-sst,True,True,1.4688430026060435,0.7270772813399916,True,simplicity,-1.2324466693743015,True,0.7344214988030218,,1.2324466692743015,-1e-10,0.7344214963030218,1.4688429926060436,1e-08,245
0.7306874841572338,enso-pacific-sst,True,True,1.4613749783144676,0.7233806093156614,True,simplicity,-1.2349938061529933,True,0.7306874866572336,,1.2349938060529932,-1e-10,0.7306874841572338,1.4613749683144677,1e-08,246
0.7284594749515879,enso-pacific-sst,True,True,1.4569189599031758,0.7211748802020721,True,simplicity,-1.235680787417198,True,0.728459477451588,,1.235680787317198,-1e-10,0.7284594749515879,1.4569189499031758,1e-08,247
0.7287923956022357,enso-pacific-sst,True,True,1.4575848012044714,0.7215044716462129,True,simplicity,-1.2395468867331363,True,0.7287923981022357,,1.2395468866331363,-1e-10,0.7287923956022357,1.4575847912044715,1e-08,248
0.7301708801157272,enso-pacific-sst,True,True,1.4603417702314543,0.7228691713145698,True,simplicity,-1.240034667566077,True,0.7301708826157273,,1.240034667466077,-1e-10,0.7301708801157272,1.4603417602314543,1e-08,249
0.7309248957498502,enso-pacific-sst,True,True,1.4618498014997003,0.7236156467923521,True,simplicity,-1.2407145020180828,True,0.7309248982498503,,1.2407145019180827,-1e-10,0.7309248957498502,1.4618497914997004,1e-08,250
0.7315269389269925,enso-pacific-sst,True,True,1.463053887853985,0.7242116695377229,True,simplicity,-1.2410007592749257,True,0.7315269414269924,,1.2410007591749257,-1e-10,0.7315269389269925,1.463053877853985,1e-08,251
0.732157539971515,enso-pacific-sst,True,True,1.46431508994303,0.7248359645718001,True,simplicity,-1.241606387050206,True,0.7321575424715153,,1.241606386950206,-1e-10,0.732157539971515,1.46431507994303,1e-08,252
0.7331729341535157,enso-pacific-sst,True,True,1.4663458783070313,0.7258412048119806,True,simplicity,-1.241855996092554,True,0.7331729366535154,,1.241855995992554,-1e-10,0.7331729341535157,1.4663458683070314,1e-08,253
0.7348566721871067,enso-pacific-sst,True,True,1.4697133543742134,0.7275081054652354,True,simplicity,-1.2416568872260563,True,0.7348566746871069,,1.2416568871260563,-1e-10,0.7348566721871067,1.4697133443742134,1e-08,254
0.7371830051389257,enso-pacific-sst,True,True,1.4743660202778512,0.7298111750875363,True,simplicity,-1.2410208531315963,True,0.7371830076389256,,1.2410208530315963,-1e-10,0.7371830051389257,1.4743660102778513,1e-08,255
0.7391330982497203,enso-pacific-sst,True,True,1.4782662064994405,0.7317417672672231,True,simplicity,-1.2413160914058134,True,0.7391331007497204,,1.2413160913058134,-1e-10,0.7391330982497203,1.4782661964994406,1e-08,256
0.7406698736709844,enso-pacific-sst,True,True,1.4813397573419687,0.7332631749342742,True,simplicity,-1.2412257085702405,True,0.7406698761709842,,1.2412257084702405,-1e-10,0.7406698736709844,1.4813397473419687,1e-08,257
0.7424737702767934,enso-pacific-sst,True,True,1.4849475505535867,0.7350490325740252,True,simplicity,-1.2411063161275704,True,0.7424737727767929,,1.2411063160275704,-1e-10,0.7424737702767934,1.4849475405535868,1e-08,258
0.7402284988240251,enso-pacific-sst,True,True,1.48045700764805,0.7328262138357847,True,simplicity,-1.2410429895324313,True,0.7402285013240254,,1.2410429894324313,-1e-10,0.7402284988240251,1.4804569976480502,1e-08,259
0.7366853323130528,enso-pacific-sst,True,True,1.4733706746261055,0.7293184789899226,True,simplicity,-1.2400674561880431,True,0.7366853348130529,,1.2400674560880431,-1e-10,0.7366853323130528,1.4733706646261056,1e-08,260
0.7348118778051027,enso-pacific-sst,True,True,1.4696237656102054,0.7274637590270516,True,simplicity,-1.239993417076871,True,0.734811880305103,,1.239993416976871,-1e-10,0.7348118778051027,1.4696237556102054,1e-08,261
0.7333706290091407,enso-pacific-sst,True,True,1.4667412680182814,0.7260369227190495,True,simplicity,-1.2400532876928394,True,0.7333706315091406,,1.2400532875928394,-1e-10,0.7333706290091407,1.4667412580182815,1e-08,262
0.7322921118943927,enso-pacific-sst,True,True,1.4645842337887853,0.7249691907754489,True,simplicity,-1.2401767686060579,True,0.7322921143943926,,1.2401767685060578,-1e-10,0.7322921118943927,1.4645842237887854,1e-08,263
0.7310086509705661,enso-pacific-sst,True,True,1.4620173119411322,0.7236985644608603,True,simplicity,-1.2410659069386996,True,0.7310086534705662,,1.2410659068386996,-1e-10,0.7310086509705661,1.4620173019411322,1e-08,264
0.7296304090624728,enso-pacific-sst,True,True,1.4592608281249455,0.722334104971848,True,simplicity,-1.2421610876487321,True,0.7296304115624728,,1.2421610875487321,-1e-10,0.7296304090624728,1.4592608181249456,1e-08,265
0.728501381383878,enso-pacific-sst,True,True,1.457002772767756,0.7212163675700393,True,simplicity,-1.2423715158077377,True,0.7285013838838778,,1.2423715157077377,-1e-10,0.728501381383878,1.457002762767756,1e-08,266
0.727005365478897,enso-pacific-sst,True,True,1.454010740957794,0.7197353118241081,True,simplicity,-1.2411550759797971,True,0.7270053679788971,,1.2411550758797971,-1e-10,0.727005365478897,1.454010730957794,1e-08,267
0.7238660112404802,enso-pacific-sst,True,True,1.4477320324809604,0.7166273511280753,True,simplicity,-1.2362963383922163,True,0.7238660137404803,,1.2362963382922163,-1e-10,0.7238660112404802,1.4477320224809604,1e-08,268
0.7242720485393083,enso-pacific-sst,True,True,1.4485441070786165,0.7170293280539155,True,simplicity,-1.2376003847028927,True,0.7242720510393087,,1.2376003846028927,-1e-10,0.7242720485393083,1.4485440970786165,1e-08,269
0.7227534004292633,enso-pacific-sst,True,True,1.4455068108585265,0.7155258664249705,True,simplicity,-1.2343045589011785,True,0.7227534029292634,,1.2343045588011785,-1e-10,0.7227534004292633,1.4455068008585266,1e-08,270
0.7151307511383167,enso-pacific-sst,True,True,1.4302615122766333,0.7079794436269332,True,simplicity,-1.2181986283316784,True,0.7151307536383165,,1.2181986282316783,-1e-10,0.7151307511383167,1.4302615022766334,1e-08,271
0.7219137957680821,enso-pacific-sst,True,True,1.4438276015361642,0.7146946578104014,True,simplicity,-1.2301410047590269,True,0.7219137982680822,,1.2301410046590269,-1e-10,0.7219137957680821,1.4438275915361642,1e-08,272
0.7192768570740982,enso-pacific-sst,True,True,1.4385537241481963,0.7120840885033571,True,simplicity,-1.2254222929526055,True,0.7192768595740983,,1.2254222928526055,-1e-10,0.7192768570740982,1.4385537141481963,1e-08,273
0.707639342758511,enso-pacific-sst,True,True,1.415278695517022,0.7005629493309262,True,simplicity,-1.202021199353066,True,0.7076393452585112,,1.202021199253066,-1e-10,0.707639342758511,1.415278685517022,1e-08,274
0.7047715084542409,enso-pacific-sst,True,True,1.4095430269084817,0.6977237933696985,True,simplicity,-1.1957723238361493,True,0.7047715109542408,,1.1957723237361493,-1e-10,0.7047715084542409,1.4095430169084817,1e-08,275
0.706369905202165,enso-pacific-sst,True,True,1.41273982040433,0.6993062061501434,True,simplicity,-1.1878342296799174,True,0.7063699077021652,,1.1878342295799174,-1e-10,0.706369905202165,1.41273981040433,1e-08,276
0.7356113964953784,enso-pacific-sst,True,True,1.4712228029907568,0.7282552825304247,True,simplicity,-1.1795883636280353,True,0.7356113989953784,,1.1795883635280353,-1e-10,0.7356113964953784,1.4712227929907569,1e-08,277
0.8001005242270711,enso-pacific-sst,True,True,1.6002010584541422,0.7920995189848001,True,simplicity,-1.2173520361859054,True,0.800100526727071,,1.2173520360859054,-1e-10,0.8001005242270711,1.6002010484541422,1e-08,278
0.8039466097201762,enso-pacific-sst,True,True,1.6078932294403523,0.7959071436229743,True,simplicity,-1.21174450376283,True,0.8039466122201763,,1.21174450366283,-1e-10,0.8039466097201762,1.6078932194403524,1e-08,279
0.803843975827849,enso-pacific-sst,True,True,1.607687961655698,0.7958055360695707,True,simplicity,-1.2184667472529647,True,0.8038439783278489,,1.2184667471529647,-1e-10,0.803843975827849,1.607687951655698,1e-08,280
0.8055475784686299,enso-pacific-sst,True,True,1.6110951669372597,0.7974921026839432,True,simplicity,-1.2180648578123678,True,0.8055475809686299,,1.2180648577123678,-1e-10,0.8055475784686299,1.6110951569372598,1e-08,281
0.804764922215824,enso-pacific-sst,True,True,1.6095298544316479,0.7967172729936658,True,simplicity,-1.2128362483508237,True,0.8047649247158241,,1.2128362482508237,-1e-10,0.804764922215824,1.609529844431648,1e-08,282
0.8047492685796324,enso-pacific-sst,True,True,1.6094985471592647,0.796701775893836,True,simplicity,-1.2139623711895131,True,0.8047492710796323,,1.213962371089513,-1e-10,0.8047492685796324,1.6094985371592647,1e-08,283
0.8090514355938694,enso-pacific-sst,True,True,1.6181028811877387,0.8009609212379305,True,simplicity,-1.213653352206017,True,0.8090514380938693,,1.213653352106017,-1e-10,0.8090514355938694,1.6181028711877388,1e-08,284
0.803403800520261,enso-pacific-sst,True,True,1.6068076110405218,0.7953697625150581,True,simplicity,-1.2071573815171397,True,0.8034038030202605,,1.2071573814171397,-1e-10,0.803403800520261,1.606807601040522,1e-08,285
0.792991484878842,enso-pacific-sst,True,True,1.5859829797576839,0.7850615700300533,True,simplicity,-1.2078161103855911,True,0.7929914873788418,,1.207816110285591,-1e-10,0.792991484878842,1.585982969757684,1e-08,286
0.763195880153188,enso-pacific-sst,True,True,1.5263917703063759,0.7555639213516563,True,simplicity,-1.1953840504539468,True,0.763195882653188,,1.1953840503539468,-1e-10,0.763195880153188,1.526391760306376,1e-08,287
0.7688717951556397,enso-pacific-sst,True,True,1.5377436003112794,0.761183077204084,True,simplicity,-1.2010486793984194,True,0.7688717976556402,,1.2010486792984194,-1e-10,0.7688717951556397,1.5377435903112795,1e-08,288
0.7733052454659541,enso-pacific-sst,True,True,1.5466105009319082,0.7655721930112949,True,simplicity,-1.2003758039269128,True,0.7733052479659546,,1.2003758038269128,-1e-10,0.7733052454659541,1.5466104909319083,1e-08,289
0.7773121360366104,enso-pacific-sst,True,True,1.5546242820732208,0.7695390146762445,True,simplicity,-1.2014823348651382,True,0.7773121385366105,,1.2014823347651382,-1e-10,0.7773121360366104,1.5546242720732208,1e-08,290
0.7832014218595418,enso-pacific-sst,True,True,1.5664028537190835,0.7753694076409463,True,simplicity,-1.2067621348465178,True,0.7832014243595417,,1.2067621347465178,-1e-10,0.7832014218595418,1.5664028437190836,1e-08,291
0.7713125952848379,enso-pacific-sst,True,True,1.5426252005696757,0.76359946933199,True,simplicity,-1.2010510610874314,True,0.7713125977848381,,1.2010510609874314,-1e-10,0.7713125952848379,1.5426251905696757,1e-08,292
0.7360845730504786,enso-pacific-sst,True,True,1.472169156100957,0.7287237273199739,True,simplicity,-1.2064579043245165,True,0.7360845755504787,,1.2064579042245165,-1e-10,0.7360845730504786,1.4721691461009572,1e-08,293
0.7195314777774517,enso-pacific-sst,True,True,1.4390629655549034,0.712336162999677,True,simplicity,-1.205594625694133,True,0.7195314802774515,,1.205594625594133,-1e-10,0.7195314777774517,1.4390629555549035,1e-08,294
0.7211975869328614,enso-pacific-sst,True,True,1.4423951838657227,0.7139856110635328,True,simplicity,-1.2151714573744894,True,0.7211975894328618,,1.2151714572744894,-1e-10,0.7211975869328614,1.4423951738657228,1e-08,295
0.7240373789144499,enso-pacific-sst,True,True,1.4480747678288997,0.7167970051253054,True,simplicity,-1.2194598485386239,True,0.7240373814144496,,1.2194598484386239,-1e-10,0.7240373789144499,1.4480747578288997,1e-08,296
0.7259138686709328,enso-pacific-sst,True,True,1.4518277473418655,0.7186547299842234,True,simplicity,-1.222098414113101,True,0.7259138711709326,,1.222098414013101,-1e-10,0.7259138686709328,1.4518277373418655,1e-08,297
0.7283985282283779,enso-pacific-sst,True,True,1.4567970664567558,0.7211145429460941,True,simplicity,-1.2247129604743547,True,0.7283985307283777,,1.2247129603743547,-1e-10,0.7283985282283779,1.4567970564567558,1e-08,298
0.7309489477188638,enso-pacific-sst,True,True,1.4618979054377275,0.723639458241675,True,simplicity,-1.2264270981720702,True,0.7309489502188639,,1.2264270980720702,-1e-10,0.7309489477188638,1.4618978954377275,1e-08,299
0.7349303046369893,enso-pacific-sst,True,True,1.4698606192739785,0.7275810015906198,True,simplicity,-1.2311306494933503,True,0.7349303071369894,,1.2311306493933503,-1e-10,0.7349303046369893,1.4698606092739785,1e-08,300
0.7371197854207008,enso-pacific-sst,True,True,1.4742395808414015,0.7297485875664935,True,simplicity,-1.2316414640117463,True,0.7371197879207008,,1.2316414639117463,-1e-10,0.7371197854207008,1.4742395708414016,1e-08,301
0.7401325290745512,enso-pacific-sst,True,True,1.4802650681491023,0.7327312037838059,True,simplicity,-1.23287119434869,True,0.7401325315745513,,1.23287119424869,-1e-10,0.7401325290745512,1.4802650581491024,1e-08,302
0.7398176968166659,enso-pacific-sst,True,True,1.4796354036333317,0.7324195198484992,True,simplicity,-1.2324917906634631,True,0.7398176993166659,,1.2324917905634631,-1e-10,0.7398176968166659,1.4796353936333317,1e-08,303
0.7386108828646905,enso-pacific-sst,True,True,1.4772217757293808,0.731224774036044,True,simplicity,-1.2329674385000173,True,0.7386108853646907,,1.2329674384000173,-1e-10,0.7386108828646905,1.477221765729381,1e-08,304
0.7383123720325904,enso-pacific-sst,True,True,1.4766247540651807,0.7309292483122646,True,simplicity,-1.233584354997493,True,0.7383123745325905,,1.233584354897493,-1e-10,0.7383123720325904,1.4766247440651807,1e-08,305
0.7384371027818671,enso-pacific-sst,True,True,1.4768742155637342,0.7310527317540486,True,simplicity,-1.2341536474532193,True,0.738437105281867,,1.2341536473532193,-1e-10,0.7384371027818671,1.4768742055637343,1e-08,306
0.7373653976175846,enso-pacific-sst,True,True,1.474730805235169,0.729991743641409,True,simplicity,-1.2347382473357493,True,0.7373654001175846,,1.2347382472357493,-1e-10,0.7373653976175846,1.4747307952351691,1e-08,307
0.7359013553359299,enso-pacific-sst,True,True,1.4718027206718598,0.7285423417825706,True,simplicity,-1.234780173244657,True,0.7359013578359297,,1.234780173144657,-1e-10,0.7359013553359299,1.4718027106718599,1e-08,308
0.7356668266445081,enso-pacific-sst,True,True,1.4713336632890162,0.7283101583780635,True,simplicity,-1.2343309363799477,True,0.7356668291445083,,1.2343309362799477,-1e-10,0.7356668266445081,1.4713336532890162,1e-08,309
0.7355343653385881,enso-pacific-sst,True,True,1.471068740677176,0.728179021685202,True,simplicity,-1.2333813100001971,True,0.7355343678385883,,1.2333813099001971,-1e-10,0.7355343653385881,1.4710687306771761,1e-08,310
0.7458425845681446,enso-pacific-sst,True,True,1.491685179136289,0.7383841587224631,True,simplicity,-1.2348656384188028,True,0.7458425870681447,,1.2348656383188028,-1e-10,0.7458425845681446,1.4916851691362891,1e-08,311
0.7677279742197942,enso-pacific-sst,True,True,1.5354559584395884,0.7600506944775965,True,simplicity,-1.2355878777027876,True,0.7677279767197943,,1.2355878776027875,-1e-10,0.7677279742197942,1.5354559484395884,1e-08,312
0.7806316514312015,enso-pacific-sst,True,True,1.561263312862403,0.7728253349168894,True,simplicity,-1.235722601695611,True,0.7806316539312017,,1.235722601595611,-1e-10,0.7806316514312015,1.561263302862403,1e-08,313
0.7800022247598016,enso-pacific-sst,True,True,1.5600044595196032,0.7722022025122038,True,simplicity,-1.235787128820505,True,0.7800022272598017,,1.235787128720505,-1e-10,0.7800022247598016,1.5600044495196033,1e-08,314
0.7760432880692394,enso-pacific-sst,True,True,1.5520865861384787,0.7682828551885468,True,simplicity,-1.2361208672793507,True,0.7760432905692393,,1.2361208671793507,-1e-10,0.7760432880692394,1.5520865761384788,1e-08,315
0.7718856940490674,enso-pacific-sst,True,True,1.5437713980981347,0.7641668371085768,True,simplicity,-1.2360760568156723,True,0.7718856965490674,,1.2360760567156723,-1e-10,0.7718856940490674,1.5437713880981347,1e-08,316
0.7689195580495795,enso-pacific-sst,True,True,1.5378391260991588,0.7612303624690837,True,simplicity,-1.2353067649939926,True,0.7689195605495797,,1.2353067648939926,-1e-10,0.7689195580495795,1.537839116099159,1e-08,317
0.7736411994018448,enso-pacific-sst,True,True,1.5472824088036896,0.7659047874078266,True,simplicity,-1.2339225035461259,True,0.773641201901845,,1.2339225034461259,-1e-10,0.7736411994018448,1.5472823988036897,1e-08,318
0.7824617193123646,enso-pacific-sst,True,True,1.5649234486247292,0.774637102119241,True,simplicity,-1.2324644995424685,True,0.7824617218123646,,1.2324644994424685,-1e-10,0.7824617193123646,1.5649234386247293,1e-08,319
0.7852856441682993,enso-pacific-sst,True,True,1.5705712983365985,0.7774327877266166,True,simplicity,-1.2311892402836841,True,0.7852856466682995,,1.2311892401836841,-1e-10,0.7852856441682993,1.5705712883365985,1e-08,320
0.7909632822984233,enso-pacific-sst,True,True,1.5819265745968465,0.7830536494754392,True,simplicity,-1.2291999906772046,True,0.7909632847984237,,1.2291999905772046,-1e-10,0.7909632822984233,1.5819265645968466,1e-08,321
0.7973283243810754,enso-pacific-sst,True,True,1.5946566587621507,0.7893550411372646,True,simplicity,-1.2278910935393572,True,0.7973283268810754,,1.2278910934393572,-1e-10,0.7973283243810754,1.5946566487621507,1e-08,322
0.801987678962517,enso-pacific-sst,True,True,1.603975367925034,0.7939678021728918,True,simplicity,-1.2282018041227623,True,0.8019876814625172,,1.2282018040227622,-1e-10,0.801987678962517,1.603975357925034,1e-08,323
0.8021750668019156,enso-pacific-sst,True,True,1.6043501436038312,0.7941533161338967,True,simplicity,-1.2257116250326097,True,0.8021750693019157,,1.2257116249326097,-1e-10,0.8021750668019156,1.6043501336038313,1e-08,324
0.7995051192254147,enso-pacific-sst,True,True,1.5990102484508293,0.7915100680331608,True,simplicity,-1.227650067864939,True,0.7995051217254147,,1.227650067764939,-1e-10,0.7995051192254147,1.5990102384508293,1e-08,325
0.8054873640615893,enso-pacific-sst,True,True,1.6109747381231785,0.7974324904209732,True,simplicity,-1.2263988648726831,True,0.8054873665615893,,1.2263988647726831,-1e-10,0.8054873640615893,1.6109747281231785,1e-08,326
0.8088651304515335,enso-pacific-sst,True,True,1.617730270903067,0.800776479147018,True,simplicity,-1.2241943814050353,True,0.8088651329515334,,1.2241943813050353,-1e-10,0.8088651304515335,1.617730260903067,1e-08,327
0.8050497436317965,enso-pacific-sst,True,True,1.610099497263593,0.7969992461954788,True,simplicity,-1.2239439089556465,True,0.8050497461317969,,1.2239439088556465,-1e-10,0.8050497436317965,1.610099487263593,1e-08,328
0.8001402837358971,enso-pacific-sst,True,True,1.600280577471794,0.7921388808985385,True,simplicity,-1.2234345214889084,True,0.8001402862358971,,1.2234345213889084,-1e-10,0.8001402837358971,1.6002805674717941,1e-08,329
0.7960308680252722,enso-pacific-sst,True,True,1.5920617460505444,0.7880705593450198,True,simplicity,-1.223149324578751,True,0.7960308705252721,,1.223149324478751,-1e-10,0.7960308680252722,1.5920617360505445,1e-08,330
0.7955821345667523,enso-pacific-sst,True,True,1.5911642791335046,0.787626313221085,True,simplicity,-1.220238924060837,True,0.7955821370667527,,1.2202389239608369,-1e-10,0.7955821345667523,1.5911642691335046,1e-08,331
0.7994935510599647,enso-pacific-sst,True,True,1.5989871121199293,0.7914986155493652,True,simplicity,-1.2260025967982653,True,0.7994935535599648,,1.2260025966982653,-1e-10,0.7994935510599647,1.5989871021199293,1e-08,332
0.798542563053306,enso-pacific-sst,True,True,1.5970851361066118,0.7905571374227726,True,simplicity,-1.2268340298535567,True,0.798542565553305,,1.2268340297535567,-1e-10,0.798542563053306,1.597085126106612,1e-08,333
0.7976279732385332,enso-pacific-sst,True,True,1.5952559564770663,0.7896516935061477,True,simplicity,-1.2280424727253636,True,0.7976279757385331,,1.2280424726253636,-1e-10,0.7976279732385332,1.5952559464770664,1e-08,334
0.794847585071688,enso-pacific-sst,True,True,1.5896951801433759,0.786899109220971,True,simplicity,-1.2301048986228527,True,0.7948475875716879,,1.2301048985228527,-1e-10,0.794847585071688,1.589695170143376,1e-08,335
0.7918854608874563,enso-pacific-sst,True,True,1.5837709317749125,0.7839666062785817,True,simplicity,-1.2317263247178842,True,0.7918854633874564,,1.2317263246178842,-1e-10,0.7918854608874563,1.5837709217749125,1e-08,336
0.7887019774164179,enso-pacific-sst,True,True,1.5774039648328357,0.7808149576422537,True,simplicity,-1.2316052334339582,True,0.7887019799164178,,1.2316052333339582,-1e-10,0.7887019774164179,1.5774039548328358,1e-08,337
0.7855802968331198,enso-pacific-sst,True,True,1.5711606036662396,0.7777244938647887,True,simplicity,-1.2324664344899654,True,0.7855802993331198,,1.2324664343899654,-1e-10,0.7855802968331198,1.5711605936662396,1e-08,338
0.7854244540094113,enso-pacific-sst,True,True,1.5708489180188225,0.7775702094693173,True,simplicity,-1.2322662368918467,True,0.7854244565094114,,1.2322662367918467,-1e-10,0.7854244540094113,1.5708489080188226,1e-08,339
0.7831963351583001,enso-pacific-sst,True,True,1.5663926803166002,0.7753643718067171,True,simplicity,-1.2330840383619297,True,0.7831963376583002,,1.2330840382619297,-1e-10,0.7831963351583001,1.5663926703166002,1e-08,340
0.786104405065487,enso-pacific-sst,True,True,1.5722088201309738,0.7782433610148322,True,simplicity,-1.2338070227356919,True,0.7861044075654868,,1.2338070226356919,-1e-10,0.786104405065487,1.572208810130974,1e-08,341
0.7886461161312838,enso-pacific-sst,True,True,1.5772922422625675,0.7807596549699707,True,simplicity,-1.234218403822223,True,0.7886461186312835,,1.234218403722223,-1e-10,0.7886461161312838,1.5772922322625675,1e-08,342
0.7841720750083347,enso-pacific-sst,True,True,1.5683441600166694,0.7763303542582515,True,simplicity,-1.2350132716760276,True,0.7841720775083348,,1.2350132715760276,-1e-10,0.7841720750083347,1.5683441500166695,1e-08,343
0.8115341423759316,enso-pacific-sst,True,True,1.623068294751863,0.8034188009521722,True,simplicity,-1.234755672696875,True,0.8115341448759317,,1.234755672596875,-1e-10,0.8115341423759316,1.6230682847518632,1e-08,344
0.8166802683315559,enso-pacific-sst,True,True,1.6333605466631118,0.80851346564824,True,simplicity,-1.2356949285358079,True,0.8166802708315556,,1.2356949284358079,-1e-10,0.8166802683315559,1.6333605366631119,1e-08,345
0.8222937764626402,enso-pacific-sst,True,True,1.6445875629252804,0.814070838698014,True,simplicity,-1.2349526538371232,True,0.8222937789626401,,1.2349526537371232,-1e-10,0.8222937764626402,1.6445875529252805,1e-08,346
0.8222994465187291,enso-pacific-sst,True,True,1.6445989030374581,0.814076452053542,True,simplicity,-1.236804157807398,True,0.8222994490187291,,1.236804157707398,-1e-10,0.8222994465187291,1.6445988930374582,1e-08,347
0.8208048344801016,enso-pacific-sst,True,True,1.641609678960203,0.8125967861353003,True,simplicity,-1.2367395087992301,True,0.8208048369801015,,1.23673950869923,-1e-10,0.8208048344801016,1.641609668960203,1e-08,348
0.772653778742882,enso-pacific-sst,True,True,1.545307567485764,0.7649272409554526,True,simplicity,-1.236037811037606,True,0.7726537812428819,,1.236037810937606,-1e-10,0.772653778742882,1.545307557485764,1e-08,349
0.7837261768029573,enso-pacific-sst,True,True,1.5674523636059146,0.7758889150349276,True,simplicity,-1.2324237178067277,True,0.7837261793029572,,1.2324237177067277,-1e-10,0.7837261768029573,1.5674523536059146,1e-08,350
0.7923741649857323,enso-pacific-sst,True,True,1.5847483399714646,0.784450423335875,True,simplicity,-1.2362039488971304,True,0.7923741674857324,,1.2362039487971304,-1e-10,0.7923741649857323,1.5847483299714646,1e-08,351
0.7978397308078227,enso-pacific-sst,True,True,1.5956794716156453,0.7898613334997444,True,simplicity,-1.2356821187764924,True,0.7978397333078229,,1.2356821186764924,-1e-10,0.7978397308078227,1.5956794616156453,1e-08,352
0.8015330748513828,enso-pacific-sst,True,True,1.6030661597027656,0.7935177441028689,True,simplicity,-1.2342918418288034,True,0.801533077351383,,1.2342918417288034,-1e-10,0.8015330748513828,1.6030661497027656,1e-08,353
0.8042622549321435,enso-pacific-sst,True,True,1.608524519864287,0.796219632382822,True,simplicity,-1.2331224881028242,True,0.8042622574321431,,1.2331224880028242,-1e-10,0.8042622549321435,1.608524509864287,1e-08,354
0.8055134723442889,enso-pacific-sst,True,True,1.6110269546885778,0.7974583376208462,True,simplicity,-1.2339229255562731,True,0.8055134748442891,,1.2339229254562731,-1e-10,0.8055134723442889,1.6110269446885779,1e-08,355
0.8044127410700651,enso-pacific-sst,True,True,1.6088254921401302,0.7963686136593645,True,simplicity,-1.233374243736244,True,0.8044127435700648,,1.233374243636244,-1e-10,0.8044127410700651,1.6088254821401302,1e-08,356
0.8066348886520526,enso-pacific-sst,True,True,1.613269787304105,0.7985685397655318,True,simplicity,-1.2331684335638666,True,0.8066348911520529,,1.2331684334638666,-1e-10,0.8066348886520526,1.6132697773041051,1e-08,357
0.8096333767823999,enso-pacific-sst,True,True,1.6192667635647997,0.8015370430145756,True,simplicity,-1.232639882988705,True,0.8096333792823991,,1.232639882888705,-1e-10,0.8096333767823999,1.6192667535647998,1e-08,358
0.8124888896297048,enso-pacific-sst,True,True,1.6249777892594095,0.8043640007334074,True,simplicity,-1.2320708115893773,True,0.8124888921297047,,1.2320708114893772,-1e-10,0.8124888896297048,1.6249777792594096,1e-08,359
0.814928698426565,enso-pacific-sst,True,True,1.62985740685313,0.806779411442299,True,simplicity,-1.2314675358467144,True,0.8149287009265651,,1.2314675357467144,-1e-10,0.814928698426565,1.62985739685313,1e-08,360
0.8150849589439079,enso-pacific-sst,True,True,1.6301699278878157,0.8069341093544691,True,simplicity,-1.232150517795783,True,0.8150849614439083,,1.232150517695783,-1e-10,0.8150849589439079,1.6301699178878157,1e-08,361
0.8137958117446764,enso-pacific-sst,True,True,1.6275916334893528,0.8056578536272296,True,simplicity,-1.2322151322212178,True,0.8137958142446763,,1.2322151321212178,-1e-10,0.8137958117446764,1.6275916234893528,1e-08,362
0.8118984790038265,enso-pacific-sst,True,True,1.623796968007653,0.8037794942137881,True,simplicity,-1.2268151606198834,True,0.8118984815038265,,1.2268151605198834,-1e-10,0.8118984790038265,1.623796958007653,1e-08,363
0.8174790220433507,enso-pacific-sst,True,True,1.6349580540867013,0.8093042318229172,True,simplicity,-1.227764321026168,True,0.8174790245433508,,1.227764320926168,-1e-10,0.8174790220433507,1.6349580440867013,1e-08,364
0.8228145950063106,enso-pacific-sst,True,True,1.6456292000126211,0.8145864490562476,True,simplicity,-1.2291052023659956,True,0.8228145975063108,,1.2291052022659956,-1e-10,0.8228145950063106,1.6456291900126212,1e-08,365
0.8111217324727695,enso-pacific-sst,True,True,1.622243474945539,0.803010515148042,True,simplicity,-1.2284859651446036,True,0.8111217349727696,,1.2284859650446036,-1e-10,0.8111217324727695,1.622243464945539,1e-08,366
0.7913091290975343,enso-pacific-sst,True,True,1.5826182681950685,0.7833960378065585,True,simplicity,-1.2269334886849117,True,0.7913091315975342,,1.2269334885849117,-1e-10,0.7913091290975343,1.5826182581950685,1e-08,367
0.7695324942167363,enso-pacific-sst,True,True,1.5390649984334726,0.7618371692745691,True,simplicity,-1.2227487030636168,True,0.7695324967167365,,1.2227487029636168,-1e-10,0.7695324942167363,1.5390649884334726,1e-08,368
0.7543295734947931,enso-pacific-sst,True,True,1.5086591569895862,0.7467862777598453,True,simplicity,-1.2273972012214123,True,0.7543295759947931,,1.2273972011214123,-1e-10,0.7543295734947931,1.5086591469895863,1e-08,369
0.7415410924352096,enso-pacific-sst,True,True,1.4830821948704191,0.7341256815108573,True,simplicity,-1.2308406426893699,True,0.7415410949352097,,1.2308406425893699,-1e-10,0.7415410924352096,1.4830821848704192,1e-08,370
0.7262197482819888,enso-pacific-sst,True,True,1.4524395065639775,0.7189575507991689,True,simplicity,-1.2314547350196376,True,0.7262197507819889,,1.2314547349196376,-1e-10,0.7262197482819888,1.4524394965639775,1e-08,371
0.7230054936148854,enso-pacific-sst,True,True,1.4460109972297708,0.7157754386787366,True,simplicity,-1.2302197882090304,True,0.7230054961148854,,1.2302197881090304,-1e-10,0.7230054936148854,1.4460109872297708,1e-08,372
0.7269195386911866,enso-pacific-sst,True,True,1.4538390873823732,0.719650343304275,True,simplicity,-1.237817886095601,True,0.7269195411911866,,1.237817885995601,-1e-10,0.7269195386911866,1.4538390773823733,1e-08,373
0.729259118493365,enso-pacific-sst,True,True,1.45851824698673,0.7219665273084308,True,simplicity,-1.2399269171058815,True,0.7292591209933647,,1.2399269170058815,-1e-10,0.729259118493365,1.45851823698673,1e-08,374
0.7298907796644017,enso-pacific-sst,True,True,1.4597815693288034,0.7225918718677576,True,simplicity,-1.2408266802373622,True,0.7298907821644017,,1.2408266801373622,-1e-10,0.7298907796644017,1.4597815593288035,1e-08,375
0.7296239109403503,enso-pacific-sst,True,True,1.4592478318807005,0.7223276718309467,True,simplicity,-1.241127935113035,True,0.7296239134403504,,1.241127935013035,-1e-10,0.7296239109403503,1.4592478218807006,1e-08,376
0.7292318920060067,enso-pacific-sst,True,True,1.4584637940120133,0.7219395730859464,True,simplicity,-1.2409687130777316,True,0.7292318945060065,,1.2409687129777316,-1e-10,0.7292318920060067,1.4584637840120134,1e-08,377
0.7293293697584874,enso-pacific-sst,True,True,1.4586587495169747,0.7220360760609027,True,simplicity,-1.2414471345127813,True,0.7293293722584873,,1.2414471344127813,-1e-10,0.7293293697584874,1.4586587395169748,1e-08,378
0.7302101218222578,enso-pacific-sst,True,True,1.4604202536445154,0.7229080206040349,True,simplicity,-1.2423239965642767,True,0.7302101243222572,,1.2423239964642767,-1e-10,0.7302101218222578,1.4604202436445155,1e-08,379
0.7314596777534335,enso-pacific-sst,True,True,1.4629193655068669,0.7241450809758991,True,simplicity,-1.2433600056069118,True,0.7314596802534333,,1.2433600055069118,-1e-10,0.7314596777534335,1.462919355506867,1e-08,380
0.7318879137761829,enso-pacific-sst,True,True,1.4637758375523657,0.7245690346384209,True,simplicity,-1.239981387201862,True,0.7318879162761827,,1.239981387101862,-1e-10,0.7318879137761829,1.4637758275523658,1e-08,381
0.7350451585657766,enso-pacific-sst,True,True,1.470090327131553,0.7276947069801187,True,simplicity,-1.2405054288950645,True,0.7350451610657767,,1.2405054287950645,-1e-10,0.7350451585657766,1.4700903171315531,1e-08,382
0.7374500007545464,enso-pacific-sst,True,True,1.4749000115090927,0.7300755007470009,True,simplicity,-1.2409727700506488,True,0.7374500032545465,,1.2409727699506488,-1e-10,0.7374500007545464,1.4749000015090927,1e-08,383
0.739206994548276,enso-pacific-sst,True,True,1.478413999096552,0.7318149246027933,True,simplicity,-1.2418817193906881,True,0.7392069970482759,,1.2418817192906881,-1e-10,0.739206994548276,1.478413989096552,1e-08,384
0.7410948970515074,enso-pacific-sst,True,True,1.4821898041030148,0.7336839480809922,True,simplicity,-1.2436630437814462,True,0.7410948995515072,,1.2436630436814462,-1e-10,0.7410948970515074,1.4821897941030149,1e-08,385
0.741944027773325,enso-pacific-sst,True,True,1.48388806554665,0.7345245874955918,True,simplicity,-1.2451853621177504,True,0.7419440302733252,,1.2451853620177504,-1e-10,0.741944027773325,1.48388805554665,1e-08,386
0.7388779773249032,enso-pacific-sst,True,True,1.4777559646498064,0.7314891975516541,True,simplicity,-1.2445414086407247,True,0.7388779798249032,,1.2445414085407247,-1e-10,0.7388779773249032,1.4777559546498065,1e-08,387
0.7369435224844728,enso-pacific-sst,True,True,1.4738870549689456,0.7295740872596282,True,simplicity,-1.2426045789781333,True,0.7369435249844727,,1.2426045788781332,-1e-10,0.7369435224844728,1.4738870449689456,1e-08,388
0.7350169092592569,enso-pacific-sst,True,True,1.4700338285185137,0.7276667401666643,True,simplicity,-1.2423723202172514,True,0.735016911759257,,1.2423723201172514,-1e-10,0.7350169092592569,1.4700338185185138,1e-08,389
0.7332821974968068,enso-pacific-sst,True,True,1.4665644049936135,0.7259493755218386,True,simplicity,-1.2418471808015625,True,0.7332821999968067,,1.2418471807015625,-1e-10,0.7332821974968068,1.4665643949936136,1e-08,390
0.7316624156711221,enso-pacific-sst,True,True,1.4633248413422442,0.7243457915144111,True,simplicity,-1.2411404040916236,True,0.7316624181711225,,1.2411404039916236,-1e-10,0.7316624156711221,1.4633248313422442,1e-08,391
0.7306585419952186,enso-pacific-sst,True,True,1.4613170939904372,0.7233519565752663,True,simplicity,-1.2434448609592477,True,0.7306585444952186,,1.2434448608592477,-1e-10,0.7306585419952186,1.4613170839904372,1e-08,392
0.7283084606012363,enso-pacific-sst,True,True,1.4566169312024726,0.7210253759952242,True,simplicity,-1.2421300922066012,True,0.7283084631012362,,1.2421300921066012,-1e-10,0.7283084606012363,1.4566169212024727,1e-08,393
0.7268787671619438,enso-pacific-sst,True,True,1.4537575443238875,0.7196099794903242,True,simplicity,-1.2421193922541192,True,0.7268787696619435,,1.2421193921541192,-1e-10,0.7268787671619438,1.4537575343238875,1e-08,394
0.7257719278850963,enso-pacific-sst,True,True,1.4515438657701925,0.7185142086062454,True,simplicity,-1.2407534899022996,True,0.7257719303850965,,1.2407534898022996,-1e-10,0.7257719278850963,1.4515438557701925,1e-08,395
0.7251930417234457,enso-pacific-sst,True,True,1.4503860934468913,0.7179411113062113,True,simplicity,-1.2403616715190415,True,0.725193044223446,,1.2403616714190415,-1e-10,0.7251930417234457,1.4503860834468913,1e-08,396
0.7241195910588154,enso-pacific-sst,True,True,1.4482391921176307,0.716878395148227,True,simplicity,-1.2392556294686827,True,0.7241195935588153,,1.2392556293686827,-1e-10,0.7241195910588154,1.4482391821176308,1e-08,397
0.7210469207290584,enso-pacific-sst,True,True,1.4420938514581167,0.7138364515217677,True,simplicity,-1.235666154336178,True,0.7210469232290583,,1.235666154236178,-1e-10,0.7210469207290584,1.4420938414581168,1e-08,398
0.7185250839392094,enso-pacific-sst,True,True,1.4370501778784188,0.7113398330998174,True,simplicity,-1.2337295720331474,True,0.7185250864392094,,1.2337295719331474,-1e-10,0.7185250839392094,1.4370501678784189,1e-08,399
0.7160465939066438,enso-pacific-sst,True,True,1.4320931978132876,0.7088861279675777,True,simplicity,-1.2289050682663563,True,0.7160465964066439,,1.2289050681663563,-1e-10,0.7160465939066438,1.4320931878132876,1e-08,400
0.7125762262120332,enso-pacific-sst,True,True,1.4251524624240663,0.7054504639499127,True,simplicity,-1.2212378949653826,True,0.712576228712033,,1.2212378948653826,-1e-10,0.7125762262120332,1.4251524524240664,1e-08,401
0.7106431481755896,enso-pacific-sst,True,True,1.4212863063511791,0.7035367166938337,True,simplicity,-1.2153145788610986,True,0.7106431506755899,,1.2153145787610986,-1e-10,0.7106431481755896,1.4212862963511792,1e-08,402
0.7199619472647091,enso-pacific-sst,True,True,1.439923904529418,0.7127623277920617,True,simplicity,-1.2273981659281876,True,0.7199619497647092,,1.2273981658281876,-1e-10,0.7199619472647091,1.4399238945294182,1e-08,403
0.7415407037540837,enso-pacific-sst,True,True,1.4830814175081672,0.734125296716543,True,simplicity,-1.2237534139784692,True,0.7415407062540834,,1.2237534138784691,-1e-10,0.7415407037540837,1.4830814075081673,1e-08,404
0.7535127704695456,enso-pacific-sst,True,True,1.507025550939091,0.7459776427648507,True,simplicity,-1.2193883844669369,True,0.753512772969546,,1.2193883843669369,-1e-10,0.7535127704695456,1.5070255409390911,1e-08,405
0.7845822066525553,enso-pacific-sst,True,True,1.5691644233051105,0.7767363845860298,True,simplicity,-1.2143626199842583,True,0.7845822091525548,,1.2143626198842583,-1e-10,0.7845822066525553,1.5691644133051106,1e-08,406
0.7941618285864528,enso-pacific-sst,True,True,1.5883236671729055,0.7862202103005885,True,simplicity,-1.215718818572924,True,0.7941618310864528,,1.215718818472924,-1e-10,0.7941618285864528,1.5883236571729056,1e-08,407
0.8020428560239553,enso-pacific-sst,True,True,1.6040857220479106,0.7940224274637157,True,simplicity,-1.2213271151811516,True,0.8020428585239554,,1.2213271150811515,-1e-10,0.8020428560239553,1.6040857120479106,1e-08,408
0.8023995687712081,enso-pacific-sst,True,True,1.6047991475424161,0.7943755730834963,True,simplicity,-1.2227820812860664,True,0.8023995712712081,,1.2227820811860663,-1e-10,0.8023995687712081,1.6047991375424162,1e-08,409
0.7977221946185813,enso-pacific-sst,True,True,1.5954443992371625,0.7897449726723957,True,simplicity,-1.2180259916844038,True,0.7977221971185813,,1.2180259915844038,-1e-10,0.7977221946185813,1.5954443892371626,1e-08,410
0.7998014088019068,enso-pacific-sst,True,True,1.5996028276038134,0.7918033947138878,True,simplicity,-1.2198549122488656,True,0.7998014113019065,,1.2198549121488655,-1e-10,0.7998014088019068,1.5996028176038135,1e-08,411
0.8050813605957964,enso-pacific-sst,True,True,1.6101627311915927,0.7970305469898382,True,simplicity,-1.2244705810821352,True,0.8050813630957958,,1.2244705809821352,-1e-10,0.8050813605957964,1.6101627211915928,1e-08,412
0.8034662401307336,enso-pacific-sst,True,True,1.6069324902614672,0.7954315777294264,True,simplicity,-1.2230335092704079,True,0.8034662426307337,,1.2230335091704079,-1e-10,0.8034662401307336,1.6069324802614673,1e-08,413
0.8010699925828924,enso-pacific-sst,True,True,1.6021399951657846,0.7930592926570631,True,simplicity,-1.2252287794043148,True,0.8010699950828923,,1.2252287793043148,-1e-10,0.8010699925828924,1.6021399851657847,1e-08,414
0.7961463790235972,enso-pacific-sst,True,True,1.5922927680471943,0.7881849152333616,True,simplicity,-1.2178599168702187,True,0.7961463815235972,,1.2178599167702187,-1e-10,0.7961463790235972,1.5922927580471944,1e-08,415
0.7936034581125622,enso-pacific-sst,True,True,1.5872069262251243,0.7856674235314368,True,simplicity,-1.2181746047666366,True,0.7936034606125625,,1.2181746046666366,-1e-10,0.7936034581125622,1.5872069162251243,1e-08,416
0.790035032780184,enso-pacific-sst,True,True,1.580070075560368,0.7821346824523822,True,simplicity,-1.2183592629772022,True,0.7900350352801842,,1.2183592628772022,-1e-10,0.790035032780184,1.580070065560368,1e-08,417
0.7829947914892955,enso-pacific-sst,True,True,1.565989592978591,0.7751648435744027,True,simplicity,-1.2188164108941741,True,0.7829947939892957,,1.2188164107941741,-1e-10,0.7829947914892955,1.565989582978591,1e-08,418
0.7808808837538327,enso-pacific-sst,True,True,1.5617617775076653,0.7730720749162947,True,simplicity,-1.2240219187896018,True,0.7808808862538329,,1.2240219186896018,-1e-10,0.7808808837538327,1.5617617675076654,1e-08,419
0.7734476816616669,enso-pacific-sst,True,True,1.5468953733233337,0.7657132048450506,True,simplicity,-1.2229876199231675,True,0.7734476841616671,,1.2229876198231675,-1e-10,0.7734476816616669,1.5468953633233338,1e-08,420
0.7670134704369769,enso-pacific-sst,True,True,1.5340269508739537,0.7593433357326071,True,simplicity,-1.2269356677332888,True,0.767013472936977,,1.2269356676332888,-1e-10,0.7670134704369769,1.5340269408739537,1e-08,421
0.7644490582578352,enso-pacific-sst,True,True,1.5288981265156703,0.7568045676752565,True,simplicity,-1.2285688979767537,True,0.7644490607578348,,1.2285688978767537,-1e-10,0.7644490582578352,1.5288981165156703,1e-08,422
0.7601780160277916,enso-pacific-sst,True,True,1.520356042055583,0.7525762358675138,True,simplicity,-1.2312229996131427,True,0.7601780185277914,,1.2312229995131427,-1e-10,0.7601780160277916,1.5203560320555831,1e-08,423
0.7587506140054542,enso-pacific-sst,True,True,1.5175012380109083,0.7511631078653992,True,simplicity,-1.2326434457483675,True,0.7587506165054542,,1.2326434456483675,-1e-10,0.7587506140054542,1.5175012280109084,1e-08,424
0.7574340218272817,enso-pacific-sst,True,True,1.5148680536545633,0.7498596816090086,True,simplicity,-1.234276648377187,True,0.7574340243272818,,1.234276648277187,-1e-10,0.7574340218272817,1.5148680436545634,1e-08,425
0.7593705988972771,enso-pacific-sst,True,True,1.5187412077945541,0.7517768929083042,True,simplicity,-1.2350323093378477,True,0.7593706013972771,,1.2350323092378477,-1e-10,0.7593705988972771,1.5187411977945542,1e-08,426
0.7615370530279011,enso-pacific-sst,True,True,1.5230741160558021,0.7539216824976219,True,simplicity,-1.2357765321698637,True,0.761537055527901,,1.2357765320698637,-1e-10,0.7615370530279011,1.5230741060558022,1e-08,427
0.7648398688925898,enso-pacific-sst,True,True,1.5296797477851796,0.7571914702036641,True,simplicity,-1.2362519128126612,True,0.7648398713925899,,1.2362519127126612,-1e-10,0.7648398688925898,1.5296797377851796,1e-08,428
0.766178323374958,enso-pacific-sst,True,True,1.5323566567499158,0.7585165401412086,True,simplicity,-1.2378897711794394,True,0.7661783258749582,,1.2378897710794394,-1e-10,0.766178323374958,1.532356646749916,1e-08,429
0.7657110705688274,enso-pacific-sst,True,True,1.5314221511376547,0.7580539598631391,True,simplicity,-1.2393423616151933,True,0.7657110730688274,,1.2393423615151933,-1e-10,0.7657110705688274,1.5314221411376547,1e-08,430
0.7656824150790945,enso-pacific-sst,True,True,1.531364840158189,0.7580255909283035,True,simplicity,-1.240627064974602,True,0.7656824175790942,,1.240627064874602,-1e-10,0.7656824150790945,1.531364830158189,1e-08,431
0.7634059718154936,enso-pacific-sst,True,True,1.5268119536309872,0.7557719120973386,True,simplicity,-1.239811307614843,True,0.7634059743154934,,1.239811307514843,-1e-10,0.7634059718154936,1.5268119436309873,1e-08,432
0.7617100148184939,enso-pacific-sst,True,True,1.5234200396369877,0.7540929146703089,True,simplicity,-1.2402412730713248,True,0.7617100173184936,,1.2402412729713248,-1e-10,0.7617100148184939,1.5234200296369877,1e-08,433
0.7575697542810469,enso-pacific-sst,True,True,1.5151395185620937,0.7499940567382364,True,simplicity,-1.2398367522970066,True,0.757569756781047,,1.2398367521970066,-1e-10,0.7575697542810469,1.5151395085620938,1e-08,434
0.7537766350863782,enso-pacific-sst,True,True,1.5075532801727562,0.7462388687355146,True,simplicity,-1.2395855196432346,True,0.7537766375863785,,1.2395855195432346,-1e-10,0.7537766350863782,1.5075532701727563,1e-08,435
0.7475648900204023,enso-pacific-sst,True,True,1.4951297900408045,0.7400892411201986,True,simplicity,-1.2381413252393891,True,0.7475648925204024,,1.2381413251393891,-1e-10,0.7475648900204023,1.4951297800408045,1e-08,436
0.7428876104800064,enso-pacific-sst,True,True,1.4857752309600127,0.7354587343752065,True,simplicity,-1.2389994511884757,True,0.7428876129800065,,1.2389994510884756,-1e-10,0.7428876104800064,1.4857752209600128,1e-08,437
0.7397955430748815,enso-pacific-sst,True,True,1.479591096149763,0.7323975876441324,True,simplicity,-1.2406130223450231,True,0.739795545574881,,1.2406130222450231,-1e-10,0.7397955430748815,1.479591086149763,1e-08,438
0.7375233159737263,enso-pacific-sst,True,True,1.4750466419474526,0.730148082813989,True,simplicity,-1.2408994035450656,True,0.7375233184737264,,1.2408994034450656,-1e-10,0.7375233159737263,1.4750466319474527,1e-08,439
0.7358157088802537,enso-pacific-sst,True,True,1.4716314277605074,0.7284575517914514,True,simplicity,-1.2408926238202742,True,0.7358157113802537,,1.2408926237202742,-1e-10,0.7358157088802537,1.4716314177605074,1e-08,440
0.7348793186025346,enso-pacific-sst,True,True,1.4697586472050692,0.7275305254165096,True,simplicity,-1.2409779100129992,True,0.7348793211025346,,1.2409779099129992,-1e-10,0.7348793186025346,1.4697586372050693,1e-08,441
0.7344186600838218,enso-pacific-sst,True,True,1.4688373301676436,0.7270744734829834,True,simplicity,-1.2411250553340012,True,0.7344186625838217,,1.2411250552340012,-1e-10,0.7344186600838218,1.4688373201676437,1e-08,442
0.7341606398840524,enso-pacific-sst,True,True,1.4683212897681048,0.7268190334852122,True,simplicity,-1.240015952287512,True,0.7341606423840523,,1.240015952187512,-1e-10,0.7341606398840524,1.468321279768105,1e-08,443
0.7346970794173858,enso-pacific-sst,True,True,1.4693941688347716,0.7273501086232121,True,simplicity,-1.2397666689833522,True,0.7346970819173858,,1.2397666688833522,-1e-10,0.7346970794173858,1.4693941588347716,1e-08,444
0.7356013960287082,enso-pacific-sst,True,True,1.4712028020574164,0.7282453820684209,True,simplicity,-1.2380944158188607,True,0.7356013985287083,,1.2380944157188607,-1e-10,0.7356013960287082,1.4712027920574164,1e-08,445
0.7368694694400724,enso-pacific-sst,True,True,1.4737389488801447,0.7295007747456717,True,simplicity,-1.2361560402284406,True,0.7368694719400724,,1.2361560401284406,-1e-10,0.7368694694400724,1.4737389388801447,1e-08,446
0.7370737737896185,enso-pacific-sst,True,True,1.4741475575792369,0.7297030360517225,True,simplicity,-1.2349931921410753,True,0.7370737762896188,,1.2349931920410753,-1e-10,0.7370737737896185,1.474147547579237,1e-08,447
0.7372354259033048,enso-pacific-sst,True,True,1.4744708618066096,0.7298630716442721,True,simplicity,-1.23400111685289,True,0.737235428403305,,1.23400111675289,-1e-10,0.7372354259033048,1.4744708518066096,1e-08,448
0.7364100919185717,enso-pacific-sst,True,True,1.4728201938371432,0.7290459909993862,True,simplicity,-1.2322538215448113,True,0.7364100944185717,,1.2322538214448113,-1e-10,0.7364100919185717,1.4728201838371433,1e-08,449
0.7340330978582998,enso-pacific-sst,True,True,1.4680662057165996,0.7266927668797168,True,simplicity,-1.2284381183335376,True,0.7340331003582998,,1.2284381182335375,-1e-10,0.7340330978582998,1.4680661957165997,1e-08,450
0.7314773513083498,enso-pacific-sst,True,True,1.4629547126166995,0.7241625777952662,True,simplicity,-1.2230431264386281,True,0.7314773538083497,,1.223043126338628,-1e-10,0.7314773513083498,1.4629547026166996,1e-08,451
0.7294451719152835,enso-pacific-sst,True,True,1.4588903538305669,0.7221507201961305,True,simplicity,-1.2201822628581005,True,0.7294451744152833,,1.2201822627581005,-1e-10,0.7294451719152835,1.458890343830567,1e-08,452
0.7241404911896493,enso-pacific-sst,True,True,1.4482809923792985,0.7168990862777528,True,simplicity,-1.2064978670922557,True,0.7241404936896492,,1.2064978669922557,-1e-10,0.7241404911896493,1.4482809823792986,1e-08,453
0.7350378754433066,enso-pacific-sst,True,True,1.470075760886613,0.7276874966888734,True,simplicity,-1.2104291620492116,True,0.7350378779433066,,1.2104291619492116,-1e-10,0.7350378754433066,1.4700757508866131,1e-08,454
0.7565114110292034,enso-pacific-sst,True,True,1.5130228320584067,0.748946296918911,True,simplicity,-1.2137817349354816,True,0.7565114135292031,,1.2137817348354816,-1e-10,0.7565114110292034,1.5130228220584068,1e-08,455
0.7878446806137399,enso-pacific-sst,True,True,1.5756893712274798,0.7799662338076025,True,simplicity,-1.216098195369423,True,0.7878446831137398,,1.216098195269423,-1e-10,0.7878446806137399,1.5756893612274798,1e-08,456
0.800441825554973,enso-pacific-sst,True,True,1.600883661109946,0.7924374072994238,True,simplicity,-1.2175989035517787,True,0.8004418280549735,,1.2175989034517787,-1e-10,0.800441825554973,1.600883651109946,1e-08,457
0.7975538584835764,enso-pacific-sst,True,True,1.5951077269671528,0.7895783198987404,True,simplicity,-1.217076845395625,True,0.797553860983576,,1.217076845295625,-1e-10,0.7975538584835764,1.5951077169671528,1e-08,458
0.7952374516113283,enso-pacific-sst,True,True,1.5904749132226566,0.7872850770952151,True,simplicity,-1.220157442670883,True,0.7952374541113282,,1.220157442570883,-1e-10,0.7952374516113283,1.5904749032226566,1e-08,459
0.7930361822834748,enso-pacific-sst,True,True,1.5860723745669496,0.78510582046064,True,simplicity,-1.2217047077010812,True,0.7930361847834746,,1.2217047076010812,-1e-10,0.7930361822834748,1.5860723645669497,1e-08,460
0.792922065394976,enso-pacific-sst,True,True,1.585844140789952,0.7849928447410262,True,simplicity,-1.2230495912682304,True,0.792922067894976,,1.2230495911682304,-1e-10,0.792922065394976,1.585844130789952,1e-08,461
0.7954119605800214,enso-pacific-sst,True,True,1.5908239311600427,0.7874578409742211,True,simplicity,-1.2243633713868647,True,0.795411963080021,,1.2243633712868647,-1e-10,0.7954119605800214,1.5908239211600428,1e-08,462
0.7981551130084938,enso-pacific-sst,True,True,1.5963102360169876,0.7901735618784088,True,simplicity,-1.2246385869708754,True,0.7981551155084938,,1.2246385868708753,-1e-10,0.7981551130084938,1.5963102260169877,1e-08,463
0.8056891705026376,enso-pacific-sst,True,True,1.611378351005275,0.7976322787976116,True,simplicity,-1.2262455179015594,True,0.8056891730026378,,1.2262455178015594,-1e-10,0.8056891705026376,1.611378341005275,1e-08,464
0.8147510237893568,enso-pacific-sst,True,True,1.6295020575787136,0.8066035135514634,True,simplicity,-1.2268165054007958,True,0.8147510262893575,,1.2268165053007958,-1e-10,0.8147510237893568,1.6295020475787136,1e-08,465
0.8230686311383387,enso-pacific-sst,True,True,1.6461372722766774,0.8148379448269553,True,simplicity,-1.2270640104304078,True,0.8230686336383385,,1.2270640103304078,-1e-10,0.8230686311383387,1.6461372622766774,1e-08,466
0.8249313241797677,enso-pacific-sst,True,True,1.6498626583595353,0.8166820109379697,True,simplicity,-1.2312279379706226,True,0.8249313266797673,,1.2312279378706226,-1e-10,0.8249313241797677,1.6498626483595353,1e-08,467
0.8261961595245653,enso-pacific-sst,True,True,1.6523923290491305,0.81793419792932,True,simplicity,-1.2351396700451547,True,0.8261961620245656,,1.2351396699451547,-1e-10,0.8261961595245653,1.6523923190491305,1e-08,468
0.8259488189728464,enso-pacific-sst,True,True,1.6518976479456928,0.817689330783118,True,simplicity,-1.2355058908596728,True,0.8259488214728465,,1.2355058907596728,-1e-10,0.8259488189728464,1.6518976379456929,1e-08,469
0.8267094556280886,enso-pacific-sst,True,True,1.6534189212561772,0.8184423610718079,True,simplicity,-1.235893908874234,True,0.8267094581280887,,1.235893908774234,-1e-10,0.8267094556280886,1.6534189112561772,1e-08,470
0.8240623584757057,enso-pacific-sst,True,True,1.6481247269514114,0.8158217348909488,True,simplicity,-1.2339117599640266,True,0.824062360975706,,1.2339117598640266,-1e-10,0.8240623584757057,1.6481247169514115,1e-08,471
0.8242669507334274,enso-pacific-sst,True,True,1.6485339114668547,0.8160242812260929,True,simplicity,-1.2356150949042037,True,0.8242669532334274,,1.2356150948042037,-1e-10,0.8242669507334274,1.6485339014668547,1e-08,472
0.8269095484923628,enso-pacific-sst,True,True,1.6538191069847255,0.818640453007439,True,simplicity,-1.236258873604582,True,0.8269095509923627,,1.236258873504582,-1e-10,0.8269095484923628,1.6538190969847255,1e-08,473
0.8225269889787321,enso-pacific-sst,True,True,1.6450539879574642,0.8143017190889447,True,simplicity,-1.2342188527161955,True,0.8225269914787318,,1.2342188526161955,-1e-10,0.8225269889787321,1.6450539779574642,1e-08,474
0.8129820262008989,enso-pacific-sst,True,True,1.6259640624017977,0.8048522059388898,True,simplicity,-1.2360243960445443,True,0.8129820287008988,,1.2360243959445443,-1e-10,0.8129820262008989,1.6259640524017978,1e-08,475
0.8090751190763046,enso-pacific-sst,True,True,1.618150248152609,0.8009843678855412,True,simplicity,-1.2347817165167279,True,0.8090751215763043,,1.2347817164167278,-1e-10,0.8090751190763046,1.6181502381526092,1e-08,476
0.8057535760334844,enso-pacific-sst,True,True,1.6115071620669688,0.7976960402731493,True,simplicity,-1.2360743597515587,True,0.8057535785334841,,1.2360743596515587,-1e-10,0.8057535760334844,1.6115071520669688,1e-08,477
0.7999736193301024,enso-pacific-sst,True,True,1.5999472486602047,0.7919738831368013,True,simplicity,-1.2375155608879038,True,0.7999736218301023,,1.2375155607879038,-1e-10,0.7999736193301024,1.5999472386602047,1e-08,478
0.7962423456190353,enso-pacific-sst,True,True,1.5924847012380705,0.7882799221628451,True,simplicity,-1.2371359981401444,True,0.796242348119035,,1.2371359980401444,-1e-10,0.7962423456190353,1.5924846912380706,1e-08,479
0.7929239466875999,enso-pacific-sst,True,True,1.5858479033751998,0.7849947072207238,True,simplicity,-1.2382418512323317,True,0.7929239491875999,,1.2382418511323317,-1e-10,0.7929239466875999,1.5858478933751998,1e-08,480
0.7945381225038852,enso-pacific-sst,True,True,1.5890762550077704,0.7865927412788463,True,simplicity,-1.2378180128845777,True,0.7945381250038853,,1.2378180127845777,-1e-10,0.7945381225038852,1.5890762450077704,1e-08,481
0.7950913744210825,enso-pacific-sst,True,True,1.5901827588421649,0.7871404606768716,True,simplicity,-1.2391133160713586,True,0.7950913769210823,,1.2391133159713585,-1e-10,0.7950913744210825,1.590182748842165,1e-08,482
0.7912450370037186,enso-pacific-sst,True,True,1.5824900840074372,0.7833325866336815,True,simplicity,-1.2387935070630611,True,0.7912450395037185,,1.2387935069630611,-1e-10,0.7912450370037186,1.5824900740074372,1e-08,483
0.7631518010040571,enso-pacific-sst,True,True,1.5263036120081142,0.7555202829940162,True,simplicity,-1.2384583212113522,True,0.7631518035040569,,1.2384583211113522,-1e-10,0.7631518010040571,1.5263036020081142,1e-08,484
0.7572429710265298,enso-pacific-sst,True,True,1.5144859520530596,0.7496705413162642,True,simplicity,-1.239759451043407,True,0.7572429735265294,,1.239759450943407,-1e-10,0.7572429710265298,1.5144859420530596,1e-08,485
0.7645173420300257,enso-pacific-sst,True,True,1.5290346940600514,0.7568721686097255,True,simplicity,-1.2402475095144139,True,0.7645173445300262,,1.2402475094144139,-1e-10,0.7645173420300257,1.5290346840600515,1e-08,486
0.7650375826376391,enso-pacific-sst,True,True,1.5300751752752781,0.7573872068112631,True,simplicity,-1.2379494738855006,True,0.7650375851376395,,1.2379494737855006,-1e-10,0.7650375826376391,1.5300751652752782,1e-08,487
0.7658165910900023,enso-pacific-sst,True,True,1.5316331921800046,0.7581584251791026,True,simplicity,-1.23727821804287,True,0.7658165935900024,,1.23727821794287,-1e-10,0.7658165910900023,1.5316331821800047,1e-08,488
0.7627491820527025,enso-pacific-sst,True,True,1.525498374105405,0.7551216902321753,True,simplicity,-1.2281224617053668,True,0.7627491845527024,,1.2281224616053668,-1e-10,0.7627491820527025,1.525498364105405,1e-08,489
0.7636771141606018,enso-pacific-sst,True,True,1.5273542383212035,0.7560403430189958,True,simplicity,-1.2264428220182442,True,0.763677116660602,,1.2264428219182442,-1e-10,0.7636771141606018,1.5273542283212036,1e-08,490
0.7657218086407102,enso-pacific-sst,True,True,1.5314436272814202,0.758064590554303,True,simplicity,-1.2270023060805846,True,0.7657218111407101,,1.2270023059805846,-1e-10,0.7657218086407102,1.5314436172814203,1e-08,491
0.7675126074474924,enso-pacific-sst,True,True,1.5350252248949847,0.7598374813730175,True,simplicity,-1.2277928467211514,True,0.7675126099474924,,1.2277928466211514,-1e-10,0.7675126074474924,1.5350252148949848,1e-08,492
0.7694310838252459,enso-pacific-sst,True,True,1.5388621776504918,0.7617367729869939,True,simplicity,-1.2301710501989724,True,0.7694310863252464,,1.2301710500989724,-1e-10,0.7694310838252459,1.5388621676504919,1e-08,493
0.771595066280659,enso-pacific-sst,True,True,1.543190142561318,0.7638791156178525,True,simplicity,-1.2327405918961687,True,0.7715950687806588,,1.2327405917961687,-1e-10,0.771595066280659,1.543190132561318,1e-08,494
0.7735627771410909,enso-pacific-sst,True,True,1.5471255642821817,0.7658271493696802,True,simplicity,-1.2337033812322717,True,0.7735627796410908,,1.2337033811322717,-1e-10,0.7735627771410909,1.5471255542821818,1e-08,495
0.7803452470240164,enso-pacific-sst,True,True,1.5606905040480328,0.7725417945537764,True,simplicity,-1.2379974703711367,True,0.7803452495240166,,1.2379974702711367,-1e-10,0.7803452470240164,1.5606904940480328,1e-08,496
0.784819385922666,enso-pacific-sst,True,True,1.569638781845332,0.7769711920634395,True,simplicity,-1.2389885718951723,True,0.7848193884226659,,1.2389885717951723,-1e-10,0.784819385922666,1.569638771845332,1e-08,497
0.78734766828947,enso-pacific-sst,True,True,1.57469534657894,0.7794741916065753,True,simplicity,-1.2389405793040518,True,0.7873476707894701,,1.2389405792040518,-1e-10,0.78734766828947,1.57469533657894,1e-08,498
0.7814068724004519,enso-pacific-sst,True,True,1.5628137548009038,0.773592803676448,True,simplicity,-1.2308097288467368,True,0.7814068749004522,,1.2308097287467368,-1e-10,0.7814068724004519,1.5628137448009038,1e-08,499
0.7782194192558165,enso-pacific-sst,True,True,1.556438848511633,0.7704372250632581,True,simplicity,-1.2304184500450184,True,0.7782194217558165,,1.2304184499450184,-1e-10,0.7782194192558165,1.556438838511633,1e-08,500
0.7744799160268985,enso-pacific-sst,True,True,1.5489598420537969,0.7667351168666289,True,simplicity,-1.2301276749257282,True,0.7744799185268985,,1.2301276748257282,-1e-10,0.7744799160268985,1.548959832053797,1e-08,501
0.7695826322341666,enso-pacific-sst,True,True,1.539165274468333,0.7618868059118247,True,simplicity,-1.2305546467518973,True,0.7695826347341663,,1.2305546466518973,-1e-10,0.7695826322341666,1.5391652644683331,1e-08,502
0.7641651888700369,enso-pacific-sst,True,True,1.5283303877400738,0.7565235369813367,True,simplicity,-1.2309554595499443,True,0.7641651913700371,,1.2309554594499443,-1e-10,0.7641651888700369,1.5283303777400739,1e-08,503
0.7566975516392496,enso-pacific-sst,True,True,1.513395113278499,0.7491305761228574,True,simplicity,-1.229989588509341,True,0.7566975541392496,,1.229989588409341,-1e-10,0.7566975516392496,1.5133951032784991,1e-08,504
0.7520358452621259,enso-pacific-sst,True,True,1.5040717005242517,0.7445154868095049,True,simplicity,-1.2284690719002043,True,0.7520358477621258,,1.2284690718002043,-1e-10,0.7520358452621259,1.5040716905242517,1e-08,505
0.7456532835113633,enso-pacific-sst,True,True,1.4913065770227265,0.7381967506762501,True,simplicity,-1.2267637005343672,True,0.7456532860113637,,1.2267637004343672,-1e-10,0.7456532835113633,1.4913065670227266,1e-08,506
0.731867663501942,enso-pacific-sst,True,True,1.463735337003884,0.7245489868669227,True,simplicity,-1.2219074857831262,True,0.7318676660019421,,1.2219074856831262,-1e-10,0.731867663501942,1.463735327003884,1e-08,507
0.7324345293665216,enso-pacific-sst,True,True,1.4648690687330432,0.7251101840728564,True,simplicity,-1.2242981950225333,True,0.7324345318665217,,1.2242981949225333,-1e-10,0.7324345293665216,1.4648690587330433,1e-08,508
0.7725506589784272,enso-pacific-sst,True,True,1.5451013279568544,0.7648251523886433,True,simplicity,-1.22844729434215,True,0.7725506614784273,,1.22844729424215,-1e-10,0.7725506589784272,1.5451013179568545,1e-08,509
0.7778647520942357,enso-pacific-sst,True,True,1.5557295141884713,0.7700861045732935,True,simplicity,-1.235445198997374,True,0.777864754594236,,1.235445198897374,-1e-10,0.7778647520942357,1.5557295041884713,1e-08,510
0.7768968862736376,enso-pacific-sst,True,True,1.5537937825472752,0.7691279174109009,True,simplicity,-1.2354726950431267,True,0.7768968887736375,,1.2354726949431267,-1e-10,0.7768968862736376,1.5537937725472752,1e-08,511
0.7752257925841723,enso-pacific-sst,True,True,1.5504515951683446,0.7674735346583307,True,simplicity,-1.2356969326313898,True,0.7752257950841726,,1.2356969325313898,-1e-10,0.7752257925841723,1.5504515851683447,1e-08,512
0.777736145206241,enso-pacific-sst,True,True,1.555472300412482,0.7699587837541783,True,simplicity,-1.2345897155005514,True,0.7777361477062409,,1.2345897154005514,-1e-10,0.777736145206241,1.555472290412482,1e-08,513
0.7725430105281693,enso-pacific-sst,True,True,1.5450860310563386,0.7648175804228877,True,simplicity,-1.2344768405660493,True,0.7725430130281692,,1.2344768404660493,-1e-10,0.7725430105281693,1.5450860210563386,1e-08,514
0.7766947035802877,enso-pacific-sst,True,True,1.5533894171605753,0.7689277565444849,True,simplicity,-1.2257970264442615,True,0.7766947060802876,,1.2257970263442615,-1e-10,0.7766947035802877,1.5533894071605754,1e-08,515
0.7779663097161121,enso-pacific-sst,True,True,1.5559326294322242,0.7701866466189506,True,simplicity,-1.2320618551001115,True,0.7779663122161123,,1.2320618550001114,-1e-10,0.7779663097161121,1.5559326194322243,1e-08,516
0.7772787657165312,enso-pacific-sst,True,True,1.5545575414330624,0.7695059780593658,True,simplicity,-1.2354770935986208,True,0.7772787682165309,,1.2354770934986208,-1e-10,0.7772787657165312,1.5545575314330624,1e-08,517
0.7815323776769575,enso-pacific-sst,True,True,1.563064765353915,0.7737170539001879,True,simplicity,-1.2353014760303562,True,0.7815323801769571,,1.2353014759303562,-1e-10,0.7815323776769575,1.563064755353915,1e-08,518
0.783202106702988,enso-pacific-sst,True,True,1.5664042234059758,0.7753700856359584,True,simplicity,-1.2344063760964876,True,0.7832021092029883,,1.2344063759964876,-1e-10,0.783202106702988,1.566404213405976,1e-08,519
0.7853419886626548,enso-pacific-sst,True,True,1.5706839873253096,0.7774885687760283,True,simplicity,-1.2335164928319067,True,0.785341991162655,,1.2335164927319067,-1e-10,0.7853419886626548,1.5706839773253096,1e-08,520
0.7899558615611493,enso-pacific-sst,True,True,1.5799117331222985,0.7820563029455374,True,simplicity,-1.232402080004538,True,0.7899558640611488,,1.232402079904538,-1e-10,0.7899558615611493,1.5799117231222986,1e-08,521
0.7963581774053505,enso-pacific-sst,True,True,1.592716364810701,0.788394595631297,True,simplicity,-1.2308444916589205,True,0.7963581799053505,,1.2308444915589205,-1e-10,0.7963581774053505,1.592716354810701,1e-08,522
0.8002026942352259,enso-pacific-sst,True,True,1.6004053984704518,0.7922006672928734,True,simplicity,-1.2292265524394332,True,0.8002026967352258,,1.2292265523394332,-1e-10,0.8002026942352259,1.6004053884704519,1e-08,523
0.8020097618186753,enso-pacific-sst,True,True,1.6040195336373506,0.7939896642004884,True,simplicity,-1.2281358102217157,True,0.8020097643186753,,1.2281358101217157,-1e-10,0.8020097618186753,1.6040195236373507,1e-08,524
0.802429365284262,enso-pacific-sst,True,True,1.604858740568524,0.7944050716314193,True,simplicity,-1.2255878530173563,True,0.8024293677842621,,1.2255878529173563,-1e-10,0.802429365284262,1.604858730568524,1e-08,525
0.8070309859402022,enso-pacific-sst,True,True,1.6140619818804043,0.7989606760808,True,simplicity,-1.2254474741608032,True,0.8070309884402022,,1.2254474740608032,-1e-10,0.8070309859402022,1.6140619718804043,1e-08,526
0.807172550744088,enso-pacific-sst,True,True,1.614345111488176,0.7991008252366477,True,simplicity,-1.227562763891346,True,0.8071725532440878,,1.227562763791346,-1e-10,0.807172550744088,1.614345101488176,1e-08,527
0.8006927256524814,enso-pacific-sst,True,True,1.6013854613049627,0.7926857983959567,True,simplicity,-1.2263389436498442,True,0.8006927281524815,,1.2263389435498442,-1e-10,0.8006927256524814,1.6013854513049628,1e-08,528
0.7918158500459338,enso-pacific-sst,True,True,1.5836317100918675,0.7838976915454745,True,simplicity,-1.2274630373311655,True,0.7918158525459339,,1.2274630372311655,-1e-10,0.7918158500459338,1.5836317000918676,1e-08,529
0.783928559541575,enso-pacific-sst,True,True,1.56785712908315,0.7760892739461595,True,simplicity,-1.228125524133281,True,0.7839285620415755,,1.228125524033281,-1e-10,0.783928559541575,1.56785711908315,1e-08,530
0.7800060354316624,enso-pacific-sst,True,True,1.5600120808633247,0.7722059750773459,True,simplicity,-1.2270674612546575,True,0.7800060379316623,,1.2270674611546575,-1e-10,0.7800060354316624,1.5600120708633247,1e-08,531
0.7740241732008818,enso-pacific-sst,True,True,1.5480483564017635,0.7662839314688732,True,simplicity,-1.226696915748974,True,0.7740241757008821,,1.226696915648974,-1e-10,0.7740241732008818,1.5480483464017636,1e-08,532
0.7699452683445615,enso-pacific-sst,True,True,1.5398905466891228,0.7622458156611155,True,simplicity,-1.2257427731353407,True,0.7699452708445611,,1.2257427730353407,-1e-10,0.7699452683445615,1.539890536689123,1e-08,533
0.7652264748334147,enso-pacific-sst,True,True,1.5304529596668293,0.7575742100850806,True,simplicity,-1.2249377645880537,True,0.765226477333415,,1.2249377644880537,-1e-10,0.7652264748334147,1.5304529496668293,1e-08,534
0.7605973033992014,enso-pacific-sst,True,True,1.5211946167984027,0.7529913303652093,True,simplicity,-1.2231088184504046,True,0.7605973058992017,,1.2231088183504046,-1e-10,0.7605973033992014,1.5211946067984028,1e-08,535
0.7554618664775197,enso-pacific-sst,True,True,1.5109237429550393,0.7479072478127442,True,simplicity,-1.2195144732452219,True,0.7554618689775194,,1.2195144731452219,-1e-10,0.7554618664775197,1.5109237329550393,1e-08,536
0.7468126523382079,enso-pacific-sst,True,True,1.4936253146764158,0.7393445258148258,True,simplicity,-1.2145847923728241,True,0.7468126548382079,,1.2145847922728241,-1e-10,0.7468126523382079,1.4936253046764159,1e-08,537
0.7495147275862171,enso-pacific-sst,True,True,1.499029465172434,0.7420195803103553,True,simplicity,-1.208753392822732,True,0.749514730086217,,1.208753392722732,-1e-10,0.7495147275862171,1.4990294551724341,1e-08,538
0.7432305241398581,enso-pacific-sst,True,True,1.4864610582797162,0.7357982188984595,True,simplicity,-1.205249033775567,True,0.7432305266398582,,1.205249033675567,-1e-10,0.7432305241398581,1.4864610482797163,1e-08,539
0.7462034163471881,enso-pacific-sst,True,True,1.4924068426943762,0.738741382183716,True,simplicity,-1.2046645528719302,True,0.7462034188471878,,1.2046645527719302,-1e-10,0.7462034163471881,1.4924068326943762,1e-08,540
0.7986136456698385,enso-pacific-sst,True,True,1.597227301339677,0.7906275092131401,True,simplicity,-1.2090713319676243,True,0.7986136481698385,,1.2090713318676243,-1e-10,0.7986136456698385,1.597227291339677,1e-08,541
0.8017626856317457,enso-pacific-sst,True,True,1.6035253812634913,0.7937450587754283,True,simplicity,-1.2140638671603319,True,0.8017626881317456,,1.2140638670603319,-1e-10,0.8017626856317457,1.6035253712634914,1e-08,542
0.7416049114127689,enso-pacific-sst,True,True,1.4832098328255376,0.734188862298641,True,simplicity,-1.1996828247484572,True,0.7416049139127687,,1.1996828246484572,-1e-10,0.7416049114127689,1.4832098228255377,1e-08,543
0.7280569877128413,enso-pacific-sst,True,True,1.4561139854256826,0.7207764178357131,True,simplicity,-1.2065281140110404,True,0.7280569902128413,,1.2065281139110404,-1e-10,0.7280569877128413,1.4561139754256827,1e-08,544
0.7102008648124473,enso-pacific-sst,True,True,1.4204017396248945,0.7030988561643232,True,simplicity,-1.2059004633135175,True,0.7102008673124476,,1.2059004632135175,-1e-10,0.7102008648124473,1.4204017296248945,1e-08,545
0.7097563587614175,enso-pacific-sst,True,True,1.419512727522835,0.7026587951738035,True,simplicity,-1.2117117673152091,True,0.7097563612614177,,1.2117117672152091,-1e-10,0.7097563587614175,1.419512717522835,1e-08,546
0.7110580308043422,enso-pacific-sst,True,True,1.4221160716086843,0.7039474504962988,True,simplicity,-1.2167459772456162,True,0.7110580333043423,,1.2167459771456162,-1e-10,0.7110580308043422,1.4221160616086843,1e-08,547
0.7124094300286661,enso-pacific-sst,True,True,1.424818870057332,0.7052853357283793,True,simplicity,-1.2206640516212903,True,0.712409432528666,,1.2206640515212903,-1e-10,0.7124094300286661,1.4248188600573322,1e-08,548
0.7146074865732264,enso-pacific-sst,True,True,1.4292149831464527,0.7074614117074942,True,simplicity,-1.225728797021154,True,0.7146074890732265,,1.2257287969211539,-1e-10,0.7146074865732264,1.4292149731464527,1e-08,549
0.7160743417790754,enso-pacific-sst,True,True,1.4321486935581507,0.7089135983612845,True,simplicity,-1.2289826556063304,True,0.7160743442790752,,1.2289826555063303,-1e-10,0.7160743417790754,1.4321486835581507,1e-08,550
0.7182399385422223,enso-pacific-sst,True,True,1.4364798870844446,0.7110575391568001,True,simplicity,-1.2335719619835415,True,0.7182399410422226,,1.2335719618835415,-1e-10,0.7182399385422223,1.4364798770844447,1e-08,551
0.7188892642329199,enso-pacific-sst,True,True,1.4377785384658397,0.7117003715905909,True,simplicity,-1.2349451580515813,True,0.7188892667329201,,1.2349451579515813,-1e-10,0.7188892642329199,1.4377785284658398,1e-08,552
0.7195413850496389,enso-pacific-sst,True,True,1.4390827800992778,0.7123459711991428,True,simplicity,-1.2361858553157146,True,0.7195413875496391,,1.2361858552157146,-1e-10,0.7195413850496389,1.4390827700992779,1e-08,553
0.7206107114469609,enso-pacific-sst,True,True,1.4412214328939217,0.7134046043324913,True,simplicity,-1.237990556874665,True,0.720610713946961,,1.237990556774665,-1e-10,0.7206107114469609,1.4412214228939217,1e-08,554
0.7226787500320694,enso-pacific-sst,True,True,1.4453575100641387,0.7154519625317484,True,simplicity,-1.2418819037738742,True,0.7226787525320694,,1.2418819036738742,-1e-10,0.7226787500320694,1.4453575000641388,1e-08,555
0.7236096391786921,enso-pacific-sst,True,True,1.4472192883573842,0.7163735427869052,True,simplicity,-1.2435017176804246,True,0.7236096416786922,,1.2435017175804246,-1e-10,0.7236096391786921,1.4472192783573843,1e-08,556
0.7240987566011345,enso-pacific-sst,True,True,1.448197523202269,0.7168577690351237,True,simplicity,-1.2445045990528487,True,0.7240987591011345,,1.2445045989528487,-1e-10,0.7240987566011345,1.448197513202269,1e-08,557
0.7248299469280354,enso-pacific-sst,True,True,1.4496599038560707,0.717581647458755,True,simplicity,-1.245462448405108,True,0.7248299494280352,,1.245462448305108,-1e-10,0.7248299469280354,1.4496598938560707,1e-08,558
0.7256297350834826,enso-pacific-sst,True,True,1.4512594801669652,0.7183734377326478,True,simplicity,-1.2461884546999271,True,0.7256297375834825,,1.246188454599927,-1e-10,0.7256297350834826,1.4512594701669652,1e-08,559
0.7263664162053232,enso-pacific-sst,True,True,1.4527328424106463,0.7191027520432701,True,simplicity,-1.2466396295246818,True,0.7263664187053233,,1.2466396294246818,-1e-10,0.7263664162053232,1.4527328324106463,1e-08,560
0.727280177233691,enso-pacific-sst,True,True,1.454560364467382,0.7200073754613544,True,simplicity,-1.2476593446030526,True,0.7272801797336911,,1.2476593445030526,-1e-10,0.727280177233691,1.454560354467382,1e-08,561
0.7279963092736966,enso-pacific-sst,True,True,1.4559926285473932,0.7207163461809597,True,simplicity,-1.2482766959842329,True,0.7279963117736966,,1.2482766958842328,-1e-10,0.7279963092736966,1.4559926185473933,1e-08,562
0.7285221466179042,enso-pacific-sst,True,True,1.4570443032358082,0.7212369251517251,True,simplicity,-1.2478562073513755,True,0.728522149117904,,1.2478562072513755,-1e-10,0.7285221466179042,1.4570442932358083,1e-08,563
0.7298028492428853,enso-pacific-sst,True,True,1.4596057084857705,0.7225048207504565,True,simplicity,-1.2473685233945915,True,0.7298028517428855,,1.2473685232945915,-1e-10,0.7298028492428853,1.4596056984857706,1e-08,564
0.7322385736820154,enso-pacific-sst,True,True,1.4644771573640307,0.7249161879451951,True,simplicity,-1.246813445745298,True,0.732238576182015,,1.246813445645298,-1e-10,0.7322385736820154,1.4644771473640308,1e-08,565
0.7341149044536538,enso-pacific-sst,True,True,1.4682298189073075,0.7267737554091173,True,simplicity,-1.2470848829146517,True,0.734114906953654,,1.2470848828146517,-1e-10,0.7341149044536538,1.4682298089073076,1e-08,566
0.7331590095942291,enso-pacific-sst,True,True,1.466318029188458,0.725827419498287,True,simplicity,-1.2467904100373828,True,0.7331590120942294,,1.2467904099373828,-1e-10,0.7331590095942291,1.4663180191884582,1e-08,567
0.7310085598972373,enso-pacific-sst,True,True,1.4620171297944746,0.7236984742982647,True,simplicity,-1.244824667895423,True,0.7310085623972374,,1.244824667795423,-1e-10,0.7310085598972373,1.4620171197944747,1e-08,568
0.7306988792749014,enso-pacific-sst,True,True,1.4613977685498027,0.7233918904821526,True,simplicity,-1.2450866989131688,True,0.7306988817749018,,1.2450866988131688,-1e-10,0.7306988792749014,1.4613977585498028,1e-08,569
0.7298403476454669,enso-pacific-sst,True,True,1.4596807052909337,0.7225419441690124,True,simplicity,-1.2428705946092358,True,0.7298403501454671,,1.2428705945092358,-1e-10,0.7298403476454669,1.4596806952909338,1e-08,570
0.7283705047720241,enso-pacific-sst,True,True,1.4567410195440482,0.7210867997243037,True,simplicity,-1.2414791282609927,True,0.7283705072720239,,1.2414791281609927,-1e-10,0.7283705047720241,1.4567410095440483,1e-08,571
0.7274048408863958,enso-pacific-sst,True,True,1.4548096917727915,0.720130792477532,True,simplicity,-1.2404732442287547,True,0.7274048433863961,,1.2404732441287547,-1e-10,0.7274048408863958,1.4548096817727916,1e-08,572
0.7266263756271449,enso-pacific-sst,True,True,1.4532527612542898,0.7193601118708738,True,simplicity,-1.2393292097770183,True,0.7266263781271448,,1.2393292096770183,-1e-10,0.7266263756271449,1.4532527512542899,1e-08,573
0.7260266182585767,enso-pacific-sst,True,True,1.4520532465171534,0.718766352075991,True,simplicity,-1.238319620059082,True,0.7260266207585768,,1.238319619959082,-1e-10,0.7260266182585767,1.4520532365171535,1e-08,574
0.7248309850739549,enso-pacific-sst,True,True,1.4496619801479098,0.7175826752232154,True,simplicity,-1.2355032857124613,True,0.724830987573955,,1.2355032856124613,-1e-10,0.7248309850739549,1.4496619701479099,1e-08,575
0.7255199113223797,enso-pacific-sst,True,True,1.4510398326447593,0.7182647122091561,True,simplicity,-1.236287136715978,True,0.7255199138223797,,1.236287136615978,-1e-10,0.7255199113223797,1.4510398226447594,1e-08,576
0.7270296801601652,enso-pacific-sst,True,True,1.4540593703203304,0.7197593833585636,True,simplicity,-1.2384322132480363,True,0.7270296826601651,,1.2384322131480363,-1e-10,0.7270296801601652,1.4540593603203305,1e-08,577
0.726669121360217,enso-pacific-sst,True,True,1.453338252720434,0.7194024301466148,True,simplicity,-1.2370435407993923,True,0.7266691238602173,,1.2370435406993923,-1e-10,0.726669121360217,1.453338242720434,1e-08,578
0.7250640557713053,enso-pacific-sst,True,True,1.4501281215426105,0.717813415213592,True,simplicity,-1.2324207781603191,True,0.7250640582713052,,1.2324207780603191,-1e-10,0.7250640557713053,1.4501281115426106,1e-08,579
0.7243357900893348,enso-pacific-sst,True,True,1.4486715901786695,0.7170924321884417,True,simplicity,-1.2276423748644887,True,0.7243357925893349,,1.2276423747644887,-1e-10,0.7243357900893348,1.4486715801786696,1e-08,580
0.7298251215136432,enso-pacific-sst,True,True,1.4596502530272863,0.722526870298507,True,simplicity,-1.2244913202951533,True,0.7298251240136431,,1.2244913201951533,-1e-10,0.7298251215136432,1.4596502430272864,1e-08,581
0.7366656082522907,enso-pacific-sst,True,True,1.4733312265045813,0.7292989521697677,True,simplicity,-1.218685397024974,True,0.7366656107522909,,1.218685396924974,-1e-10,0.7366656082522907,1.4733312165045813,1e-08,582
0.7586571780710929,enso-pacific-sst,True,True,1.5173143661421857,0.7510706062903819,True,simplicity,-1.2259288918336966,True,0.7586571805710925,,1.2259288917336966,-1e-10,0.7586571780710929,1.5173143561421858,1e-08,583
0.7931307484210921,enso-pacific-sst,True,True,1.5862615068421841,0.785199440936881,True,simplicity,-1.2169020332965714,True,0.7931307509210916,,1.2169020331965714,-1e-10,0.7931307484210921,1.5862614968421842,1e-08,584
0.8075713948619896,enso-pacific-sst,True,True,1.6151427997239791,0.7994956809133699,True,simplicity,-1.2251190799594698,True,0.8075713973619898,,1.2251190798594698,-1e-10,0.8075713948619896,1.6151427897239792,1e-08,585
0.8154439805382387,enso-pacific-sst,True,True,1.6308879710764774,0.8072895407328561,True,simplicity,-1.2268494431856307,True,0.8154439830382386,,1.2268494430856307,-1e-10,0.8154439805382387,1.6308879610764775,1e-08,586
0.8139596132908781,enso-pacific-sst,True,True,1.627919236581756,0.8058200171579687,True,simplicity,-1.2245508982845648,True,0.8139596157908777,,1.2245508981845648,-1e-10,0.8139596132908781,1.6279192265817561,1e-08,587
0.8159271780233927,enso-pacific-sst,True,True,1.6318543660467852,0.8077679062431586,True,simplicity,-1.2249855472307019,True,0.8159271805233927,,1.2249855471307018,-1e-10,0.8159271780233927,1.6318543560467853,1e-08,588
0.8154481725548555,enso-pacific-sst,True,True,1.6308963551097109,0.8072936908293067,True,simplicity,-1.22356730630292,True,0.8154481750548555,,1.22356730620292,-1e-10,0.8154481725548555,1.630896345109711,1e-08,589
0.810574805887031,enso-pacific-sst,True,True,1.621149621774062,0.8024690578281607,True,simplicity,-1.2176603750037578,True,0.8105748083870309,,1.2176603749037578,-1e-10,0.810574805887031,1.621149611774062,1e-08,590
0.8042034496523942,enso-pacific-sst,True,True,1.6084069093047884,0.7961614151558701,True,simplicity,-1.2212636309855553,True,0.8042034521523942,,1.2212636308855553,-1e-10,0.8042034496523942,1.6084068993047884,1e-08,591
0.8015435293640659,enso-pacific-sst,True,True,1.6030870687281318,0.7935280940704252,True,simplicity,-1.2219705726218022,True,0.8015435318640656,,1.2219705725218022,-1e-10,0.8015435293640659,1.6030870587281318,1e-08,592
0.8077404773287321,enso-pacific-sst,True,True,1.6154809646574642,0.799663072555445,True,simplicity,-1.2210241265905228,True,0.8077404798287323,,1.2210241264905228,-1e-10,0.8077404773287321,1.6154809546574642,1e-08,593
0.8120257148201308,enso-pacific-sst,True,True,1.6240514396402614,0.8039054576719296,True,simplicity,-1.222781684006946,True,0.812025717320131,,1.222781683906946,-1e-10,0.8120257148201308,1.6240514296402615,1e-08,594
0.8132903000358875,enso-pacific-sst,True,True,1.626580610071775,0.8051573970355286,True,simplicity,-1.2224857633942459,True,0.8132903025358874,,1.2224857632942459,-1e-10,0.8132903000358875,1.626580600071775,1e-08,595
0.8130808438056452,enso-pacific-sst,True,True,1.6261616976112903,0.8049500353675887,True,simplicity,-1.2212609906104432,True,0.8130808463056454,,1.2212609905104432,-1e-10,0.8130808438056452,1.6261616876112903,1e-08,596
0.8104683979947326,enso-pacific-sst,True,True,1.620936805989465,0.8023637140147852,True,simplicity,-1.2190391226375934,True,0.8104684004947326,,1.2190391225375934,-1e-10,0.8104683979947326,1.6209367959894652,1e-08,597
0.8110607978781066,enso-pacific-sst,True,True,1.6221216057562131,0.8029501898993254,True,simplicity,-1.2197384069073625,True,0.8110608003781066,,1.2197384068073625,-1e-10,0.8110607978781066,1.6221215957562132,1e-08,598
0.8113741799253633,enso-pacific-sst,True,True,1.6227483698507266,0.8032604381261096,True,simplicity,-1.2223338773574657,True,0.8113741824253633,,1.2223338772574657,-1e-10,0.8113741799253633,1.6227483598507266,1e-08,599
0.8062595837661872,enso-pacific-sst,True,True,1.6125191775323744,0.7981969879285256,True,simplicity,-1.221808968137045,True,0.8062595862661874,,1.221808968037045,-1e-10,0.8062595837661872,1.6125191675323745,1e-08,600
0.8073083791925233,enso-pacific-sst,True,True,1.6146167683850465,0.7992352954005982,True,simplicity,-1.2207552878693009,True,0.8073083816925235,,1.2207552877693009,-1e-10,0.8073083791925233,1.6146167583850466,1e-08,601
0.8070343050748388,enso-pacific-sst,True,True,1.6140686201496774,0.7989639620240906,True,simplicity,-1.220359174518366,True,0.8070343075748391,,1.220359174418366,-1e-10,0.8070343050748388,1.6140686101496775,1e-08,602
0.750303818921623,enso-pacific-sst,True,True,1.500607647843246,0.742800780732407,True,simplicity,-1.210128349611006,True,0.7503038214216231,,1.210128349511006,-1e-10,0.750303818921623,1.500607637843246,1e-08,603
0.7467588931867245,enso-pacific-sst,True,True,1.493517796373449,0.7392913042548573,True,simplicity,-1.205669748518571,True,0.7467588956867244,,1.205669748418571,-1e-10,0.7467588931867245,1.493517786373449,1e-08,604
0.7444984479634136,enso-pacific-sst,True,True,1.488996905926827,0.7370534634837796,True,simplicity,-1.2098010640119172,True,0.7444984504634136,,1.2098010639119172,-1e-10,0.7444984479634136,1.4889968959268272,1e-08,605
0.7512953138283305,enso-pacific-sst,True,True,1.502590637656661,0.7437823606900472,True,simplicity,-1.209749736027574,True,0.7512953163283304,,1.209749735927574,-1e-10,0.7512953138283305,1.502590627656661,1e-08,606
0.7577306284526426,enso-pacific-sst,True,True,1.5154612669052852,0.7501533221681161,True,simplicity,-1.2074444759106424,True,0.7577306309526428,,1.2074444758106424,-1e-10,0.7577306284526426,1.5154612569052852,1e-08,607
0.7686035551629722,enso-pacific-sst,True,True,1.5372071203259443,0.7609175196113424,True,simplicity,-1.2229017603980314,True,0.7686035576629723,,1.2229017602980314,-1e-10,0.7686035551629722,1.5372071103259444,1e-08,608
0.7708908641060264,enso-pacific-sst,True,True,1.5417817382120527,0.7631819554649663,True,simplicity,-1.230336604260174,True,0.7708908666060266,,1.230336604160174,-1e-10,0.7708908641060264,1.5417817282120527,1e-08,609
0.7694740634651641,enso-pacific-sst,True,True,1.5389481369303282,0.7617793228305123,True,simplicity,-1.2305138286194457,True,0.7694740659651639,,1.2305138285194457,-1e-10,0.7694740634651641,1.5389481269303282,1e-08,610
0.7685385240026458,enso-pacific-sst,True,True,1.5370770580052915,0.7608531387626196,True,simplicity,-1.2309049762618445,True,0.7685385265026453,,1.2309049761618445,-1e-10,0.7685385240026458,1.5370770480052915,1e-08,611
0.7694720328430961,enso-pacific-sst,True,True,1.538944075686192,0.7617773125146649,True,simplicity,-1.2318277570200107,True,0.769472035343096,,1.2318277569200107,-1e-10,0.7694720328430961,1.5389440656861921,1e-08,612
0.7728987053162011,enso-pacific-sst,True,True,1.545797420632402,0.765169718263039,True,simplicity,-1.230579203895243,True,0.7728987078162011,,1.230579203795243,-1e-10,0.7728987053162011,1.5457974106324022,1e-08,613
0.768809686546099,enso-pacific-sst,True,True,1.537619383092198,0.7611215896806378,True,simplicity,-1.2297081336864055,True,0.7688096890460989,,1.2297081335864055,-1e-10,0.768809686546099,1.537619373092198,1e-08,614
0.7641845354300073,enso-pacific-sst,True,True,1.5283690808600146,0.7565426900757072,True,simplicity,-1.2315779821606165,True,0.7641845379300073,,1.2315779820606165,-1e-10,0.7641845354300073,1.5283690708600146,1e-08,615
0.7615255351078837,enso-pacific-sst,True,True,1.5230510802157673,0.753910279756805,True,simplicity,-1.233553139354204,True,0.761525537607884,,1.233553139254204,-1e-10,0.7615255351078837,1.5230510702157674,1e-08,616
0.7559083632203422,enso-pacific-sst,True,True,1.5118167364406843,0.7483492795881383,True,simplicity,-1.2318363250879913,True,0.7559083657203418,,1.2318363249879913,-1e-10,0.7559083632203422,1.5118167264406843,1e-08,617
0.7561766876118869,enso-pacific-sst,True,True,1.5123533852237738,0.7486149207357679,True,simplicity,-1.230464642023998,True,0.7561766901118867,,1.230464641923998,-1e-10,0.7561766876118869,1.5123533752237739,1e-08,618
0.7568244616091191,enso-pacific-sst,True,True,1.5136489332182381,0.7492562169930274,True,simplicity,-1.2331267683250018,True,0.7568244641091191,,1.2331267682250018,-1e-10,0.7568244616091191,1.5136489232182382,1e-08,619
0.7569233748437822,enso-pacific-sst,True,True,1.5138467596875644,0.7493541410953444,True,simplicity,-1.2330443268905902,True,0.7569233773437821,,1.2330443267905902,-1e-10,0.7569233748437822,1.5138467496875645,1e-08,620
0.7597120948764406,enso-pacific-sst,True,True,1.5194241997528812,0.7521149739276761,True,simplicity,-1.2321976196308981,True,0.7597120973764405,,1.2321976195308981,-1e-10,0.7597120948764406,1.5194241897528813,1e-08,621
0.7592074498264363,enso-pacific-sst,True,True,1.5184149096528725,0.751615375328172,True,simplicity,-1.2300985968462477,True,0.7592074523264359,,1.2300985967462477,-1e-10,0.7592074498264363,1.5184148996528726,1e-08,622
0.7601581307082287,enso-pacific-sst,True,True,1.5203162714164573,0.7525565494011466,True,simplicity,-1.2282011077583506,True,0.7601581332082288,,1.2282011076583506,-1e-10,0.7601581307082287,1.5203162614164574,1e-08,623
0.7928154741201395,enso-pacific-sst,True,True,1.585630958240279,0.784887319378938,True,simplicity,-1.2304305900425465,True,0.7928154766201395,,1.2304305899425465,-1e-10,0.7928154741201395,1.585630948240279,1e-08,624
0.7955218033023899,enso-pacific-sst,True,True,1.5910436166047797,0.7875665852693655,True,simplicity,-1.2302957152350085,True,0.7955218058023897,,1.2302957151350085,-1e-10,0.7955218033023899,1.5910436066047797,1e-08,625
0.7994991691339073,enso-pacific-sst,True,True,1.5989983482678145,0.7915041774425681,True,simplicity,-1.2335518185804237,True,0.7994991716339072,,1.2335518184804237,-1e-10,0.7994991691339073,1.5989983382678146,1e-08,626
0.8021923154319875,enso-pacific-sst,True,True,1.604384640863975,0.7941703922776678,True,simplicity,-1.2326494094343563,True,0.8021923179319876,,1.2326494093343563,-1e-10,0.8021923154319875,1.604384630863975,1e-08,627
0.8045961944606616,enso-pacific-sst,True,True,1.609192398921323,0.796550232516055,True,simplicity,-1.2312798144661086,True,0.8045961969606615,,1.2312798143661086,-1e-10,0.8045961944606616,1.609192388921323,1e-08,628
0.79545527715501,enso-pacific-sst,True,True,1.5909105643100199,0.7875007243834597,True,simplicity,-1.2260837586599722,True,0.79545527965501,,1.2260837585599722,-1e-10,0.79545527715501,1.59091055431002,1e-08,629
0.7977696809133891,enso-pacific-sst,True,True,1.595539371826778,0.7897919841042553,True,simplicity,-1.2304771509670902,True,0.7977696834133892,,1.2304771508670902,-1e-10,0.7977696809133891,1.5955393618267781,1e-08,630
0.7926026142849747,enso-pacific-sst,True,True,1.5852052385699493,0.784676588142125,True,simplicity,-1.229652562943944,True,0.7926026167849747,,1.229652562843944,-1e-10,0.7926026142849747,1.5852052285699494,1e-08,631
0.7924610867244662,enso-pacific-sst,True,True,1.5849221834489324,0.7845364758572217,True,simplicity,-1.2293414128207392,True,0.7924610892244665,,1.2293414127207392,-1e-10,0.7924610867244662,1.5849221734489325,1e-08,632
0.7928848961558562,enso-pacific-sst,True,True,1.5857698023117124,0.784956047194298,True,simplicity,-1.2266600969968204,True,0.7928848986558564,,1.2266600968968204,-1e-10,0.7928848961558562,1.5857697923117124,1e-08,633
0.7921540017030452,enso-pacific-sst,True,True,1.5843080134060903,0.7842324616860145,True,simplicity,-1.2218496222015929,True,0.7921540042030449,,1.2218496221015929,-1e-10,0.7921540017030452,1.5843080034060903,1e-08,634
0.784808385942708,enso-pacific-sst,True,True,1.5696167818854159,0.7769603020832809,True,simplicity,-1.2161589654787917,True,0.7848083884427081,,1.2161589653787916,-1e-10,0.784808385942708,1.569616771885416,1e-08,635
0.7985755978058255,enso-pacific-sst,True,True,1.597151205611651,0.7905898418277671,True,simplicity,-1.2227023173602358,True,0.7985756003058254,,1.2227023172602358,-1e-10,0.7985755978058255,1.597151195611651,1e-08,636
0.8018099784231653,enso-pacific-sst,True,True,1.6036199668463305,0.7937918786389336,True,simplicity,-1.2209218759574307,True,0.8018099809231654,,1.2209218758574307,-1e-10,0.8018099784231653,1.6036199568463305,1e-08,637
0.7980038296784848,enso-pacific-sst,True,True,1.5960076693569696,0.7900237913816996,True,simplicity,-1.2186864122895062,True,0.7980038321784847,,1.2186864121895062,-1e-10,0.7980038296784848,1.5960076593569696,1e-08,638
0.7858126493183586,enso-pacific-sst,True,True,1.5716253086367171,0.7779545228251747,True,simplicity,-1.2138127547148416,True,0.7858126518183587,,1.2138127546148416,-1e-10,0.7858126493183586,1.5716252986367172,1e-08,639
0.7881494734236952,enso-pacific-sst,True,True,1.5762989568473904,0.7802679786894583,True,simplicity,-1.2191131216494773,True,0.7881494759236951,,1.2191131215494773,-1e-10,0.7881494734236952,1.5762989468473905,1e-08,640
0.8004314558472493,enso-pacific-sst,True,True,1.6008629216944985,0.7924271412887764,True,simplicity,-1.2198136346156077,True,0.800431458347249,,1.2198136345156076,-1e-10,0.8004314558472493,1.6008629116944986,1e-08,641
0.8000161600462955,enso-pacific-sst,True,True,1.600032330092591,0.7920159984458328,True,simplicity,-1.2165918075704405,True,0.8000161625462955,,1.2165918074704405,-1e-10,0.8000161600462955,1.600032320092591,1e-08,642
0.7992061795646324,enso-pacific-sst,True,True,1.5984123691292647,0.7912141177689862,True,simplicity,-1.2195403614110534,True,0.7992061820646325,,1.2195403613110534,-1e-10,0.7992061795646324,1.5984123591292647,1e-08,643
0.7994478942524191,enso-pacific-sst,True,True,1.5988957985048382,0.7914534153098948,True,simplicity,-1.223575227779726,True,0.799447896752419,,1.223575227679726,-1e-10,0.7994478942524191,1.5988957885048383,1e-08,644
0.7946304320459674,enso-pacific-sst,True,True,1.5892608740919347,0.7866841277255077,True,simplicity,-1.2228121242755492,True,0.7946304345459677,,1.2228121241755492,-1e-10,0.7946304320459674,1.5892608640919348,1e-08,645
0.7909774950998387,enso-pacific-sst,True,True,1.5819550001996774,0.7830677201488404,True,simplicity,-1.2181542153386447,True,0.7909774975998385,,1.2181542152386446,-1e-10,0.7909774950998387,1.5819549901996774,1e-08,646
0.7896994366397345,enso-pacific-sst,True,True,1.579398883279469,0.7818024422733373,True,simplicity,-1.2156349955344594,True,0.7896994391397341,,1.2156349954344594,-1e-10,0.7896994366397345,1.579398873279469,1e-08,647
0.7905717471617919,enso-pacific-sst,True,True,1.5811435043235837,0.782666029690174,True,simplicity,-1.214355102651818,True,0.7905717496617919,,1.214355102551818,-1e-10,0.7905717471617919,1.5811434943235838,1e-08,648
0.7919619041306014,enso-pacific-sst,True,True,1.5839238182612028,0.7840422850892953,True,simplicity,-1.2152754138508741,True,0.7919619066306013,,1.2152754137508741,-1e-10,0.7919619041306014,1.5839238082612028,1e-08,649
0.7884837092904121,enso-pacific-sst,True,True,1.5769674285808242,0.7805988721975081,True,simplicity,-1.2125304322418886,True,0.7884837117904124,,1.2125304321418886,-1e-10,0.7884837092904121,1.5769674185808242,1e-08,650
0.7868313806268085,enso-pacific-sst,True,True,1.5736627712536169,0.7789630668205405,True,simplicity,-1.212613043776806,True,0.7868313831268084,,1.212613043676806,-1e-10,0.7868313806268085,1.573662761253617,1e-08,651
0.7833533401637426,enso-pacific-sst,True,True,1.566706690327485,0.7755198067621051,True,simplicity,-1.2143118045479444,True,0.7833533426637423,,1.2143118044479444,-1e-10,0.7833533401637426,1.5667066803274852,1e-08,652
0.7818813861143007,enso-pacific-sst,True,True,1.5637627822286013,0.7740625722531577,True,simplicity,-1.21724635396984,True,0.7818813886143006,,1.21724635386984,-1e-10,0.7818813861143007,1.5637627722286014,1e-08,653
0.7809018724873267,enso-pacific-sst,True,True,1.5618037549746533,0.7730928537624535,True,simplicity,-1.2217479712148207,True,0.7809018749873267,,1.2217479711148207,-1e-10,0.7809018724873267,1.5618037449746534,1e-08,654
0.7793721150045576,enso-pacific-sst,True,True,1.5587442400091152,0.7715783938545121,True,simplicity,-1.2251127673413116,True,0.7793721175045577,,1.2251127672413116,-1e-10,0.7793721150045576,1.5587442300091152,1e-08,655
0.7684179279874332,enso-pacific-sst,True,True,1.5368358659748664,0.7607337487075588,True,simplicity,-1.2144810236322052,True,0.7684179304874332,,1.2144810235322052,-1e-10,0.7684179279874332,1.5368358559748665,1e-08,656
0.7579900307873298,enso-pacific-sst,True,True,1.5159800715746596,0.7504101304794566,True,simplicity,-1.2125980809471122,True,0.7579900332873298,,1.2125980808471122,-1e-10,0.7579900307873298,1.5159800615746597,1e-08,657
0.7463487542597996,enso-pacific-sst,True,True,1.4926975185195992,0.7388852667172019,True,simplicity,-1.2105137214178123,True,0.7463487567597997,,1.2105137213178123,-1e-10,0.7463487542597996,1.4926975085195993,1e-08,658
0.7566444808164334,enso-pacific-sst,True,True,1.5132889716328668,0.749078036008269,True,simplicity,-1.22398026939367,True,0.7566444833164336,,1.22398026929367,-1e-10,0.7566444808164334,1.5132889616328669,1e-08,659
0.7551616880543593,enso-pacific-sst,True,True,1.5103233861087186,0.7476100711738153,True,simplicity,-1.228793231440719,True,0.7551616905543591,,1.228793231340719,-1e-10,0.7551616880543593,1.5103233761087187,1e-08,660
0.7539738803257101,enso-pacific-sst,True,True,1.5079477706514202,0.7464341415224534,True,simplicity,-1.2298325716829668,True,0.7539738828257101,,1.2298325715829668,-1e-10,0.7539738803257101,1.5079477606514202,1e-08,661
0.7579747246724003,enso-pacific-sst,True,True,1.5159494593448006,0.7503949774256767,True,simplicity,-1.2314885202346424,True,0.7579747271724003,,1.2314885201346424,-1e-10,0.7579747246724003,1.5159494493448007,1e-08,662
0.7641526182582072,enso-pacific-sst,True,True,1.5283052465164144,0.7565110920756248,True,simplicity,-1.2313210936806516,True,0.7641526207582072,,1.2313210935806516,-1e-10,0.7641526182582072,1.5283052365164145,1e-08,663
0.7661087631806823,enso-pacific-sst,True,True,1.5322175363613646,0.7584476755488756,True,simplicity,-1.225388828447419,True,0.7661087656806825,,1.225388828347419,-1e-10,0.7661087631806823,1.5322175263613647,1e-08,664
0.7602264305243743,enso-pacific-sst,True,True,1.5204528710487486,0.7526241662191304,True,simplicity,-1.2280837175812294,True,0.7602264330243742,,1.2280837174812294,-1e-10,0.7602264305243743,1.5204528610487487,1e-08,665
0.7526028810278915,enso-pacific-sst,True,True,1.505205772055783,0.7450768522176128,True,simplicity,-1.2286848576134295,True,0.7526028835278914,,1.2286848575134295,-1e-10,0.7526028810278915,1.505205762055783,1e-08,666
0.757334537763169,enso-pacific-sst,True,True,1.5146690855263378,0.7497611923855373,True,simplicity,-1.2303276767397526,True,0.7573345402631688,,1.2303276766397526,-1e-10,0.757334537763169,1.514669075526338,1e-08,667
0.7559612152719929,enso-pacific-sst,True,True,1.5119224405439857,0.7484016031192728,True,simplicity,-1.2323047752857392,True,0.755961217771993,,1.2323047751857392,-1e-10,0.7559612152719929,1.5119224305439858,1e-08,668
0.7543604410103428,enso-pacific-sst,True,True,1.5087208920206856,0.7468168366002396,True,simplicity,-1.2326840915195307,True,0.7543604435103429,,1.2326840914195307,-1e-10,0.7543604410103428,1.5087208820206857,1e-08,669
0.749064223049098,enso-pacific-sst,True,True,1.498128456098196,0.7415735808186071,True,simplicity,-1.2322200687773135,True,0.7490642255490979,,1.2322200686773135,-1e-10,0.749064223049098,1.498128446098196,1e-08,670
0.7445660132270233,enso-pacific-sst,True,True,1.4891320364540466,0.737120353094753,True,simplicity,-1.2313831598258291,True,0.7445660157270237,,1.2313831597258291,-1e-10,0.7445660132270233,1.4891320264540466,1e-08,671
0.7415333634914736,enso-pacific-sst,True,True,1.483066736982947,0.7341180298565588,True,simplicity,-1.231074685071734,True,0.7415333659914735,,1.231074684971734,-1e-10,0.7415333634914736,1.4830667269829472,1e-08,672
0.7398936793513784,enso-pacific-sst,True,True,1.4797873687027567,0.7324947425578647,True,simplicity,-1.2250614764909127,True,0.7398936818513785,,1.2250614763909127,-1e-10,0.7398936793513784,1.4797873587027568,1e-08,673
0.745043562606109,enso-pacific-sst,True,True,1.490087135212218,0.7375931269800483,True,simplicity,-1.2300780834697516,True,0.745043565106109,,1.2300780833697516,-1e-10,0.745043562606109,1.490087125212218,1e-08,674
0.7462713762020162,enso-pacific-sst,True,True,1.4925427624040324,0.7388086624399959,True,simplicity,-1.2314724692668708,True,0.7462713787020161,,1.2314724691668708,-1e-10,0.7462713762020162,1.4925427524040324,1e-08,675
0.7462806171148944,enso-pacific-sst,True,True,1.4925612442297886,0.7388178109437454,True,simplicity,-1.2337562029099736,True,0.7462806196148943,,1.2337562028099736,-1e-10,0.7462806171148944,1.4925612342297887,1e-08,676
0.744152333006331,enso-pacific-sst,True,True,1.488304676012662,0.7367108096762677,True,simplicity,-1.2340947457524192,True,0.7441523355063311,,1.2340947456524192,-1e-10,0.744152333006331,1.488304666012662,1e-08,677
0.7413618446373769,enso-pacific-sst,True,True,1.4827236992747537,0.7339482261910029,True,simplicity,-1.233952965243092,True,0.7413618471373765,,1.233952965143092,-1e-10,0.7413618446373769,1.4827236892747537,1e-08,678
0.7406130231217358,enso-pacific-sst,True,True,1.4812260562434716,0.7332068928905187,True,simplicity,-1.2355720758065498,True,0.7406130256217359,,1.2355720757065498,-1e-10,0.7406130231217358,1.4812260462434717,1e-08,679
0.7410252551325043,enso-pacific-sst,True,True,1.4820505202650085,0.7336150025811792,True,simplicity,-1.2348898983389978,True,0.7410252576325044,,1.2348898982389978,-1e-10,0.7410252551325043,1.4820505102650086,1e-08,680
0.7422966956951577,enso-pacific-sst,True,True,1.4845934013903153,0.7348737287382062,True,simplicity,-1.233171667675768,True,0.7422966981951575,,1.233171667575768,-1e-10,0.7422966956951577,1.4845933913903153,1e-08,681
0.7457685058157627,enso-pacific-sst,True,True,1.4915370216315254,0.7383108207576051,True,simplicity,-1.2314902500447782,True,0.7457685083157627,,1.2314902499447782,-1e-10,0.7457685058157627,1.4915370116315254,1e-08,682
0.7417538750917464,enso-pacific-sst,True,True,1.4835077601834927,0.7343363363408294,True,simplicity,-1.2269879058952853,True,0.7417538775917466,,1.2269879057952853,-1e-10,0.7417538750917464,1.4835077501834928,1e-08,683
0.7434694251198672,enso-pacific-sst,True,True,1.4869388602397344,0.7360347308686686,True,simplicity,-1.2215151665561943,True,0.7434694276198673,,1.2215151664561943,-1e-10,0.7434694251198672,1.4869388502397345,1e-08,684
0.7438979322914772,enso-pacific-sst,True,True,1.4877958745829543,0.7364589529685623,True,simplicity,-1.2187536940180281,True,0.7438979347914771,,1.2187536939180281,-1e-10,0.7438979322914772,1.4877958645829543,1e-08,685
0.747462568208319,enso-pacific-sst,True,True,1.494925146416638,0.7399879425262357,True,simplicity,-1.2309859039000117,True,0.7474625707083187,,1.2309859038000117,-1e-10,0.747462568208319,1.494925136416638,1e-08,686
0.7427094808025848,enso-pacific-sst,True,True,1.4854189716051696,0.735282385994559,True,simplicity,-1.2267621304368035,True,0.7427094833025848,,1.2267621303368035,-1e-10,0.7427094808025848,1.4854189616051696,1e-08,687
0.7399413342301423,enso-pacific-sst,True,True,1.4798826784602845,0.7325419208878411,True,simplicity,-1.227280606482679,True,0.7399413367301425,,1.2272806063826789,-1e-10,0.7399413342301423,1.4798826684602846,1e-08,688
0.739524917299594,enso-pacific-sst,True,True,1.479049844599188,0.732129668126598,True,simplicity,-1.2266673704466742,True,0.7395249197995938,,1.2266673703466742,-1e-10,0.739524917299594,1.479049834599188,1e-08,689
0.7406374811493648,enso-pacific-sst,True,True,1.4812749722987295,0.7332311063378713,True,simplicity,-1.2281630622459274,True,0.7406374836493651,,1.2281630621459274,-1e-10,0.7406374811493648,1.4812749622987296,1e-08,690
0.7367166155696135,enso-pacific-sst,True,True,1.473433241139227,0.7293494494139174,True,simplicity,-1.2286408025744104,True,0.7367166180696133,,1.2286408024744104,-1e-10,0.7367166155696135,1.473433231139227,1e-08,691
0.7309405292512101,enso-pacific-sst,True,True,1.4618810685024202,0.7236311239586981,True,simplicity,-1.2262497101700638,True,0.7309405317512101,,1.2262497100700638,-1e-10,0.7309405292512101,1.4618810585024202,1e-08,692
0.7236668666059647,enso-pacific-sst,True,True,1.4473337432119293,0.716430197939905,True,simplicity,-1.229478616987326,True,0.7236668691059647,,1.229478616887326,-1e-10,0.7236668666059647,1.4473337332119294,1e-08,693
0.7155731815983316,enso-pacific-sst,True,True,1.4311463731966632,0.7084174497823483,True,simplicity,-1.213573240567064,True,0.7155731840983314,,1.213573240467064,-1e-10,0.7155731815983316,1.4311463631966632,1e-08,694
0.7251099700139741,enso-pacific-sst,True,True,1.4502199500279482,0.7178588703138346,True,simplicity,-1.2269582780600503,True,0.7251099725139745,,1.2269582779600503,-1e-10,0.7251099700139741,1.4502199400279483,1e-08,695
0.8090405390127311,enso-pacific-sst,True,True,1.6180810880254621,0.8009501336226037,True,simplicity,-1.2308698094318522,True,0.8090405415127311,,1.2308698093318522,-1e-10,0.8090405390127311,1.6180810780254622,1e-08,696
0.8138689844537589,enso-pacific-sst,True,True,1.6277379789075177,0.8057302946092215,True,simplicity,-1.2336736135774562,True,0.8138689869537591,,1.2336736134774562,-1e-10,0.8138689844537589,1.6277379689075178,1e-08,697
0.8119325871926807,enso-pacific-sst,True,True,1.6238651843853613,0.8038132613207541,True,simplicity,-1.2329367699392195,True,0.8119325896926812,,1.2329367698392195,-1e-10,0.8119325871926807,1.6238651743853614,1e-08,698
0.809560895873508,enso-pacific-sst,True,True,1.619121801747016,0.8014652869147725,True,simplicity,-1.2315489443068888,True,0.8095608983735079,,1.2315489442068888,-1e-10,0.809560895873508,1.619121791747016,1e-08,699
0.8084311952492441,enso-pacific-sst,True,True,1.6168624004984882,0.8003468832967515,True,simplicity,-1.2315682473570981,True,0.8084311977492442,,1.2315682472570981,-1e-10,0.8084311952492441,1.6168623904984882,1e-08,700
0.8049697623931205,enso-pacific-sst,True,True,1.6099395347862409,0.796920064769189,True,simplicity,-1.23247029595806,True,0.8049697648931201,,1.23247029585806,-1e-10,0.8049697623931205,1.609939524786241,1e-08,701
0.8013826288771831,enso-pacific-sst,True,True,1.6027652677543662,0.7933688025884114,True,simplicity,-1.2332170660556363,True,0.801382631377183,,1.2332170659556363,-1e-10,0.8013826288771831,1.6027652577543663,1e-08,702
0.7859399275525232,enso-pacific-sst,True,True,1.5718798651050463,0.7780805282769975,True,simplicity,-1.2329835609747648,True,0.7859399300525233,,1.2329835608747648,-1e-10,0.7859399275525232,1.5718798551050464,1e-08,703
0.739370226458807,enso-pacific-sst,True,True,1.478740462917614,0.7319765241942193,True,simplicity,-1.2285676311565437,True,0.7393702289588072,,1.2285676310565437,-1e-10,0.739370226458807,1.478740452917614,1e-08,704
0.7346887477371526,enso-pacific-sst,True,True,1.4693775054743052,0.7273418602597809,True,simplicity,-1.225104268622034,True,0.7346887502371529,,1.225104268522034,-1e-10,0.7346887477371526,1.4693774954743053,1e-08,705
0.7379589323802276,enso-pacific-sst,True,True,1.475917874760455,0.7305793430564258,True,simplicity,-1.232045592566448,True,0.7379589348802279,,1.232045592466448,-1e-10,0.7379589323802276,1.4759178647604552,1e-08,706
0.7376771124184601,enso-pacific-sst,True,True,1.4753542348369202,0.7303003412942752,True,simplicity,-1.2322502040225678,True,0.73767711491846,,1.2322502039225678,-1e-10,0.7376771124184601,1.4753542248369202,1e-08,707
0.09047537707428926,zachary-karate-network,True,True,0.3058438144429313,0.08957062330354638,True,sign,-0.09047537717428926,True,0.09138013084503216,,0.09047537707428926,-1e-10,0.09047537707428926,0.3058438044429313,1e-08,0
0.0183398302995563,zachary-karate-network,False,True,0.2015404391789102,0.018156431996560744,True,sign,0.0183398301995563,True,0.01852322860255187,,-0.0183398302995563,-1e-10,-0.0183398302995563,0.2015404291789102,1e-08,1
0.0390642539609407,zachary-karate-network,False,True,0.18358923404633318,0.0386736114213313,True,sign,0.0390642538609407,True,0.03945489650055013,,-0.0390642539609407,-1e-10,-0.0390642539609407,0.18358922404633318,1e-08,2
0.046946466634883395,zachary-karate-network,False,True,0.17084311490897286,0.046477001968534555,True,sign,0.046946466534883394,True,0.04741593130123224,,-0.046946466634883395,-1e-10,-0.046946466634883395,0.17084310490897286,1e-08,3
0.01669276887701224,zachary-karate-network,True,True,0.22343248523738649,0.01652584118824213,True,sign,-0.016692768977012242,True,0.01685969656578236,,0.01669276887701224,-1e-10,0.01669276887701224,0.2234324752373865,1e-08,4
0.18735296269523075,zachary-karate-network,True,True,0.39240915643067303,0.18547943306827847,True,sign,-0.18735296279523075,True,0.18922649232218308,,0.18735296269523075,-1e-10,0.18735296269523075,0.39240914643067304,1e-08,5
0.17037992700874072,zachary-karate-network,True,True,0.3754876158804188,0.16867612773865337,True,sign,-0.17037992710874073,True,0.17208372627882823,,0.17037992700874072,-1e-10,0.17037992700874072,0.3754876058804188,1e-08,6
0.09364734428271848,zachary-karate-network,False,True,0.1259521923505591,0.09271087083989127,True,sign,0.09364734418271849,True,0.09458381772554565,,-0.09364734428271848,-1e-10,-0.09364734428271848,0.1259521823505591,1e-08,7
0.11485591892407215,zachary-karate-network,False,True,0.10640040527458934,0.11370735973483141,True,sign,0.11485591882407216,True,0.1160044781133129,,-0.11485591892407215,-1e-10,-0.11485591892407215,0.10640039527458935,1e-08,8
0.3436812526293643,zachary-karate-network,True,True,0.6873625152587286,0.34024444010307087,True,simplicity,-0.4836705785631965,True,0.34368125512936437,,0.4836705784631965,-1e-10,0.3436812526293643,0.6873625052587286,1e-08,9
0.056876354857136914,zachary-karate-network,True,True,0.2627507116943235,0.056307591308565545,True,sign,-0.056876354957136915,True,0.057445118405708276,,0.056876354857136914,-1e-10,0.056876354857136914,0.2627507016943235,1e-08,10
0.37860206789355666,zachary-karate-network,True,True,0.7572041457871134,0.37481604721462103,True,simplicity,-0.5541939461472519,True,0.3786020703935565,,0.5541939460472519,-1e-10,0.37860206789355666,0.7572041357871133,1e-08,11
0.05305637483373477,zachary-karate-network,True,True,0.2610880672524807,0.052525811085397424,True,sign,-0.05305637493373477,True,0.053586938582072106,,0.05305637483373477,-1e-10,0.05305637483373477,0.2610880572524807,1e-08,12
0.10016141680060572,zachary-karate-network,False,True,0.12174150141810867,0.09915980263259969,True,sign,0.10016141670060573,True,0.10116303096861179,,-0.10016141680060572,-1e-10,-0.10016141680060572,0.12174149141810868,1e-08,13
0.1018602818519175,zachary-karate-network,False,True,0.1106970473104761,0.10084167903339833,True,sign,0.10186028175191751,True,0.10287888467043664,,-0.1018602818519175,-1e-10,-0.1018602818519175,0.1106970373104761,1e-08,14
0.10666239479669172,zachary-karate-network,False,True,0.10718367697371362,0.10559577084872482,True,sign,0.10666239469669173,True,0.10772901874465868,,-0.10666239479669172,-1e-10,-0.10666239479669172,0.10718366697371362,1e-08,15
0.2768314769870497,zachary-karate-network,True,True,0.5536629639740994,0.2740631622171793,True,simplicity,-0.3506799107518762,True,0.27683147948704967,,0.3506799106518762,-1e-10,0.2768314769870497,0.5536629539740994,1e-08,16
0.12652457262356637,zachary-karate-network,True,True,0.33229521050732647,0.12525932689733071,True,sign,-0.12652457272356638,True,0.12778981834980202,,0.12652457262356637,-1e-10,0.12652457262356637,0.33229520050732647,1e-08,17
0.0774062496529621,zachary-karate-network,True,True,0.28383756801161825,0.07663218715643251,True,sign,-0.07740624975296209,True,0.07818031214949173,,0.0774062496529621,-1e-10,0.0774062496529621,0.28383755801161825,1e-08,18
0.12469526335844666,zachary-karate-network,False,True,0.09537367346076793,0.12344831072486216,True,sign,0.12469526325844667,True,0.12594221599203112,,-0.12469526335844666,-1e-10,-0.12469526335844666,0.09537366346076794,1e-08,19
0.0869301493763745,zachary-karate-network,False,True,0.12413221333482467,0.08606084788261074,True,sign,0.0869301492763745,True,0.08779945087013824,,-0.0869301493763745,-1e-10,-0.0869301493763745,0.12413220333482468,1e-08,20
0.05929693183524139,zachary-karate-network,False,True,0.15270313308064026,0.05870396251688901,True,sign,0.059296931735241386,True,0.05988990115359381,,-0.05929693183524139,-1e-10,-0.05929693183524139,0.15270312308064027,1e-08,21
0.10514629250411728,zachary-karate-network,False,True,0.10770186486147294,0.10409482957907612,True,sign,0.10514629240411728,True,0.10619775542915845,,-0.10514629250411728,-1e-10,-0.10514629250411728,0.10770185486147295,1e-08,22
0.04928203807502085,zachary-karate-network,False,True,0.16464776133669962,0.04878921769427066,True,sign,0.04928203797502085,True,0.04977485845577107,,-0.04928203807502085,-1e-10,-0.04928203807502085,0.16464775133669962,1e-08,23
0.10433375488511834,zachary-karate-network,False,True,0.10928448195836053,0.10329041733626723,True,sign,0.10433375478511835,True,0.10537709243396952,,-0.10433375488511834,-1e-10,-0.10433375488511834,0.10928447195836054,1e-08,24
0.08556325298563136,zachary-karate-network,False,True,0.12869892802017224,0.08470762045577498,True,sign,0.08556325288563137,True,0.08641888551548767,,-0.08556325298563136,-1e-10,-0.08556325298563136,0.12869891802017225,1e-08,25
0.0803840062885115,zachary-karate-network,False,True,0.1305181737108887,0.0795801662256264,True,sign,0.0803840061885115,True,0.0811878463513966,,-0.0803840062885115,-1e-10,-0.0803840062885115,0.1305181637108887,1e-08,26
0.09984180457207868,zachary-karate-network,False,True,0.11587257457811637,0.09884338652635791,True,sign,0.09984180447207869,True,0.1008402226177995,,-0.09984180457207868,-1e-10,-0.09984180457207868,0.11587256457811637,1e-08,27
0.13487695082967485,zachary-karate-network,False,True,0.08388028838878397,0.1335281813213781,True,sign,0.13487695072967484,True,0.1362257203379716,,-0.13487695082967485,-1e-10,-0.13487695082967485,0.08388027838878398,1e-08,28
0.06784508070702071,zachary-karate-network,False,True,0.14454701905580286,0.0671666298999505,True,sign,0.06784508060702071,True,0.06852353151409095,,-0.06784508070702071,-1e-10,-0.06784508070702071,0.14454700905580287,1e-08,29
0.12482630770163662,zachary-karate-network,False,True,0.0945789535427537,0.1235780446246203,True,sign,0.12482630760163663,True,0.12607457077865303,,-0.12482630770163662,-1e-10,-0.12482630770163662,0.0945789435427537,1e-08,30
0.07426282313473319,zachary-karate-network,False,True,0.14221835802320829,0.07352019490338582,True,sign,0.0742628230347332,True,0.07500545136608051,,-0.07426282313473319,-1e-10,-0.07426282313473319,0.1422183480232083,1e-08,31
0.05770464211873961,zachary-karate-network,True,True,0.27228919963279874,0.05712759569755218,True,sign,-0.05770464221873961,True,0.05828168853992698,,0.05770464211873961,-1e-10,0.05770464211873961,0.27228918963279874,1e-08,32
0.1313989708327415,zachary-karate-network,True,True,0.3468771375435864,0.13008498112441413,True,sign,-0.1313989709327415,True,0.13271296054106896,,0.1313989708327415,-1e-10,0.1313989708327415,0.3468771275435864,1e-08,33
