active_rank,carrier_id,eligible,exact_ground_gap,exact_lowest_eigenvalue,exact_negative,exact_simple,generalized_ground_gap,generalized_lowest_eigenvalue,generalized_match_residual,ground_witness_negative,ground_witness_quotient,parent_ground_eigenvalue,reason,runtime_gate_reached,runtime_gate_success,runtime_reason,state_index
4,annual-sunspots,True,1.7332890545948323,-1.2110322215887226,True,True,1.7332890545948318,-1.2110322215887221,1.2212453270876722e-15,True,-1.2046101341403963,-1.2231915042599513,,True,True,,0
4,annual-sunspots,True,1.719408646854273,-1.213730893672948,True,True,1.7194086468542715,-1.2137308936729467,1.3322676295501878e-15,True,-1.2082715527086332,-1.2242426053189923,,True,True,,1
4,annual-sunspots,True,1.7070913339591118,-1.2165706886038858,True,True,1.7070913339591118,-1.2165706886038858,1.3322676295501878e-15,True,-1.2125182022240464,-1.2252063512158602,,True,True,,2
4,annual-sunspots,True,1.6922466034230879,-1.218596902534578,True,True,1.6922466034230887,-1.2185969025345789,8.881784197001252e-16,True,-1.215702227573073,-1.2268061682595022,,True,True,,3
4,annual-sunspots,True,1.6737199246030545,-1.2183698408087507,True,True,1.6737199246030534,-1.2183698408087498,8.881784197001252e-16,True,-1.2141719780832907,-1.226493843809502,,True,True,,4
4,annual-sunspots,True,1.6412970275291867,-1.211642003730316,True,True,1.6412970275291876,-1.2116420037303168,8.881784197001252e-16,True,-1.2066609959864278,-1.2235991680310208,,True,True,,5
4,annual-sunspots,True,1.6141738296087487,-1.2168626967121785,True,True,1.614173829608748,-1.2168626967121783,6.661338147750939e-16,True,-1.2078146122598388,-1.225086746503516,,True,True,,6
4,annual-sunspots,True,1.602797511390163,-1.214857608765128,True,True,1.602797511390164,-1.2148576087651288,8.881784197001252e-16,True,-1.2121998874476674,-1.2237658680891783,,True,True,,7
4,annual-sunspots,True,1.6268486949840084,-1.2142422197325389,True,True,1.6268486949840093,-1.2142422197325398,8.881784197001252e-16,True,-1.2128397292867725,-1.221757679702128,,True,True,,8
4,annual-sunspots,True,1.6443433491298947,-1.2124353086086321,True,True,1.6443433491298947,-1.2124353086086321,7.771561172376096e-16,True,-1.2084994791678805,-1.220047747248129,,True,True,,9
4,annual-sunspots,True,1.6559467164602022,-1.2091824862614384,True,True,1.655946716460202,-1.209182486261438,9.992007221626409e-16,True,-1.2042104567106535,-1.2193485586566761,,True,True,,10
4,annual-sunspots,True,1.6720983588251805,-1.2055097495431286,True,True,1.6720983588251803,-1.2055097495431277,8.881784197001252e-16,True,-1.1991961607735697,-1.2192988488994405,,True,True,,11
4,annual-sunspots,True,1.675974782794286,-1.2047310849936959,True,True,1.6759747827942861,-1.2047310849936963,4.440892098500626e-16,True,-1.196904192256885,-1.2204946747204528,,True,True,,12
4,annual-sunspots,True,1.6935976144907645,-1.2104526601809311,True,True,1.6935976144907643,-1.210452660180931,1.2212453270876722e-15,True,-1.2032776507804475,-1.2244186355837305,,True,True,,13
4,annual-sunspots,True,1.7243118720589048,-1.2142029996950159,True,True,1.724311872058904,-1.2142029996950154,5.551115123125783e-16,True,-1.206772237169653,-1.2286739325581992,,True,True,,14
4,annual-sunspots,True,1.6287016494225266,-1.2152170341907993,True,True,1.6287016494225273,-1.2152170341908,7.771561172376096e-16,True,-1.208387120249215,-1.2291993143875661,,True,True,,15
4,annual-sunspots,True,1.4838629913220913,-1.221057355373413,True,True,1.4838629913220902,-1.2210573553734123,6.661338147750939e-16,True,-1.2137414017046826,-1.2325426949486729,,True,True,,16
4,annual-sunspots,True,1.4952776261210985,-1.2170482597801042,True,True,1.4952776261211007,-1.2170482597801064,2.220446049250313e-15,True,-1.2130514974215163,-1.232636423010282,,True,True,,17
4,annual-sunspots,True,1.5274213934892527,-1.2246160909671224,True,True,1.5274213934892513,-1.2246160909671215,8.881784197001252e-16,True,-1.218011677164188,-1.232173472290427,,True,True,,18
4,annual-sunspots,True,1.548711410458053,-1.2242393995987038,True,True,1.5487114104580537,-1.2242393995987042,4.440892098500626e-16,True,-1.2216032771717533,-1.2315408339214697,,True,True,,19
4,annual-sunspots,True,1.5721575572400386,-1.2230286548190423,True,True,1.5721575572400388,-1.2230286548190428,4.440892098500626e-16,True,-1.2187348537291673,-1.2287568087361365,,True,True,,20
4,annual-sunspots,True,1.587042430196146,-1.2188162110907537,True,True,1.5870424301961468,-1.218816211090754,4.440892098500626e-16,True,-1.214155158736107,-1.2246352941184326,,True,True,,21
4,annual-sunspots,True,1.5951707768476404,-1.2148186964482166,True,True,1.5951707768476409,-1.2148186964482166,6.661338147750939e-16,True,-1.2085905517997637,-1.2204410732535762,,True,True,,22
4,annual-sunspots,True,1.5800100736142075,-1.2169840964571639,True,True,1.5800100736142073,-1.2169840964571637,3.3306690738754696e-16,True,-1.2118850599659927,-1.221912121415403,,True,True,,23
4,annual-sunspots,True,1.5695061427082504,-1.2173157450764194,True,True,1.5695061427082513,-1.2173157450764203,8.881784197001252e-16,True,-1.2132862381621177,-1.2250898779133839,,True,True,,24
4,annual-sunspots,True,1.570673544364423,-1.216460617346648,True,True,1.5706735443644226,-1.2164606173466472,7.771561172376096e-16,True,-1.2106268999162935,-1.2258176825440608,,True,True,,25
4,annual-sunspots,True,1.5668503647476266,-1.2180143422780954,True,True,1.5668503647476248,-1.2180143422780938,1.5543122344752192e-15,True,-1.2123278620571114,-1.2262679234917842,,True,True,,26
4,annual-sunspots,True,1.5508484713947874,-1.2179924057973308,True,True,1.5508484713947863,-1.2179924057973297,1.1102230246251565e-15,True,-1.2128471437574064,-1.2270228984104987,,True,True,,27
4,annual-sunspots,True,1.5812716086023664,-1.2197481694751446,True,True,1.5812716086023666,-1.219748169475145,4.440892098500626e-16,True,-1.210731051443492,-1.2260420765948075,,True,True,,28
4,annual-sunspots,True,1.5815337305234602,-1.2161549264145475,True,True,1.5815337305234602,-1.2161549264145473,9.992007221626409e-16,True,-1.206247874434389,-1.225652408612537,,True,True,,29
4,annual-sunspots,True,1.5869060791360416,-1.2169948964875643,True,True,1.586906079136042,-1.2169948964875645,3.3306690738754696e-16,True,-1.2042434126930728,-1.2249683685351893,,True,True,,30
4,annual-sunspots,True,1.5950748400378552,-1.2143175596195053,True,True,1.5950748400378552,-1.2143175596195053,6.661338147750939e-16,True,-1.2109402013201231,-1.2223652216738248,,True,True,,31
4,annual-sunspots,True,1.6027717447338357,-1.2151427657933938,True,True,1.602771744733837,-1.215142765793395,1.3322676295501878e-15,True,-1.2118338469549659,-1.2202762334525596,,True,True,,32
4,annual-sunspots,True,1.6110452002828903,-1.2148711391276752,True,True,1.6110452002828894,-1.2148711391276745,6.661338147750939e-16,True,-1.2122376773224477,-1.2194990669446526,,True,True,,33
4,annual-sunspots,True,1.58731031209716,-1.2173727873104414,True,True,1.5873103120971601,-1.2173727873104419,4.440892098500626e-16,True,-1.2143261177863427,-1.2220580978061055,,True,True,,34
4,annual-sunspots,True,1.5623790292967794,-1.2215520961660127,True,True,1.5623790292967799,-1.2215520961660131,4.440892098500626e-16,True,-1.2179717176013805,-1.2263504147258362,,True,True,,35
4,annual-sunspots,True,1.5420352850869172,-1.2230087059601038,True,True,1.5420352850869157,-1.2230087059601022,1.5543122344752192e-15,True,-1.2165684282715519,-1.229248298437542,,True,True,,36
4,annual-sunspots,True,1.5307783917091475,-1.2199808982530769,True,True,1.5307783917091469,-1.2199808982530764,8.881784197001252e-16,True,-1.212906822844201,-1.2278920028211524,,True,True,,37
4,annual-sunspots,True,1.5199778242692359,-1.21671495587914,True,True,1.5199778242692357,-1.21671495587914,4.440892098500626e-16,True,-1.2132864117835989,-1.226547461501788,,True,True,,38
4,annual-sunspots,True,1.5570384303093003,-1.2159341187769208,True,True,1.5570384303093001,-1.2159341187769208,4.440892098500626e-16,True,-1.2111089754273365,-1.223959005498565,,True,True,,39
4,annual-sunspots,True,1.6317334774802394,-1.210858669143572,True,True,1.6317334774802392,-1.2108586691435717,4.440892098500626e-16,True,-1.2063127296863234,-1.2223556200354682,,True,True,,40
4,annual-sunspots,True,1.637703193569238,-1.2153510679998443,True,True,1.6377031935692388,-1.2153510679998447,4.440892098500626e-16,True,-1.2105288622910508,-1.2243967186700129,,True,True,,41
4,annual-sunspots,True,1.6443282765637601,-1.213462361498029,True,True,1.6443282765637603,-1.2134623614980287,5.551115123125783e-16,True,-1.209245733422411,-1.2230805968386251,,True,True,,42
4,annual-sunspots,True,1.661312707746342,-1.209395249988134,True,True,1.6613127077463412,-1.2093952499881333,6.661338147750939e-16,True,-1.205502936482378,-1.2191540417593771,,True,True,,43
4,annual-sunspots,True,1.661071590526301,-1.2082516117231688,True,True,1.6610715905263003,-1.2082516117231685,1.9984014443252818e-15,True,-1.203536468329847,-1.2179481264429504,,True,True,,44
4,annual-sunspots,True,1.6621669223811637,-1.2102923107822807,True,True,1.6621669223811635,-1.2102923107822803,1.4432899320127035e-15,True,-1.2058646724708613,-1.219542046620529,,True,True,,45
4,annual-sunspots,True,1.661957674607752,-1.212209667598778,True,True,1.6619576746077513,-1.2122096675987772,6.661338147750939e-16,True,-1.2057476084891123,-1.2229936480915988,,True,True,,46
4,annual-sunspots,True,1.6596487570347591,-1.215015457486054,True,True,1.6596487570347611,-1.2150154574860554,1.3322676295501878e-15,True,-1.2089346406697414,-1.2253099086876724,,True,True,,47
4,annual-sunspots,True,1.6485262386498953,-1.2141897918931455,True,True,1.6485262386498958,-1.2141897918931461,1.1102230246251565e-15,True,-1.208732442801633,-1.2256267735038648,,True,True,,48
4,annual-sunspots,True,1.6349563404475251,-1.2102590148350147,True,True,1.6349563404475234,-1.210259014835013,1.7763568394002505e-15,True,-1.203653647367408,-1.224648266957136,,True,True,,49
4,annual-sunspots,True,1.632143365007742,-1.2068978797598746,True,True,1.6321433650077424,-1.2068978797598748,6.661338147750939e-16,True,-1.2038508309731322,-1.2245899990244222,,True,True,,50
4,annual-sunspots,True,1.660285481128251,-1.2137591510290564,True,True,1.6602854811282501,-1.213759151029056,9.992007221626409e-16,True,-1.1993825467960921,-1.2271189837097787,,True,True,,51
4,annual-sunspots,True,1.66867431330764,-1.2163123128676938,True,True,1.668674313307641,-1.2163123128676947,8.881784197001252e-16,True,-1.2108529412461801,-1.227358042921444,,True,True,,52
4,annual-sunspots,True,1.6678998722870015,-1.2170755977364358,True,True,1.667899872287002,-1.2170755977364356,6.661338147750939e-16,True,-1.2128201224341348,-1.2271174294313247,,True,True,,53
4,annual-sunspots,True,1.6640207794680661,-1.2138916044511232,True,True,1.6640207794680677,-1.213891604451124,8.881784197001252e-16,True,-1.2091937535129822,-1.2245645544467507,,True,True,,54
4,annual-sunspots,True,1.6711681922665982,-1.2105127755493708,True,True,1.671168192266597,-1.2105127755493705,7.216449660063518e-16,True,-1.2047898889783186,-1.223076778952756,,True,True,,55
4,annual-sunspots,True,1.689772822708231,-1.214924842322441,True,True,1.6897728227082303,-1.2149248423224406,6.661338147750939e-16,True,-1.2103448219955624,-1.2267928888150919,,True,True,,56
4,annual-sunspots,True,1.7197882614274924,-1.2182740642497527,True,True,1.719788261427492,-1.2182740642497518,8.881784197001252e-16,True,-1.2121901602253404,-1.2301008994582807,,True,True,,57
4,annual-sunspots,True,1.566940675443517,-1.217854157043071,True,True,1.5669406754435153,-1.2178541570430692,1.7763568394002505e-15,True,-1.2089268110888862,-1.2315610262937622,,True,True,,58
4,annual-sunspots,True,1.5732412856698104,-1.2193112118245488,True,True,1.5732412856698117,-1.2193112118245502,1.3322676295501878e-15,True,-1.2108504171783099,-1.2313375584674404,,True,True,,59
4,annual-sunspots,True,1.603903090232257,-1.220216967519713,True,True,1.6039030902322562,-1.220216967519712,8.881784197001252e-16,True,-1.2105007988785323,-1.230270879433842,,True,True,,60
4,annual-sunspots,True,1.631351507273708,-1.2170682162667184,True,True,1.6313515072737084,-1.2170682162667188,5.551115123125783e-16,True,-1.2061419456125828,-1.228940041573932,,True,True,,61
4,annual-sunspots,True,1.6395399802496031,-1.2169253481963933,True,True,1.6395399802496042,-1.2169253481963938,6.106226635438361e-16,True,-1.205338808768835,-1.2273867816376873,,True,True,,62
4,annual-sunspots,True,1.6437806125522267,-1.213215822655126,True,True,1.6437806125522267,-1.213215822655126,5.551115123125783e-16,True,-1.2068616010062063,-1.225386910250614,,True,True,,63
4,annual-sunspots,True,1.6585000287057732,-1.2123875720337551,True,True,1.6585000287057734,-1.2123875720337558,1.3322676295501878e-15,True,-1.2087011865738078,-1.221196494655746,,True,True,,64
4,annual-sunspots,True,1.6414537642555984,-1.214087423880104,True,True,1.6414537642555973,-1.2140874238801027,1.3322676295501878e-15,True,-1.209722018196197,-1.2209094701611645,,True,True,,65
4,annual-sunspots,True,1.6260793468274493,-1.217946695799926,True,True,1.6260793468274493,-1.217946695799926,5.551115123125783e-16,True,-1.214074528577727,-1.2247408920721243,,True,True,,66
4,annual-sunspots,True,1.4703416525444344,-1.2179729521907585,True,True,1.470341652544434,-1.217972952190758,4.440892098500626e-16,True,-1.2126207118705712,-1.2310711714501221,,True,True,,67
4,annual-sunspots,True,1.5112883284594325,-1.2285308161043662,True,True,1.511288328459432,-1.228530816104366,4.440892098500626e-16,True,-1.2234472152042262,-1.234181880625867,,True,True,,68
4,annual-sunspots,True,1.5432377543867537,-1.2280359334659134,True,True,1.543237754386753,-1.2280359334659128,6.661338147750939e-16,True,-1.222169971505062,-1.2330084054187171,,True,True,,69
4,annual-sunspots,True,1.551195989504632,-1.2248503760292275,True,True,1.5511959895046314,-1.2248503760292269,6.661338147750939e-16,True,-1.2163288013618254,-1.2317100591562984,,True,True,,70
4,annual-sunspots,True,1.5464809659593595,-1.2220487400408047,True,True,1.5464809659593608,-1.222048740040806,1.3322676295501878e-15,True,-1.2096400536073701,-1.2297983850754766,,True,True,,71
4,annual-sunspots,True,1.536279899356244,-1.217050328626298,True,True,1.5362798993562443,-1.2170503286262981,6.106226635438361e-16,True,-1.207656774347494,-1.2280134216768155,,True,True,,72
4,annual-sunspots,True,1.53210243996776,-1.220317233491466,True,True,1.5321024399677605,-1.220317233491466,4.440892098500626e-16,True,-1.2141896548808195,-1.226548425537335,,True,True,,73
4,annual-sunspots,True,1.5208253572520591,-1.2233041493423775,True,True,1.5208253572520591,-1.223304149342378,7.771561172376096e-16,True,-1.2197222067234246,-1.2286091998499387,,True,True,,74
4,annual-sunspots,True,1.525178381947014,-1.2234602812478006,True,True,1.5251783819470128,-1.2234602812477995,1.1102230246251565e-15,True,-1.218543174507182,-1.2292166022753164,,True,True,,75
4,annual-sunspots,True,1.5303067157166783,-1.21777870420095,True,True,1.530306715716679,-1.2177787042009507,6.661338147750939e-16,True,-1.2169679385243708,-1.2320977223203105,,True,True,,76
4,annual-sunspots,True,1.5508592483836248,-1.2307323240505794,True,True,1.550859248383626,-1.2307323240505808,1.3322676295501878e-15,True,-1.2254596274028593,-1.234553922760045,,True,True,,77
4,annual-sunspots,True,1.5413457648353692,-1.2316444159903055,True,True,1.5413457648353683,-1.2316444159903048,6.661338147750939e-16,True,-1.224467827661734,-1.2354239522203727,,True,True,,78
4,annual-sunspots,True,1.5567319377148379,-1.2281070268132261,True,True,1.5567319377148379,-1.2281070268132264,8.881784197001252e-16,True,-1.219151448218118,-1.2334797181409622,,True,True,,79
4,annual-sunspots,True,1.5595598489788665,-1.2239546465669968,True,True,1.559559848978866,-1.2239546465669964,4.440892098500626e-16,True,-1.2106565036966208,-1.2315156201995476,,True,True,,80
4,annual-sunspots,True,1.5552696066191356,-1.2245325912479685,True,True,1.5552696066191378,-1.22453259124797,1.5543122344752192e-15,True,-1.2059984545579487,-1.2316629714354552,,True,True,,81
4,annual-sunspots,True,1.5403741842711585,-1.2286077587353597,True,True,1.5403741842711571,-1.2286077587353588,8.881784197001252e-16,True,-1.2151124524279542,-1.2333694814324514,,True,True,,82
4,annual-sunspots,True,1.5334001334739091,-1.2307575757205036,True,True,1.5334001334739082,-1.2307575757205031,6.106226635438361e-16,True,-1.225752682329639,-1.2344527939520193,,True,True,,83
4,annual-sunspots,True,1.535554093019044,-1.2292849307024123,True,True,1.5355540930190459,-1.229284930702414,1.7763568394002505e-15,True,-1.2269872928147751,-1.2336246043843762,,True,True,,84
4,annual-sunspots,True,1.5723545456212857,-1.2288631862177384,True,True,1.5723545456212895,-1.2288631862177417,3.3306690738754696e-15,True,-1.2252268376141318,-1.2331937340101997,,True,True,,85
4,annual-sunspots,True,1.5577636818965528,-1.230468083195999,True,True,1.5577636818965523,-1.2304680831959987,4.440892098500626e-16,True,-1.2268008052079653,-1.233081939898784,,True,True,,86
4,annual-sunspots,True,1.5270966537669015,-1.229695613521601,True,True,1.5270966537669022,-1.2296956135216017,6.661338147750939e-16,True,-1.2254060253981418,-1.2319360644591102,,True,True,,87
4,annual-sunspots,True,1.5261611846463121,-1.2269070923788807,True,True,1.526161184646311,-1.2269070923788796,1.1102230246251565e-15,True,-1.2237494162096627,-1.2293153037576927,,True,True,,88
4,annual-sunspots,True,1.5419662944043682,-1.2237367872114462,True,True,1.5419662944043677,-1.2237367872114453,8.881784197001252e-16,True,-1.2218493173103728,-1.2271849631227243,,True,True,,89
4,annual-sunspots,True,1.599388722963588,-1.218189998149592,True,True,1.5993887229635901,-1.2181899981495938,1.7763568394002505e-15,True,-1.2087778325671512,-1.2247961142754167,,True,True,,90
4,annual-sunspots,True,1.6555774502570701,-1.2115725370047798,True,True,1.655577450257069,-1.211572537004779,8.881784197001252e-16,True,-1.2018160829123476,-1.224044146061552,,True,True,,91
4,annual-sunspots,True,1.6892156530088545,-1.2082003849075873,True,True,1.689215653008853,-1.208200384907586,1.3322676295501878e-15,True,-1.193930602528638,-1.2244481808019947,,True,True,,92
4,annual-sunspots,True,1.7181455224230557,-1.208049202870085,True,True,1.7181455224230548,-1.2080492028700847,1.1102230246251565e-15,True,-1.1869843134088152,-1.226261627690456,,True,True,,93
4,annual-sunspots,True,1.7208150283070536,-1.215585784858933,True,True,1.7208150283070531,-1.215585784858933,1.2212453270876722e-15,True,-1.202167411185131,-1.2289494104389482,,True,True,,94
4,annual-sunspots,True,1.723195129777693,-1.219562075285496,True,True,1.7231951297776944,-1.219562075285497,8.881784197001252e-16,True,-1.1991856859520376,-1.2307208852585207,,True,True,,95
4,annual-sunspots,True,1.7181897117547296,-1.2120459967716988,True,True,1.7181897117547302,-1.2120459967716994,6.661338147750939e-16,True,-1.1903423339055599,-1.2270921333099087,,True,True,,96
4,annual-sunspots,True,1.7136044227869534,-1.2055001147352566,True,True,1.713604422786953,-1.2055001147352562,4.440892098500626e-16,True,-1.1787576551744887,-1.2240182279631309,,True,True,,97
4,annual-sunspots,True,1.706617984760726,-1.2009819204695296,True,True,1.7066179847607263,-1.2009819204695293,6.661338147750939e-16,True,-1.1773594577906,-1.222652677641963,,True,True,,98
4,annual-sunspots,True,1.7007281656471356,-1.2043365588894066,True,True,1.7007281656471354,-1.2043365588894064,6.661338147750939e-16,True,-1.1836010959165468,-1.2232688615639713,,True,True,,99
4,annual-sunspots,True,1.6943657675503716,-1.2139428455741443,True,True,1.6943657675503712,-1.213942845574144,1.2212453270876722e-15,True,-1.195732174744383,-1.225569031934812,,True,True,,100
4,annual-sunspots,True,1.6881242856144436,-1.2200055486808883,True,True,1.6881242856144425,-1.2200055486808874,8.881784197001252e-16,True,-1.2101426784640414,-1.2276332995632413,,True,True,,101
4,annual-sunspots,True,1.6809466882130175,-1.2202837289353963,True,True,1.6809466882130164,-1.2202837289353954,8.881784197001252e-16,True,-1.2094892839750528,-1.2273321304050344,,True,True,,102
4,annual-sunspots,True,1.684243957607619,-1.2187778993795408,True,True,1.6842439576076176,-1.2187778993795402,6.661338147750939e-16,True,-1.2117605802761315,-1.2279076365223596,,True,True,,103
4,annual-sunspots,True,1.6906978806860673,-1.2165593302639486,True,True,1.690697880686065,-1.2165593302639472,1.3322676295501878e-15,True,-1.2039275509898777,-1.2262764833544417,,True,True,,104
4,annual-sunspots,True,1.6935753758456773,-1.2117018568592957,True,True,1.693575375845677,-1.2117018568592957,2.220446049250313e-16,True,-1.2015949701641293,-1.2256515013516223,,True,True,,105
4,annual-sunspots,True,1.6998086432801143,-1.2184659218271587,True,True,1.6998086432801143,-1.2184659218271587,4.440892098500626e-16,True,-1.2087751174957568,-1.2278040411082496,,True,True,,106
4,annual-sunspots,True,1.7061044181778504,-1.2205815618220437,True,True,1.7061044181778497,-1.2205815618220432,4.440892098500626e-16,True,-1.2094927789574919,-1.229067865393401,,True,True,,107
4,annual-sunspots,True,1.712023295059434,-1.2185878208480954,True,True,1.7120232950594354,-1.218587820848096,6.661338147750939e-16,True,-1.2019498751375854,-1.2287014182171532,,True,True,,108
4,annual-sunspots,True,1.7183174506053032,-1.2136856142343497,True,True,1.7183174506053034,-1.21368561423435,2.220446049250313e-16,True,-1.1937437518484078,-1.2274994380050925,,True,True,,109
4,annual-sunspots,True,1.7292098896554928,-1.2068040106418232,True,True,1.7292098896554942,-1.2068040106418243,1.1102230246251565e-15,True,-1.1833235421969965,-1.2254701393088017,,True,True,,110
4,annual-sunspots,True,1.728342393006002,-1.2038329947109825,True,True,1.7283423930060002,-1.2038329947109814,1.1102230246251565e-15,True,-1.181088512452342,-1.2254585990635227,,True,True,,111
4,annual-sunspots,True,1.7224009278007213,-1.2056954838005236,True,True,1.7224009278007206,-1.205695483800523,9.992007221626409e-16,True,-1.18605121754942,-1.2264800073528197,,True,True,,112
4,annual-sunspots,True,1.7264281917863467,-1.2121842721510703,True,True,1.7264281917863453,-1.2121842721510692,1.1102230246251565e-15,True,-1.1931817269670075,-1.2288374021435946,,True,True,,113
4,annual-sunspots,True,1.7320010492403033,-1.22098258692089,True,True,1.7320010492403033,-1.22098258692089,3.3306690738754696e-16,True,-1.2026571809036966,-1.2308959148903267,,True,True,,114
4,annual-sunspots,True,1.72554811061663,-1.2201982344449152,True,True,1.7255481106166308,-1.220198234444916,8.881784197001252e-16,True,-1.205589207051535,-1.2307372140967427,,True,True,,115
4,annual-sunspots,True,1.700153013932455,-1.2110128971930465,True,True,1.7001530139324548,-1.2110128971930465,7.771561172376096e-16,True,-1.197816047545867,-1.2267516815630994,,True,True,,116
4,annual-sunspots,True,1.6468643813874726,-1.2127348238894466,True,True,1.6468643813874737,-1.2127348238894473,6.661338147750939e-16,True,-1.2001626522401017,-1.2246648100143844,,True,True,,117
4,annual-sunspots,True,1.6229593418390527,-1.2136564863387402,True,True,1.6229593418390524,-1.2136564863387402,8.881784197001252e-16,True,-1.205243372944362,-1.224271132630559,,True,True,,118
4,annual-sunspots,True,1.6108937769118745,-1.2176824351911855,True,True,1.610893776911872,-1.2176824351911844,1.27675647831893e-15,True,-1.211137332131866,-1.2241979367281761,,True,True,,119
4,annual-sunspots,True,1.6239737832638994,-1.2179388076691218,True,True,1.6239737832638994,-1.2179388076691213,4.440892098500626e-16,True,-1.2157611538439663,-1.223880803263792,,True,True,,120
4,annual-sunspots,True,1.6329419363213007,-1.2133441029997827,True,True,1.6329419363213014,-1.2133441029997836,8.881784197001252e-16,True,-1.20946437783722,-1.221658059813638,,True,True,,121
4,annual-sunspots,True,1.6461753658408944,-1.2079088356166814,True,True,1.6461753658408944,-1.2079088356166807,7.771561172376096e-16,True,-1.2043106138999924,-1.2183866274159856,,True,True,,122
4,annual-sunspots,True,1.662195854786902,-1.2039563944643907,True,True,1.662195854786903,-1.2039563944643918,1.1102230246251565e-15,True,-1.1978801009969768,-1.217318089586695,,True,True,,123
4,annual-sunspots,True,1.689900577636424,-1.2043393536775853,True,True,1.6899005776364273,-1.204339353677588,2.6645352591003757e-15,True,-1.1980870432805393,-1.2211017236179358,,True,True,,124
4,annual-sunspots,True,1.4829304621619759,-1.2141573693078935,True,True,1.4829304621619748,-1.2141573693078926,8.881784197001252e-16,True,-1.2014843289167791,-1.2279525852480258,,True,True,,125
4,annual-sunspots,True,1.4607810044446263,-1.2150852624025144,True,True,1.4607810044446279,-1.2150852624025157,1.3322676295501878e-15,True,-1.2076540764697716,-1.2337780645374268,,True,True,,126
4,annual-sunspots,True,1.4953644062015532,-1.2250786570906915,True,True,1.4953644062015525,-1.225078657090691,4.440892098500626e-16,True,-1.2146321986785371,-1.2344018595013604,,True,True,,127
4,annual-sunspots,True,1.5258167220040961,-1.225480664443727,True,True,1.5258167220040977,-1.2254806644437284,1.3322676295501878e-15,True,-1.2125970597285674,-1.2331574533027612,,True,True,,128
4,annual-sunspots,True,1.5534594012153267,-1.2224024464116177,True,True,1.5534594012153267,-1.2224024464116172,4.996003610813204e-16,True,-1.2067727433980902,-1.2308345090469286,,True,True,,129
4,annual-sunspots,True,1.5739155485456462,-1.2191482816021786,True,True,1.5739155485456466,-1.219148281602179,5.551115123125783e-16,True,-1.203882426908989,-1.2275249924746856,,True,True,,130
4,annual-sunspots,True,1.5661757509749294,-1.2177308602810122,True,True,1.566175750974931,-1.2177308602810135,1.3322676295501878e-15,True,-1.2094281043134187,-1.2262709492958097,,True,True,,131
4,annual-sunspots,True,1.5588264701711523,-1.2214265868688878,True,True,1.5588264701711525,-1.2214265868688883,6.661338147750939e-16,True,-1.2154873940461681,-1.2255053548752368,,True,True,,132
4,annual-sunspots,True,1.5490470850333402,-1.2240683159776788,True,True,1.5490470850333402,-1.224068315977679,4.440892098500626e-16,True,-1.220473356336636,-1.22674725784411,,True,True,,133
4,annual-sunspots,True,1.5464341985255838,-1.223329800992747,True,True,1.5464341985255836,-1.2233298009927467,2.220446049250313e-16,True,-1.221291967839995,-1.2293960950610492,,True,True,,134
4,annual-sunspots,True,1.5429824607167741,-1.217946531648424,True,True,1.5429824607167737,-1.2179465316484235,4.440892098500626e-16,True,-1.2091256690582834,-1.2305648255238584,,True,True,,135
4,annual-sunspots,True,1.5413780259534593,-1.2226628869828087,True,True,1.5413780259534584,-1.2226628869828073,1.3322676295501878e-15,True,-1.2186917278031402,-1.2306439395909186,,True,True,,136
4,annual-sunspots,True,1.5475920324791543,-1.2214651239752832,True,True,1.5475920324791532,-1.221465123975282,1.1102230246251565e-15,True,-1.2164876424534743,-1.2305769783416611,,True,True,,137
4,annual-sunspots,True,1.5688933013442417,-1.2202229663098567,True,True,1.5688933013442419,-1.2202229663098567,4.440892098500626e-16,True,-1.2153386271599098,-1.2287197340561704,,True,True,,138
4,annual-sunspots,True,1.582272716006674,-1.2177228828627606,True,True,1.5822727160066736,-1.21772288286276,6.661338147750939e-16,True,-1.2108062399019648,-1.2278219736883464,,True,True,,139
4,annual-sunspots,True,1.5841387851098503,-1.2199146006081798,True,True,1.5841387851098487,-1.2199146006081785,1.3322676295501878e-15,True,-1.2070343423292857,-1.2289699269221626,,True,True,,140
4,annual-sunspots,True,1.5889037608146408,-1.222527930552153,True,True,1.5889037608146404,-1.2225279305521526,4.440892098500626e-16,True,-1.2139382625042434,-1.2297832492696563,,True,True,,141
4,annual-sunspots,True,1.5902291954163204,-1.2232713534287971,True,True,1.5902291954163217,-1.2232713534287978,1.2212453270876722e-15,True,-1.2157900160866308,-1.2295740283500693,,True,True,,142
4,annual-sunspots,True,1.5921317115952298,-1.2218268617148835,True,True,1.5921317115952307,-1.221826861714884,4.440892098500626e-16,True,-1.2161597340388284,-1.2285735932460071,,True,True,,143
4,annual-sunspots,True,1.6152771299843207,-1.221046511720602,True,True,1.615277129984319,-1.2210465117206004,1.5543122344752192e-15,True,-1.2171616369078977,-1.2280026762093452,,True,True,,144
4,annual-sunspots,True,1.5871780014427508,-1.2229369848282208,True,True,1.5871780014427515,-1.2229369848282212,4.440892098500626e-16,True,-1.218674727024321,-1.2283437661540533,,True,True,,145
4,annual-sunspots,True,1.579286945409124,-1.2245395815027371,True,True,1.5792869454091238,-1.224539581502737,9.992007221626409e-16,True,-1.2216796068990416,-1.2284912689345477,,True,True,,146
4,annual-sunspots,True,1.5641571053823096,-1.221911016789162,True,True,1.5641571053823102,-1.2219110167891627,6.661338147750939e-16,True,-1.212139411061885,-1.2279018932249859,,True,True,,147
4,annual-sunspots,True,1.5527420733594695,-1.2175061333313395,True,True,1.5527420733594688,-1.217506133331339,4.440892098500626e-16,True,-1.2127479321075298,-1.2268918169716128,,True,True,,148
4,annual-sunspots,True,1.570345488038216,-1.2156489549868188,True,True,1.5703454880382157,-1.2156489549868184,5.551115123125783e-16,True,-1.2111515726403326,-1.2256203261691918,,True,True,,149
4,annual-sunspots,True,1.582143768967942,-1.2163061975599485,True,True,1.5821437689679394,-1.2163061975599465,1.9984014443252818e-15,True,-1.2085681900679004,-1.2255560674538983,,True,True,,150
4,annual-sunspots,True,1.6045118574408777,-1.2132543469388766,True,True,1.6045118574408783,-1.2132543469388766,1.1102230246251565e-15,True,-1.2046295782884522,-1.2237086803623245,,True,True,,151
4,annual-sunspots,True,1.6127494962902449,-1.2124506863072613,True,True,1.6127494962902442,-1.2124506863072608,4.440892098500626e-16,True,-1.2036403847044024,-1.2228614285818116,,True,True,,152
4,annual-sunspots,True,1.6111262491102052,-1.2142917693770923,True,True,1.6111262491102063,-1.214291769377093,8.881784197001252e-16,True,-1.2067053325663097,-1.223465248646988,,True,True,,153
4,annual-sunspots,True,1.5965975736132283,-1.2160944615613407,True,True,1.5965975736132283,-1.2160944615613407,8.881784197001252e-16,True,-1.2097320727847896,-1.224123148432878,,True,True,,154
4,annual-sunspots,True,1.5934718556865586,-1.2158212246158087,True,True,1.5934718556865584,-1.2158212246158084,5.551115123125783e-16,True,-1.2108590895365603,-1.2233686582210266,,True,True,,155
4,annual-sunspots,True,1.6134652196555548,-1.2162709920606978,True,True,1.6134652196555557,-1.2162709920606987,9.992007221626409e-16,True,-1.2122389362588255,-1.2231110033319785,,True,True,,156
4,annual-sunspots,True,1.6476483656256062,-1.2167121704891792,True,True,1.6476483656256065,-1.2167121704891795,3.885780586188048e-16,True,-1.213396280442034,-1.2266492772194488,,True,True,,157
4,annual-sunspots,True,1.6463880236099027,-1.2189958392839637,True,True,1.646388023609902,-1.2189958392839633,5.551115123125783e-16,True,-1.213134398620836,-1.2286060919776443,,True,True,,158
4,annual-sunspots,True,1.4621093332905053,-1.2238055096247844,True,True,1.4621093332905049,-1.223805509624784,6.661338147750939e-16,True,-1.215694840861872,-1.2315930656287308,,True,True,,159
4,annual-sunspots,True,1.4871335255129403,-1.2189204974486203,True,True,1.4871335255129399,-1.2189204974486199,4.440892098500626e-16,True,-1.2141516786274427,-1.2321712680874315,,True,True,,160
4,annual-sunspots,True,1.5061010977749612,-1.2242724092560413,True,True,1.5061010977749598,-1.2242724092560404,8.881784197001252e-16,True,-1.213950007220637,-1.2332265596271537,,True,True,,161
4,annual-sunspots,True,1.521346294257275,-1.2171384705868364,True,True,1.5213462942572757,-1.217138470586837,6.661338147750939e-16,True,-1.210850478459338,-1.232798261835733,,True,True,,162
4,annual-sunspots,True,1.5458250428204856,-1.2197482006838158,True,True,1.545825042820487,-1.219748200683817,1.1102230246251565e-15,True,-1.2145027796498862,-1.2307848419531873,,True,True,,163
4,annual-sunspots,True,1.5605494298257419,-1.2180393286350784,True,True,1.5605494298257412,-1.218039328635078,8.326672684688674e-16,True,-1.2131932661541127,-1.2270549298861348,,True,True,,164
4,annual-sunspots,True,1.5676020348735065,-1.2182546088130812,True,True,1.567602034873505,-1.2182546088130792,1.9984014443252818e-15,True,-1.2124762804772613,-1.2236261417768075,,True,True,,165
4,annual-sunspots,True,1.5586562503445138,-1.2199925018146516,True,True,1.5586562503445127,-1.2199925018146505,1.1102230246251565e-15,True,-1.2153257395149453,-1.2236628764024717,,True,True,,166
4,annual-sunspots,True,1.5423694868927025,-1.2225307506198533,True,True,1.5423694868927025,-1.2225307506198528,4.440892098500626e-16,True,-1.220184986643642,-1.2254580911252844,,True,True,,167
4,annual-sunspots,True,1.5245877326688655,-1.226526352856328,True,True,1.5245877326688655,-1.226526352856328,5.551115123125783e-16,True,-1.2247224914198775,-1.2291438975509557,,True,True,,168
4,annual-sunspots,True,1.5036545606654177,-1.225591489822642,True,True,1.5036545606654173,-1.2255914898226417,6.661338147750939e-16,True,-1.2250149753183166,-1.2316785006371438,,True,True,,169
4,annual-sunspots,True,1.4817409905965606,-1.2192283603277647,True,True,1.4817409905965604,-1.2192283603277645,2.220446049250313e-16,True,-1.2148283479352755,-1.230927700562699,,True,True,,170
4,annual-sunspots,True,1.5010203828950073,-1.2108274046480352,True,True,1.5010203828950075,-1.2108274046480352,6.661338147750939e-16,True,-1.2062136474450473,-1.2258469665543386,,True,True,,171
4,annual-sunspots,True,1.5336011551083815,-1.2120113128655006,True,True,1.5336011551083815,-1.2120113128655006,9.992007221626409e-16,True,-1.2050575045878267,-1.2225243826798513,,True,True,,172
4,annual-sunspots,True,1.6561342474952458,-1.2105634773063039,True,True,1.6561342474952454,-1.2105634773063039,4.440892098500626e-16,True,-1.2030002916116862,-1.221413366085606,,True,True,,173
4,annual-sunspots,True,1.6558448716572296,-1.216470152197583,True,True,1.6558448716572285,-1.2164701521975823,1.3322676295501878e-15,True,-1.2128142024802453,-1.224706593409019,,True,True,,174
4,annual-sunspots,True,1.65281894202261,-1.213400716986421,True,True,1.6528189420226098,-1.2134007169864212,5.551115123125783e-16,True,-1.2066029548658845,-1.2232753517865538,,True,True,,175
4,annual-sunspots,True,1.6625967303987774,-1.2076501725887814,True,True,1.6625967303987776,-1.2076501725887812,4.440892098500626e-16,True,-1.202817826606122,-1.2193407571376862,,True,True,,176
4,annual-sunspots,True,1.6684302896116083,-1.2033197649423841,True,True,1.6684302896116094,-1.2033197649423846,8.881784197001252e-16,True,-1.1976338733612066,-1.2167362861360123,,True,True,,177
4,annual-sunspots,True,1.6630046071640492,-1.2020422662426307,True,True,1.6630046071640503,-1.2020422662426316,8.881784197001252e-16,True,-1.1962751802834586,-1.2161518430319895,,True,True,,178
4,annual-sunspots,True,1.6561903396013413,-1.2053619025841504,True,True,1.6561903396013407,-1.2053619025841495,8.881784197001252e-16,True,-1.202840946023475,-1.219282311410577,,True,True,,179
4,annual-sunspots,True,1.6642577094393007,-1.213527421444128,True,True,1.6642577094393014,-1.2135274214441285,5.551115123125783e-16,True,-1.2071694132600104,-1.2240228938247124,,True,True,,180
4,annual-sunspots,True,1.6477208984496894,-1.2137531476370809,True,True,1.647720898449689,-1.2137531476370804,9.992007221626409e-16,True,-1.20663305199146,-1.2236191749280325,,True,True,,181
4,annual-sunspots,True,1.5909204229393963,-1.2128555344379872,True,True,1.5909204229393958,-1.2128555344379872,5.551115123125783e-16,True,-1.2076088735436212,-1.2224317336325514,,True,True,,182
4,annual-sunspots,True,1.5872465575452521,-1.212849639831769,True,True,1.5872465575452532,-1.21284963983177,1.1102230246251565e-15,True,-1.206886786221885,-1.2219643170653836,,True,True,,183
4,annual-sunspots,True,1.5960812819015726,-1.2125594656833751,True,True,1.596081281901573,-1.2125594656833751,1.3322676295501878e-15,True,-1.2048014694632898,-1.2217770877557492,,True,True,,184
4,annual-sunspots,True,1.6083040741924943,-1.210683245201673,True,True,1.608304074192494,-1.210683245201673,8.881784197001252e-16,True,-1.2036701737623723,-1.2205344425500806,,True,True,,185
4,annual-sunspots,True,1.610085289832183,-1.2099853904942095,True,True,1.6100852898321834,-1.2099853904942095,5.551115123125783e-16,True,-1.2002576725233856,-1.2193534420605947,,True,True,,186
4,annual-sunspots,True,1.6197238464064174,-1.2076673006073517,True,True,1.619723846406416,-1.2076673006073504,1.3322676295501878e-15,True,-1.2009529954464397,-1.2174923879106294,,True,True,,187
4,annual-sunspots,True,1.6242043186969757,-1.2080796915140943,True,True,1.624204318696976,-1.2080796915140946,2.220446049250313e-16,True,-1.2027892480655595,-1.217249449718902,,True,True,,188
4,annual-sunspots,True,1.6390686635496392,-1.209901297716255,True,True,1.6390686635496392,-1.2099012977162555,4.440892098500626e-16,True,-1.20531244676448,-1.2184003658407647,,True,True,,189
4,annual-sunspots,True,1.6380174304516992,-1.2134804582531222,True,True,1.638017430451699,-1.2134804582531222,4.440892098500626e-16,True,-1.2101145966147382,-1.219831431338688,,True,True,,190
4,annual-sunspots,True,1.611234058392714,-1.2178321639522613,True,True,1.6112340583927134,-1.2178321639522607,6.661338147750939e-16,True,-1.215429829501247,-1.2228917374397281,,True,True,,191
4,annual-sunspots,True,1.5881648123981187,-1.2199731532072353,True,True,1.58816481239812,-1.2199731532072362,9.992007221626409e-16,True,-1.2191922353751485,-1.2258193054971966,,True,True,,192
4,annual-sunspots,True,1.5835510727650912,-1.215202777191938,True,True,1.5835510727650923,-1.215202777191939,8.881784197001252e-16,True,-1.208438012764011,-1.2244004214377309,,True,True,,193
4,annual-sunspots,True,1.61388764299681,-1.209218355234402,True,True,1.6138876429968094,-1.2092183552344011,8.881784197001252e-16,True,-1.2044426164337079,-1.2218892787131486,,True,True,,194
4,annual-sunspots,True,1.6600018132436674,-1.2071352298138616,True,True,1.6600018132436678,-1.207135229813862,8.881784197001252e-16,True,-1.2033259964695717,-1.2222865979087048,,True,True,,195
4,annual-sunspots,True,1.6577037378710053,-1.213078510683477,True,True,1.6577037378710053,-1.213078510683477,4.440892098500626e-16,True,-1.2004558143211268,-1.2245891108354086,,True,True,,196
4,annual-sunspots,True,1.6623406737205808,-1.21649589497284,True,True,1.6623406737205806,-1.21649589497284,3.3306690738754696e-16,True,-1.21088590116257,-1.2258605096991753,,True,True,,197
4,annual-sunspots,True,1.6644436933590585,-1.219063895111965,True,True,1.6644436933590585,-1.2190638951119646,1.1102230246251565e-15,True,-1.215748808629806,-1.226701831168429,,True,True,,198
4,annual-sunspots,True,1.662108708895691,-1.2116021932963668,True,True,1.662108708895691,-1.211602193296367,6.661338147750939e-16,True,-1.2051279524481633,-1.2234020756218218,,True,True,,199
4,annual-sunspots,True,1.664834906384295,-1.2076839638941408,True,True,1.6648349063842949,-1.2076839638941408,2.220446049250313e-16,True,-1.2032002386796075,-1.2199279295903516,,True,True,,200
4,annual-sunspots,True,1.6567101262259123,-1.203375825228064,True,True,1.656710126225912,-1.203375825228064,1.1102230246251565e-15,True,-1.1981386958724247,-1.21851052986495,,True,True,,201
4,annual-sunspots,True,1.6490450944669846,-1.2032878382446386,True,True,1.6490450944669843,-1.2032878382446386,4.440892098500626e-16,True,-1.1994907007795246,-1.219700494349909,,True,True,,202
4,annual-sunspots,True,1.6518818208996342,-1.2130797052424271,True,True,1.6518818208996358,-1.213079705242429,1.7763568394002505e-15,True,-1.2082338440280795,-1.2231846685220669,,True,True,,203
4,annual-sunspots,True,1.6651950462332497,-1.2152496549700156,True,True,1.6651950462332499,-1.2152496549700156,2.220446049250313e-16,True,-1.2123094906561493,-1.223636873613563,,True,True,,204
4,annual-sunspots,True,1.670863587079074,-1.2104034077011616,True,True,1.6708635870790742,-1.2104034077011612,7.216449660063518e-16,True,-1.2023726445727942,-1.2212485689180475,,True,True,,205
4,annual-sunspots,True,1.515853061957003,-1.211398939585885,True,True,1.5158530619570016,-1.211398939585884,1.1102230246251565e-15,True,-1.2021562954512932,-1.222168174872497,,True,True,,206
4,annual-sunspots,True,1.5460636661366527,-1.2093999629464403,True,True,1.5460636661366525,-1.2093999629464403,3.3306690738754696e-16,True,-1.2028058905860775,-1.2211111854106247,,True,True,,207
4,annual-sunspots,True,1.5670326771616645,-1.2114979539146822,True,True,1.5670326771616634,-1.2114979539146806,1.5543122344752192e-15,True,-1.2014615803555553,-1.2211579651925637,,True,True,,208
4,annual-sunspots,True,1.5836553146389138,-1.2093097950675133,True,True,1.5836553146389145,-1.2093097950675136,1.1102230246251565e-15,True,-1.200590813565098,-1.2194129067860429,,True,True,,209
4,annual-sunspots,True,1.5891950640334174,-1.2096697789450133,True,True,1.5891950640334165,-1.2096697789450128,6.661338147750939e-16,True,-1.2038432972857287,-1.218350192199932,,True,True,,210
4,annual-sunspots,True,1.6014598356014234,-1.2075135445338763,True,True,1.601459835601423,-1.2075135445338758,4.440892098500626e-16,True,-1.2015304404416587,-1.2156798989672424,,True,True,,211
4,annual-sunspots,True,1.6195896323930135,-1.206724277090699,True,True,1.619589632393014,-1.2067242770906987,5.551115123125783e-16,True,-1.2013559745292757,-1.2146263109518285,,True,True,,212
4,annual-sunspots,True,1.626480749009986,-1.2098290031855838,True,True,1.6264807490099844,-1.2098290031855823,1.5543122344752192e-15,True,-1.206019290485981,-1.2182290783740721,,True,True,,213
4,annual-sunspots,True,1.6219558531993128,-1.206069997396248,True,True,1.6219558531993135,-1.206069997396249,8.881784197001252e-16,True,-1.2026642719357434,-1.2221271566501768,,True,True,,214
4,annual-sunspots,True,1.6245671847240217,-1.2116448876575596,True,True,1.6245671847240208,-1.2116448876575587,8.881784197001252e-16,True,-1.2055546422129422,-1.2247351208811792,,True,True,,215
4,annual-sunspots,True,1.6148008125154776,-1.211972577144488,True,True,1.6148008125154776,-1.211972577144488,4.440892098500626e-16,True,-1.2046478953433035,-1.2242516750635701,,True,True,,216
4,annual-sunspots,True,1.5941369611435496,-1.2131425006769248,True,True,1.5941369611435499,-1.2131425006769248,5.551115123125783e-16,True,-1.2045857377327434,-1.2241901885941875,,True,True,,217
4,annual-sunspots,True,1.6677349386480294,-1.2131428904535313,True,True,1.6677349386480278,-1.21314289045353,1.3322676295501878e-15,True,-1.2045660733416628,-1.2247229591259337,,True,True,,218
4,annual-sunspots,True,1.6789834510486472,-1.2115230759281124,True,True,1.6789834510486463,-1.2115230759281115,8.881784197001252e-16,True,-1.2045695953074929,-1.2242848569410096,,True,True,,219
4,annual-sunspots,True,1.6763837712669323,-1.209061136049304,True,True,1.676383771266932,-1.2090611360493038,5.551115123125783e-16,True,-1.1989205249128794,-1.2222782369931353,,True,True,,220
4,annual-sunspots,True,1.6761652849036,-1.205294523601823,True,True,1.6761652849035988,-1.2052945236018222,8.881784197001252e-16,True,-1.1995432573222649,-1.2181877656130722,,True,True,,221
4,annual-sunspots,True,1.6727409472523567,-1.2020100927425388,True,True,1.672740947252357,-1.202010092742539,4.440892098500626e-16,True,-1.195683743613289,-1.2145812280263222,,True,True,,222
4,annual-sunspots,True,1.6533723208123923,-1.2061566923911897,True,True,1.6533723208123925,-1.2061566923911897,4.440892098500626e-16,True,-1.2009733123171964,-1.216409768813341,,True,True,,223
4,annual-sunspots,True,1.6517965153614211,-1.208980140380738,True,True,1.6517965153614211,-1.208980140380738,5.551115123125783e-16,True,-1.2005984290748415,-1.2208702138284064,,True,True,,224
4,annual-sunspots,True,1.6388848260970192,-1.2147122204930554,True,True,1.6388848260970197,-1.2147122204930558,4.440892098500626e-16,True,-1.2089352432675764,-1.2237788543118109,,True,True,,225
4,annual-sunspots,True,1.5190981201823792,-1.2181717325557726,True,True,1.51909812018238,-1.218171732555773,5.551115123125783e-16,True,-1.2132760000682445,-1.2265035118433945,,True,True,,226
4,annual-sunspots,True,1.5131909682504956,-1.220585101145186,True,True,1.513190968250497,-1.2205851011451874,1.3322676295501878e-15,True,-1.215592720104546,-1.227858871876519,,True,True,,227
4,annual-sunspots,True,1.5220215489031843,-1.2220724180181002,True,True,1.5220215489031848,-1.2220724180181002,6.661338147750939e-16,True,-1.2167031650892939,-1.228455943760381,,True,True,,228
4,annual-sunspots,True,1.5304066342799174,-1.2216641397610637,True,True,1.5304066342799167,-1.2216641397610626,1.1102230246251565e-15,True,-1.2129383466131265,-1.2283366741752244,,True,True,,229
4,annual-sunspots,True,1.5385256337531863,-1.2199966708935843,True,True,1.5385256337531865,-1.2199966708935848,4.440892098500626e-16,True,-1.214717258082647,-1.2278087399325206,,True,True,,230
4,annual-sunspots,True,1.557383905794112,-1.2189413926569652,True,True,1.5573839057941106,-1.218941392656964,1.3322676295501878e-15,True,-1.214560688881794,-1.224692626045831,,True,True,,231
4,annual-sunspots,True,1.566118724534929,-1.2189729429174279,True,True,1.566118724534929,-1.2189729429174279,3.885780586188048e-16,True,-1.2161594033895553,-1.223350191809013,,True,True,,232
4,annual-sunspots,True,1.5797593657881293,-1.2190683601783294,True,True,1.5797593657881297,-1.2190683601783294,5.551115123125783e-16,True,-1.216604818659101,-1.2228942104557685,,True,True,,233
4,annual-sunspots,True,1.5964419116934456,-1.2198793221169062,True,True,1.5964419116934456,-1.2198793221169064,2.220446049250313e-16,True,-1.2176661606250159,-1.2255690117549887,,True,True,,234
4,annual-sunspots,True,1.6143578423814613,-1.221798309749997,True,True,1.6143578423814613,-1.221798309749997,1.1102230246251565e-16,True,-1.2176806416342327,-1.22816349048759,,True,True,,235
4,annual-sunspots,True,1.485410809766149,-1.2270195345774968,True,True,1.4854108097661487,-1.2270195345774966,1.1102230246251565e-15,True,-1.2228364618280618,-1.2325570724662818,,True,True,,236
4,annual-sunspots,True,1.4992861929739296,-1.2294924005210364,True,True,1.4992861929739303,-1.229492400521037,6.661338147750939e-16,True,-1.225998064454789,-1.234078402208017,,True,True,,237
4,annual-sunspots,True,1.4932835292220725,-1.2301372281254925,True,True,1.4932835292220727,-1.2301372281254923,1.3877787807814457e-15,True,-1.2261296022374313,-1.2353087242182617,,True,True,,238
4,annual-sunspots,True,1.501721377085588,-1.2285148051433943,True,True,1.5017213770855908,-1.2285148051433967,2.4424906541753444e-15,True,-1.2190923051297324,-1.23485483684037,,True,True,,239
4,annual-sunspots,True,1.5101236094519452,-1.229457692028809,True,True,1.5101236094519443,-1.2294576920288085,4.440892098500626e-16,True,-1.209621805679317,-1.2351096495275262,,True,True,,240
4,annual-sunspots,True,1.5174466063163456,-1.2280930186044507,True,True,1.5174466063163452,-1.2280930186044499,8.881784197001252e-16,True,-1.2245482558330234,-1.2338917285587765,,True,True,,241
4,annual-sunspots,True,1.5271586254253267,-1.2286255655106633,True,True,1.527158625425327,-1.2286255655106633,3.3306690738754696e-16,True,-1.2252593825803777,-1.2312822736334317,,True,True,,242
4,annual-sunspots,True,1.5266329715940303,-1.2275764055211118,True,True,1.526632971594029,-1.2275764055211105,1.3322676295501878e-15,True,-1.2244653668600638,-1.2294728525737122,,True,True,,243
4,annual-sunspots,True,1.523315766955403,-1.2267304394907972,True,True,1.5233157669554023,-1.2267304394907965,6.661338147750939e-16,True,-1.2226856126565735,-1.230895891287211,,True,True,,244
4,annual-sunspots,True,1.5184819052900171,-1.229105614052537,True,True,1.518481905290015,-1.229105614052535,1.9984014443252818e-15,True,-1.228140573777897,-1.2343171956702228,,True,True,,245
4,annual-sunspots,True,1.4930533151132195,-1.2340344058006936,True,True,1.4930533151132201,-1.234034405800694,5.551115123125783e-16,True,-1.2329674358814413,-1.237641984292488,,True,True,,246
4,annual-sunspots,True,1.4783210458281002,-1.233768361617953,True,True,1.478321045828099,-1.233768361617952,1.2212453270876722e-15,True,-1.233399486531103,-1.239801123384066,,True,True,,247
4,annual-sunspots,True,1.4742792521883152,-1.2367707347670267,True,True,1.474279252188316,-1.2367707347670271,4.440892098500626e-16,True,-1.2278313115378012,-1.2402083189242359,,True,True,,248
4,annual-sunspots,True,1.4655461236563339,-1.2300959223026096,True,True,1.4655461236563343,-1.2300959223026098,3.3306690738754696e-16,True,-1.2285948360797116,-1.2401088566268421,,True,True,,249
4,annual-sunspots,True,1.459291730228501,-1.2267624077092152,True,True,1.4592917302285007,-1.226762407709215,4.440892098500626e-16,True,-1.2195968892365623,-1.239171417915104,,True,True,,250
4,annual-sunspots,True,1.4550847022004172,-1.2255421334479868,True,True,1.4550847022004174,-1.225542133447987,6.106226635438361e-16,True,-1.22518284641574,-1.2402741403776376,,True,True,,251
4,annual-sunspots,True,1.4638072013066656,-1.237191987711912,True,True,1.4638072013066659,-1.2371919877119126,1.0547118733938987e-15,True,-1.2371239449081948,-1.2420433882673478,,True,True,,252
4,annual-sunspots,True,1.4586972652665908,-1.2340262241822855,True,True,1.4586972652665893,-1.2340262241822841,1.3322676295501878e-15,True,-1.2338554634968848,-1.2413984667968405,,True,True,,253
4,annual-sunspots,True,1.4553035533665932,-1.2337324138153023,True,True,1.4553035533665943,-1.2337324138153036,1.3322676295501878e-15,True,-1.2335935542404475,-1.2421411738319619,,True,True,,254
4,annual-sunspots,True,1.4567890621450577,-1.234995031788323,True,True,1.4567890621450565,-1.234995031788322,8.881784197001252e-16,True,-1.2348922378220553,-1.2426065603270429,,True,True,,255
4,annual-sunspots,True,1.46210586623214,-1.2343408613144615,True,True,1.4621058662321398,-1.234340861314461,4.440892098500626e-16,True,-1.2326007965757007,-1.240651924847425,,True,True,,256
4,annual-sunspots,True,1.4613848506553886,-1.2330688338568936,True,True,1.4613848506553906,-1.2330688338568954,1.7763568394002505e-15,True,-1.2319173046203664,-1.239012834383896,,True,True,,257
4,annual-sunspots,True,1.4698038450124475,-1.2312615881571118,True,True,1.46980384501245,-1.231261588157114,2.220446049250313e-15,True,-1.2301227732614908,-1.2370775445606401,,True,True,,258
4,annual-sunspots,True,1.4942011105504502,-1.2295999912313669,True,True,1.4942011105504494,-1.2295999912313658,1.1102230246251565e-15,True,-1.228364946636021,-1.2353372768992015,,True,True,,259
4,annual-sunspots,True,1.5725924586318427,-1.2236838113772015,True,True,1.572592458631842,-1.2236838113772015,5.551115123125783e-16,True,-1.2152851722535174,-1.2312783643420442,,True,True,,260
4,annual-sunspots,True,1.5719313191978515,-1.221868139187982,True,True,1.5719313191978537,-1.221868139187984,1.9984014443252818e-15,True,-1.1961904562281018,-1.2302112030401826,,True,True,,261
4,annual-sunspots,True,1.5769146047238853,-1.2205183550973824,True,True,1.5769146047238851,-1.220518355097383,1.6653345369377348e-15,True,-1.2035738345527,-1.2285061087566125,,True,True,,262
4,annual-sunspots,True,1.571375755511027,-1.222100862146295,True,True,1.571375755511026,-1.222100862146294,8.881784197001252e-16,True,-1.2149656686010646,-1.2288046382333053,,True,True,,263
4,annual-sunspots,True,1.5708327435266392,-1.2229165167037697,True,True,1.57083274352664,-1.2229165167037703,1.1102230246251565e-15,True,-1.2189978430410409,-1.2280012707138996,,True,True,,264
4,annual-sunspots,True,1.6075941389033797,-1.223433509730671,True,True,1.6075941389033792,-1.2234335097306703,6.661338147750939e-16,True,-1.219482011059874,-1.2280402373513226,,True,True,,265
4,annual-sunspots,True,1.5947111113585706,-1.2252108873242746,True,True,1.5947111113585724,-1.225210887324276,1.3322676295501878e-15,True,-1.2234677755731995,-1.2298408166039358,,True,True,,266
4,annual-sunspots,True,1.5995684266511967,-1.2274283784389008,True,True,1.5995684266511971,-1.2274283784389013,1.2212453270876722e-15,True,-1.226688440536177,-1.2310387739319382,,True,True,,267
4,annual-sunspots,True,1.4709232130904342,-1.228609117083405,True,True,1.470923213090435,-1.2286091170834057,6.661338147750939e-16,True,-1.2251854476251614,-1.232967620800956,,True,True,,268
4,annual-sunspots,True,1.4672415136212704,-1.2300351178757531,True,True,1.4672415136212693,-1.230035117875752,1.1102230246251565e-15,True,-1.2264513649460107,-1.2348921381524214,,True,True,,269
4,annual-sunspots,True,1.4680628204877433,-1.230181568022446,True,True,1.468062820487743,-1.230181568022446,2.220446049250313e-16,True,-1.2265759622567143,-1.2368702311985893,,True,True,,270
4,annual-sunspots,True,1.4723039719966036,-1.2329663475023716,True,True,1.472303971996603,-1.2329663475023707,8.881784197001252e-16,True,-1.2197142362942848,-1.2386510988857893,,True,True,,271
4,annual-sunspots,True,1.486631028663328,-1.2323647187205578,True,True,1.486631028663328,-1.2323647187205573,4.440892098500626e-16,True,-1.2180335296387335,-1.238042992501628,,True,True,,272
4,annual-sunspots,True,1.4970285976817697,-1.2353393966685238,True,True,1.4970285976817697,-1.2353393966685242,9.992007221626409e-16,True,-1.2338014725079558,-1.2385019142730804,,True,True,,273
4,annual-sunspots,True,1.5059458405025459,-1.2333476732081516,True,True,1.5059458405025454,-1.2333476732081512,4.996003610813204e-16,True,-1.2295372786232073,-1.2358333736754346,,True,True,,274
4,annual-sunspots,True,1.504891851309233,-1.2314130783273465,True,True,1.5048918513092349,-1.2314130783273483,1.7763568394002505e-15,True,-1.2284057181143626,-1.23443288553188,,True,True,,275
4,annual-sunspots,True,1.5017743763148663,-1.2310286636195444,True,True,1.5017743763148665,-1.2310286636195444,8.881784197001252e-16,True,-1.2297367825509689,-1.2354363774742358,,True,True,,276
4,annual-sunspots,True,1.5235039978262952,-1.232236242333815,True,True,1.523503997826296,-1.2322362423338156,6.661338147750939e-16,True,-1.2303877900425737,-1.2356251318387712,,True,True,,277
4,annual-sunspots,True,1.524550866123039,-1.2348738813013531,True,True,1.5245508661230383,-1.2348738813013524,6.661338147750939e-16,True,-1.2321794974119937,-1.237939721026896,,True,True,,278
4,annual-sunspots,True,1.5115374359982765,-1.2363091592259763,True,True,1.511537435998278,-1.2363091592259776,1.3322676295501878e-15,True,-1.2327383902874218,-1.2393662887632377,,True,True,,279
4,annual-sunspots,True,1.5121751787388,-1.236340065468771,True,True,1.5121751787388005,-1.2363400654687715,4.440892098500626e-16,True,-1.2305543875926215,-1.2392726964151497,,True,True,,280
4,annual-sunspots,True,1.523375166386604,-1.2329699296204297,True,True,1.5233751663866058,-1.2329699296204313,1.5543122344752192e-15,True,-1.2315142683358913,-1.2375977014932684,,True,True,,281
4,annual-sunspots,True,1.5336020550928577,-1.2294055559453145,True,True,1.5336020550928589,-1.2294055559453154,8.881784197001252e-16,True,-1.2271278336516884,-1.235125600524945,,True,True,,282
4,annual-sunspots,True,1.514006044063936,-1.2259391210225126,True,True,1.5140060440639362,-1.2259391210225126,2.7755575615628914e-16,True,-1.2177587599720816,-1.2342007809833724,,True,True,,283
4,annual-sunspots,True,1.5082930858516153,-1.2300732633650797,True,True,1.5082930858516164,-1.2300732633650808,1.1102230246251565e-15,True,-1.2266933033101615,-1.2343863897786334,,True,True,,284
4,annual-sunspots,True,1.4994972173041887,-1.2314629773454273,True,True,1.4994972173041885,-1.2314629773454273,6.661338147750939e-16,True,-1.2298605205270667,-1.2345530715864248,,True,True,,285
4,annual-sunspots,True,1.4911322402306364,-1.2327759738803095,True,True,1.4911322402306362,-1.2327759738803092,6.661338147750939e-16,True,-1.2320746598702663,-1.23653809693977,,True,True,,286
4,annual-sunspots,True,1.4879370347936025,-1.2232707662952553,True,True,1.4879370347936018,-1.223270766295255,8.326672684688674e-16,True,-1.2218903624050734,-1.2354571455615087,,True,True,,287
4,annual-sunspots,True,1.5011100570326203,-1.2289650409342374,True,True,1.5011100570326208,-1.2289650409342374,4.440892098500626e-16,True,-1.22380936081443,-1.234980942507159,,True,True,,288
4,annual-sunspots,True,1.494789466531806,-1.2307298382802578,True,True,1.4947894665318076,-1.2307298382802592,1.3322676295501878e-15,True,-1.224678965137155,-1.2353029510638118,,True,True,,289
4,annual-sunspots,True,1.5135651866815134,-1.2295864478776597,True,True,1.513565186681513,-1.2295864478776592,7.771561172376096e-16,True,-1.2247951868879703,-1.2336722481485167,,True,True,,290
4,annual-sunspots,True,1.5234704488715534,-1.2279495611789202,True,True,1.5234704488715534,-1.22794956117892,6.661338147750939e-16,True,-1.222755333337459,-1.2325799428907869,,True,True,,291
4,annual-sunspots,True,1.5779196743190602,-1.2219077980465403,True,True,1.5779196743190607,-1.221907798046541,6.661338147750939e-16,True,-1.2147102736182829,-1.2291181721656468,,True,True,,292
4,annual-sunspots,True,1.5754555282010294,-1.2204301375491016,True,True,1.5754555282010299,-1.220430137549102,4.440892098500626e-16,True,-1.206694481011888,-1.2274509221077958,,True,True,,293
4,annual-sunspots,True,1.576768921124149,-1.2209611467800545,True,True,1.576768921124149,-1.2209611467800547,5.551115123125783e-16,True,-1.2173560497914289,-1.226519149272051,,True,True,,294
4,annual-sunspots,True,1.583324466126994,-1.2209880912694033,True,True,1.5833244661269952,-1.2209880912694042,8.881784197001252e-16,True,-1.2183060202016096,-1.2250247972469466,,True,True,,295
4,annual-sunspots,True,1.5797555480324748,-1.2221352369989062,True,True,1.5797555480324748,-1.2221352369989062,3.3306690738754696e-16,True,-1.2203768053160853,-1.2255072064291963,,True,True,,296
4,mauna-loa-co2,True,1.648427630876527,-1.2454521753214618,True,True,1.6484276308765262,-1.2454521753214605,1.3322676295501878e-15,True,-1.2444923343633487,-1.2467653602909377,,True,True,,0
4,mauna-loa-co2,True,1.645686634584761,-1.2422272133406846,True,True,1.6456866345847594,-1.242227213340684,8.326672684688674e-16,True,-1.2417407227320392,-1.2466714911951915,,True,True,,1
4,mauna-loa-co2,True,1.6321645597707573,-1.241443475649205,True,True,1.6321645597707573,-1.241443475649205,2.220446049250313e-16,True,-1.2411235287382094,-1.2465100339135542,,True,True,,2
4,mauna-loa-co2,True,1.6013026475915437,-1.2399149675272165,True,True,1.6013026475915444,-1.2399149675272167,4.996003610813204e-16,True,-1.2398045248504674,-1.2464393123441198,,True,True,,3
4,mauna-loa-co2,True,1.5940693183761279,-1.240048300134125,True,True,1.5940693183761272,-1.2400483001341243,6.661338147750939e-16,True,-1.2400206115384338,-1.2463997599709065,,True,True,,4
4,mauna-loa-co2,True,1.6034683954218514,-1.24561394061576,True,True,1.6034683954218514,-1.24561394061576,4.440892098500626e-16,True,-1.2447840028868622,-1.246377806271488,,True,True,,5
4,mauna-loa-co2,True,1.607050576061334,-1.242723284280204,True,True,1.6070505760613334,-1.2427232842802032,8.881784197001252e-16,True,-1.2424078303426922,-1.2462820071282044,,True,True,,6
4,mauna-loa-co2,True,1.614746230494891,-1.2411767045733741,True,True,1.6147462304948916,-1.2411767045733748,6.661338147750939e-16,True,-1.2410701504151664,-1.2462238885262864,,True,True,,7
4,mauna-loa-co2,True,1.6194381163097264,-1.2414770266739246,True,True,1.6194381163097264,-1.241477026673925,4.440892098500626e-16,True,-1.2413671512442803,-1.2462107855475935,,True,True,,8
4,mauna-loa-co2,True,1.629564218257157,-1.2434898721682814,True,True,1.6295642182571568,-1.2434898721682812,3.3306690738754696e-16,True,-1.2431394961235567,-1.24628732049504,,True,True,,9
4,mauna-loa-co2,True,1.6336212953135085,-1.2451942975294112,True,True,1.6336212953135074,-1.2451942975294101,1.1102230246251565e-15,True,-1.2446714817503541,-1.2463440213213344,,True,True,,10
4,mauna-loa-co2,True,1.6355236678562475,-1.2455502698909453,True,True,1.635523667856248,-1.2455502698909457,4.440892098500626e-16,True,-1.2450206293788126,-1.2463454841458625,,True,True,,11
4,mauna-loa-co2,True,1.6373861476601597,-1.245597859185298,True,True,1.6373861476601628,-1.245597859185301,2.886579864025407e-15,True,-1.2450418955782254,-1.2462647593103784,,True,True,,12
4,mauna-loa-co2,True,1.6379395858152521,-1.2455587105158508,True,True,1.6379395858152532,-1.2455587105158519,1.1102230246251565e-15,True,-1.2450037889238634,-1.2461765736593848,,True,True,,13
4,mauna-loa-co2,True,1.632385427673573,-1.2434520813707783,True,True,1.632385427673572,-1.243452081370778,4.996003610813204e-16,True,-1.2430378880727946,-1.2460561097079426,,True,True,,14
4,mauna-loa-co2,True,1.618480263126132,-1.2447097598935069,True,True,1.6184802631261312,-1.2447097598935064,5.551115123125783e-16,True,-1.2441836401565503,-1.2459378478518752,,True,True,,15
4,mauna-loa-co2,True,1.616757239045434,-1.2451337686687616,True,True,1.6167572390454326,-1.24513376866876,1.5543122344752192e-15,True,-1.2444837878620663,-1.2458745358185754,,True,True,,16
4,mauna-loa-co2,True,1.6167094248124156,-1.245084242624097,True,True,1.616709424812414,-1.2450842426240956,1.3322676295501878e-15,True,-1.2444337233466116,-1.2458806888155411,,True,True,,17
4,mauna-loa-co2,True,1.618708399249526,-1.2450270073328964,True,True,1.6187083992495253,-1.245027007332896,8.881784197001252e-16,True,-1.2443373980408305,-1.2458751855339538,,True,True,,18
4,mauna-loa-co2,True,1.6202119064284755,-1.2411181821378967,True,True,1.6202119064284755,-1.2411181821378963,4.440892098500626e-16,True,-1.2408626475470181,-1.2459294501988247,,True,True,,19
4,mauna-loa-co2,True,1.638966761948761,-1.2453477709969685,True,True,1.6389667619487607,-1.2453477709969685,1.6653345369377348e-16,True,-1.2447834241795188,-1.2460582021823934,,True,True,,20
4,mauna-loa-co2,True,1.639292574563098,-1.245414563661149,True,True,1.639292574563098,-1.2454145636611493,3.3306690738754696e-16,True,-1.2448753260174368,-1.2461664630356712,,True,True,,21
4,mauna-loa-co2,True,1.638491109543649,-1.2454107036965205,True,True,1.6384911095436485,-1.2454107036965194,1.1102230246251565e-15,True,-1.244873413405715,-1.2462762214948429,,True,True,,22
4,mauna-loa-co2,True,1.6375857791264934,-1.245413170373463,True,True,1.637585779126494,-1.2454131703734632,8.881784197001252e-16,True,-1.2448491380288187,-1.2463423057499474,,True,True,,23
4,mauna-loa-co2,True,1.6363670941965296,-1.2452505027431795,True,True,1.6363670941965296,-1.2452505027431793,3.885780586188048e-16,True,-1.244653424793412,-1.2463748243493797,,True,True,,24
4,mauna-loa-co2,True,1.6304232920811554,-1.242273950454579,True,True,1.630423292081157,-1.2422739504545803,1.3322676295501878e-15,True,-1.2420527683345126,-1.246337813102924,,True,True,,25
4,mauna-loa-co2,True,1.6240186965680155,-1.2418642001688354,True,True,1.6240186965680157,-1.2418642001688358,5.551115123125783e-16,True,-1.2417069844836142,-1.246229507175952,,True,True,,26
4,mauna-loa-co2,True,1.6122119359667924,-1.2419317166256316,True,True,1.6122119359667924,-1.2419317166256316,5.551115123125783e-16,True,-1.2417661680322973,-1.246219642879458,,True,True,,27
4,mauna-loa-co2,True,1.6045794276952827,-1.2437522143929094,True,True,1.604579427695283,-1.24375221439291,6.661338147750939e-16,True,-1.2433293559059229,-1.246276790578377,,True,True,,28
4,mauna-loa-co2,True,1.6011581938202997,-1.2457050820575977,True,True,1.6011581938203,-1.2457050820575977,4.440892098500626e-16,True,-1.2449074445454238,-1.246343785178065,,True,True,,29
4,mauna-loa-co2,True,1.600104009513667,-1.245632445645352,True,True,1.6001040095136663,-1.2456324456453514,6.661338147750939e-16,True,-1.244747601759272,-1.2463188141815167,,True,True,,30
4,mauna-loa-co2,True,1.606910939672293,-1.2413821427597274,True,True,1.606910939672293,-1.2413821427597274,1.6653345369377348e-16,True,-1.2411784660854115,-1.2462932260001451,,True,True,,31
4,mauna-loa-co2,True,1.6263178463243462,-1.2411376831746008,True,True,1.6263178463243473,-1.241137683174602,1.1102230246251565e-15,True,-1.240959718780999,-1.2463469285877566,,True,True,,32
4,mauna-loa-co2,True,1.634923894090762,-1.2456404660522387,True,True,1.634923894090762,-1.245640466052239,6.106226635438361e-16,True,-1.2448755131176363,-1.2464542493681432,,True,True,,33
4,mauna-loa-co2,True,1.6363293235674372,-1.2457130754159866,True,True,1.636329323567438,-1.2457130754159873,6.661338147750939e-16,True,-1.244999052366761,-1.2465266043099739,,True,True,,34
4,mauna-loa-co2,True,1.6380257612522788,-1.245770020804089,True,True,1.638025761252282,-1.2457700208040916,2.6645352591003757e-15,True,-1.2450701559442816,-1.2465647928943804,,True,True,,35
4,mauna-loa-co2,True,1.63927601966625,-1.2457917623159143,True,True,1.63927601966625,-1.2457917623159147,1.3322676295501878e-15,True,-1.2450720236621504,-1.2465775134150812,,True,True,,36
4,mauna-loa-co2,True,1.6401040159387354,-1.2455490769898065,True,True,1.6401040159387357,-1.245549076989807,4.440892098500626e-16,True,-1.2448333293356195,-1.2465308379660804,,True,True,,37
4,mauna-loa-co2,True,1.6306407706116435,-1.2417119318654746,True,True,1.6306407706116417,-1.2417119318654728,1.7763568394002505e-15,True,-1.2414657190145346,-1.2463968201559463,,True,True,,38
4,mauna-loa-co2,True,1.613968608906976,-1.2429306600490102,True,True,1.613968608906975,-1.2429306600490093,8.881784197001252e-16,True,-1.24253832014145,-1.2463064284753993,,True,True,,39
4,mauna-loa-co2,True,1.6084980714657664,-1.2456001846240827,True,True,1.6084980714657664,-1.2456001846240825,2.7755575615628914e-16,True,-1.244828962802715,-1.2463403235008477,,True,True,,40
4,mauna-loa-co2,True,1.6084130662432428,-1.2455829008387853,True,True,1.6084130662432423,-1.2455829008387849,4.440892098500626e-16,True,-1.2448281997098847,-1.2463628476999715,,True,True,,41
4,mauna-loa-co2,True,1.6091332276391552,-1.2442152313270054,True,True,1.6091332276391552,-1.2442152313270052,4.440892098500626e-16,True,-1.2437024819912625,-1.2463042362245762,,True,True,,42
4,mauna-loa-co2,True,1.6209004326213239,-1.241163803897569,True,True,1.6209004326213226,-1.2411638038975679,1.1102230246251565e-15,True,-1.240998811537216,-1.2462879472978552,,True,True,,43
4,mauna-loa-co2,True,1.6276148654957767,-1.241543721607446,True,True,1.6276148654957767,-1.2415437216074463,2.220446049250313e-16,True,-1.2413608851858229,-1.2463282132282278,,True,True,,44
4,mauna-loa-co2,True,1.6316121428262542,-1.2448292051566696,True,True,1.6316121428262518,-1.2448292051566678,1.7763568394002505e-15,True,-1.2443084268539555,-1.246441109740743,,True,True,,45
4,mauna-loa-co2,True,1.6337040908079428,-1.2454320049457595,True,True,1.6337040908079443,-1.245432004945761,1.5543122344752192e-15,True,-1.2449166814590875,-1.2465228025155382,,True,True,,46
4,mauna-loa-co2,True,1.635365558540231,-1.2457312192079455,True,True,1.6353655585402318,-1.245731219207946,5.551115123125783e-16,True,-1.2452182172147663,-1.2465413788966528,,True,True,,47
4,mauna-loa-co2,True,1.6366263999970416,-1.2459055961965433,True,True,1.6366263999970403,-1.2459055961965422,1.1102230246251565e-15,True,-1.2453791452525302,-1.2465201646671464,,True,True,,48
4,mauna-loa-co2,True,1.6377477859979965,-1.2456694171618106,True,True,1.6377477859979956,-1.2456694171618097,8.881784197001252e-16,True,-1.245138911529775,-1.2464426931934007,,True,True,,49
4,mauna-loa-co2,True,1.6353279665872553,-1.2439155362076244,True,True,1.6353279665872558,-1.2439155362076244,6.106226635438361e-16,True,-1.2435201107022822,-1.2463612576703278,,True,True,,50
4,mauna-loa-co2,True,1.6280750323053925,-1.2442110096177394,True,True,1.6280750323053927,-1.24421100961774,4.440892098500626e-16,True,-1.2437570518563528,-1.2462974731314607,,True,True,,51
4,mauna-loa-co2,True,1.6206118882924356,-1.245731549575455,True,True,1.620611888292435,-1.2457315495754542,8.881784197001252e-16,True,-1.245074944240876,-1.246335554145437,,True,True,,52
4,mauna-loa-co2,True,1.616611299569196,-1.2456491031887038,True,True,1.6166112995691961,-1.2456491031887043,1.3322676295501878e-15,True,-1.2450169236744968,-1.246399333853399,,True,True,,53
4,mauna-loa-co2,True,1.6163900208004598,-1.2455348360171565,True,True,1.6163900208004602,-1.2455348360171565,3.3306690738754696e-16,True,-1.244847947327379,-1.2463346101312973,,True,True,,54
4,mauna-loa-co2,True,1.6154673151374963,-1.2404846264780292,True,True,1.6154673151374945,-1.2404846264780274,1.7763568394002505e-15,True,-1.24033800380406,-1.2463204889568185,,True,True,,55
4,mauna-loa-co2,True,1.629002192507826,-1.2433043145903726,True,True,1.6290021925078257,-1.2433043145903722,7.771561172376096e-16,True,-1.2429491383824856,-1.2463932874287527,,True,True,,56
4,mauna-loa-co2,True,1.632628290553166,-1.2458312806428031,True,True,1.632628290553166,-1.2458312806428031,2.220446049250313e-16,True,-1.2452509538396201,-1.2464812588680312,,True,True,,57
4,mauna-loa-co2,True,1.6330648169346893,-1.2457837455772587,True,True,1.6330648169346884,-1.2457837455772582,6.661338147750939e-16,True,-1.2452040261891577,-1.2465596237836625,,True,True,,58
4,mauna-loa-co2,True,1.6338976106010947,-1.2458341532460635,True,True,1.6338976106010945,-1.245834153246063,4.440892098500626e-16,True,-1.2452270696709729,-1.246593007896064,,True,True,,59
4,mauna-loa-co2,True,1.6344213489736137,-1.2458262523415857,True,True,1.6344213489736137,-1.2458262523415855,2.220446049250313e-16,True,-1.24517379590332,-1.2466192262623068,,True,True,,60
4,mauna-loa-co2,True,1.634192477986425,-1.2458399330736563,True,True,1.634192477986424,-1.2458399330736551,1.1102230246251565e-15,True,-1.2451263437267013,-1.2466051251392276,,True,True,,61
4,mauna-loa-co2,True,1.6294734156177646,-1.2420844568117535,True,True,1.6294734156177635,-1.242084456811753,7.216449660063518e-16,True,-1.2418654262417987,-1.2465180556149449,,True,True,,62
4,mauna-loa-co2,True,1.6248936713772704,-1.2423951428143818,True,True,1.6248936713772693,-1.2423951428143811,7.771561172376096e-16,True,-1.242139101495753,-1.2465515866054502,,True,True,,63
4,mauna-loa-co2,True,1.6185516773009916,-1.2455723215998193,True,True,1.618551677300991,-1.245572321599818,1.3322676295501878e-15,True,-1.244838032829307,-1.2466293995010775,,True,True,,64
4,mauna-loa-co2,True,1.610360881738375,-1.2459272411078728,True,True,1.610360881738376,-1.2459272411078737,8.881784197001252e-16,True,-1.2451344865724145,-1.2467158616531788,,True,True,,65
4,mauna-loa-co2,True,1.6082050791332954,-1.2458395698668274,True,True,1.6082050791332965,-1.2458395698668285,1.1102230246251565e-15,True,-1.2449761460531674,-1.2466729232726272,,True,True,,66
4,mauna-loa-co2,True,1.617646197569574,-1.242432290951054,True,True,1.6176461975695744,-1.2424322909510546,6.661338147750939e-16,True,-1.2420461506031368,-1.246667105117459,,True,True,,67
4,mauna-loa-co2,True,1.6332208102455155,-1.2414258477243494,True,True,1.6332208102455166,-1.2414258477243505,1.1102230246251565e-15,True,-1.2411613721468167,-1.2467420050706615,,True,True,,68
4,mauna-loa-co2,True,1.6423925925795282,-1.2456775138543725,True,True,1.6423925925795286,-1.245677513854373,4.440892098500626e-16,True,-1.2448767624829675,-1.2468786787082333,,True,True,,69
4,mauna-loa-co2,True,1.64200055067948,-1.2458643763862647,True,True,1.6420005506794793,-1.2458643763862634,1.3322676295501878e-15,True,-1.245048189685417,-1.2469714013484243,,True,True,,70
4,mauna-loa-co2,True,1.6424292717734916,-1.2459749770389617,True,True,1.6424292717734912,-1.2459749770389608,8.881784197001252e-16,True,-1.2451102823325289,-1.2469942581163063,,True,True,,71
4,mauna-loa-co2,True,1.641008143923879,-1.2447267582110446,True,True,1.6410081439238782,-1.2447267582110437,8.881784197001252e-16,True,-1.2441509694317852,-1.246954735759207,,True,True,,72
4,mauna-loa-co2,True,1.637448861811439,-1.243843390792952,True,True,1.6374488618114387,-1.243843390792952,6.106226635438361e-16,True,-1.243509556422166,-1.2468691476402922,,True,True,,73
4,mauna-loa-co2,True,1.61794824217453,-1.2432992130311762,True,True,1.6179482421745273,-1.2432992130311742,1.9984014443252818e-15,True,-1.243072944872262,-1.2467376684227405,,True,True,,74
4,mauna-loa-co2,True,1.600224216979501,-1.243320731917854,True,True,1.6002242169795018,-1.2433207319178552,1.1102230246251565e-15,True,-1.2430782582232878,-1.246654818229261,,True,True,,75
4,mauna-loa-co2,True,1.5931795654127634,-1.2452624567600887,True,True,1.5931795654127638,-1.2452624567600892,4.440892098500626e-16,True,-1.2445470975260746,-1.2466741585409253,,True,True,,76
4,mauna-loa-co2,True,1.5912188214966503,-1.245892497084876,True,True,1.5912188214966494,-1.2458924970848755,5.551115123125783e-16,True,-1.245021343248989,-1.24671388499559,,True,True,,77
4,mauna-loa-co2,True,1.595120754099787,-1.2440372809286149,True,True,1.595120754099787,-1.244037280928615,3.3306690738754696e-16,True,-1.2436264057047655,-1.246643987912397,,True,True,,78
4,mauna-loa-co2,True,1.6090524854020596,-1.2429048921294197,True,True,1.6090524854020596,-1.2429048921294195,2.220446049250313e-16,True,-1.2427516847423277,-1.2466545329293073,,True,True,,79
4,mauna-loa-co2,True,1.6208598807785166,-1.2429204284669781,True,True,1.6208598807785175,-1.242920428466979,8.881784197001252e-16,True,-1.242779698175485,-1.2466903354466725,,True,True,,80
4,mauna-loa-co2,True,1.6316056288349556,-1.244953872016219,True,True,1.6316056288349552,-1.2449538720162185,7.216449660063518e-16,True,-1.24442333118033,-1.2467190132402781,,True,True,,81
4,mauna-loa-co2,True,1.634482568164189,-1.2457769113272121,True,True,1.6344825681641901,-1.2457769113272135,1.3322676295501878e-15,True,-1.245122791836869,-1.2467585617527974,,True,True,,82
4,mauna-loa-co2,True,1.6346322780719607,-1.2459356439247893,True,True,1.6346322780719615,-1.24593564392479,6.661338147750939e-16,True,-1.245299400760726,-1.2467791041048308,,True,True,,83
4,mauna-loa-co2,True,1.6345818620892256,-1.2459030440838887,True,True,1.634581862089225,-1.245903044083888,6.661338147750939e-16,True,-1.2452530605460574,-1.246751276654344,,True,True,,84
4,mauna-loa-co2,True,1.6335740134484693,-1.2456596610774466,True,True,1.6335740134484693,-1.2456596610774464,8.881784197001252e-16,True,-1.245038327335747,-1.2467132758547013,,True,True,,85
4,mauna-loa-co2,True,1.6261766492181429,-1.245160711210767,True,True,1.6261766492181446,-1.245160711210768,1.1102230246251565e-15,True,-1.2445898083066456,-1.2466035932633004,,True,True,,86
4,mauna-loa-co2,True,1.6156943651947961,-1.2454033374096218,True,True,1.6156943651947968,-1.245403337409622,3.3306690738754696e-16,True,-1.2447398117812722,-1.24648117466822,,True,True,,87
4,mauna-loa-co2,True,1.6067286160860896,-1.2456158790288194,True,True,1.6067286160860905,-1.2456158790288203,1.4432899320127035e-15,True,-1.2449386995017704,-1.2465421498522729,,True,True,,88
4,mauna-loa-co2,True,1.5972411044549792,-1.2455513101252471,True,True,1.5972411044549797,-1.2455513101252471,4.440892098500626e-16,True,-1.244949145700681,-1.246665527674445,,True,True,,89
4,mauna-loa-co2,True,1.594706884062738,-1.2457172143776485,True,True,1.5947068840627374,-1.2457172143776476,8.881784197001252e-16,True,-1.2450847548477084,-1.246730507622999,,True,True,,90
4,mauna-loa-co2,True,1.6000954167249708,-1.2430987944150498,True,True,1.6000954167249712,-1.24309879441505,7.771561172376096e-16,True,-1.242866683127846,-1.2467339221496996,,True,True,,91
4,mauna-loa-co2,True,1.6254365203600647,-1.2440849150159803,True,True,1.6254365203600643,-1.2440849150159794,8.881784197001252e-16,True,-1.2437605366809785,-1.2467976368221174,,True,True,,92
4,mauna-loa-co2,True,1.6329126090610384,-1.2460167951610654,True,True,1.6329126090610393,-1.2460167951610663,8.881784197001252e-16,True,-1.2454811552867318,-1.2468894958421257,,True,True,,93
4,mauna-loa-co2,True,1.6373276110879198,-1.2460261342843433,True,True,1.6373276110879207,-1.2460261342843435,7.771561172376096e-16,True,-1.2454288310105208,-1.2470105936371905,,True,True,,94
4,mauna-loa-co2,True,1.6387416336355696,-1.2460958540279612,True,True,1.6387416336355711,-1.2460958540279623,1.1102230246251565e-15,True,-1.2454541192105317,-1.2470972014906987,,True,True,,95
4,mauna-loa-co2,True,1.6397023410205382,-1.2462088028601774,True,True,1.6397023410205396,-1.2462088028601788,1.3322676295501878e-15,True,-1.2454999572782957,-1.2471289796219889,,True,True,,96
4,mauna-loa-co2,True,1.63814331740713,-1.2452834068148233,True,True,1.6381433174071307,-1.2452834068148242,8.881784197001252e-16,True,-1.2447489097987863,-1.2470904436116148,,True,True,,97
4,mauna-loa-co2,True,1.628423203757907,-1.2441292717417949,True,True,1.6284232037579078,-1.2441292717417956,6.661338147750939e-16,True,-1.2438326014172805,-1.246995235072316,,True,True,,98
4,mauna-loa-co2,True,1.612963791866564,-1.244237760986737,True,True,1.6129637918665665,-1.2442377609867394,2.4424906541753444e-15,True,-1.2439308010395527,-1.2469562823650808,,True,True,,99
4,mauna-loa-co2,True,1.6027433776039752,-1.2451559001840589,True,True,1.6027433776039741,-1.245155900184058,8.881784197001252e-16,True,-1.2446707872038283,-1.2469642791237512,,True,True,,100
4,mauna-loa-co2,True,1.5975859167888067,-1.246150210007647,True,True,1.5975859167888073,-1.2461502100076476,8.326672684688674e-16,True,-1.2453785295128472,-1.247008735030746,,True,True,,101
4,mauna-loa-co2,True,1.59396442411706,-1.2458555379109666,True,True,1.5939644241170594,-1.2458555379109661,4.440892098500626e-16,True,-1.245024633280811,-1.2469958252374889,,True,True,,102
4,mauna-loa-co2,True,1.5969721992928911,-1.2423281802987427,True,True,1.5969721992928898,-1.2423281802987414,1.3322676295501878e-15,True,-1.2421344417754627,-1.2469854498529427,,True,True,,103
4,mauna-loa-co2,True,1.6292999102258898,-1.2427131101973552,True,True,1.6292999102258896,-1.242713110197355,4.440892098500626e-16,True,-1.2424426521404244,-1.2470360188748397,,True,True,,104
4,mauna-loa-co2,True,1.634878103636336,-1.2459946756438796,True,True,1.6348781036363351,-1.2459946756438787,8.881784197001252e-16,True,-1.2452600730560148,-1.2471333757378076,,True,True,,105
4,mauna-loa-co2,True,1.636828191726397,-1.2462395922375666,True,True,1.6368281917263967,-1.2462395922375664,8.881784197001252e-16,True,-1.2454912070791846,-1.2471853423163672,,True,True,,106
4,mauna-loa-co2,True,1.6375416511388945,-1.2462758164845287,True,True,1.6375416511388936,-1.2462758164845278,8.881784197001252e-16,True,-1.2455045780828715,-1.2471661392737734,,True,True,,107
4,mauna-loa-co2,True,1.6373336512251395,-1.2461643266043492,True,True,1.637333651225139,-1.2461643266043492,3.885780586188048e-16,True,-1.245424806638694,-1.2471661093514879,,True,True,,108
4,mauna-loa-co2,True,1.6315399403688553,-1.2448794786458026,True,True,1.631539940368857,-1.244879478645804,1.3322676295501878e-15,True,-1.2444650667827577,-1.2471076557929401,,True,True,,109
4,mauna-loa-co2,True,1.6166325219063182,-1.2440110932921362,True,True,1.6166325219063187,-1.2440110932921369,6.661338147750939e-16,True,-1.243736635024949,-1.2470128126239626,,True,True,,110
4,mauna-loa-co2,True,1.5972945975159032,-1.2450538200877102,True,True,1.5972945975159014,-1.2450538200877093,8.881784197001252e-16,True,-1.2445625243126124,-1.2469535830926248,,True,True,,111
4,mauna-loa-co2,True,1.5926642844185448,-1.246194561294606,True,True,1.5926642844185441,-1.2461945612946057,5.551115123125783e-16,True,-1.2453700710514581,-1.2469530402255302,,True,True,,112
4,mauna-loa-co2,True,1.5887223080945783,-1.2462345333205471,True,True,1.588722308094579,-1.2462345333205476,1.4432899320127035e-15,True,-1.2454956828538446,-1.2470050361726301,,True,True,,113
4,mauna-loa-co2,True,1.5913657230281582,-1.2461809120756988,True,True,1.591365723028159,-1.2461809120757,1.1102230246251565e-15,True,-1.24535629229956,-1.246990590857906,,True,True,,114
4,mauna-loa-co2,True,1.6051907055420709,-1.2445346644972823,True,True,1.6051907055420709,-1.2445346644972823,6.106226635438361e-16,True,-1.2441023880910833,-1.2470104102488326,,True,True,,115
4,mauna-loa-co2,True,1.6238692020608205,-1.2442321108015308,True,True,1.6238692020608203,-1.2442321108015308,1.1102230246251565e-16,True,-1.2438570695794868,-1.2470597250010995,,True,True,,116
4,mauna-loa-co2,True,1.6308281095475337,-1.2460142031732722,True,True,1.6308281095475325,-1.2460142031732715,6.661338147750939e-16,True,-1.2453531301739218,-1.2471609493919227,,True,True,,117
4,mauna-loa-co2,True,1.6309573769307004,-1.2463010122285705,True,True,1.6309573769306993,-1.2463010122285696,8.881784197001252e-16,True,-1.2455791171686859,-1.2472262524397382,,True,True,,118
4,mauna-loa-co2,True,1.6304216433321133,-1.246414715584138,True,True,1.630421643332113,-1.2464147155841376,4.440892098500626e-16,True,-1.2455968939385318,-1.2472630927268014,,True,True,,119
4,mauna-loa-co2,True,1.629187377836974,-1.2465509211544734,True,True,1.6291873778369745,-1.246550921154474,6.661338147750939e-16,True,-1.245607355791657,-1.247268500079451,,True,True,,120
4,mauna-loa-co2,True,1.6227608397661926,-1.2449758297744289,True,True,1.622760839766191,-1.2449758297744271,1.7763568394002505e-15,True,-1.2444812054500418,-1.247207509304569,,True,True,,121
4,mauna-loa-co2,True,1.6096257519128134,-1.2445322960611716,True,True,1.609625751912813,-1.244532296061171,4.440892098500626e-16,True,-1.2441801781747341,-1.2470958492256645,,True,True,,122
4,mauna-loa-co2,True,1.6013463878911958,-1.2447636919661837,True,True,1.6013463878911969,-1.2447636919661842,6.106226635438361e-16,True,-1.2443207345425251,-1.2470281824721068,,True,True,,123
4,mauna-loa-co2,True,1.5916924279790157,-1.2458589899183319,True,True,1.5916924279790163,-1.2458589899183323,4.440892098500626e-16,True,-1.2450193288242177,-1.2470852880446917,,True,True,,124
4,mauna-loa-co2,True,1.5838909878559755,-1.24646954022191,True,True,1.583890987855976,-1.2464695402219108,8.881784197001252e-16,True,-1.245337927742525,-1.2471572075907025,,True,True,,125
4,mauna-loa-co2,True,1.5790215285015115,-1.246147547943489,True,True,1.5790215285015117,-1.246147547943489,6.661338147750939e-16,True,-1.2449334317810559,-1.2471723064664089,,True,True,,126
4,mauna-loa-co2,True,1.591151000831893,-1.2442954091174427,True,True,1.5911510008318928,-1.2442954091174423,4.440892098500626e-16,True,-1.2438904184327635,-1.2472142774751493,,True,True,,127
4,mauna-loa-co2,True,1.6233864268292653,-1.2446148017298833,True,True,1.6233864268292653,-1.2446148017298833,1.1102230246251565e-16,True,-1.2441465260113305,-1.247297883204859,,True,True,,128
4,mauna-loa-co2,True,1.6389798605584422,-1.2463631005686715,True,True,1.6389798605584414,-1.2463631005686704,1.1102230246251565e-15,True,-1.2453126276092175,-1.2474171736566635,,True,True,,129
4,mauna-loa-co2,True,1.6409943421736,-1.246630310689568,True,True,1.6409943421736004,-1.2466303106895678,6.106226635438361e-16,True,-1.2454911114972833,-1.2474953139757845,,True,True,,130
4,mauna-loa-co2,True,1.641895552029323,-1.2467166157520784,True,True,1.6418955520293226,-1.2467166157520777,6.661338147750939e-16,True,-1.2455097028698392,-1.2475318368634005,,True,True,,131
4,mauna-loa-co2,True,1.6427692093109312,-1.24673534010097,True,True,1.6427692093109303,-1.246735340100969,8.881784197001252e-16,True,-1.245449566680907,-1.2475648493125095,,True,True,,132
4,mauna-loa-co2,True,1.6417233256719654,-1.245941170837336,True,True,1.6417233256719646,-1.2459411708373354,7.771561172376096e-16,True,-1.2448720983673252,-1.2475355281100753,,True,True,,133
4,mauna-loa-co2,True,1.6334370382192984,-1.2445786530561893,True,True,1.633437038219299,-1.2445786530561902,8.881784197001252e-16,True,-1.2441035046544546,-1.247533614134162,,True,True,,134
4,mauna-loa-co2,True,1.6192674239468428,-1.2450758808437425,True,True,1.6192674239468434,-1.2450758808437423,8.881784197001252e-16,True,-1.2444934272369852,-1.2475135633211998,,True,True,,135
4,mauna-loa-co2,True,1.6090153321365377,-1.246009307040902,True,True,1.609015332136539,-1.2460093070409024,7.771561172376096e-16,True,-1.245077875795461,-1.2475362626337756,,True,True,,136
4,mauna-loa-co2,True,1.6019238099012845,-1.2469606387633285,True,True,1.6019238099012842,-1.2469606387633285,4.440892098500626e-16,True,-1.2455546174042027,-1.2476055473069843,,True,True,,137
4,mauna-loa-co2,True,1.6001442509089925,-1.246910915080861,True,True,1.6001442509089912,-1.2469109150808602,8.881784197001252e-16,True,-1.2453717187932647,-1.2475973080400033,,True,True,,138
4,mauna-loa-co2,True,1.601105157975687,-1.2435836540083804,True,True,1.6011051579756885,-1.2435836540083824,1.9984014443252818e-15,True,-1.2433966004512758,-1.2475862831356075,,True,True,,139
4,mauna-loa-co2,True,1.623496288258846,-1.244007147032032,True,True,1.6234962882588473,-1.244007147032033,1.1102230246251565e-15,True,-1.2437233195867081,-1.2476366292996255,,True,True,,140
4,mauna-loa-co2,True,1.6351585404291638,-1.2469685198612865,True,True,1.635158540429164,-1.2469685198612868,4.440892098500626e-16,True,-1.2456046815891133,-1.2477218922793305,,True,True,,141
4,mauna-loa-co2,True,1.6380053617492494,-1.2469107921418012,True,True,1.638005361749248,-1.2469107921418,1.3322676295501878e-15,True,-1.2456313040676743,-1.2477885366517265,,True,True,,142
4,mauna-loa-co2,True,1.6394753072669694,-1.2469761966231276,True,True,1.639475307266968,-1.2469761966231268,8.881784197001252e-16,True,-1.245746281063446,-1.2478234981457628,,True,True,,143
4,mauna-loa-co2,True,1.6399858243596046,-1.2466962375540547,True,True,1.6399858243596044,-1.2466962375540542,5.551115123125783e-16,True,-1.245642493245354,-1.2478083933470134,,True,True,,144
4,mauna-loa-co2,True,1.6409695212018909,-1.2463755506707705,True,True,1.640969521201892,-1.2463755506707717,1.1102230246251565e-15,True,-1.2454130217207067,-1.2477764579579727,,True,True,,145
4,mauna-loa-co2,True,1.628358690714388,-1.245172320723241,True,True,1.6283586907143888,-1.2451723207232417,6.661338147750939e-16,True,-1.244593238911408,-1.2476919229422503,,True,True,,146
4,mauna-loa-co2,True,1.61357739690378,-1.2457446545944215,True,True,1.6135773969037803,-1.245744654594422,6.661338147750939e-16,True,-1.2449398588463514,-1.2476229406631583,,True,True,,147
4,mauna-loa-co2,True,1.6117400108856204,-1.2468113925202264,True,True,1.61174001088562,-1.2468113925202258,6.661338147750939e-16,True,-1.245482058757735,-1.247634038681028,,True,True,,148
4,mauna-loa-co2,True,1.6100368327546142,-1.2468024517343594,True,True,1.6100368327546146,-1.2468024517343594,6.661338147750939e-16,True,-1.2455578469527058,-1.2476613797375211,,True,True,,149
4,mauna-loa-co2,True,1.6119937816547893,-1.246849392080124,True,True,1.6119937816547885,-1.2468493920801231,8.881784197001252e-16,True,-1.2455109246127232,-1.247644135175542,,True,True,,150
4,mauna-loa-co2,True,1.6223478105630322,-1.2447417225325275,True,True,1.6223478105630318,-1.244741722532527,8.881784197001252e-16,True,-1.24424745145168,-1.2476415763288284,,True,True,,151
4,mauna-loa-co2,True,1.637004919209342,-1.24551152299619,True,True,1.637004919209343,-1.2455115229961913,1.3322676295501878e-15,True,-1.2447351361820471,-1.247713195449463,,True,True,,152
4,mauna-loa-co2,True,1.6420578300682296,-1.2467032978033803,True,True,1.6420578300682303,-1.2467032978033812,8.881784197001252e-16,True,-1.245559271613974,-1.2478218375014642,,True,True,,153
4,mauna-loa-co2,True,1.6425545575150564,-1.2469171883290582,True,True,1.6425545575150555,-1.2469171883290573,8.881784197001252e-16,True,-1.2456557163018114,-1.2478872040272309,,True,True,,154
4,mauna-loa-co2,True,1.641416702066845,-1.2470263454476962,True,True,1.6414167020668444,-1.2470263454476957,4.440892098500626e-16,True,-1.2455782375155104,-1.247883304264501,,True,True,,155
4,mauna-loa-co2,True,1.6356347697512017,-1.2459106627765437,True,True,1.6356347697512015,-1.2459106627765437,2.220446049250313e-16,True,-1.2451357763697746,-1.2478533007480246,,True,True,,156
4,mauna-loa-co2,True,1.625035833482837,-1.2457634575298697,True,True,1.6250358334828374,-1.2457634575298706,8.881784197001252e-16,True,-1.2452398517234586,-1.247798636631919,,True,True,,157
4,mauna-loa-co2,True,1.6008792782641623,-1.245607625524591,True,True,1.600879278264162,-1.2456076255245905,4.440892098500626e-16,True,-1.2452610399223638,-1.247729557778836,,True,True,,158
4,mauna-loa-co2,True,1.5743685417976458,-1.24563390522561,True,True,1.5743685417976454,-1.2456339052256098,5.551115123125783e-16,True,-1.2452785579903587,-1.2476947088546497,,True,True,,159
4,mauna-loa-co2,True,1.5665714459478022,-1.246233344564866,True,True,1.566571445947802,-1.2462333445648657,3.3306690738754696e-16,True,-1.2455616421567215,-1.2477033534350956,,True,True,,160
4,mauna-loa-co2,True,1.5677890698991979,-1.2471499435007432,True,True,1.5677890698991996,-1.2471499435007445,1.3322676295501878e-15,True,-1.245841732168515,-1.2477211653366884,,True,True,,161
4,mauna-loa-co2,True,1.5683974626429427,-1.245033452509936,True,True,1.5683974626429444,-1.2450334525099374,1.3322676295501878e-15,True,-1.2449931621077135,-1.247738745515122,,True,True,,162
4,mauna-loa-co2,True,1.5828070354309574,-1.2456213002122285,True,True,1.5828070354309574,-1.2456213002122294,8.881784197001252e-16,True,-1.2453021141602914,-1.24776373340845,,True,True,,163
4,mauna-loa-co2,True,1.6003663762251144,-1.2456485482565494,True,True,1.600366376225114,-1.2456485482565491,7.771561172376096e-16,True,-1.2452590373818733,-1.2478150523623768,,True,True,,164
4,mauna-loa-co2,True,1.611724292262031,-1.2464551125116816,True,True,1.611724292262033,-1.246455112511684,2.4424906541753444e-15,True,-1.2454906650366482,-1.2478579384524653,,True,True,,165
4,mauna-loa-co2,True,1.6165757489888262,-1.246972928874657,True,True,1.6165757489888264,-1.2469729288746572,1.5543122344752192e-15,True,-1.2458477085337607,-1.2479054797535274,,True,True,,166
4,mauna-loa-co2,True,1.6178192716947195,-1.2470352235034514,True,True,1.6178192716947215,-1.2470352235034534,1.9984014443252818e-15,True,-1.24600409841931,-1.2479469766172462,,True,True,,167
4,mauna-loa-co2,True,1.6173347094211468,-1.2468830178787986,True,True,1.6173347094211454,-1.2468830178787975,1.1102230246251565e-15,True,-1.245889323072888,-1.247931262344886,,True,True,,168
4,mauna-loa-co2,True,1.6130120470313374,-1.2455584048352977,True,True,1.613012047031337,-1.2455584048352968,8.881784197001252e-16,True,-1.2449772555836975,-1.2479280315047592,,True,True,,169
4,mauna-loa-co2,True,1.6000570440803181,-1.245517349454217,True,True,1.6000570440803186,-1.2455173494542175,4.440892098500626e-16,True,-1.2450392648158217,-1.2479196984142265,,True,True,,170
4,mauna-loa-co2,True,1.5871662990369195,-1.2460659515485784,True,True,1.5871662990369206,-1.2460659515485792,8.881784197001252e-16,True,-1.2454140113808985,-1.2479352662642944,,True,True,,171
4,mauna-loa-co2,True,1.5793197673525061,-1.2473314646233933,True,True,1.579319767352506,-1.2473314646233933,1.1102230246251565e-16,True,-1.2463645527610778,-1.247983728429163,,True,True,,172
4,mauna-loa-co2,True,1.5712756516717543,-1.2473346488031316,True,True,1.5712756516717536,-1.2473346488031312,4.440892098500626e-16,True,-1.2464983679988597,-1.2480426232509259,,True,True,,173
4,mauna-loa-co2,True,1.5669583760405827,-1.2443876898093835,True,True,1.5669583760405836,-1.2443876898093844,8.881784197001252e-16,True,-1.2442434491727457,-1.2480600118560468,,True,True,,174
4,mauna-loa-co2,True,1.5906064029473121,-1.2453210525831149,True,True,1.590606402947311,-1.245321052583114,8.881784197001252e-16,True,-1.245114171955001,-1.2480669174061376,,True,True,,175
4,mauna-loa-co2,True,1.622621055890944,-1.2456316549659319,True,True,1.6226210558909437,-1.2456316549659312,6.661338147750939e-16,True,-1.2453652392371746,-1.2480969234488322,,True,True,,176
4,mauna-loa-co2,True,1.6365974013285296,-1.2459830812350607,True,True,1.6365974013285274,-1.245983081235059,1.7763568394002505e-15,True,-1.2455238649068219,-1.2481412164094234,,True,True,,177
4,mauna-loa-co2,True,1.6424218680645244,-1.2473817024089466,True,True,1.6424218680645253,-1.2473817024089475,8.881784197001252e-16,True,-1.246448898957121,-1.2481903414580529,,True,True,,178
4,mauna-loa-co2,True,1.6438320564056907,-1.247369024002428,True,True,1.6438320564056903,-1.2473690240024273,8.881784197001252e-16,True,-1.2464556489484784,-1.2482170008083873,,True,True,,179
4,mauna-loa-co2,True,1.6447304986188565,-1.2473541531117345,True,True,1.6447304986188558,-1.2473541531117338,6.661338147750939e-16,True,-1.2464854466707231,-1.2482130913824907,,True,True,,180
4,mauna-loa-co2,True,1.644300345389907,-1.2469152924813993,True,True,1.644300345389908,-1.2469152924814004,1.1102230246251565e-15,True,-1.2461794624059204,-1.2481859798358488,,True,True,,181
4,mauna-loa-co2,True,1.6364617851051046,-1.2457688114213745,True,True,1.6364617851051033,-1.2457688114213732,1.3322676295501878e-15,True,-1.2453650087533172,-1.2481301948062542,,True,True,,182
4,mauna-loa-co2,True,1.621409912068964,-1.2462538758895012,True,True,1.6214099120689651,-1.246253875889502,8.881784197001252e-16,True,-1.2456271481059342,-1.248104755356654,,True,True,,183
4,mauna-loa-co2,True,1.613793666670234,-1.24737614800319,True,True,1.6137936666702344,-1.2473761480031902,3.885780586188048e-16,True,-1.2463131144635995,-1.2481305896999502,,True,True,,184
4,mauna-loa-co2,True,1.6143351426779282,-1.2473843718835482,True,True,1.6143351426779282,-1.2473843718835482,2.220446049250313e-16,True,-1.2465354276119418,-1.2481535467718639,,True,True,,185
4,mauna-loa-co2,True,1.6181090503680124,-1.2474151090013164,True,True,1.618109050368012,-1.2474151090013157,8.881784197001252e-16,True,-1.2466959094732992,-1.248122027170803,,True,True,,186
4,mauna-loa-co2,True,1.6272201734218368,-1.2457060198708354,True,True,1.6272201734218366,-1.245706019870835,5.551115123125783e-16,True,-1.2453718319617886,-1.2480956495823312,,True,True,,187
4,mauna-loa-co2,True,1.6362441524210292,-1.2458323575950268,True,True,1.6362441524210296,-1.2458323575950272,4.440892098500626e-16,True,-1.2454804954600536,-1.2481259137774101,,True,True,,188
4,mauna-loa-co2,True,1.6398591501759525,-1.2473850631897139,True,True,1.6398591501759525,-1.2473850631897134,4.440892098500626e-16,True,-1.2467792114749279,-1.248181240957107,,True,True,,189
4,mauna-loa-co2,True,1.6412324477612357,-1.2474011121577333,True,True,1.6412324477612343,-1.2474011121577324,1.1102230246251565e-15,True,-1.246874761979983,-1.2482283046407339,,True,True,,190
4,mauna-loa-co2,True,1.6414058766362072,-1.2474686442235936,True,True,1.6414058766362067,-1.2474686442235932,4.440892098500626e-16,True,-1.2469720919845595,-1.2482618574454933,,True,True,,191
4,mauna-loa-co2,True,1.640581721555186,-1.2475151167235459,True,True,1.6405817215551854,-1.2475151167235456,1.3877787807814457e-15,True,-1.2470055179976351,-1.2482537311995063,,True,True,,192
4,mauna-loa-co2,True,1.6364567456527594,-1.2466705279946164,True,True,1.6364567456527603,-1.2466705279946169,6.661338147750939e-16,True,-1.2463343388911974,-1.2482176831510294,,True,True,,193
4,mauna-loa-co2,True,1.6248980427919286,-1.2462590280543415,True,True,1.6248980427919295,-1.246259028054342,4.996003610813204e-16,True,-1.2459519384243853,-1.2481703461635767,,True,True,,194
4,mauna-loa-co2,True,1.6101239196137702,-1.2467036078566782,True,True,1.6101239196137709,-1.2467036078566784,4.996003610813204e-16,True,-1.2462016216619747,-1.2481678263243132,,True,True,,195
4,mauna-loa-co2,True,1.6006570376184306,-1.2474802181771878,True,True,1.6006570376184306,-1.2474802181771878,5.551115123125783e-16,True,-1.2466052551925986,-1.2481964418257367,,True,True,,196
4,mauna-loa-co2,True,1.5972761539289897,-1.2475501007053622,True,True,1.59727615392899,-1.2475501007053627,9.992007221626409e-16,True,-1.2467583261800659,-1.248227768254404,,True,True,,197
4,mauna-loa-co2,True,1.597548142100235,-1.247210367456034,True,True,1.5975481421002353,-1.247210367456034,3.885780586188048e-16,True,-1.2466525737359644,-1.2482077059083607,,True,True,,198
4,mauna-loa-co2,True,1.6112867552197971,-1.246034322621063,True,True,1.611286755219798,-1.246034322621064,8.881784197001252e-16,True,-1.2458078705312645,-1.2482146506125211,,True,True,,199
4,mauna-loa-co2,True,1.6288535979562369,-1.2461312716526738,True,True,1.6288535979562382,-1.2461312716526747,8.881784197001252e-16,True,-1.2458878828245732,-1.2482511560850216,,True,True,,200
4,mauna-loa-co2,True,1.6352988991428687,-1.24746292930201,True,True,1.6352988991428683,-1.2474629293020096,1.1102230246251565e-15,True,-1.2468969825871392,-1.248311163260382,,True,True,,201
4,mauna-loa-co2,True,1.6376209333086822,-1.2475532904280386,True,True,1.6376209333086829,-1.2475532904280393,8.881784197001252e-16,True,-1.2470650493751518,-1.2483403869177334,,True,True,,202
4,mauna-loa-co2,True,1.639740924351877,-1.247605271853474,True,True,1.639740924351877,-1.247605271853474,4.440892098500626e-16,True,-1.2471474831197493,-1.2483596195395963,,True,True,,203
4,mauna-loa-co2,True,1.6408358306367372,-1.2476019990909244,True,True,1.6408358306367368,-1.2476019990909242,3.3306690738754696e-16,True,-1.2471314185907678,-1.2483569030433148,,True,True,,204
4,mauna-loa-co2,True,1.6369513461348992,-1.2470846279485297,True,True,1.636951346134899,-1.2470846279485288,9.992007221626409e-16,True,-1.2467084840746834,-1.2483283328722767,,True,True,,205
4,mauna-loa-co2,True,1.615017305752518,-1.2467197621883008,True,True,1.615017305752517,-1.2467197621883002,7.771561172376096e-16,True,-1.246380209839115,-1.2482749974028613,,True,True,,206
4,mauna-loa-co2,True,1.590057439571904,-1.2470918110724973,True,True,1.5900574395719036,-1.247091811072497,4.440892098500626e-16,True,-1.246614749965134,-1.248256064009272,,True,True,,207
4,mauna-loa-co2,True,1.5810752573365443,-1.247653230820979,True,True,1.5810752573365436,-1.2476532308209785,4.440892098500626e-16,True,-1.2469515625255605,-1.2482765785861814,,True,True,,208
4,mauna-loa-co2,True,1.5806491784460934,-1.2476833902921636,True,True,1.5806491784460917,-1.2476833902921616,1.9984014443252818e-15,True,-1.2470003628111928,-1.248304264446971,,True,True,,209
4,mauna-loa-co2,True,1.5846510933483007,-1.2476501178360093,True,True,1.584651093348302,-1.2476501178360104,1.3322676295501878e-15,True,-1.2469263826210515,-1.248306388167913,,True,True,,210
4,mauna-loa-co2,True,1.5967840438154293,-1.2469267369932697,True,True,1.5967840438154275,-1.246926736993268,1.7763568394002505e-15,True,-1.2464460452574733,-1.2483202001391192,,True,True,,211
4,mauna-loa-co2,True,1.6175859394285783,-1.2466959117869634,True,True,1.6175859394285799,-1.2466959117869643,8.881784197001252e-16,True,-1.2463244272626512,-1.2483571753043738,,True,True,,212
4,mauna-loa-co2,True,1.627167325929772,-1.2474923153713904,True,True,1.6271673259297708,-1.2474923153713895,8.881784197001252e-16,True,-1.246954528058132,-1.24842090888586,,True,True,,213
4,mauna-loa-co2,True,1.6270460163134657,-1.247639044823414,True,True,1.6270460163134657,-1.2476390448234138,6.661338147750939e-16,True,-1.247047192951047,-1.2484693067746786,,True,True,,214
4,mauna-loa-co2,True,1.6249782790974532,-1.2477385761092283,True,True,1.6249782790974554,-1.2477385761092306,2.220446049250313e-15,True,-1.247003091066645,-1.2484881874050089,,True,True,,215
4,mauna-loa-co2,True,1.6226377418071984,-1.2478032522710085,True,True,1.622637741807198,-1.2478032522710079,6.661338147750939e-16,True,-1.2469067721125437,-1.248492120921274,,True,True,,216
4,mauna-loa-co2,True,1.6155602950224641,-1.2471535997879926,True,True,1.6155602950224637,-1.2471535997879926,4.996003610813204e-16,True,-1.2466083853649192,-1.2484606510638498,,True,True,,217
4,mauna-loa-co2,True,1.6015597636151198,-1.2469919107460266,True,True,1.6015597636151195,-1.2469919107460266,4.440892098500626e-16,True,-1.246584085619539,-1.2484262263440549,,True,True,,218
4,mauna-loa-co2,True,1.5862882604594457,-1.24709705364364,True,True,1.5862882604594444,-1.2470970536436388,1.3322676295501878e-15,True,-1.2466576077655294,-1.248432630198946,,True,True,,219
4,mauna-loa-co2,True,1.574933539586293,-1.2477959058894519,True,True,1.5749335395862916,-1.2477959058894512,6.661338147750939e-16,True,-1.246800044733008,-1.2484593243481317,,True,True,,220
4,mauna-loa-co2,True,1.568055466798497,-1.2479513404071423,True,True,1.5680554667984978,-1.2479513404071425,6.661338147750939e-16,True,-1.2468091173996778,-1.2485099349117839,,True,True,,221
4,mauna-loa-co2,True,1.5668874151745218,-1.2478967944886739,True,True,1.566887415174523,-1.2478967944886747,8.881784197001252e-16,True,-1.246458002101699,-1.2485310570404384,,True,True,,222
4,mauna-loa-co2,True,1.578139179688386,-1.2470548439661258,True,True,1.5781391796883861,-1.2470548439661258,1.6653345369377348e-16,True,-1.2465661593464572,-1.2485465984393087,,True,True,,223
4,mauna-loa-co2,True,1.6112702374124381,-1.247142856146777,True,True,1.611270237412437,-1.2471428561467761,8.881784197001252e-16,True,-1.2465338098857905,-1.2485980437090733,,True,True,,224
4,mauna-loa-co2,True,1.626969110379649,-1.247318827969107,True,True,1.6269691103796502,-1.2473188279691083,1.3322676295501878e-15,True,-1.246371285254057,-1.248664928775236,,True,True,,225
4,mauna-loa-co2,True,1.6317988890983393,-1.2478730887833327,True,True,1.6317988890983388,-1.2478730887833323,4.440892098500626e-16,True,-1.2465523505913734,-1.2487155664382663,,True,True,,226
4,mauna-loa-co2,True,1.6324290552539753,-1.247908978173854,True,True,1.6324290552539757,-1.2479089781738546,6.661338147750939e-16,True,-1.246383984768588,-1.2487388644038808,,True,True,,227
4,mauna-loa-co2,True,1.6329183080931202,-1.2479654011431867,True,True,1.6329183080931207,-1.2479654011431869,3.3306690738754696e-16,True,-1.2461722453995805,-1.2487587175951287,,True,True,,228
4,mauna-loa-co2,True,1.6284458946288614,-1.2475863268115417,True,True,1.62844589462886,-1.2475863268115406,1.1102230246251565e-15,True,-1.2463877244721928,-1.24874026579625,,True,True,,229
4,mauna-loa-co2,True,1.6170452135302438,-1.247407640312018,True,True,1.6170452135302442,-1.247407640312019,8.881784197001252e-16,True,-1.2464558329789928,-1.2487026470492264,,True,True,,230
4,mauna-loa-co2,True,1.6011818409826402,-1.247593917109715,True,True,1.6011818409826395,-1.2475939171097141,8.881784197001252e-16,True,-1.246407309894289,-1.2486932991362312,,True,True,,231
4,mauna-loa-co2,True,1.5888762898995603,-1.2481167531940103,True,True,1.5888762898995599,-1.2481167531940096,6.661338147750939e-16,True,-1.246005062300988,-1.2487145952954357,,True,True,,232
4,mauna-loa-co2,True,1.5833555025470034,-1.2481764459414588,True,True,1.583355502547004,-1.2481764459414593,4.440892098500626e-16,True,-1.245945902822001,-1.2487481708090091,,True,True,,233
4,mauna-loa-co2,True,1.5821854972397762,-1.248124321609389,True,True,1.5821854972397758,-1.248124321609389,7.771561172376096e-16,True,-1.2456170404809075,-1.2487646465926046,,True,True,,234
4,mauna-loa-co2,True,1.5921880415337188,-1.2472116520960528,True,True,1.5921880415337202,-1.2472116520960537,8.881784197001252e-16,True,-1.246486839443015,-1.2487695644116665,,True,True,,235
4,mauna-loa-co2,True,1.6235823227418007,-1.2472937105135125,True,True,1.6235823227418025,-1.2472937105135142,1.7763568394002505e-15,True,-1.246329549864402,-1.248804722733864,,True,True,,236
4,mauna-loa-co2,True,1.6355628903436763,-1.2479838056162489,True,True,1.6355628903436763,-1.2479838056162496,6.661338147750939e-16,True,-1.2455453146204318,-1.2488617302069607,,True,True,,237
4,mauna-loa-co2,True,1.6371496742483247,-1.2480890273237506,True,True,1.6371496742483251,-1.2480890273237508,2.220446049250313e-16,True,-1.2455055795146084,-1.2488970934990395,,True,True,,238
4,mauna-loa-co2,True,1.6366953590007194,-1.2481456881099815,True,True,1.636695359000719,-1.248145688109981,7.771561172376096e-16,True,-1.2454989358904465,-1.2489076077077286,,True,True,,239
4,mauna-loa-co2,True,1.636241618268451,-1.2481701279161732,True,True,1.6362416182684514,-1.2481701279161737,4.440892098500626e-16,True,-1.2455762544872646,-1.2489197548737039,,True,True,,240
4,mauna-loa-co2,True,1.6253304072575474,-1.247794725810589,True,True,1.625330407257548,-1.2477947258105897,6.661338147750939e-16,True,-1.2463604981723961,-1.2488903916192813,,True,True,,241
4,mauna-loa-co2,True,1.6073123091103168,-1.2477958791736128,True,True,1.6073123091103152,-1.2477958791736117,1.1102230246251565e-15,True,-1.2464395404338209,-1.2488595651616738,,True,True,,242
4,mauna-loa-co2,True,1.586517414927372,-1.2478798460038103,True,True,1.5865174149273715,-1.2478798460038099,4.440892098500626e-16,True,-1.246468109897947,-1.2488558329269817,,True,True,,243
4,mauna-loa-co2,True,1.576702032778961,-1.2483536134181603,True,True,1.5767020327789631,-1.2483536134181619,1.5543122344752192e-15,True,-1.2456777832036132,-1.2488739621867926,,True,True,,244
4,mauna-loa-co2,True,1.5749491343502575,-1.2483954398665889,True,True,1.5749491343502582,-1.2483954398665897,8.881784197001252e-16,True,-1.245851608474146,-1.2488961393095397,,True,True,,245
4,mauna-loa-co2,True,1.5756757550201228,-1.2483896323451544,True,True,1.5756757550201237,-1.2483896323451558,1.3322676295501878e-15,True,-1.2455479285071485,-1.2489050740563776,,True,True,,246
4,mauna-loa-co2,True,1.589030989186904,-1.2476892242163302,True,True,1.589030989186905,-1.247689224216331,8.881784197001252e-16,True,-1.2467965885835892,-1.2489169521730528,,True,True,,247
4,mauna-loa-co2,True,1.6132112044329263,-1.2477277090865742,True,True,1.6132112044329276,-1.247727709086575,8.881784197001252e-16,True,-1.2464357207246952,-1.2489476307505152,,True,True,,248
4,mauna-loa-co2,True,1.6256120398734564,-1.248147542635227,True,True,1.6256120398734586,-1.248147542635229,1.9984014443252818e-15,True,-1.245431635170597,-1.2489856022174182,,True,True,,249
4,mauna-loa-co2,True,1.6275228323296735,-1.2482530819886515,True,True,1.6275228323296742,-1.248253081988652,4.440892098500626e-16,True,-1.2453709810574458,-1.249026033329853,,True,True,,250
4,mauna-loa-co2,True,1.6265115883955585,-1.2482994927071334,True,True,1.6265115883955592,-1.2482994927071338,4.440892098500626e-16,True,-1.2451088554686898,-1.2490408680352356,,True,True,,251
4,mauna-loa-co2,True,1.624226293628334,-1.248361471539062,True,True,1.6242262936283365,-1.2483614715390643,2.220446049250313e-15,True,-1.2448287229242216,-1.2490441063822648,,True,True,,252
4,mauna-loa-co2,True,1.6172779965422914,-1.2480074264767342,True,True,1.6172779965422905,-1.2480074264767338,4.440892098500626e-16,True,-1.2459748550759722,-1.2490224816798048,,True,True,,253
4,mauna-loa-co2,True,1.6026073219716055,-1.2479467601921375,True,True,1.6026073219716064,-1.2479467601921386,1.1102230246251565e-15,True,-1.2463897837434095,-1.2490005810785647,,True,True,,254
4,mauna-loa-co2,True,1.5859520123023951,-1.248059426750928,True,True,1.5859520123023947,-1.2480594267509275,4.996003610813204e-16,True,-1.2464600677288322,-1.2490067811638057,,True,True,,255
4,mauna-loa-co2,True,1.5770283141911539,-1.2485392733419474,True,True,1.5770283141911532,-1.2485392733419471,7.216449660063518e-16,True,-1.2448218431738456,-1.249029466325695,,True,True,,256
4,mauna-loa-co2,True,1.572113561970058,-1.2485928810967186,True,True,1.5721135619700592,-1.24859288109672,1.3322676295501878e-15,True,-1.24471386499189,-1.2490524217872212,,True,True,,257
4,mauna-loa-co2,True,1.5675289418749165,-1.2483724727792442,True,True,1.567528941874917,-1.2483724727792442,3.885780586188048e-16,True,-1.24556038761544,-1.2490622451498747,,True,True,,258
4,mauna-loa-co2,True,1.5827493824383785,-1.2479146724997885,True,True,1.5827493824383787,-1.247914672499789,4.440892098500626e-16,True,-1.247063810840966,-1.2490735449782913,,True,True,,259
4,mauna-loa-co2,True,1.619534175881063,-1.2479739161133354,True,True,1.6195341758810646,-1.2479739161133365,1.1102230246251565e-15,True,-1.2467893156714474,-1.2491012934172137,,True,True,,260
4,mauna-loa-co2,True,1.636111678584071,-1.2482243250286609,True,True,1.6361116785840715,-1.248224325028661,7.771561172376096e-16,True,-1.2450162087671974,-1.2491374676497977,,True,True,,261
4,mauna-loa-co2,True,1.6395708529112525,-1.2484156203916037,True,True,1.6395708529112523,-1.248415620391604,5.551115123125783e-16,True,-1.2441989282693005,-1.2491584632858515,,True,True,,262
4,mauna-loa-co2,True,1.6408584330101077,-1.2484358019860902,True,True,1.640858433010107,-1.2484358019860893,8.881784197001252e-16,True,-1.2442934350231831,-1.2491641257355985,,True,True,,263
4,mauna-loa-co2,True,1.641333866278075,-1.2484576692844134,True,True,1.641333866278075,-1.248457669284413,4.440892098500626e-16,True,-1.2445658656522518,-1.2491717685903883,,True,True,,264
4,mauna-loa-co2,True,1.635548899114075,-1.2483152972160558,True,True,1.6355488991140748,-1.248315297216056,4.440892098500626e-16,True,-1.2453092820187273,-1.2491532259514604,,True,True,,265
4,mauna-loa-co2,True,1.6201622456934002,-1.2482719420350126,True,True,1.6201622456933997,-1.2482719420350126,3.3306690738754696e-16,True,-1.2457540048790747,-1.2491407771062497,,True,True,,266
4,mauna-loa-co2,True,1.6011257830457781,-1.2484386647183747,True,True,1.601125783045779,-1.2484386647183756,8.881784197001252e-16,True,-1.2454725200924845,-1.2491461689710537,,True,True,,267
4,mauna-loa-co2,True,1.5912182420228353,-1.2486451303122494,True,True,1.5912182420228356,-1.2486451303122494,3.3306690738754696e-16,True,-1.2448050588170172,-1.2491658034738566,,True,True,,268
4,mauna-loa-co2,True,1.58673422523269,-1.2486896394735212,True,True,1.586734225232691,-1.2486896394735225,1.3322676295501878e-15,True,-1.2452817903705509,-1.249188780681908,,True,True,,269
4,mauna-loa-co2,True,1.588445902489386,-1.2486643350273243,True,True,1.5884459024893853,-1.2486643350273234,8.881784197001252e-16,True,-1.2449196284181125,-1.2491857481690534,,True,True,,270
4,mauna-loa-co2,True,1.6054126954328884,-1.2480873780746293,True,True,1.605412695432889,-1.2480873780746298,7.216449660063518e-16,True,-1.2468258129060241,-1.2491919818110728,,True,True,,271
4,mauna-loa-co2,True,1.6255032911537484,-1.2481257508067016,True,True,1.6255032911537481,-1.248125750806702,5.551115123125783e-16,True,-1.2465411279632475,-1.24921071675665,,True,True,,272
4,mauna-loa-co2,True,1.6323705769730537,-1.2485478341181846,True,True,1.632370576973054,-1.2485478341181848,4.440892098500626e-16,True,-1.24508373858701,-1.2492374698934603,,True,True,,273
4,mauna-loa-co2,True,1.6347609524098614,-1.2485543438545745,True,True,1.6347609524098616,-1.2485543438545745,3.3306690738754696e-16,True,-1.2451538375619522,-1.2492570502250955,,True,True,,274
4,mauna-loa-co2,True,1.6363695257091273,-1.2485885112347923,True,True,1.6363695257091264,-1.2485885112347914,8.881784197001252e-16,True,-1.2449737851656788,-1.249269467599875,,True,True,,275
4,mauna-loa-co2,True,1.6372075940487325,-1.2486175147813028,True,True,1.637207594048733,-1.248617514781303,2.220446049250313e-16,True,-1.2446730104357606,-1.2492663590291246,,True,True,,276
4,mauna-loa-co2,True,1.6347359307827847,-1.2485475922575473,True,True,1.6347359307827845,-1.2485475922575469,4.996003610813204e-16,True,-1.2449193574400184,-1.2492541356033968,,True,True,,277
4,mauna-loa-co2,True,1.6155983624710324,-1.2482784937214593,True,True,1.6155983624710324,-1.2482784937214593,3.3306690738754696e-16,True,-1.2461681880314266,-1.249234370852966,,True,True,,278
4,mauna-loa-co2,True,1.5891449177246206,-1.248493581669965,True,True,1.5891449177246197,-1.2484935816699645,4.440892098500626e-16,True,-1.2454328017969873,-1.2492328475312564,,True,True,,279
4,mauna-loa-co2,True,1.5781176971622415,-1.248751684182872,True,True,1.5781176971622406,-1.2487516841828712,8.881784197001252e-16,True,-1.2442924403737936,-1.2492429155720304,,True,True,,280
4,mauna-loa-co2,True,1.5755059225599912,-1.248802274457531,True,True,1.575505922559993,-1.2488022744575322,1.3322676295501878e-15,True,-1.2448140300947237,-1.2492616018287621,,True,True,,281
4,mauna-loa-co2,True,1.5764500740959717,-1.248771800442838,True,True,1.576450074095971,-1.2487718004428374,6.661338147750939e-16,True,-1.2446340900583541,-1.249275218705495,,True,True,,282
4,mauna-loa-co2,True,1.5948500451000196,-1.2482841703591667,True,True,1.59485004510002,-1.2482841703591667,6.661338147750939e-16,True,-1.2464541601320691,-1.2492859530856617,,True,True,,283
4,mauna-loa-co2,True,1.6210837799673803,-1.2483313505984421,True,True,1.62108377996738,-1.2483313505984417,6.661338147750939e-16,True,-1.2455020905222314,-1.2493070791802634,,True,True,,284
4,mauna-loa-co2,True,1.6310399793373056,-1.2485969495986327,True,True,1.6310399793373063,-1.248596949598633,4.996003610813204e-16,True,-1.2441347546911588,-1.2493288751622105,,True,True,,285
4,mauna-loa-co2,True,1.6307667151743324,-1.2486530059731478,True,True,1.6307667151743328,-1.2486530059731478,4.440892098500626e-16,True,-1.2440993921709556,-1.2493490467774737,,True,True,,286
4,mauna-loa-co2,True,1.6279991468365047,-1.2487182229449498,True,True,1.627999146836505,-1.2487182229449503,5.551115123125783e-16,True,-1.2438176204890712,-1.249363018624736,,True,True,,287
4,mauna-loa-co2,True,1.6237255129376256,-1.2487665718955,True,True,1.6237255129376256,-1.2487665718955006,4.440892098500626e-16,True,-1.243658262334076,-1.2493695461481265,,True,True,,288
4,mauna-loa-co2,True,1.617002222439309,-1.2486958781823545,True,True,1.6170022224393077,-1.2486958781823532,1.3322676295501878e-15,True,-1.2446734858278097,-1.2493630852678033,,True,True,,289
4,mauna-loa-co2,True,1.5911329939537942,-1.2485143412491269,True,True,1.5911329939537935,-1.2485143412491262,6.661338147750939e-16,True,-1.2466758812429533,-1.2493485471610501,,True,True,,290
4,mauna-loa-co2,True,1.5769584261469052,-1.2486326968841035,True,True,1.5769584261469067,-1.2486326968841048,1.3322676295501878e-15,True,-1.2462657612836385,-1.2493502484522516,,True,True,,291
4,mauna-loa-co2,True,1.5705631465370873,-1.248950057136852,True,True,1.570563146537089,-1.2489500571368537,1.7763568394002505e-15,True,-1.2432737185666887,-1.249361927470814,,True,True,,292
4,mauna-loa-co2,True,1.5665228919174332,-1.2489769887358344,True,True,1.5665228919174332,-1.2489769887358344,2.220446049250313e-16,True,-1.244221196865158,-1.2493818716815932,,True,True,,293
4,mauna-loa-co2,True,1.5665249549704565,-1.24899801212668,True,True,1.5665249549704576,-1.2489980121266813,1.3322676295501878e-15,True,-1.242894508457477,-1.2493939075846383,,True,True,,294
4,mauna-loa-co2,True,1.5803791683810515,-1.248611234494426,True,True,1.5803791683810515,-1.248611234494426,5.551115123125783e-17,True,-1.247377233314342,-1.2494039636596441,,True,True,,295
4,mauna-loa-co2,True,1.6095642154964558,-1.2486239031377857,True,True,1.609564215496457,-1.2486239031377864,6.661338147750939e-16,True,-1.2466612545818387,-1.249432965134507,,True,True,,296
4,mauna-loa-co2,True,1.623276485189884,-1.248710373186184,True,True,1.6232764851898849,-1.2487103731861853,1.3322676295501878e-15,True,-1.244699748040968,-1.2494605020309293,,True,True,,297
4,mauna-loa-co2,True,1.6290938644607178,-1.2488466488704881,True,True,1.6290938644607182,-1.2488466488704884,2.7755575615628914e-16,True,-1.2428766583541588,-1.2494784751520545,,True,True,,298
4,mauna-loa-co2,True,1.631633309306106,-1.2488550742929583,True,True,1.6316333093061062,-1.2488550742929585,6.661338147750939e-16,True,-1.2429765906799202,-1.2494908939187226,,True,True,,299
4,mauna-loa-co2,True,1.630913663775172,-1.248881690968895,True,True,1.6309136637751729,-1.2488816909688953,4.440892098500626e-16,True,-1.2427171766168945,-1.2494940221412711,,True,True,,300
4,mauna-loa-co2,True,1.6227071836417741,-1.2487813373107273,True,True,1.6227071836417744,-1.2487813373107277,4.440892098500626e-16,True,-1.244619875026587,-1.249490193819392,,True,True,,301
4,mauna-loa-co2,True,1.6059581533077605,-1.2487528487974018,True,True,1.6059581533077594,-1.248752848797401,8.881784197001252e-16,True,-1.2451755711383696,-1.2494772670326662,,True,True,,302
4,mauna-loa-co2,True,1.5882335476708436,-1.2488610071077741,True,True,1.5882335476708431,-1.2488610071077735,8.881784197001252e-16,True,-1.2443083636448686,-1.2494743970665103,,True,True,,303
4,mauna-loa-co2,True,1.5797888496767487,-1.2490424997384453,True,True,1.5797888496767496,-1.249042499738446,6.661338147750939e-16,True,-1.242386369951158,-1.2494834708860054,,True,True,,304
4,mauna-loa-co2,True,1.5773526260167945,-1.2490631116543942,True,True,1.577352626016794,-1.2490631116543938,4.440892098500626e-16,True,-1.2428672684339266,-1.249492937045867,,True,True,,305
4,mauna-loa-co2,True,1.5745520366906705,-1.249050286718205,True,True,1.5745520366906716,-1.2490502867182058,8.881784197001252e-16,True,-1.2427530243575753,-1.2495000158217966,,True,True,,306
4,mauna-loa-co2,True,1.5921897411988593,-1.2487611096733227,True,True,1.592189741198859,-1.2487611096733222,4.440892098500626e-16,True,-1.2458865543840365,-1.2495103510774228,,True,True,,307
4,mauna-loa-co2,True,1.6228280582328984,-1.248724264815591,True,True,1.622828058232896,-1.2487242648155883,2.6645352591003757e-15,True,-1.2454809241541334,-1.24952745766659,,True,True,,308
4,mauna-loa-co2,True,1.6351691937999318,-1.2489417991166718,True,True,1.6351691937999322,-1.2489417991166722,4.440892098500626e-16,True,-1.2421528432254938,-1.2495527797542938,,True,True,,309
4,mauna-loa-co2,True,1.6361704994600534,-1.248944291003793,True,True,1.6361704994600528,-1.2489442910037925,4.440892098500626e-16,True,-1.2421920362438315,-1.2495597991292648,,True,True,,310
4,mauna-loa-co2,True,1.6362726260676643,-1.2489539746929792,True,True,1.6362726260676643,-1.248953974692979,2.220446049250313e-16,True,-1.2417769476438623,-1.2495641468982768,,True,True,,311
4,mauna-loa-co2,True,1.63566703239422,-1.2489715797517542,True,True,1.6356670323942197,-1.248971579751754,4.440892098500626e-16,True,-1.240979973961327,-1.249566503050672,,True,True,,312
4,mauna-loa-co2,True,1.6325434431857637,-1.2490021843228678,True,True,1.6325434431857633,-1.2490021843228674,8.881784197001252e-16,True,-1.2400665669092235,-1.2495657830192528,,True,True,,313
4,mauna-loa-co2,True,1.6144276487104008,-1.2488116431352336,True,True,1.6144276487104001,-1.248811643135233,6.661338147750939e-16,True,-1.2449307148321131,-1.2495591004722986,,True,True,,314
4,mauna-loa-co2,True,1.59358144724433,-1.2489169397644229,True,True,1.5935814472443284,-1.2489169397644218,1.1102230246251565e-15,True,-1.2437923471331076,-1.2495597383977441,,True,True,,315
4,mauna-loa-co2,True,1.58526288694901,-1.2491243572198893,True,True,1.5852628869490084,-1.2491243572198878,1.5543122344752192e-15,True,-1.239939689039223,-1.249566230053086,,True,True,,316
4,mauna-loa-co2,True,1.5811822357794167,-1.2491500668977629,True,True,1.5811822357794179,-1.249150066897764,1.1102230246251565e-15,True,-1.2406868064913972,-1.2495767016856536,,True,True,,317
4,mauna-loa-co2,True,1.5781125168902368,-1.2491527740922832,True,True,1.5781125168902363,-1.2491527740922832,6.661338147750939e-16,True,-1.239860927670365,-1.249583775778792,,True,True,,318
4,mauna-loa-co2,True,1.5975484846320565,-1.2489893272166102,True,True,1.5975484846320565,-1.24898932721661,2.220446049250313e-16,True,-1.2426090799584755,-1.24960035490477,,True,True,,319
4,mauna-loa-co2,True,1.625996053970885,-1.2489049994453971,True,True,1.6259960539708862,-1.2489049994453985,1.3322676295501878e-15,True,-1.2437948819106315,-1.2496190940515457,,True,True,,320
4,mauna-loa-co2,True,1.635421323030555,-1.2491034548753905,True,True,1.635421323030556,-1.2491034548753916,1.1102230246251565e-15,True,-1.23917254411672,-1.2496378215337967,,True,True,,321
4,mauna-loa-co2,True,1.636753645213744,-1.2491056747979516,True,True,1.6367536452137421,-1.2491056747979499,1.7763568394002505e-15,True,-1.2395112167155056,-1.2496475758169958,,True,True,,322
4,mauna-loa-co2,True,1.636061926942819,-1.2491191168000673,True,True,1.6360619269428172,-1.2491191168000657,1.5543122344752192e-15,True,-1.2393182904385116,-1.2496530117707971,,True,True,,323
4,mauna-loa-co2,True,1.634502868729329,-1.249140080315488,True,True,1.634502868729328,-1.249140080315487,1.1102230246251565e-15,True,-1.2386531344575533,-1.2496558343967394,,True,True,,324
4,mauna-loa-co2,True,1.630271570093798,-1.2490462762931955,True,True,1.6302715700937989,-1.2490462762931958,1.2212453270876722e-15,True,-1.241864148064089,-1.2496500343938708,,True,True,,325
4,mauna-loa-co2,True,1.6151238791859035,-1.248970656623373,True,True,1.6151238791859046,-1.2489706566233738,8.881784197001252e-16,True,-1.244829306557385,-1.2496421933503217,,True,True,,326
4,mauna-loa-co2,True,1.5908558365968397,-1.2490380547633464,True,True,1.59085583659684,-1.2490380547633466,3.3306690738754696e-16,True,-1.2438498353494905,-1.249640960471672,,True,True,,327
4,mauna-loa-co2,True,1.5822335851126592,-1.2492461912323753,True,True,1.5822335851126579,-1.2492461912323742,1.1102230246251565e-15,True,-1.2366848486931203,-1.2496465406007855,,True,True,,328
4,mauna-loa-co2,True,1.5812741712963911,-1.2492673408203525,True,True,1.58127417129639,-1.2492673408203512,1.3322676295501878e-15,True,-1.2381915247304098,-1.2496543800811657,,True,True,,329
4,mauna-loa-co2,True,1.5831027248079974,-1.2492699325494876,True,True,1.5831027248079972,-1.2492699325494876,3.885780586188048e-16,True,-1.2366247450280061,-1.2496617527988347,,True,True,,330
4,mauna-loa-co2,True,1.5957723434900712,-1.2490798930340223,True,True,1.5957723434900717,-1.2490798930340223,9.43689570931383e-16,True,-1.2433556838972175,-1.2496707330382992,,True,True,,331
4,mauna-loa-co2,True,1.6213950163483537,-1.2490847858103513,True,True,1.6213950163483524,-1.2490847858103498,1.5543122344752192e-15,True,-1.2414766157957582,-1.2496892968582007,,True,True,,332
4,mauna-loa-co2,True,1.628190279451854,-1.2492386901596984,True,True,1.6281902794518546,-1.2492386901596986,4.440892098500626e-16,True,-1.2347061924336025,-1.2497081652328714,,True,True,,333
4,mauna-loa-co2,True,1.6285675121551275,-1.2492544180892093,True,True,1.6285675121551306,-1.2492544180892124,3.1086244689504383e-15,True,-1.2347849438253087,-1.249717016050695,,True,True,,334
4,mauna-loa-co2,True,1.6266369488790358,-1.2492659688563699,True,True,1.6266369488790346,-1.2492659688563692,6.661338147750939e-16,True,-1.2340290284663291,-1.2497197587468454,,True,True,,335
4,mauna-loa-co2,True,1.6195141930927615,-1.2491930168418919,True,True,1.6195141930927608,-1.2491930168418914,9.992007221626409e-16,True,-1.2404405704753114,-1.2497197726859854,,True,True,,336
4,mauna-loa-co2,True,1.6112703415287521,-1.2491957287765845,True,True,1.6112703415287521,-1.249195728776584,4.440892098500626e-16,True,-1.242707579501302,-1.2497187825810891,,True,True,,337
4,mauna-loa-co2,True,1.5886637415157603,-1.2492025887546845,True,True,1.5886637415157605,-1.249202588754685,4.996003610813204e-16,True,-1.2440951536332183,-1.2497147800134019,,True,True,,338
4,mauna-loa-co2,True,1.5676853853784083,-1.2492693747447547,True,True,1.5676853853784083,-1.2492693747447545,2.220446049250313e-16,True,-1.2431944581303531,-1.2497181326113664,,True,True,,339
4,mauna-loa-co2,True,1.5587041246231232,-1.2494104139673352,True,True,1.5587041246231235,-1.2494104139673357,7.771561172376096e-16,True,-1.2347415082554527,-1.2497248214818542,,True,True,,340
4,mauna-loa-co2,True,1.5576471271532115,-1.2494366613266403,True,True,1.5576471271532126,-1.2494366613266417,1.3322676295501878e-15,True,-1.236604442234355,-1.249732951753526,,True,True,,341
4,mauna-loa-co2,True,1.5612958638982195,-1.2493354776224515,True,True,1.561295863898219,-1.2493354776224506,8.881784197001252e-16,True,-1.2444529763386225,-1.2497381236003573,,True,True,,342
4,mauna-loa-co2,True,1.5693533362996004,-1.249294929255417,True,True,1.569353336299603,-1.2492949292554192,2.220446049250313e-15,True,-1.2458810161254639,-1.2497460408036674,,True,True,,343
4,mauna-loa-co2,True,1.5947740538998367,-1.249277385058912,True,True,1.5947740538998385,-1.2492773850589138,1.7763568394002505e-15,True,-1.243341286661864,-1.2497601271719878,,True,True,,344
4,mauna-loa-co2,True,1.6074302550522617,-1.249294236884051,True,True,1.607430255052264,-1.2492942368840532,2.220446049250313e-15,True,-1.238747762712816,-1.2497712638093952,,True,True,,345
4,mauna-loa-co2,True,1.6140551530813234,-1.2493804045651518,True,True,1.6140551530813236,-1.2493804045651518,4.440892098500626e-16,True,-1.227306771916692,-1.2497756072702466,,True,True,,346
4,mauna-loa-co2,True,1.6137006194955084,-1.249387606715021,True,True,1.6137006194955115,-1.2493876067150236,2.6645352591003757e-15,True,-1.2263388150647003,-1.249777700700107,,True,True,,347
4,mauna-loa-co2,True,1.6136191276585705,-1.249392800807043,True,True,1.6136191276585694,-1.2493928008070412,1.7763568394002505e-15,True,-1.225188268468237,-1.2497801413758565,,True,True,,348
4,mauna-loa-co2,True,1.6073960650841537,-1.2493795957651352,True,True,1.6073960650841534,-1.2493795957651348,4.440892098500626e-16,True,-1.2312178417934079,-1.2497851665688833,,True,True,,349
4,mauna-loa-co2,True,1.5922140796355864,-1.2493462280860204,True,True,1.5922140796355897,-1.249346228086023,2.6645352591003757e-15,True,-1.2407347203617858,-1.2497869659641943,,True,True,,350
4,mauna-loa-co2,True,1.5780278049830476,-1.2493893847002668,True,True,1.578027804983049,-1.2493893847002686,1.7763568394002505e-15,True,-1.239533430403139,-1.2497901019173936,,True,True,,351
4,mauna-loa-co2,True,1.567519838246481,-1.2494926051062525,True,True,1.5675198382464826,-1.249492605106254,1.5543122344752192e-15,True,-1.2290321424203223,-1.2497967558665302,,True,True,,352
4,mauna-loa-co2,True,1.560377249716427,-1.2495171351939915,True,True,1.5603772497164268,-1.2495171351939913,3.3306690738754696e-16,True,-1.2321517905979051,-1.249805963141287,,True,True,,353
4,mauna-loa-co2,True,1.557089199518933,-1.2494705947342508,True,True,1.557089199518935,-1.2494705947342521,1.3322676295501878e-15,True,-1.2373367827775248,-1.2498107263813558,,True,True,,354
4,mauna-loa-co2,True,1.573236669211457,-1.2494044006916567,True,True,1.5732366692114563,-1.249404400691656,6.661338147750939e-16,True,-1.2439159838291267,-1.2498151342130295,,True,True,,355
4,mauna-loa-co2,True,1.6139405538457556,-1.249401487132296,True,True,1.6139405538457559,-1.2494014871322958,5.551115123125783e-16,True,-1.2414330973620662,-1.2498238590169946,,True,True,,356
4,mauna-loa-co2,True,1.6308326296231854,-1.249436792577135,True,True,1.6308326296231836,-1.2494367925771337,1.3322676295501878e-15,True,-1.2367635683851257,-1.2498331644090765,,True,True,,357
4,mauna-loa-co2,True,1.6371613253461652,-1.2495220917538985,True,True,1.6371613253461628,-1.2495220917538963,2.220446049250313e-15,True,-1.2244316621923508,-1.2498407231132935,,True,True,,358
4,mauna-loa-co2,True,1.6380456323864254,-1.249532702177619,True,True,1.6380456323864276,-1.2495327021776208,1.7763568394002505e-15,True,-1.2247765741756766,-1.2498437368574584,,True,True,,359
4,mauna-loa-co2,True,1.6365110333929254,-1.2495211220558755,True,True,1.6365110333929258,-1.2495211220558762,7.216449660063518e-16,True,-1.226170282843724,-1.24984281776393,,True,True,,360
4,mauna-loa-co2,True,1.6314704904462451,-1.2494888354180125,True,True,1.631470490446246,-1.2494888354180138,1.3322676295501878e-15,True,-1.231943074147519,-1.249841665236336,,True,True,,361
4,mauna-loa-co2,True,1.6206390891244542,-1.2494670317355576,True,True,1.6206390891244549,-1.249467031735558,1.4432899320127035e-15,True,-1.2342025411308672,-1.2498386667280117,,True,True,,362
4,mauna-loa-co2,True,1.602913093662506,-1.249479190910478,True,True,1.6029130936625058,-1.2494791909104777,5.551115123125783e-16,True,-1.2307554498913924,-1.2498369502799318,,True,True,,363
4,mauna-loa-co2,True,1.5944675586919215,-1.2495213864405703,True,True,1.5944675586919177,-1.2495213864405668,3.552713678800501e-15,True,-1.2237657113882292,-1.2498404866597608,,True,True,,364
4,mauna-loa-co2,True,1.589080315290593,-1.2495353220567298,True,True,1.5890803152905932,-1.2495353220567296,4.440892098500626e-16,True,-1.2261219009660178,-1.2498455138795685,,True,True,,365
4,mauna-loa-co2,True,1.5888430604264083,-1.2495396493456625,True,True,1.5888430604264079,-1.249539649345662,9.992007221626409e-16,True,-1.2237031219362986,-1.2498474890830185,,True,True,,366
4,mauna-loa-co2,True,1.6071165493348407,-1.2494460143524166,True,True,1.607116549334838,-1.2494460143524146,1.9984014443252818e-15,True,-1.2416719127744955,-1.249849802844126,,True,True,,367
4,mauna-loa-co2,True,1.6297950460963198,-1.2494768233354643,True,True,1.629795046096322,-1.2494768233354665,2.220446049250313e-15,True,-1.2375087118740502,-1.249855121638697,,True,True,,368
4,mauna-loa-co2,True,1.638091482629072,-1.2495616617795742,True,True,1.6380914826290747,-1.2495616617795768,2.6645352591003757e-15,True,-1.2240954080207882,-1.249861744341016,,True,True,,369
4,enso-pacific-sst,True,1.4662018598374165,-1.2300912241097588,True,True,1.466201859837417,-1.2300912241097595,6.661338147750939e-16,True,-1.2300832472697398,-1.2389585810799317,,True,True,,0
4,enso-pacific-sst,True,1.471991264150814,-1.2296887079101984,True,True,1.4719912641508142,-1.2296887079101984,3.3306690738754696e-16,True,-1.2296295890128024,-1.2383975190227663,,True,True,,1
4,enso-pacific-sst,True,1.478397153069691,-1.2310109165782568,True,True,1.4783971530696893,-1.2310109165782552,1.5543122344752192e-15,True,-1.2309004001672157,-1.2386434387926897,,True,True,,2
4,enso-pacific-sst,True,1.483802862884985,-1.230127241935608,True,True,1.4838028628849862,-1.2301272419356086,6.661338147750939e-16,True,-1.2298892902287366,-1.2380009776490413,,True,True,,3
4,enso-pacific-sst,True,1.4934689446571145,-1.2318451853645072,True,True,1.4934689446571137,-1.2318451853645065,6.661338147750939e-16,True,-1.231170079405017,-1.2370335270940196,,True,True,,4
4,enso-pacific-sst,True,1.5027427715559316,-1.2313060381804388,True,True,1.502742771555933,-1.2313060381804397,8.881784197001252e-16,True,-1.2292324926320737,-1.2356113216719242,,True,True,,5
4,enso-pacific-sst,True,1.5099969059730078,-1.2306179778367816,True,True,1.5099969059730074,-1.2306179778367812,4.440892098500626e-16,True,-1.227821349665629,-1.2351139896286614,,True,True,,6
4,enso-pacific-sst,True,1.515328833098167,-1.2314493417714198,True,True,1.5153288330981673,-1.23144934177142,4.440892098500626e-16,True,-1.2291152392936273,-1.2349819293875923,,True,True,,7
4,enso-pacific-sst,True,1.5184767445389387,-1.23236588022146,True,True,1.518476744538939,-1.2323658802214605,4.440892098500626e-16,True,-1.2302554178037208,-1.234792787997492,,True,True,,8
4,enso-pacific-sst,True,1.5215864182966388,-1.231002629353897,True,True,1.5215864182966379,-1.2310026293538963,6.661338147750939e-16,True,-1.229445825003237,-1.2347181463208683,,True,True,,9
4,enso-pacific-sst,True,1.514242673895815,-1.2229103846599525,True,True,1.5142426738958146,-1.2229103846599516,8.881784197001252e-16,True,-1.2223503070140829,-1.2351871022536671,,True,True,,10
4,enso-pacific-sst,True,1.5339630512995779,-1.2328644982191999,True,True,1.533963051299578,-1.2328644982192,3.3306690738754696e-16,True,-1.231129219593759,-1.2360174215962356,,True,True,,11
4,enso-pacific-sst,True,1.526555083571715,-1.232580553477816,True,True,1.5265550835717139,-1.2325805534778151,8.881784197001252e-16,True,-1.2310755172793908,-1.237081596036798,,True,True,,12
4,enso-pacific-sst,True,1.5192639431425659,-1.2321239896222287,True,True,1.5192639431425656,-1.2321239896222287,8.326672684688674e-16,True,-1.2312710075506155,-1.237720745222731,,True,True,,13
4,enso-pacific-sst,True,1.5002192392076334,-1.2152259670857315,True,True,1.5002192392076323,-1.2152259670857302,1.3322676295501878e-15,True,-1.215007873562209,-1.2376962513051373,,True,True,,14
4,enso-pacific-sst,True,1.5071283915465288,-1.2263211869553716,True,True,1.5071283915465299,-1.2263211869553723,6.661338147750939e-16,True,-1.2259954251342184,-1.2383236884611841,,True,True,,15
4,enso-pacific-sst,True,1.481783180769836,-1.2260371384166049,True,True,1.4817831807698363,-1.2260371384166049,7.771561172376096e-16,True,-1.2258625956800877,-1.2391604317509761,,True,True,,16
4,enso-pacific-sst,True,1.4882353005806692,-1.2339778606626668,True,True,1.488235300580669,-1.2339778606626668,4.440892098500626e-16,True,-1.233231789461016,-1.2394672218755691,,True,True,,17
4,enso-pacific-sst,True,1.4978463667518125,-1.2338838647350168,True,True,1.497846366751812,-1.2338838647350163,4.996003610813204e-16,True,-1.232977040216474,-1.2386923339704075,,True,True,,18
4,enso-pacific-sst,True,1.5088408327678564,-1.231116710470428,True,True,1.5088408327678555,-1.2311167104704275,4.440892098500626e-16,True,-1.2303139680265351,-1.237668263618522,,True,True,,19
4,enso-pacific-sst,True,1.5163221364575752,-1.2335202293931924,True,True,1.5163221364575736,-1.233520229393191,1.3322676295501878e-15,True,-1.231987706996594,-1.23740314024993,,True,True,,20
4,enso-pacific-sst,True,1.5169791108282178,-1.2325219227785118,True,True,1.5169791108282182,-1.2325219227785125,6.661338147750939e-16,True,-1.2307604344242014,-1.2375169188971653,,True,True,,21
4,enso-pacific-sst,True,1.5203456906516923,-1.2298184416177769,True,True,1.5203456906516923,-1.229818441617777,6.661338147750939e-16,True,-1.2276383755812463,-1.237229896142135,,True,True,,22
4,enso-pacific-sst,True,1.5252040228902886,-1.2304958970057522,True,True,1.5252040228902892,-1.2304958970057531,8.881784197001252e-16,True,-1.2265551769466374,-1.2372001041245628,,True,True,,23
4,enso-pacific-sst,True,1.529320413016908,-1.2289034656802456,True,True,1.5293204130169085,-1.2289034656802453,5.551115123125783e-16,True,-1.2249884965965896,-1.2366300838365023,,True,True,,24
4,enso-pacific-sst,True,1.4854543805226434,-1.2202519205033662,True,True,1.4854543805226437,-1.2202519205033666,7.771561172376096e-16,True,-1.2187073880922206,-1.2360856793552537,,True,True,,25
4,enso-pacific-sst,True,1.5210969525973244,-1.2256275046820075,True,True,1.5210969525973244,-1.2256275046820075,2.7755575615628914e-16,True,-1.2248850142322114,-1.2354319033509291,,True,True,,26
4,enso-pacific-sst,True,1.5330897477142023,-1.2311212329964243,True,True,1.5330897477142016,-1.2311212329964236,8.881784197001252e-16,True,-1.2305432771037457,-1.2347605676182551,,True,True,,27
4,enso-pacific-sst,True,1.4696559321865015,-1.229629180372114,True,True,1.4696559321865001,-1.2296291803721129,1.1102230246251565e-15,True,-1.2290181901416273,-1.2337214151454101,,True,True,,28
4,enso-pacific-sst,True,1.4643024827651994,-1.230230802085705,True,True,1.4643024827651994,-1.2302308020857051,8.881784197001252e-16,True,-1.229654265090852,-1.2334765852574257,,True,True,,29
4,enso-pacific-sst,True,1.468288767555692,-1.2306438756308955,True,True,1.4682887675556917,-1.2306438756308953,6.661338147750939e-16,True,-1.230109886945994,-1.2331373772342045,,True,True,,30
4,enso-pacific-sst,True,1.4656009419005496,-1.2309287968559044,True,True,1.4656009419005485,-1.2309287968559033,1.1102230246251565e-15,True,-1.2304032660554889,-1.233207431435204,,True,True,,31
4,enso-pacific-sst,True,1.468710176867457,-1.2302735581259296,True,True,1.4687101768674589,-1.2302735581259316,1.9984014443252818e-15,True,-1.229801519073653,-1.2330399138354673,,True,True,,32
4,enso-pacific-sst,True,1.4686052010402353,-1.2303492053756135,True,True,1.4686052010402375,-1.2303492053756158,2.220446049250313e-15,True,-1.2298100692685479,-1.2333435997309032,,True,True,,33
4,enso-pacific-sst,True,1.4666029898052677,-1.2294359935938275,True,True,1.4666029898052677,-1.2294359935938275,6.661338147750939e-16,True,-1.2289682410403282,-1.233329468148721,,True,True,,34
4,enso-pacific-sst,True,1.4664695479300458,-1.2294535426274986,True,True,1.4664695479300465,-1.229453542627499,5.551115123125783e-16,True,-1.2286309237305626,-1.2336940979179822,,True,True,,35
4,enso-pacific-sst,True,1.46565802495512,-1.2287542615185942,True,True,1.4656580249551199,-1.2287542615185942,6.661338147750939e-16,True,-1.2278926224546376,-1.2337285132815978,,True,True,,36
4,enso-pacific-sst,True,1.467840876249261,-1.231350540402575,True,True,1.4678408762492625,-1.2313505404025764,1.3322676295501878e-15,True,-1.2301956531944997,-1.2341883073674003,,True,True,,37
4,enso-pacific-sst,True,1.4672035581164575,-1.2323432832656418,True,True,1.467203558116458,-1.2323432832656418,7.216449660063518e-16,True,-1.231218142473995,-1.234246961585863,,True,True,,38
4,enso-pacific-sst,True,1.4651435409103484,-1.2304374873681871,True,True,1.4651435409103468,-1.2304374873681858,1.3322676295501878e-15,True,-1.2295505923475523,-1.233933107167977,,True,True,,39
4,enso-pacific-sst,True,1.4667928988524133,-1.2291944758328897,True,True,1.4667928988524124,-1.2291944758328888,8.881784197001252e-16,True,-1.228295613193954,-1.2328839249696226,,True,True,,40
4,enso-pacific-sst,True,1.4619479267046767,-1.2214370012807028,True,True,1.4619479267046744,-1.221437001280701,1.7763568394002505e-15,True,-1.2208522392891055,-1.231339791147873,,True,True,,41
4,enso-pacific-sst,True,1.460226392671388,-1.217439615736954,True,True,1.46022639267139,-1.2174396157369554,1.3322676295501878e-15,True,-1.2169766434498877,-1.2299346919185978,,True,True,,42
4,enso-pacific-sst,True,1.460379711583418,-1.2156332619786157,True,True,1.4603797115834167,-1.2156332619786145,1.1102230246251565e-15,True,-1.2152262976717159,-1.2292067692631568,,True,True,,43
4,enso-pacific-sst,True,1.4639633855795637,-1.2123683998843084,True,True,1.4639633855795633,-1.212368399884308,4.440892098500626e-16,True,-1.2119613575110415,-1.2280370526060012,,True,True,,44
4,enso-pacific-sst,True,1.4784897723610404,-1.2077500693147536,True,True,1.4784897723610406,-1.2077500693147538,3.3306690738754696e-16,True,-1.2073800744509307,-1.2262743529868916,,True,True,,45
4,enso-pacific-sst,True,1.4794738482217753,-1.1966249318582427,True,True,1.4794738482217777,-1.1966249318582447,1.9984014443252818e-15,True,-1.1962429689909067,-1.2245498530232577,,True,True,,46
4,enso-pacific-sst,True,1.5156908449449742,-1.1908751001430877,True,True,1.515690844944975,-1.1908751001430886,8.881784197001252e-16,True,-1.1902007380390824,-1.2227626459144012,,True,True,,47
4,enso-pacific-sst,True,1.5727186626610372,-1.1851822744374332,True,True,1.5727186626610348,-1.1851822744374312,1.9984014443252818e-15,True,-1.184258517762104,-1.2227343490635314,,True,True,,48
4,enso-pacific-sst,True,1.5698357957080602,-1.1879977778150428,True,True,1.569835795708061,-1.1879977778150437,8.881784197001252e-16,True,-1.1873825138868819,-1.2238341978177247,,True,True,,49
4,enso-pacific-sst,True,1.5620092048234975,-1.1894604475343156,True,True,1.5620092048234977,-1.1894604475343158,3.3306690738754696e-16,True,-1.1886659652221931,-1.2247352122899293,,True,True,,50
4,enso-pacific-sst,True,1.5373118203911322,-1.193841431486867,True,True,1.5373118203911325,-1.1938414314868677,6.661338147750939e-16,True,-1.1924944298780096,-1.2237750390180302,,True,True,,51
4,enso-pacific-sst,True,1.5397096525987801,-1.1854339771243287,True,True,1.5397096525987792,-1.185433977124328,6.661338147750939e-16,True,-1.1848059524161023,-1.2245924322311412,,True,True,,52
4,enso-pacific-sst,True,1.5671051983336612,-1.194074209122272,True,True,1.5671051983336615,-1.1940742091222718,3.3306690738754696e-16,True,-1.1924546217133816,-1.226061290308869,,True,True,,53
4,enso-pacific-sst,True,1.573548657852653,-1.1978940301474246,True,True,1.5735486578526536,-1.197894030147425,4.440892098500626e-16,True,-1.1956379249372155,-1.2273001035181956,,True,True,,54
4,enso-pacific-sst,True,1.5607848422508406,-1.193632531456127,True,True,1.56078484225084,-1.1936325314561258,1.1102230246251565e-15,True,-1.1925334333968667,-1.228010964325198,,True,True,,55
4,enso-pacific-sst,True,1.5512632291127688,-1.1946261315379214,True,True,1.551263229112769,-1.1946261315379214,4.440892098500626e-16,True,-1.1937228854949784,-1.2278716785810018,,True,True,,56
4,enso-pacific-sst,True,1.578713511064138,-1.217714779844394,True,True,1.5787135110641386,-1.2177147798443944,4.440892098500626e-16,True,-1.212469555817135,-1.2283049655637084,,True,True,,57
4,enso-pacific-sst,True,1.5884438127376512,-1.218528311576729,True,True,1.5884438127376503,-1.218528311576728,8.881784197001252e-16,True,-1.2125563728407776,-1.2282036148834887,,True,True,,58
4,enso-pacific-sst,True,1.593314086028708,-1.2186469381368537,True,True,1.5933140860287078,-1.2186469381368537,6.661338147750939e-16,True,-1.210848557966434,-1.2277261436143383,,True,True,,59
4,enso-pacific-sst,True,1.5937185996502725,-1.2152415992169414,True,True,1.5937185996502716,-1.2152415992169403,1.1102230246251565e-15,True,-1.2077862714669625,-1.2274187304321018,,True,True,,60
4,enso-pacific-sst,True,1.5922606644268311,-1.2122151419930618,True,True,1.5922606644268298,-1.2122151419930605,1.3322676295501878e-15,True,-1.2048368468898805,-1.2274351938361179,,True,True,,61
4,enso-pacific-sst,True,1.5081197723965825,-1.211367805182919,True,True,1.508119772396581,-1.2113678051829173,1.7763568394002505e-15,True,-1.2067169882491418,-1.2278600327057516,,True,True,,62
4,enso-pacific-sst,True,1.4302720321004874,-1.204163152409893,True,True,1.4302720321004878,-1.2041631524098935,4.440892098500626e-16,True,-1.2039787813694396,-1.2317247816795984,,True,True,,63
4,enso-pacific-sst,True,1.4194700748431703,-1.2034437754185565,True,True,1.419470074843171,-1.2034437754185572,6.661338147750939e-16,True,-1.2033649803270472,-1.2349698692622373,,True,True,,64
4,enso-pacific-sst,True,1.4233413169951057,-1.213100175674009,True,True,1.4233413169951048,-1.213100175674008,8.881784197001252e-16,True,-1.2130502335064663,-1.238283481158859,,True,True,,65
4,enso-pacific-sst,True,1.4289567953079598,-1.220381605094613,True,True,1.4289567953079607,-1.220381605094614,8.881784197001252e-16,True,-1.2203191836005796,-1.2401480284695072,,True,True,,66
4,enso-pacific-sst,True,1.4323409635538942,-1.2245398375608771,True,True,1.432340963553895,-1.224539837560878,8.881784197001252e-16,True,-1.224436174758395,-1.2413252585151504,,True,True,,67
4,enso-pacific-sst,True,1.4361064867555393,-1.2275165268121322,True,True,1.4361064867555409,-1.2275165268121335,1.3322676295501878e-15,True,-1.2273126026907493,-1.2419345762781007,,True,True,,68
4,enso-pacific-sst,True,1.4406483947632835,-1.2308092726651254,True,True,1.4406483947632842,-1.2308092726651263,8.881784197001252e-16,True,-1.2304383285953364,-1.242322020809894,,True,True,,69
4,enso-pacific-sst,True,1.4437789419423064,-1.232459023364084,True,True,1.443778941942306,-1.232459023364084,3.3306690738754696e-16,True,-1.2320522360000223,-1.2427019216139483,,True,True,,70
4,enso-pacific-sst,True,1.4468308695257976,-1.234209305492541,True,True,1.4468308695257974,-1.2342093054925407,2.220446049250313e-16,True,-1.2338203284237388,-1.2431079525992057,,True,True,,71
4,enso-pacific-sst,True,1.449922538955816,-1.236200491868474,True,True,1.4499225389558164,-1.2362004918684744,4.440892098500626e-16,True,-1.2357411647575032,-1.2435533129941136,,True,True,,72
4,enso-pacific-sst,True,1.4524526456424702,-1.236655399985903,True,True,1.4524526456424705,-1.236655399985903,6.661338147750939e-16,True,-1.2358337586957018,-1.243234297611884,,True,True,,73
4,enso-pacific-sst,True,1.4547498342423244,-1.2370905914299883,True,True,1.4547498342423237,-1.237090591429988,4.440892098500626e-16,True,-1.2356721851413808,-1.2432442476800152,,True,True,,74
4,enso-pacific-sst,True,1.4564645645664067,-1.2383574994976927,True,True,1.4564645645664078,-1.2383574994976936,1.1102230246251565e-15,True,-1.2368626723902671,-1.243527143205899,,True,True,,75
4,enso-pacific-sst,True,1.456534998182825,-1.2392453064468874,True,True,1.4565349981828237,-1.239245306446886,1.3322676295501878e-15,True,-1.2379034302620469,-1.2442234983856713,,True,True,,76
4,enso-pacific-sst,True,1.4577986250818058,-1.2404327222326161,True,True,1.4577986250818045,-1.2404327222326148,1.3322676295501878e-15,True,-1.2387805790663504,-1.2446598799690884,,True,True,,77
4,enso-pacific-sst,True,1.4591282834162267,-1.2417651874726476,True,True,1.4591282834162278,-1.2417651874726485,8.881784197001252e-16,True,-1.239861999683702,-1.2448752837728694,,True,True,,78
4,enso-pacific-sst,True,1.456567571826535,-1.2423281528143966,True,True,1.4565675718265345,-1.2423281528143961,7.216449660063518e-16,True,-1.2413456086606076,-1.245514974544863,,True,True,,79
4,enso-pacific-sst,True,1.4509013278239213,-1.2410635120777487,True,True,1.4509013278239218,-1.241063512077749,4.440892098500626e-16,True,-1.2404928053624698,-1.245340236133398,,True,True,,80
4,enso-pacific-sst,True,1.4477559952906918,-1.240345868253482,True,True,1.4477559952906922,-1.2403458682534825,4.440892098500626e-16,True,-1.2397785991490344,-1.2452367474468258,,True,True,,81
4,enso-pacific-sst,True,1.4478184023880527,-1.239899474121014,True,True,1.4478184023880523,-1.2398994741210134,6.661338147750939e-16,True,-1.2393134498385643,-1.2451881802104356,,True,True,,82
4,enso-pacific-sst,True,1.4452447704646996,-1.2391737658857003,True,True,1.445244770464699,-1.2391737658856994,8.881784197001252e-16,True,-1.238558644119727,-1.2450810073138356,,True,True,,83
4,enso-pacific-sst,True,1.4431143589989193,-1.2384241181210127,True,True,1.4431143589989197,-1.2384241181210132,4.440892098500626e-16,True,-1.2377839533052937,-1.2448144913236583,,True,True,,84
4,enso-pacific-sst,True,1.5539293877316782,-1.241461628015038,True,True,1.55392938773168,-1.2414616280150395,1.5543122344752192e-15,True,-1.237896349516043,-1.2443840014741763,,True,True,,85
4,enso-pacific-sst,True,1.547909884137623,-1.2418319084015703,True,True,1.5479098841376246,-1.2418319084015716,1.3322676295501878e-15,True,-1.2392392532578218,-1.244454160913233,,True,True,,86
4,enso-pacific-sst,True,1.533614337832198,-1.2382931469333256,True,True,1.533614337832199,-1.2382931469333258,6.661338147750939e-16,True,-1.236455015071437,-1.2442285668453417,,True,True,,87
4,enso-pacific-sst,True,1.5196892816351584,-1.2367969423802403,True,True,1.5196892816351577,-1.2367969423802396,6.661338147750939e-16,True,-1.2349515224542527,-1.244124197580749,,True,True,,88
4,enso-pacific-sst,True,1.5439768896780943,-1.2363349379137627,True,True,1.5439768896780948,-1.2363349379137627,4.440892098500626e-16,True,-1.234911023006632,-1.243774394365113,,True,True,,89
4,enso-pacific-sst,True,1.5635564055086615,-1.2355760271495413,True,True,1.5635564055086613,-1.235576027149541,3.885780586188048e-16,True,-1.2345044893382682,-1.24327980437596,,True,True,,90
4,enso-pacific-sst,True,1.6054777418523125,-1.2351113364555764,True,True,1.6054777418523136,-1.2351113364555777,1.3322676295501878e-15,True,-1.2337066565079822,-1.2429421996464827,,True,True,,91
4,enso-pacific-sst,True,1.6055140083843729,-1.2343273395298264,True,True,1.605514008384373,-1.2343273395298264,4.440892098500626e-16,True,-1.2325593308595597,-1.2422918590527867,,True,True,,92
4,enso-pacific-sst,True,1.6085278471475861,-1.2336218898346183,True,True,1.6085278471475855,-1.2336218898346176,7.771561172376096e-16,True,-1.2318961382684543,-1.2420062559145408,,True,True,,93
4,enso-pacific-sst,True,1.6124374201843619,-1.2333164206813776,True,True,1.6124374201843619,-1.2333164206813776,6.661338147750939e-16,True,-1.2289956910715594,-1.2417894768854703,,True,True,,94
4,enso-pacific-sst,True,1.6164333101426565,-1.2323697048092197,True,True,1.6164333101426551,-1.2323697048092188,8.881784197001252e-16,True,-1.2278570293199023,-1.2414321336990455,,True,True,,95
4,enso-pacific-sst,True,1.621956735728546,-1.2322849985728148,True,True,1.6219567357285463,-1.2322849985728153,9.992007221626409e-16,True,-1.227172040536071,-1.2414300113252226,,True,True,,96
4,enso-pacific-sst,True,1.6152464618404092,-1.228136268436864,True,True,1.615246461840408,-1.228136268436863,1.3322676295501878e-15,True,-1.2259514726290515,-1.2413985143738349,,True,True,,97
4,enso-pacific-sst,True,1.614660680966227,-1.2272497625647638,True,True,1.6146606809662272,-1.2272497625647634,6.661338147750939e-16,True,-1.225982355832225,-1.2413200813407912,,True,True,,98
4,enso-pacific-sst,True,1.6190698217052892,-1.2267804417194044,True,True,1.6190698217052897,-1.2267804417194046,5.551115123125783e-16,True,-1.2258726268471594,-1.2414489668902406,,True,True,,99
4,enso-pacific-sst,True,1.6314913966977689,-1.2255000521258448,True,True,1.63149139669777,-1.2255000521258457,8.881784197001252e-16,True,-1.223606922776564,-1.2410365699238095,,True,True,,100
4,enso-pacific-sst,True,1.6301117928568618,-1.2228724502767747,True,True,1.6301117928568631,-1.2228724502767758,1.1102230246251565e-15,True,-1.2223949931996732,-1.2406029424530922,,True,True,,101
4,enso-pacific-sst,True,1.6158377960919286,-1.2224315946721407,True,True,1.6158377960919288,-1.2224315946721411,4.440892098500626e-16,True,-1.221515712179479,-1.2396479191795444,,True,True,,102
4,enso-pacific-sst,True,1.6089993848441677,-1.2228012727923727,True,True,1.6089993848441684,-1.2228012727923732,5.551115123125783e-16,True,-1.2216082022343435,-1.239092589158048,,True,True,,103
4,enso-pacific-sst,True,1.613506881510637,-1.226550909697878,True,True,1.6135068815106368,-1.2265509096978784,9.992007221626409e-16,True,-1.2242039505813587,-1.2384707830951984,,True,True,,104
4,enso-pacific-sst,True,1.6148178570844298,-1.2207076222159947,True,True,1.6148178570844314,-1.2207076222159963,1.5543122344752192e-15,True,-1.2184665496149358,-1.237826991459137,,True,True,,105
4,enso-pacific-sst,True,1.621443908495506,-1.226409237691949,True,True,1.6214439084955066,-1.2264092376919493,1.1102230246251565e-15,True,-1.2228037629957884,-1.2374599801057498,,True,True,,106
4,enso-pacific-sst,True,1.6140608683108122,-1.2211164118033853,True,True,1.614060868310812,-1.2211164118033855,1.1102230246251565e-15,True,-1.2188769539800475,-1.2372147181501734,,True,True,,107
4,enso-pacific-sst,True,1.610468762710218,-1.2198354316750413,True,True,1.6104687627102188,-1.219835431675042,6.661338147750939e-16,True,-1.2180073654626968,-1.2368829044609335,,True,True,,108
4,enso-pacific-sst,True,1.607440996189564,-1.222758248609279,True,True,1.6074409961895635,-1.2227582486092785,6.661338147750939e-16,True,-1.220814059149079,-1.2369384850170777,,True,True,,109
4,enso-pacific-sst,True,1.5539455610113029,-1.2178182988611015,True,True,1.5539455610113027,-1.2178182988611013,4.440892098500626e-16,True,-1.216872336137529,-1.2366326463512967,,True,True,,110
4,enso-pacific-sst,True,1.5707085266183656,-1.2189691401743894,True,True,1.5707085266183651,-1.2189691401743894,4.440892098500626e-16,True,-1.2169754004225872,-1.2367364405395314,,True,True,,111
4,enso-pacific-sst,True,1.5870854687723688,-1.2204931718081697,True,True,1.5870854687723694,-1.2204931718081706,8.881784197001252e-16,True,-1.2155692707823993,-1.236909130014895,,True,True,,112
4,enso-pacific-sst,True,1.591563200482442,-1.2140437750431798,True,True,1.5915632004824443,-1.2140437750431818,1.9984014443252818e-15,True,-1.2110252684981835,-1.2363396811450709,,True,True,,113
4,enso-pacific-sst,True,1.60298796657868,-1.2137815223345712,True,True,1.6029879665786808,-1.2137815223345716,5.551115123125783e-16,True,-1.2102098978108442,-1.2357666193101626,,True,True,,114
4,enso-pacific-sst,True,1.5973244375444633,-1.2066142098405495,True,True,1.5973244375444624,-1.206614209840549,4.440892098500626e-16,True,-1.2058695639142116,-1.2341802867326002,,True,True,,115
4,enso-pacific-sst,True,1.6015277938065693,-1.209110688218469,True,True,1.6015277938065677,-1.2091106882184675,1.5543122344752192e-15,True,-1.2082758600464796,-1.234214635564326,,True,True,,116
4,enso-pacific-sst,True,1.6006581667692386,-1.2113566617283678,True,True,1.6006581667692372,-1.2113566617283669,8.881784197001252e-16,True,-1.2101755414317124,-1.2338236757402568,,True,True,,117
4,enso-pacific-sst,True,1.6004503175532823,-1.2121889967058004,True,True,1.600450317553283,-1.2121889967058013,8.881784197001252e-16,True,-1.2109061982030764,-1.2334907971842513,,True,True,,118
4,enso-pacific-sst,True,1.6086191508508214,-1.209336242320367,True,True,1.6086191508508207,-1.2093362423203666,4.440892098500626e-16,True,-1.2078059964172334,-1.233809446508146,,True,True,,119
4,enso-pacific-sst,True,1.612000711814419,-1.2106252536605242,True,True,1.6120007118144195,-1.2106252536605244,2.220446049250313e-16,True,-1.2090236797938418,-1.2336646246973881,,True,True,,120
4,enso-pacific-sst,True,1.615137372242501,-1.2090638991710625,True,True,1.6151373722425015,-1.209063899171063,4.440892098500626e-16,True,-1.2079358156669864,-1.233804937850076,,True,True,,121
4,enso-pacific-sst,True,1.6101991617956373,-1.2100026351880397,True,True,1.610199161795639,-1.2100026351880413,1.5543122344752192e-15,True,-1.2094064024886118,-1.2343345135081272,,True,True,,122
4,enso-pacific-sst,True,1.5450553438318173,-1.2117671553614253,True,True,1.545055343831816,-1.2117671553614242,1.1102230246251565e-15,True,-1.2110580500143149,-1.2332482351611247,,True,True,,123
4,enso-pacific-sst,True,1.511423244691336,-1.2107854681176022,True,True,1.511423244691338,-1.2107854681176038,1.5543122344752192e-15,True,-1.2101300533631822,-1.232382300594641,,True,True,,124
4,enso-pacific-sst,True,1.5337229962851793,-1.2111676088935335,True,True,1.5337229962851788,-1.2111676088935333,9.43689570931383e-16,True,-1.210494104822474,-1.2315789694510162,,True,True,,125
4,enso-pacific-sst,True,1.5476186355526207,-1.2128464284593528,True,True,1.5476186355526202,-1.212846428459352,6.661338147750939e-16,True,-1.2121983213059588,-1.2317084739417439,,True,True,,126
4,enso-pacific-sst,True,1.5552290048413222,-1.2150493159727223,True,True,1.5552290048413226,-1.2150493159727225,2.7755575615628914e-16,True,-1.2145317825025133,-1.2319195677645944,,True,True,,127
4,enso-pacific-sst,True,1.5595804519997052,-1.2169046863166217,True,True,1.5595804519997045,-1.2169046863166213,4.440892098500626e-16,True,-1.2163792385561614,-1.2322517296490554,,True,True,,128
4,enso-pacific-sst,True,1.556238831517129,-1.2159674343898343,True,True,1.5562388315171298,-1.2159674343898352,8.881784197001252e-16,True,-1.2153276267112079,-1.232393489015622,,True,True,,129
4,enso-pacific-sst,True,1.5525566039828622,-1.217403962762993,True,True,1.5525566039828644,-1.2174039627629947,1.7763568394002505e-15,True,-1.2167208765773614,-1.2327322512356251,,True,True,,130
4,enso-pacific-sst,True,1.5476728279281573,-1.2194217470323887,True,True,1.5476728279281557,-1.2194217470323876,1.1102230246251565e-15,True,-1.2186122486167803,-1.2332046689752603,,True,True,,131
4,enso-pacific-sst,True,1.5301014240440196,-1.2192461665780905,True,True,1.5301014240440194,-1.2192461665780903,8.326672684688674e-16,True,-1.2182979799370035,-1.2335452887518061,,True,True,,132
4,enso-pacific-sst,True,1.49971182328124,-1.2199134514805112,True,True,1.4997118232812396,-1.2199134514805108,4.440892098500626e-16,True,-1.2187680685738234,-1.2345653495129556,,True,True,,133
4,enso-pacific-sst,True,1.6319645224545338,-1.2214642814588057,True,True,1.6319645224545354,-1.2214642814588073,1.5543122344752192e-15,True,-1.218465772875726,-1.234693472973025,,True,True,,134
4,enso-pacific-sst,True,1.6371722168514653,-1.2219531301825954,True,True,1.637172216851463,-1.2219531301825932,2.220446049250313e-15,True,-1.21826345656492,-1.234164483762457,,True,True,,135
4,enso-pacific-sst,True,1.6323813516968246,-1.2200217127089628,True,True,1.632381351696825,-1.220021712708963,1.2212453270876722e-15,True,-1.2177759164359172,-1.2351126960842136,,True,True,,136
4,enso-pacific-sst,True,1.6212078835426846,-1.2197613800730451,True,True,1.6212078835426849,-1.2197613800730458,8.881784197001252e-16,True,-1.2175944025962504,-1.2349415604566596,,True,True,,137
4,enso-pacific-sst,True,1.613262271156914,-1.2190617005774083,True,True,1.613262271156913,-1.2190617005774074,8.881784197001252e-16,True,-1.217795476900895,-1.2354857204049965,,True,True,,138
4,enso-pacific-sst,True,1.608373046924311,-1.223252973632275,True,True,1.6083730469243107,-1.2232529736322753,3.3306690738754696e-16,True,-1.2214956086846287,-1.2357799366064508,,True,True,,139
4,enso-pacific-sst,True,1.5822193072893258,-1.2225434962242228,True,True,1.5822193072893262,-1.2225434962242232,4.440892098500626e-16,True,-1.221746075320182,-1.2350122707219418,,True,True,,140
4,enso-pacific-sst,True,1.5741985537045629,-1.225859154195157,True,True,1.5741985537045635,-1.2258591541951578,8.881784197001252e-16,True,-1.224847321265192,-1.234774916739485,,True,True,,141
4,enso-pacific-sst,True,1.5721781872095162,-1.2289063060028096,True,True,1.5721781872095173,-1.2289063060028105,8.881784197001252e-16,True,-1.2274627197053045,-1.2347823572191217,,True,True,,142
4,enso-pacific-sst,True,1.5581472466046746,-1.2181437205127692,True,True,1.5581472466046746,-1.2181437205127694,2.7755575615628914e-16,True,-1.2178026377823248,-1.2347929884925697,,True,True,,143
4,enso-pacific-sst,True,1.5545478357455829,-1.218007024079084,True,True,1.5545478357455824,-1.2180070240790837,4.440892098500626e-16,True,-1.2176821924951742,-1.2348701497332495,,True,True,,144
4,enso-pacific-sst,True,1.5523170533883657,-1.2203503100252497,True,True,1.552317053388367,-1.2203503100252506,8.881784197001252e-16,True,-1.2201040941611223,-1.2350437746100484,,True,True,,145
4,enso-pacific-sst,True,1.5362310624315076,-1.2095505558394897,True,True,1.5362310624315083,-1.2095505558394901,4.440892098500626e-16,True,-1.2091941427733128,-1.2341168627877181,,True,True,,146
4,enso-pacific-sst,True,1.5517559791145965,-1.2244054390381935,True,True,1.5517559791145974,-1.224405439038194,6.106226635438361e-16,True,-1.2224946826247582,-1.234063398256143,,True,True,,147
4,enso-pacific-sst,True,1.6021309722493944,-1.226755107302802,True,True,1.6021309722493946,-1.2267551073028022,6.661338147750939e-16,True,-1.2236919090015945,-1.2344436999434416,,True,True,,148
4,enso-pacific-sst,True,1.4568562183240148,-1.2268285192917778,True,True,1.4568562183240148,-1.2268285192917778,6.661338147750939e-16,True,-1.223721106312817,-1.2343658750306576,,True,True,,149
4,enso-pacific-sst,True,1.4696204975036375,-1.2113879974848403,True,True,1.469620497503638,-1.2113879974848407,4.440892098500626e-16,True,-1.2099748338539202,-1.2336517523861394,,True,True,,150
4,enso-pacific-sst,True,1.492624387178752,-1.2154333673926032,True,True,1.492624387178752,-1.2154333673926032,4.440892098500626e-16,True,-1.2139321685062543,-1.2336031469795847,,True,True,,151
4,enso-pacific-sst,True,1.5076290249860484,-1.2200359926384654,True,True,1.5076290249860504,-1.2200359926384672,1.7763568394002505e-15,True,-1.2181167564397597,-1.2324867653008562,,True,True,,152
4,enso-pacific-sst,True,1.5193942903143642,-1.2219538193969783,True,True,1.5193942903143653,-1.2219538193969794,1.1102230246251565e-15,True,-1.2195538369348446,-1.2313578456153205,,True,True,,153
4,enso-pacific-sst,True,1.5260585878104758,-1.2215748265921933,True,True,1.5260585878104758,-1.2215748265921933,9.992007221626409e-16,True,-1.2188493136556477,-1.2306298031780856,,True,True,,154
4,enso-pacific-sst,True,1.531781653875372,-1.2172590108225267,True,True,1.5317816538753708,-1.2172590108225259,8.881784197001252e-16,True,-1.214431456453585,-1.22942277740497,,True,True,,155
4,enso-pacific-sst,True,1.537471637414391,-1.2174885221800555,True,True,1.5374716374143904,-1.217488522180055,4.440892098500626e-16,True,-1.2145386049095006,-1.2297036394240395,,True,True,,156
4,enso-pacific-sst,True,1.5269492788157946,-1.2026526260049522,True,True,1.526949278815794,-1.2026526260049515,6.661338147750939e-16,True,-1.2011265549873777,-1.2292746641436931,,True,True,,157
4,enso-pacific-sst,True,1.5318028475705279,-1.2045048615046827,True,True,1.5318028475705268,-1.2045048615046818,8.881784197001252e-16,True,-1.2039736268511612,-1.2289829030142265,,True,True,,158
4,enso-pacific-sst,True,1.5306059002325576,-1.2077666823869544,True,True,1.5306059002325563,-1.2077666823869535,9.992007221626409e-16,True,-1.207161515780769,-1.2287484056568203,,True,True,,159
4,enso-pacific-sst,True,1.450880731342787,-1.2140069229587716,True,True,1.4508807313427874,-1.214006922958772,4.440892098500626e-16,True,-1.2134211897298142,-1.231680766398233,,True,True,,160
4,enso-pacific-sst,True,1.4428586773875902,-1.2186438247009086,True,True,1.4428586773875898,-1.2186438247009082,4.440892098500626e-16,True,-1.2180384972600455,-1.233682884825055,,True,True,,161
4,enso-pacific-sst,True,1.4492090072188095,-1.2263488760041863,True,True,1.4492090072188095,-1.2263488760041863,4.996003610813204e-16,True,-1.2257241455182057,-1.2355609727810974,,True,True,,162
4,enso-pacific-sst,True,1.4539278270253524,-1.2291419480737518,True,True,1.453927827025353,-1.2291419480737522,4.440892098500626e-16,True,-1.228561385946475,-1.2364777425507605,,True,True,,163
4,enso-pacific-sst,True,1.4536519008653597,-1.2304861724839795,True,True,1.4536519008653601,-1.23048617248398,4.440892098500626e-16,True,-1.2298787990117668,-1.2377018610887494,,True,True,,164
4,enso-pacific-sst,True,1.459864488855272,-1.2306017098195081,True,True,1.4598644888552723,-1.2306017098195083,6.661338147750939e-16,True,-1.2299529073477238,-1.2377586470517585,,True,True,,165
4,enso-pacific-sst,True,1.4630377617278396,-1.2305901118315012,True,True,1.46303776172784,-1.2305901118315015,3.0531133177191805e-16,True,-1.2298431854118852,-1.2380836560033002,,True,True,,166
4,enso-pacific-sst,True,1.4647398361711403,-1.2308531499523392,True,True,1.4647398361711423,-1.230853149952341,1.7763568394002505e-15,True,-1.2300757714890485,-1.238636991202053,,True,True,,167
4,enso-pacific-sst,True,1.4684819600283274,-1.2332395582108093,True,True,1.4684819600283259,-1.233239558210808,1.3322676295501878e-15,True,-1.2323662692544888,-1.2391242611264683,,True,True,,168
4,enso-pacific-sst,True,1.4723128421648055,-1.236233443225831,True,True,1.472312842164806,-1.2362334432258315,4.440892098500626e-16,True,-1.235162587812017,-1.239728118135988,,True,True,,169
4,enso-pacific-sst,True,1.4758261528451797,-1.235474099155236,True,True,1.4758261528451797,-1.235474099155236,1.6653345369377348e-16,True,-1.2339388246597125,-1.2386854433548546,,True,True,,170
4,enso-pacific-sst,True,1.4718926404119161,-1.2279959928029478,True,True,1.4718926404119161,-1.2279959928029478,5.551115123125783e-16,True,-1.2279272756383228,-1.2380530976727993,,True,True,,171
4,enso-pacific-sst,True,1.4756073940337382,-1.230265023769084,True,True,1.4756073940337384,-1.2302650237690846,6.661338147750939e-16,True,-1.2302233317753626,-1.237994460270033,,True,True,,172
4,enso-pacific-sst,True,1.4873992043805848,-1.2355050157135605,True,True,1.4873992043805842,-1.2355050157135603,3.3306690738754696e-16,True,-1.2348456474840246,-1.238150168550289,,True,True,,173
4,enso-pacific-sst,True,1.4882094597324897,-1.235979545625997,True,True,1.4882094597324897,-1.235979545625997,1.6653345369377348e-16,True,-1.235417584162917,-1.2381663577772266,,True,True,,174
4,enso-pacific-sst,True,1.4889279814345797,-1.2367220558933454,True,True,1.4889279814345786,-1.236722055893344,1.3322676295501878e-15,True,-1.236192051648366,-1.2382778650534851,,True,True,,175
4,enso-pacific-sst,True,1.4914326871044161,-1.236927714302225,True,True,1.4914326871044166,-1.236927714302225,6.661338147750939e-16,True,-1.2364250653807898,-1.2382758914711554,,True,True,,176
4,enso-pacific-sst,True,1.4928918436390837,-1.2363157942441128,True,True,1.4928918436390846,-1.2363157942441139,1.1102230246251565e-15,True,-1.2358619292893696,-1.2381734315844404,,True,True,,177
4,enso-pacific-sst,True,1.494135861721439,-1.235072224257807,True,True,1.494135861721439,-1.2350722242578072,5.551115123125783e-16,True,-1.2345852931756969,-1.2381172756395606,,True,True,,178
4,enso-pacific-sst,True,1.4926188167581247,-1.2346498672566588,True,True,1.4926188167581254,-1.2346498672566595,6.661338147750939e-16,True,-1.233896903875097,-1.2384794889297692,,True,True,,179
4,enso-pacific-sst,True,1.4864824168937025,-1.2349091859392314,True,True,1.4864824168937034,-1.2349091859392323,8.881784197001252e-16,True,-1.2343016505403226,-1.2397237166019368,,True,True,,180
4,enso-pacific-sst,True,1.4811222759891218,-1.2359045312625017,True,True,1.4811222759891214,-1.235904531262501,6.661338147750939e-16,True,-1.235106472664615,-1.2408003858983219,,True,True,,181
4,enso-pacific-sst,True,1.4770349042885447,-1.234770410875882,True,True,1.477034904288546,-1.2347704108758832,1.3322676295501878e-15,True,-1.234324857292722,-1.2411895897970953,,True,True,,182
4,enso-pacific-sst,True,1.4774976967284443,-1.2389485087329748,True,True,1.4774976967284439,-1.2389485087329744,4.440892098500626e-16,True,-1.234345230663261,-1.2416755869370513,,True,True,,183
4,enso-pacific-sst,True,1.4722745299117619,-1.2336578167683665,True,True,1.4722745299117623,-1.2336578167683667,1.1102230246251565e-15,True,-1.2335222865571391,-1.2415582233301237,,True,True,,184
4,enso-pacific-sst,True,1.4724675411419643,-1.2315548469322037,True,True,1.4724675411419645,-1.231554846932204,4.440892098500626e-16,True,-1.2314484731442146,-1.2412883254851061,,True,True,,185
4,enso-pacific-sst,True,1.4737988528935713,-1.2300294792979194,True,True,1.4737988528935704,-1.2300294792979185,8.881784197001252e-16,True,-1.2299872277459136,-1.2408975241475984,,True,True,,186
4,enso-pacific-sst,True,1.482373886744083,-1.23552602322907,True,True,1.4823738867440839,-1.2355260232290703,4.440892098500626e-16,True,-1.2340750881615163,-1.2408536024077286,,True,True,,187
4,enso-pacific-sst,True,1.4870930034715908,-1.2307822219608338,True,True,1.4870930034715908,-1.2307822219608338,1.1102230246251565e-15,True,-1.2300185723602104,-1.24006230805167,,True,True,,188
4,enso-pacific-sst,True,1.4877915162662134,-1.2294770977503882,True,True,1.4877915162662139,-1.2294770977503888,6.661338147750939e-16,True,-1.2276849424531826,-1.2386214105560087,,True,True,,189
4,enso-pacific-sst,True,1.4760495780586482,-1.2143315056179482,True,True,1.4760495780586467,-1.2143315056179471,1.1102230246251565e-15,True,-1.2142870489243551,-1.2372881162848217,,True,True,,190
4,enso-pacific-sst,True,1.4776149958923528,-1.2082855409933004,True,True,1.4776149958923515,-1.2082855409932995,8.881784197001252e-16,True,-1.208232253750616,-1.2360450746661422,,True,True,,191
4,enso-pacific-sst,True,1.4729484502662926,-1.202358252092086,True,True,1.4729484502662942,-1.2023582520920872,1.3322676295501878e-15,True,-1.2022182750322343,-1.2350247647713182,,True,True,,192
4,enso-pacific-sst,True,1.5951553289499394,-1.2252298077017556,True,True,1.595155328949939,-1.2252298077017547,8.881784197001252e-16,True,-1.2195291131512835,-1.2341053199806722,,True,True,,193
4,enso-pacific-sst,True,1.6060168418815883,-1.2264797076778216,True,True,1.6060168418815879,-1.2264797076778213,4.440892098500626e-16,True,-1.2189599997370966,-1.234929155536788,,True,True,,194
4,enso-pacific-sst,True,1.6016101812639,-1.2221300168848455,True,True,1.6016101812639003,-1.2221300168848455,8.881784197001252e-16,True,-1.2171401028514017,-1.234703598413403,,True,True,,195
4,enso-pacific-sst,True,1.5991432879760996,-1.221590113577344,True,True,1.5991432879760992,-1.2215901135773435,4.440892098500626e-16,True,-1.2179484752835854,-1.2347875181186625,,True,True,,196
4,enso-pacific-sst,True,1.596881057494875,-1.2239978341870832,True,True,1.5968810574948746,-1.2239978341870825,6.661338147750939e-16,True,-1.2199520668899275,-1.2349078225202745,,True,True,,197
4,enso-pacific-sst,True,1.5975120531244573,-1.221668292982184,True,True,1.5975120531244589,-1.2216682929821854,1.3322676295501878e-15,True,-1.219937848293665,-1.2353908501877573,,True,True,,198
4,enso-pacific-sst,True,1.6011009755462369,-1.2239921994861214,True,True,1.601100975546238,-1.223992199486122,6.661338147750939e-16,True,-1.2220191393321058,-1.234601061481969,,True,True,,199
4,enso-pacific-sst,True,1.5398655508102839,-1.2254032221487503,True,True,1.5398655508102836,-1.2254032221487499,8.881784197001252e-16,True,-1.2234168133518408,-1.2334909070964843,,True,True,,200
4,enso-pacific-sst,True,1.4794211266837631,-1.2208723829947064,True,True,1.4794211266837618,-1.220872382994705,1.3322676295501878e-15,True,-1.2200733611333874,-1.2337901780253466,,True,True,,201
4,enso-pacific-sst,True,1.4862644709693045,-1.222297181081113,True,True,1.4862644709693054,-1.2222971810811138,8.881784197001252e-16,True,-1.2213375112172853,-1.2334029832509783,,True,True,,202
4,enso-pacific-sst,True,1.4922213231177377,-1.2248813967034087,True,True,1.492221323117737,-1.224881396703408,7.771561172376096e-16,True,-1.2235340198775484,-1.2329085021769595,,True,True,,203
4,enso-pacific-sst,True,1.486783168786888,-1.2265832202851465,True,True,1.4867831687868878,-1.2265832202851463,6.661338147750939e-16,True,-1.2250245700979054,-1.2334977827318716,,True,True,,204
4,enso-pacific-sst,True,1.4877984225156509,-1.2292176393040586,True,True,1.4877984225156513,-1.2292176393040588,8.881784197001252e-16,True,-1.2273760735139936,-1.234007869383503,,True,True,,205
4,enso-pacific-sst,True,1.4924332255512407,-1.2287289703817734,True,True,1.4924332255512396,-1.2287289703817725,8.881784197001252e-16,True,-1.226668493914424,-1.2334272370339576,,True,True,,206
4,enso-pacific-sst,True,1.4870210514423041,-1.228160621955709,True,True,1.4870210514423028,-1.228160621955708,1.1102230246251565e-15,True,-1.2260133200779537,-1.2338609364693502,,True,True,,207
4,enso-pacific-sst,True,1.4820743308789932,-1.2290375752827687,True,True,1.4820743308789943,-1.22903757528277,1.3322676295501878e-15,True,-1.227169837860837,-1.2348615098786557,,True,True,,208
4,enso-pacific-sst,True,1.470129938879362,-1.2261386941002066,True,True,1.470129938879362,-1.2261386941002068,2.220446049250313e-16,True,-1.2259556104420717,-1.2367898935782593,,True,True,,209
4,enso-pacific-sst,True,1.4729251353007284,-1.2293064605655963,True,True,1.4729251353007289,-1.2293064605655968,4.440892098500626e-16,True,-1.2292578862543153,-1.2373552591469357,,True,True,,210
4,enso-pacific-sst,True,1.479212079446134,-1.2331582856944592,True,True,1.4792120794461348,-1.2331582856944596,4.440892098500626e-16,True,-1.2330241667804376,-1.2375195310988643,,True,True,,211
4,enso-pacific-sst,True,1.4827964711734418,-1.2318312662683457,True,True,1.4827964711734416,-1.2318312662683457,3.885780586188048e-16,True,-1.231619083617113,-1.2367912817833127,,True,True,,212
4,enso-pacific-sst,True,1.4864624741432038,-1.2306968875865933,True,True,1.4864624741432029,-1.2306968875865927,6.661338147750939e-16,True,-1.2304878916980022,-1.236691740576206,,True,True,,213
4,enso-pacific-sst,True,1.4881219065351532,-1.2311176262928971,True,True,1.4881219065351527,-1.231117626292897,3.3306690738754696e-16,True,-1.2307020883680384,-1.2373365563924419,,True,True,,214
4,enso-pacific-sst,True,1.490378240652924,-1.2316980981355872,True,True,1.490378240652924,-1.2316980981355865,6.661338147750939e-16,True,-1.231023430627706,-1.237986331157507,,True,True,,215
4,enso-pacific-sst,True,1.4943675487260435,-1.2323897196170914,True,True,1.4943675487260428,-1.2323897196170905,8.881784197001252e-16,True,-1.2313749323577785,-1.2387100436066263,,True,True,,216
4,enso-pacific-sst,True,1.4959641319132404,-1.2330970162860857,True,True,1.4959641319132406,-1.2330970162860857,6.661338147750939e-16,True,-1.2317936797860831,-1.2395672879699708,,True,True,,217
4,enso-pacific-sst,True,1.4899757591917757,-1.2318424947317104,True,True,1.4899757591917757,-1.2318424947317106,3.3306690738754696e-16,True,-1.2298839207494217,-1.2397335039581543,,True,True,,218
4,enso-pacific-sst,True,1.4856707619628877,-1.2311037486073033,True,True,1.4856707619628886,-1.2311037486073038,4.440892098500626e-16,True,-1.2297208838187794,-1.2395499866177613,,True,True,,219
4,enso-pacific-sst,True,1.4827763151163826,-1.2274260221377253,True,True,1.4827763151163837,-1.2274260221377264,1.1102230246251565e-15,True,-1.2263356428412808,-1.2393864101523304,,True,True,,220
4,enso-pacific-sst,True,1.5160153793355646,-1.231782402193863,True,True,1.5160153793355642,-1.2317824021938626,4.440892098500626e-16,True,-1.2299719382042007,-1.2392234419162582,,True,True,,221
4,enso-pacific-sst,True,1.4958404161405905,-1.233014843605035,True,True,1.4958404161405905,-1.233014843605035,2.220446049250313e-16,True,-1.2310153074251293,-1.2395574710426798,,True,True,,222
4,enso-pacific-sst,True,1.4781970791275119,-1.2328128890417829,True,True,1.4781970791275112,-1.2328128890417824,6.661338147750939e-16,True,-1.230760117239286,-1.2400963496037913,,True,True,,223
4,enso-pacific-sst,True,1.4750629022299577,-1.232463243429893,True,True,1.4750629022299564,-1.2324632434298919,1.1102230246251565e-15,True,-1.2305771678092803,-1.239687637918203,,True,True,,224
4,enso-pacific-sst,True,1.4772750716924117,-1.2327981364714418,True,True,1.4772750716924108,-1.2327981364714413,4.440892098500626e-16,True,-1.2310173151090371,-1.2388971763256207,,True,True,,225
4,enso-pacific-sst,True,1.4801647781123628,-1.232277750794752,True,True,1.480164778112361,-1.2322777507947502,1.7763568394002505e-15,True,-1.2304110926122183,-1.2381086552519878,,True,True,,226
4,enso-pacific-sst,True,1.4815674369451393,-1.2328014996164767,True,True,1.4815674369451397,-1.2328014996164773,6.661338147750939e-16,True,-1.2307282613707933,-1.2376021563036097,,True,True,,227
4,enso-pacific-sst,True,1.4825516165595143,-1.2319933294019498,True,True,1.4825516165595143,-1.23199332940195,2.220446049250313e-16,True,-1.2304075150326321,-1.236706555333824,,True,True,,228
4,enso-pacific-sst,True,1.4803661978053049,-1.2298994144567525,True,True,1.480366197805307,-1.2298994144567543,1.7763568394002505e-15,True,-1.229340065278876,-1.2363262134564315,,True,True,,229
4,enso-pacific-sst,True,1.4763251982485772,-1.2332582130866094,True,True,1.4763251982485757,-1.2332582130866083,1.1102230246251565e-15,True,-1.231870886801388,-1.2378184262787348,,True,True,,230
4,enso-pacific-sst,True,1.473383652522355,-1.2335668640661575,True,True,1.4733836525223534,-1.2335668640661563,1.1102230246251565e-15,True,-1.2325829576630243,-1.2381715857295272,,True,True,,231
4,enso-pacific-sst,True,1.4713185262653607,-1.2314393579910559,True,True,1.4713185262653612,-1.2314393579910563,4.440892098500626e-16,True,-1.2301400310634958,-1.2375732721835688,,True,True,,232
4,enso-pacific-sst,True,1.4726133127894996,-1.2305681524780026,True,True,1.4726133127895011,-1.230568152478004,1.5543122344752192e-15,True,-1.229317760919081,-1.2370530212684951,,True,True,,233
4,enso-pacific-sst,True,1.4726492675070613,-1.2284481321524774,True,True,1.472649267507059,-1.2284481321524754,1.9984014443252818e-15,True,-1.2274422420877866,-1.2365440719980227,,True,True,,234
4,enso-pacific-sst,True,1.4733118223382875,-1.2286292990718417,True,True,1.4733118223382873,-1.2286292990718415,4.440892098500626e-16,True,-1.2276182759471408,-1.236300477794979,,True,True,,235
4,enso-pacific-sst,True,1.4682399109037898,-1.2287197571680248,True,True,1.4682399109037878,-1.228719757168023,1.7763568394002505e-15,True,-1.228086090189386,-1.2370874034248949,,True,True,,236
4,enso-pacific-sst,True,1.4632116563445883,-1.2300062665927163,True,True,1.4632116563445874,-1.2300062665927154,8.881784197001252e-16,True,-1.229405622137206,-1.237936137669416,,True,True,,237
4,enso-pacific-sst,True,1.453961403263122,-1.218225851120986,True,True,1.453961403263123,-1.2182258511209865,4.440892098500626e-16,True,-1.2180301967401956,-1.2373554676519611,,True,True,,238
4,enso-pacific-sst,True,1.4531940743161145,-1.2100407027859288,True,True,1.4531940743161156,-1.2100407027859295,6.661338147750939e-16,True,-1.2098880837709758,-1.236275619377359,,True,True,,239
4,enso-pacific-sst,True,1.487083822714684,-1.2232654759003294,True,True,1.487083822714683,-1.2232654759003287,6.661338147750939e-16,True,-1.2225980804962675,-1.2354167662456668,,True,True,,240
4,enso-pacific-sst,True,1.579409320314678,-1.22005314412807,True,True,1.5794093203146775,-1.2200531441280698,4.440892098500626e-16,True,-1.2194337029786937,-1.23340379222846,,True,True,,241
4,enso-pacific-sst,True,1.4691301730554442,-1.2096015724509657,True,True,1.4691301730554451,-1.2096015724509663,6.661338147750939e-16,True,-1.2094516000783362,-1.2351699447451752,,True,True,,242
4,enso-pacific-sst,True,1.4703360992127998,-1.2196554377688942,True,True,1.470336099212799,-1.2196554377688933,8.881784197001252e-16,True,-1.219499233587815,-1.236162206943816,,True,True,,243
4,enso-pacific-sst,True,1.4748259664135768,-1.2298265496859786,True,True,1.474825966413576,-1.2298265496859775,1.1102230246251565e-15,True,-1.2296421722235011,-1.2373097689334798,,True,True,,244
4,enso-pacific-sst,True,1.4688430026060435,-1.2324466693743015,True,True,1.4688430026060442,-1.2324466693743021,7.771561172376096e-16,True,-1.2322990775357578,-1.238568031181574,,True,True,,245
4,enso-pacific-sst,True,1.4613749783144676,-1.2349938061529933,True,True,1.4613749783144676,-1.2349938061529935,4.996003610813204e-16,True,-1.2349306722978208,-1.240471714958238,,True,True,,246
4,enso-pacific-sst,True,1.4569189599031758,-1.235680787417198,True,True,1.456918959903175,-1.2356807874171973,6.661338147750939e-16,True,-1.2356765167868737,-1.242222970216328,,True,True,,247
4,enso-pacific-sst,True,1.4575848012044714,-1.2395468867331363,True,True,1.457584801204471,-1.2395468867331356,6.661338147750939e-16,True,-1.2395415943885453,-1.2435517083399807,,True,True,,248
4,enso-pacific-sst,True,1.4603417702314543,-1.240034667566077,True,True,1.460341770231455,-1.2400346675660778,8.881784197001252e-16,True,-1.240027889105114,-1.243647673251419,,True,True,,249
4,enso-pacific-sst,True,1.4618498014997003,-1.2407145020180828,True,True,1.4618498014996995,-1.2407145020180816,1.1102230246251565e-15,True,-1.2406810304260911,-1.2437680743529063,,True,True,,250
4,enso-pacific-sst,True,1.463053887853985,-1.2410007592749257,True,True,1.463053887853985,-1.2410007592749255,7.771561172376096e-16,True,-1.2408725186034721,-1.243829995676768,,True,True,,251
4,enso-pacific-sst,True,1.46431508994303,-1.241606387050206,True,True,1.4643150899430286,-1.241606387050205,1.1102230246251565e-15,True,-1.2409616901235174,-1.244000956254863,,True,True,,252
4,enso-pacific-sst,True,1.4663458783070313,-1.241855996092554,True,True,1.466345878307032,-1.2418559960925544,4.440892098500626e-16,True,-1.2406401966464857,-1.2440961273461422,,True,True,,253
4,enso-pacific-sst,True,1.4697133543742134,-1.2416568872260563,True,True,1.4697133543742136,-1.2416568872260563,6.661338147750939e-16,True,-1.2413226185905883,-1.2438473365939486,,True,True,,254
4,enso-pacific-sst,True,1.4743660202778512,-1.2410208531315963,True,True,1.4743660202778515,-1.2410208531315965,5.551115123125783e-16,True,-1.240807841175275,-1.2432264983547083,,True,True,,255
4,enso-pacific-sst,True,1.4782662064994405,-1.2413160914058134,True,True,1.4782662064994412,-1.241316091405814,4.440892098500626e-16,True,-1.2411862613118547,-1.2428478999774493,,True,True,,256
4,enso-pacific-sst,True,1.4813397573419687,-1.2412257085702405,True,True,1.4813397573419707,-1.2412257085702425,1.9984014443252818e-15,True,-1.2411086955791413,-1.2426703638904486,,True,True,,257
4,enso-pacific-sst,True,1.4849475505535867,-1.2411063161275704,True,True,1.4849475505535863,-1.2411063161275697,6.661338147750939e-16,True,-1.2410603763403432,-1.2426859230840317,,True,True,,258
4,enso-pacific-sst,True,1.48045700764805,-1.2410429895324313,True,True,1.4804570076480492,-1.2410429895324304,8.881784197001252e-16,True,-1.2409142517893685,-1.2426378401628313,,True,True,,259
4,enso-pacific-sst,True,1.4733706746261055,-1.2400674561880431,True,True,1.473370674626105,-1.2400674561880427,4.996003610813204e-16,True,-1.2399746933729194,-1.2425090095384377,,True,True,,260
4,enso-pacific-sst,True,1.4696237656102054,-1.239993417076871,True,True,1.4696237656102038,-1.2399934170768696,1.3322676295501878e-15,True,-1.2398090066389256,-1.2425827239304978,,True,True,,261
4,enso-pacific-sst,True,1.4667412680182814,-1.2400532876928394,True,True,1.4667412680182816,-1.2400532876928394,6.106226635438361e-16,True,-1.2397867115509023,-1.2427674088313172,,True,True,,262
4,enso-pacific-sst,True,1.4645842337887853,-1.2401767686060579,True,True,1.464584233788785,-1.2401767686060576,2.7755575615628914e-16,True,-1.2396852455986542,-1.2430945749681903,,True,True,,263
4,enso-pacific-sst,True,1.4620173119411322,-1.2410659069386996,True,True,1.462017311941132,-1.2410659069386996,4.440892098500626e-16,True,-1.2404976222741024,-1.2437165738829878,,True,True,,264
4,enso-pacific-sst,True,1.4592608281249455,-1.2421610876487321,True,True,1.4592608281249466,-1.2421610876487328,6.661338147750939e-16,True,-1.2412396007882234,-1.2445921012176118,,True,True,,265
4,enso-pacific-sst,True,1.457002772767756,-1.2423715158077377,True,True,1.4570027727677568,-1.2423715158077386,8.881784197001252e-16,True,-1.2418059517701996,-1.244997097007053,,True,True,,266
4,enso-pacific-sst,True,1.454010740957794,-1.2411550759797971,True,True,1.454010740957796,-1.2411550759797982,1.1102230246251565e-15,True,-1.2408301874281495,-1.2450808725375615,,True,True,,267
4,enso-pacific-sst,True,1.4477320324809604,-1.2362963383922163,True,True,1.4477320324809608,-1.2362963383922168,4.996003610813204e-16,True,-1.2358748898518457,-1.24463065110107,,True,True,,268
4,enso-pacific-sst,True,1.4485441070786165,-1.2376003847028927,True,True,1.4485441070786167,-1.237600384702893,4.996003610813204e-16,True,-1.2370332307190226,-1.2438758032475978,,True,True,,269
4,enso-pacific-sst,True,1.4455068108585265,-1.2343045589011785,True,True,1.4455068108585265,-1.2343045589011785,2.220446049250313e-16,True,-1.233449321050689,-1.2431399942181853,,True,True,,270
4,enso-pacific-sst,True,1.4302615122766333,-1.2181986283316784,True,True,1.4302615122766327,-1.218198628331678,4.440892098500626e-16,True,-1.2181939950201168,-1.2422334563308055,,True,True,,271
4,enso-pacific-sst,True,1.4438276015361642,-1.2301410047590269,True,True,1.4438276015361642,-1.2301410047590269,1.6653345369377348e-16,True,-1.2290631521102933,-1.2412085592761417,,True,True,,272
4,enso-pacific-sst,True,1.4385537241481963,-1.2254222929526055,True,True,1.4385537241481963,-1.2254222929526057,2.220446049250313e-16,True,-1.2245429484783124,-1.2404998265201592,,True,True,,273
4,enso-pacific-sst,True,1.415278695517022,-1.202021199353066,True,True,1.4152786955170211,-1.2020211993530652,8.881784197001252e-16,True,-1.2020136614952412,-1.238984934335461,,True,True,,274
4,enso-pacific-sst,True,1.4095430269084817,-1.1957723238361493,True,True,1.4095430269084819,-1.1957723238361493,4.996003610813204e-16,True,-1.1957585412586784,-1.2372663720344361,,True,True,,275
4,enso-pacific-sst,True,1.41273982040433,-1.1878342296799174,True,True,1.4127398204043309,-1.1878342296799183,8.881784197001252e-16,True,-1.1876996656101442,-1.2340918627079742,,True,True,,276
4,enso-pacific-sst,True,1.4712228029907568,-1.1795883636280353,True,True,1.4712228029907584,-1.1795883636280369,1.5543122344752192e-15,True,-1.1792509366853134,-1.2312210282678573,,True,True,,277
4,enso-pacific-sst,True,1.6002010584541422,-1.2173520361859054,True,True,1.6002010584541426,-1.2173520361859058,4.440892098500626e-16,True,-1.2103947935736787,-1.2304031235521935,,True,True,,278
4,enso-pacific-sst,True,1.6078932294403523,-1.21174450376283,True,True,1.6078932294403527,-1.2117445037628305,4.440892098500626e-16,True,-1.204943881822683,-1.2308462506537183,,True,True,,279
4,enso-pacific-sst,True,1.607687961655698,-1.2184667472529647,True,True,1.607687961655697,-1.2184667472529638,8.881784197001252e-16,True,-1.210854245034633,-1.2305083917260582,,True,True,,280
4,enso-pacific-sst,True,1.6110951669372597,-1.2180648578123678,True,True,1.6110951669372595,-1.2180648578123678,1.1102230246251565e-16,True,-1.210558735093747,-1.230225225476134,,True,True,,281
4,enso-pacific-sst,True,1.6095298544316479,-1.2128362483508237,True,True,1.609529854431646,-1.2128362483508224,1.3322676295501878e-15,True,-1.2068139269129925,-1.2296358439951083,,True,True,,282
4,enso-pacific-sst,True,1.6094985471592647,-1.2139623711895131,True,True,1.6094985471592653,-1.2139623711895136,1.1102230246251565e-15,True,-1.2082527105670047,-1.2297419787032577,,True,True,,283
4,enso-pacific-sst,True,1.6181028811877387,-1.213653352206017,True,True,1.6181028811877396,-1.2136533522060176,4.440892098500626e-16,True,-1.2077680065792435,-1.2304706787152968,,True,True,,284
4,enso-pacific-sst,True,1.6068076110405218,-1.2071573815171397,True,True,1.6068076110405227,-1.207157381517141,1.3322676295501878e-15,True,-1.2010869366842731,-1.229627393766886,,True,True,,285
4,enso-pacific-sst,True,1.5859829797576839,-1.2078161103855911,True,True,1.585982979757686,-1.207816110385593,1.7763568394002505e-15,True,-1.2025695860533565,-1.2287764726569113,,True,True,,286
4,enso-pacific-sst,True,1.5263917703063759,-1.1953840504539468,True,True,1.5263917703063765,-1.1953840504539472,4.440892098500626e-16,True,-1.1924896801094371,-1.2277229754768186,,True,True,,287
4,enso-pacific-sst,True,1.5377436003112794,-1.2010486793984194,True,True,1.5377436003112805,-1.2010486793984203,8.881784197001252e-16,True,-1.1982942450897476,-1.2272156139630743,,True,True,,288
4,enso-pacific-sst,True,1.5466105009319082,-1.2003758039269128,True,True,1.5466105009319078,-1.2003758039269123,4.440892098500626e-16,True,-1.198279523569642,-1.2279581389102745,,True,True,,289
4,enso-pacific-sst,True,1.5546242820732208,-1.2014823348651382,True,True,1.554624282073221,-1.2014823348651384,6.106226635438361e-16,True,-1.2000294295341472,-1.2286830437802916,,True,True,,290
4,enso-pacific-sst,True,1.5664028537190835,-1.2067621348465178,True,True,1.5664028537190844,-1.2067621348465185,6.661338147750939e-16,True,-1.204584781614645,-1.228479837730682,,True,True,,291
4,enso-pacific-sst,True,1.5426252005696757,-1.2010510610874314,True,True,1.5426252005696761,-1.2010510610874323,8.881784197001252e-16,True,-1.2004758905040454,-1.2280103309731223,,True,True,,292
4,enso-pacific-sst,True,1.472169156100957,-1.2064579043245165,True,True,1.4721691561009576,-1.206457904324517,6.661338147750939e-16,True,-1.205780273447247,-1.229670199297813,,True,True,,293
4,enso-pacific-sst,True,1.4390629655549034,-1.205594625694133,True,True,1.439062965554903,-1.2055946256941326,4.440892098500626e-16,True,-1.205012207284624,-1.231900131052527,,True,True,,294
4,enso-pacific-sst,True,1.4423951838657227,-1.2151714573744894,True,True,1.4423951838657225,-1.2151714573744892,8.326672684688674e-16,True,-1.2145133118151035,-1.234002144979221,,True,True,,295
4,enso-pacific-sst,True,1.4480747678288997,-1.2194598485386239,True,True,1.4480747678289019,-1.219459848538626,2.220446049250313e-15,True,-1.2188094320104053,-1.2353347941309332,,True,True,,296
4,enso-pacific-sst,True,1.4518277473418655,-1.222098414113101,True,True,1.451827747341866,-1.2220984141131013,4.440892098500626e-16,True,-1.22138414931468,-1.2360903992691727,,True,True,,297
4,enso-pacific-sst,True,1.4567970664567558,-1.2247129604743547,True,True,1.4567970664567542,-1.2247129604743532,1.5543122344752192e-15,True,-1.2238235233614478,-1.23636233448059,,True,True,,298
4,enso-pacific-sst,True,1.4618979054377275,-1.2264270981720702,True,True,1.4618979054377292,-1.2264270981720717,1.5543122344752192e-15,True,-1.2250792076529649,-1.236299493685433,,True,True,,299
4,enso-pacific-sst,True,1.4698606192739785,-1.2311306494933503,True,True,1.4698606192739785,-1.2311306494933498,6.661338147750939e-16,True,-1.2286848840978988,-1.2366804876356041,,True,True,,300
4,enso-pacific-sst,True,1.4742395808414015,-1.2316414640117463,True,True,1.4742395808414028,-1.2316414640117475,1.1102230246251565e-15,True,-1.228645742749332,-1.2365216569943103,,True,True,,301
4,enso-pacific-sst,True,1.4802650681491023,-1.23287119434869,True,True,1.480265068149103,-1.2328711943486903,5.551115123125783e-16,True,-1.2291887442980487,-1.2358384850931496,,True,True,,302
4,enso-pacific-sst,True,1.4796354036333317,-1.2324917906634631,True,True,1.4796354036333312,-1.2324917906634627,6.661338147750939e-16,True,-1.2300674820838078,-1.2359097069949232,,True,True,,303
4,enso-pacific-sst,True,1.4772217757293808,-1.2329674385000173,True,True,1.4772217757293795,-1.2329674385000164,8.881784197001252e-16,True,-1.2306592263053402,-1.2364366218280514,,True,True,,304
4,enso-pacific-sst,True,1.4766247540651807,-1.233584354997493,True,True,1.4766247540651813,-1.2335843549974934,4.440892098500626e-16,True,-1.2318580615167731,-1.2365387889644526,,True,True,,305
4,enso-pacific-sst,True,1.4768742155637342,-1.2341536474532193,True,True,1.476874215563735,-1.2341536474532202,8.881784197001252e-16,True,-1.2327194999541216,-1.2369981309959044,,True,True,,306
4,enso-pacific-sst,True,1.474730805235169,-1.2347382473357493,True,True,1.474730805235169,-1.2347382473357493,2.7755575615628914e-16,True,-1.2335854791113914,-1.237626487721382,,True,True,,307
4,enso-pacific-sst,True,1.4718027206718598,-1.234780173244657,True,True,1.4718027206718598,-1.234780173244657,6.661338147750939e-16,True,-1.2337482593352682,-1.2374744055354687,,True,True,,308
4,enso-pacific-sst,True,1.4713336632890162,-1.2343309363799477,True,True,1.4713336632890153,-1.2343309363799468,8.881784197001252e-16,True,-1.233334197121947,-1.237069399558475,,True,True,,309
4,enso-pacific-sst,True,1.471068740677176,-1.2333813100001971,True,True,1.4710687406771765,-1.2333813100001976,4.440892098500626e-16,True,-1.2324121503692622,-1.2376332781756907,,True,True,,310
4,enso-pacific-sst,True,1.491685179136289,-1.2348656384188028,True,True,1.491685179136288,-1.2348656384188017,1.1102230246251565e-15,True,-1.2339623855572983,-1.2383946708014577,,True,True,,311
4,enso-pacific-sst,True,1.5354559584395884,-1.2355878777027876,True,True,1.5354559584395884,-1.2355878777027873,6.661338147750939e-16,True,-1.2347232764337683,-1.2392542560619049,,True,True,,312
4,enso-pacific-sst,True,1.561263312862403,-1.235722601695611,True,True,1.5612633128624043,-1.2357226016956122,1.1102230246251565e-15,True,-1.2348918342984092,-1.2401622535938208,,True,True,,313
4,enso-pacific-sst,True,1.5600044595196032,-1.235787128820505,True,True,1.560004459519604,-1.2357871288205053,4.996003610813204e-16,True,-1.2350826725128459,-1.2410182156539142,,True,True,,314
4,enso-pacific-sst,True,1.5520865861384787,-1.2361208672793507,True,True,1.55208658613848,-1.2361208672793513,6.661338147750939e-16,True,-1.2341883672339107,-1.240978610035931,,True,True,,315
4,enso-pacific-sst,True,1.5437713980981347,-1.2360760568156723,True,True,1.5437713980981351,-1.2360760568156728,4.440892098500626e-16,True,-1.23573556036972,-1.2409472347252326,,True,True,,316
4,enso-pacific-sst,True,1.5378391260991588,-1.2353067649939926,True,True,1.5378391260991582,-1.2353067649939917,1.3322676295501878e-15,True,-1.2348349433244001,-1.2401345160087898,,True,True,,317
4,enso-pacific-sst,True,1.5472824088036896,-1.2339225035461259,True,True,1.5472824088036894,-1.2339225035461259,4.440892098500626e-16,True,-1.233497824136542,-1.2392923394747246,,True,True,,318
4,enso-pacific-sst,True,1.5649234486247292,-1.2324644995424685,True,True,1.5649234486247279,-1.2324644995424672,1.3322676295501878e-15,True,-1.2321405905034486,-1.2388434124445353,,True,True,,319
4,enso-pacific-sst,True,1.5705712983365985,-1.2311892402836841,True,True,1.5705712983365976,-1.231189240283684,5.551115123125783e-16,True,-1.2308893952447644,-1.2380296046664598,,True,True,,320
4,enso-pacific-sst,True,1.5819265745968465,-1.2291999906772046,True,True,1.5819265745968474,-1.2291999906772053,1.1102230246251565e-15,True,-1.2289405829500146,-1.2379125052682904,,True,True,,321
4,enso-pacific-sst,True,1.5946566587621507,-1.2278910935393572,True,True,1.5946566587621511,-1.2278910935393572,8.881784197001252e-16,True,-1.2275538027911856,-1.2379897539825506,,True,True,,322
4,enso-pacific-sst,True,1.603975367925034,-1.2282018041227623,True,True,1.6039753679250341,-1.2282018041227625,4.440892098500626e-16,True,-1.2268451529070272,-1.2375985824403384,,True,True,,323
4,enso-pacific-sst,True,1.6043501436038312,-1.2257116250326097,True,True,1.6043501436038314,-1.22571162503261,6.661338147750939e-16,True,-1.2241185323166035,-1.237485004800071,,True,True,,324
4,enso-pacific-sst,True,1.5990102484508293,-1.227650067864939,True,True,1.5990102484508302,-1.2276500678649396,6.661338147750939e-16,True,-1.2246790911334788,-1.2377171074787294,,True,True,,325
4,enso-pacific-sst,True,1.6109747381231785,-1.2263988648726831,True,True,1.6109747381231803,-1.2263988648726851,1.9984014443252818e-15,True,-1.2217438689847624,-1.2368924720789471,,True,True,,326
4,enso-pacific-sst,True,1.617730270903067,-1.2241943814050353,True,True,1.6177302709030676,-1.2241943814050358,4.440892098500626e-16,True,-1.2196604889253622,-1.2361495946529122,,True,True,,327
4,enso-pacific-sst,True,1.610099497263593,-1.2239439089556465,True,True,1.610099497263592,-1.223943908955646,7.771561172376096e-16,True,-1.2181697191039154,-1.2358033926336724,,True,True,,328
4,enso-pacific-sst,True,1.600280577471794,-1.2234345214889084,True,True,1.6002805774717945,-1.2234345214889093,8.881784197001252e-16,True,-1.2156243389216332,-1.235436742334823,,True,True,,329
4,enso-pacific-sst,True,1.5920617460505444,-1.223149324578751,True,True,1.5920617460505446,-1.2231493245787515,4.440892098500626e-16,True,-1.2161294460483276,-1.2352488527780758,,True,True,,330
4,enso-pacific-sst,True,1.5911642791335046,-1.220238924060837,True,True,1.591164279133505,-1.2202389240608373,4.440892098500626e-16,True,-1.2143789011686665,-1.2352398073301205,,True,True,,331
4,enso-pacific-sst,True,1.5989871121199293,-1.2260025967982653,True,True,1.598987112119929,-1.226002596798265,5.551115123125783e-16,True,-1.2120117175371516,-1.2353967721425916,,True,True,,332
4,enso-pacific-sst,True,1.5970851361066118,-1.2268340298535567,True,True,1.5970851361066116,-1.2268340298535572,1.2212453270876722e-15,True,-1.2162744929493656,-1.2358311978810068,,True,True,,333
4,enso-pacific-sst,True,1.5952559564770663,-1.2280424727253636,True,True,1.5952559564770676,-1.228042472725365,1.3322676295501878e-15,True,-1.2177094606251482,-1.2359153574817971,,True,True,,334
4,enso-pacific-sst,True,1.5896951801433759,-1.2301048986228527,True,True,1.5896951801433765,-1.230104898622853,1.5543122344752192e-15,True,-1.222643281107862,-1.236748025578888,,True,True,,335
4,enso-pacific-sst,True,1.5837709317749125,-1.2317263247178842,True,True,1.5837709317749142,-1.2317263247178856,1.3322676295501878e-15,True,-1.2270405198570706,-1.2377487430097176,,True,True,,336
4,enso-pacific-sst,True,1.5774039648328357,-1.2316052334339582,True,True,1.577403964832836,-1.2316052334339582,8.881784197001252e-16,True,-1.229359995677389,-1.238349468628022,,True,True,,337
4,enso-pacific-sst,True,1.5711606036662396,-1.2324664344899654,True,True,1.57116060366624,-1.2324664344899656,6.661338147750939e-16,True,-1.229751923080086,-1.238915231711276,,True,True,,338
4,enso-pacific-sst,True,1.5708489180188225,-1.2322662368918467,True,True,1.5708489180188214,-1.2322662368918456,1.1102230246251565e-15,True,-1.229889512790447,-1.239767858690459,,True,True,,339
4,enso-pacific-sst,True,1.5663926803166002,-1.2330840383619297,True,True,1.5663926803166004,-1.2330840383619293,7.771561172376096e-16,True,-1.231714882602801,-1.2406616352083135,,True,True,,340
4,enso-pacific-sst,True,1.5722088201309738,-1.2338070227356919,True,True,1.5722088201309734,-1.233807022735691,8.881784197001252e-16,True,-1.233017525156975,-1.2416554699996447,,True,True,,341
4,enso-pacific-sst,True,1.5772922422625675,-1.234218403822223,True,True,1.577292242262566,-1.2342184038222221,8.881784197001252e-16,True,-1.2333240890667527,-1.2424804740319193,,True,True,,342
4,enso-pacific-sst,True,1.5683441600166694,-1.2350132716760276,True,True,1.5683441600166694,-1.2350132716760271,4.440892098500626e-16,True,-1.233100488091778,-1.2423597406397915,,True,True,,343
4,enso-pacific-sst,True,1.623068294751863,-1.234755672696875,True,True,1.6230682947518635,-1.234755672696875,5.551115123125783e-16,True,-1.232684040593925,-1.2428868007605411,,True,True,,344
4,enso-pacific-sst,True,1.6333605466631118,-1.2356949285358079,True,True,1.633360546663112,-1.235694928535808,2.220446049250313e-16,True,-1.2335717933564323,-1.2435045232374162,,True,True,,345
4,enso-pacific-sst,True,1.6445875629252804,-1.2349526538371232,True,True,1.6445875629252822,-1.2349526538371252,1.9984014443252818e-15,True,-1.23238763716494,-1.2439502901183648,,True,True,,346
4,enso-pacific-sst,True,1.6445989030374581,-1.236804157807398,True,True,1.6445989030374588,-1.236804157807399,8.881784197001252e-16,True,-1.2339460219148382,-1.243704179783793,,True,True,,347
4,enso-pacific-sst,True,1.641609678960203,-1.2367395087992301,True,True,1.641609678960203,-1.23673950879923,4.440892098500626e-16,True,-1.2342161128910742,-1.2434285497757378,,True,True,,348
4,enso-pacific-sst,True,1.545307567485764,-1.236037811037606,True,True,1.545307567485764,-1.2360378110376056,7.771561172376096e-16,True,-1.2341858089856452,-1.2423661258843641,,True,True,,349
4,enso-pacific-sst,True,1.5674523636059146,-1.2324237178067277,True,True,1.5674523636059141,-1.2324237178067272,4.440892098500626e-16,True,-1.2315103068276438,-1.2417762548057274,,True,True,,350
4,enso-pacific-sst,True,1.5847483399714646,-1.2362039488971304,True,True,1.584748339971465,-1.2362039488971308,6.661338147750939e-16,True,-1.2357895748928323,-1.2421691675623623,,True,True,,351
4,enso-pacific-sst,True,1.5956794716156453,-1.2356821187764924,True,True,1.5956794716156455,-1.2356821187764921,7.216449660063518e-16,True,-1.2353393005824462,-1.2416049449781756,,True,True,,352
4,enso-pacific-sst,True,1.6030661597027656,-1.2342918418288034,True,True,1.6030661597027651,-1.2342918418288031,3.885780586188048e-16,True,-1.2337934640771928,-1.241187945895388,,True,True,,353
4,enso-pacific-sst,True,1.608524519864287,-1.2331224881028242,True,True,1.6085245198642895,-1.2331224881028269,2.6645352591003757e-15,True,-1.2326472165483224,-1.2409605115307392,,True,True,,354
4,enso-pacific-sst,True,1.6110269546885778,-1.2339229255562731,True,True,1.6110269546885772,-1.233922925556272,1.1102230246251565e-15,True,-1.2331457594665791,-1.240534727483904,,True,True,,355
4,enso-pacific-sst,True,1.6088254921401302,-1.233374243736244,True,True,1.6088254921401315,-1.2333742437362454,1.3322676295501878e-15,True,-1.2325987342921665,-1.2398396048653617,,True,True,,356
4,enso-pacific-sst,True,1.613269787304105,-1.2331684335638666,True,True,1.613269787304106,-1.2331684335638675,8.881784197001252e-16,True,-1.2321190359012464,-1.2398877008603801,,True,True,,357
4,enso-pacific-sst,True,1.6192667635647997,-1.232639882988705,True,True,1.619266763564801,-1.2326398829887062,1.1102230246251565e-15,True,-1.231317319482268,-1.2401465258404534,,True,True,,358
4,enso-pacific-sst,True,1.6249777892594095,-1.2320708115893773,True,True,1.6249777892594084,-1.2320708115893766,6.661338147750939e-16,True,-1.2301152060868912,-1.2403303582444405,,True,True,,359
4,enso-pacific-sst,True,1.62985740685313,-1.2314675358467144,True,True,1.6298574068531295,-1.231467535846714,5.551115123125783e-16,True,-1.228677434704873,-1.2402276969655024,,True,True,,360
4,enso-pacific-sst,True,1.6301699278878157,-1.232150517795783,True,True,1.6301699278878161,-1.232150517795783,7.771561172376096e-16,True,-1.2296713282166662,-1.2400261775867742,,True,True,,361
4,enso-pacific-sst,True,1.6275916334893528,-1.2322151322212178,True,True,1.6275916334893512,-1.2322151322212163,1.5543122344752192e-15,True,-1.230314217913077,-1.240133430701856,,True,True,,362
4,enso-pacific-sst,True,1.623796968007653,-1.2268151606198834,True,True,1.6237969680076545,-1.2268151606198843,8.881784197001252e-16,True,-1.2254044831766537,-1.2395958930176056,,True,True,,363
4,enso-pacific-sst,True,1.6349580540867013,-1.227764321026168,True,True,1.6349580540867,-1.227764321026167,8.881784197001252e-16,True,-1.2261997833066351,-1.240124689395499,,True,True,,364
4,enso-pacific-sst,True,1.6456292000126211,-1.2291052023659956,True,True,1.6456292000126214,-1.2291052023659956,6.661338147750939e-16,True,-1.226166972757521,-1.2404448572110653,,True,True,,365
4,enso-pacific-sst,True,1.622243474945539,-1.2284859651446036,True,True,1.6222434749455397,-1.228485965144604,4.440892098500626e-16,True,-1.226314791362678,-1.239779131571084,,True,True,,366
4,enso-pacific-sst,True,1.5826182681950685,-1.2269334886849117,True,True,1.582618268195068,-1.226933488684911,6.661338147750939e-16,True,-1.2252972660888475,-1.2391481218709686,,True,True,,367
4,enso-pacific-sst,True,1.5390649984334726,-1.2227487030636168,True,True,1.539064998433472,-1.2227487030636164,6.106226635438361e-16,True,-1.222312048798811,-1.2389829662906622,,True,True,,368
4,enso-pacific-sst,True,1.5086591569895862,-1.2273972012214123,True,True,1.5086591569895873,-1.2273972012214132,8.881784197001252e-16,True,-1.227123282794399,-1.2394642343766238,,True,True,,369
4,enso-pacific-sst,True,1.4830821948704191,-1.2308406426893699,True,True,1.4830821948704183,-1.230840642689369,8.881784197001252e-16,True,-1.2305085664794613,-1.2402644552291266,,True,True,,370
4,enso-pacific-sst,True,1.4524395065639775,-1.2314547350196376,True,True,1.4524395065639768,-1.231454735019637,6.661338147750939e-16,True,-1.2313002076542123,-1.2413686511371058,,True,True,,371
4,enso-pacific-sst,True,1.4460109972297708,-1.2302197882090304,True,True,1.4460109972297708,-1.23021978820903,7.771561172376096e-16,True,-1.2301255723971347,-1.2422761953925532,,True,True,,372
4,enso-pacific-sst,True,1.4538390873823732,-1.237817886095601,True,True,1.4538390873823737,-1.2378178860956013,5.551115123125783e-16,True,-1.2376106060190335,-1.243683869613118,,True,True,,373
4,enso-pacific-sst,True,1.45851824698673,-1.2399269171058815,True,True,1.45851824698673,-1.2399269171058815,1.6653345369377348e-16,True,-1.2396580076485089,-1.244479270103488,,True,True,,374
4,enso-pacific-sst,True,1.4597815693288034,-1.2408266802373622,True,True,1.4597815693288034,-1.2408266802373622,4.440892098500626e-16,True,-1.2403092370654325,-1.2446948873581216,,True,True,,375
4,enso-pacific-sst,True,1.4592478318807005,-1.241127935113035,True,True,1.4592478318807003,-1.2411279351130347,4.440892098500626e-16,True,-1.2405595614967833,-1.2449797044731272,,True,True,,376
4,enso-pacific-sst,True,1.4584637940120133,-1.2409687130777316,True,True,1.4584637940120138,-1.240968713077732,5.551115123125783e-16,True,-1.2406196410383703,-1.2451935511577061,,True,True,,377
4,enso-pacific-sst,True,1.4586587495169747,-1.2414471345127813,True,True,1.4586587495169754,-1.2414471345127815,2.7755575615628914e-16,True,-1.2409311120948627,-1.2453647015187026,,True,True,,378
4,enso-pacific-sst,True,1.4604202536445154,-1.2423239965642767,True,True,1.4604202536445157,-1.2423239965642763,6.106226635438361e-16,True,-1.2414282426013592,-1.2456522867507778,,True,True,,379
4,enso-pacific-sst,True,1.4629193655068669,-1.2433600056069118,True,True,1.4629193655068664,-1.2433600056069114,4.440892098500626e-16,True,-1.2421022855676989,-1.246140946522483,,True,True,,380
4,enso-pacific-sst,True,1.4637758375523657,-1.239981387201862,True,True,1.4637758375523655,-1.2399813872018617,2.7755575615628914e-16,True,-1.2397535742314632,-1.246149371419683,,True,True,,381
4,enso-pacific-sst,True,1.470090327131553,-1.2405054288950645,True,True,1.4700903271315517,-1.2405054288950632,1.3322676295501878e-15,True,-1.2400624353792493,-1.245972640360251,,True,True,,382
4,enso-pacific-sst,True,1.4749000115090927,-1.2409727700506488,True,True,1.4749000115090933,-1.2409727700506492,4.440892098500626e-16,True,-1.24036674226042,-1.2459514326747552,,True,True,,383
4,enso-pacific-sst,True,1.478413999096552,-1.2418817193906881,True,True,1.4784139990965521,-1.2418817193906888,6.661338147750939e-16,True,-1.2410726346533987,-1.2461368975461438,,True,True,,384
4,enso-pacific-sst,True,1.4821898041030148,-1.2436630437814462,True,True,1.4821898041030135,-1.2436630437814453,8.881784197001252e-16,True,-1.2428020211757227,-1.2462286830511387,,True,True,,385
4,enso-pacific-sst,True,1.48388806554665,-1.2451853621177504,True,True,1.4838880655466513,-1.245185362117752,1.5543122344752192e-15,True,-1.2446963234781319,-1.2462534999909212,,True,True,,386
4,enso-pacific-sst,True,1.4777559646498064,-1.2445414086407247,True,True,1.477755964649805,-1.2445414086407236,1.1102230246251565e-15,True,-1.2436653146166987,-1.246314466484292,,True,True,,387
4,enso-pacific-sst,True,1.4738870549689456,-1.2426045789781333,True,True,1.4738870549689447,-1.2426045789781321,1.1102230246251565e-15,True,-1.2415028429566204,-1.2464008107456226,,True,True,,388
4,enso-pacific-sst,True,1.4700338285185137,-1.2423723202172514,True,True,1.4700338285185128,-1.2423723202172505,8.881784197001252e-16,True,-1.2413332900850658,-1.246431028434021,,True,True,,389
4,enso-pacific-sst,True,1.4665644049936135,-1.2418471808015625,True,True,1.4665644049936137,-1.2418471808015625,6.106226635438361e-16,True,-1.2409347606336056,-1.2463246618207415,,True,True,,390
4,enso-pacific-sst,True,1.4633248413422442,-1.2411404040916236,True,True,1.4633248413422437,-1.2411404040916234,2.220446049250313e-16,True,-1.2403103941173048,-1.246224937593886,,True,True,,391
4,enso-pacific-sst,True,1.4613170939904372,-1.2434448609592477,True,True,1.4613170939904374,-1.2434448609592477,2.7755575615628914e-16,True,-1.2421199374980325,-1.2464231704894508,,True,True,,392
4,enso-pacific-sst,True,1.4566169312024726,-1.2421300922066012,True,True,1.4566169312024728,-1.2421300922066014,4.996003610813204e-16,True,-1.2415009507049652,-1.2463611273218564,,True,True,,393
4,enso-pacific-sst,True,1.4537575443238875,-1.2421193922541192,True,True,1.4537575443238875,-1.2421193922541192,7.216449660063518e-16,True,-1.2417986576835374,-1.2464287011328392,,True,True,,394
4,enso-pacific-sst,True,1.4515438657701925,-1.2407534899022996,True,True,1.4515438657701925,-1.2407534899022994,2.220446049250313e-16,True,-1.2405445603533665,-1.2461828875398924,,True,True,,395
4,enso-pacific-sst,True,1.4503860934468913,-1.2403616715190415,True,True,1.450386093446891,-1.240361671519041,4.440892098500626e-16,True,-1.2402262867250484,-1.2460963830442902,,True,True,,396
4,enso-pacific-sst,True,1.4482391921176307,-1.2392556294686827,True,True,1.4482391921176299,-1.2392556294686818,8.881784197001252e-16,True,-1.2391621881404242,-1.2457592485661853,,True,True,,397
4,enso-pacific-sst,True,1.4420938514581167,-1.235666154336178,True,True,1.4420938514581187,-1.2356661543361798,1.7763568394002505e-15,True,-1.2356081809970336,-1.2449849778766637,,True,True,,398
4,enso-pacific-sst,True,1.4370501778784188,-1.2337295720331474,True,True,1.4370501778784202,-1.2337295720331483,8.881784197001252e-16,True,-1.2336962942008662,-1.2444789896076824,,True,True,,399
4,enso-pacific-sst,True,1.4320931978132876,-1.2289050682663563,True,True,1.4320931978132867,-1.2289050682663554,8.881784197001252e-16,True,-1.2288774234007167,-1.2434035996241883,,True,True,,400
4,enso-pacific-sst,True,1.4251524624240663,-1.2212378949653826,True,True,1.4251524624240666,-1.2212378949653826,2.220446049250313e-16,True,-1.2212117290981168,-1.2420009308465643,,True,True,,401
4,enso-pacific-sst,True,1.4212863063511791,-1.2153145788610986,True,True,1.421286306351179,-1.2153145788610984,2.220446049250313e-16,True,-1.215289871925994,-1.240504378407512,,True,True,,402
4,enso-pacific-sst,True,1.439923904529418,-1.2273981659281876,True,True,1.439923904529418,-1.2273981659281876,2.220446049250313e-16,True,-1.226976993909575,-1.2387070756663112,,True,True,,403
4,enso-pacific-sst,True,1.4830814175081672,-1.2237534139784692,True,True,1.483081417508166,-1.2237534139784683,8.881784197001252e-16,True,-1.2233541414060343,-1.2366493468664972,,True,True,,404
4,enso-pacific-sst,True,1.507025550939091,-1.2193883844669369,True,True,1.5070255509390909,-1.2193883844669364,6.661338147750939e-16,True,-1.2190561692626318,-1.2352945388488443,,True,True,,405
4,enso-pacific-sst,True,1.5691644233051105,-1.2143626199842583,True,True,1.5691644233051096,-1.2143626199842577,6.661338147750939e-16,True,-1.2139802782628273,-1.2343412729918182,,True,True,,406
4,enso-pacific-sst,True,1.5883236671729055,-1.215718818572924,True,True,1.5883236671729069,-1.2157188185729253,1.3322676295501878e-15,True,-1.2120287494176978,-1.2345010560557437,,True,True,,407
4,enso-pacific-sst,True,1.6040857220479106,-1.2213271151811516,True,True,1.6040857220479103,-1.2213271151811516,4.440892098500626e-16,True,-1.214079355067808,-1.2346915796822104,,True,True,,408
4,enso-pacific-sst,True,1.6047991475424161,-1.2227820812860664,True,True,1.6047991475424155,-1.2227820812860664,7.216449660063518e-16,True,-1.2156476065646136,-1.2341029846430451,,True,True,,409
4,enso-pacific-sst,True,1.5954443992371625,-1.2180259916844038,True,True,1.595444399237161,-1.218025991684403,8.881784197001252e-16,True,-1.213948807774065,-1.234078086781544,,True,True,,410
4,enso-pacific-sst,True,1.5996028276038134,-1.2198549122488656,True,True,1.5996028276038126,-1.2198549122488647,8.881784197001252e-16,True,-1.2158192289799032,-1.2339674502620743,,True,True,,411
4,enso-pacific-sst,True,1.6101627311915927,-1.2244705810821352,True,True,1.6101627311915943,-1.2244705810821364,1.1102230246251565e-15,True,-1.2183398385152255,-1.2337874634678443,,True,True,,412
4,enso-pacific-sst,True,1.6069324902614672,-1.2230335092704079,True,True,1.6069324902614661,-1.223033509270407,8.881784197001252e-16,True,-1.2134330004066487,-1.2336527787225235,,True,True,,413
4,enso-pacific-sst,True,1.6021399951657846,-1.2252287794043148,True,True,1.6021399951657838,-1.2252287794043148,8.326672684688674e-16,True,-1.2152959864286152,-1.2338988885380024,,True,True,,414
4,enso-pacific-sst,True,1.5922927680471943,-1.2178599168702187,True,True,1.5922927680471932,-1.2178599168702173,1.3322676295501878e-15,True,-1.2150536685947482,-1.2338019104858076,,True,True,,415
4,enso-pacific-sst,True,1.5872069262251243,-1.2181746047666366,True,True,1.5872069262251236,-1.2181746047666357,8.881784197001252e-16,True,-1.2158267124238953,-1.2334352631385233,,True,True,,416
4,enso-pacific-sst,True,1.580070075560368,-1.2183592629772022,True,True,1.5800700755603683,-1.2183592629772022,6.661338147750939e-16,True,-1.21634956533745,-1.2333702550180172,,True,True,,417
4,enso-pacific-sst,True,1.565989592978591,-1.2188164108941741,True,True,1.5659895929785919,-1.218816410894175,8.881784197001252e-16,True,-1.2177762701570896,-1.2334998489759539,,True,True,,418
4,enso-pacific-sst,True,1.5617617775076653,-1.2240219187896018,True,True,1.5617617775076647,-1.2240219187896013,7.771561172376096e-16,True,-1.2215032188633768,-1.234208264132966,,True,True,,419
4,enso-pacific-sst,True,1.5468953733233337,-1.2229876199231675,True,True,1.546895373323334,-1.222987619923168,8.881784197001252e-16,True,-1.2226690165368626,-1.2348555668233996,,True,True,,420
4,enso-pacific-sst,True,1.5340269508739537,-1.2269356677332888,True,True,1.5340269508739535,-1.2269356677332885,4.440892098500626e-16,True,-1.2267062704288323,-1.2352742680935531,,True,True,,421
4,enso-pacific-sst,True,1.5288981265156703,-1.2285688979767537,True,True,1.5288981265156696,-1.2285688979767535,3.3306690738754696e-16,True,-1.2283052239620988,-1.235816160524105,,True,True,,422
4,enso-pacific-sst,True,1.520356042055583,-1.2312229996131427,True,True,1.5203560420555855,-1.2312229996131447,1.9984014443252818e-15,True,-1.230842886836107,-1.2363080094944023,,True,True,,423
4,enso-pacific-sst,True,1.5175012380109083,-1.2326434457483675,True,True,1.517501238010909,-1.2326434457483684,9.43689570931383e-16,True,-1.232319827091027,-1.2371652449055042,,True,True,,424
4,enso-pacific-sst,True,1.5148680536545633,-1.234276648377187,True,True,1.5148680536545642,-1.2342766483771879,8.881784197001252e-16,True,-1.2337284711618608,-1.2385697249516323,,True,True,,425
4,enso-pacific-sst,True,1.5187412077945541,-1.2350323093378477,True,True,1.5187412077945543,-1.2350323093378481,5.551115123125783e-16,True,-1.2343337910756467,-1.239158488758413,,True,True,,426
4,enso-pacific-sst,True,1.5230741160558021,-1.2357765321698637,True,True,1.523074116055803,-1.2357765321698646,8.881784197001252e-16,True,-1.235288055198301,-1.2398097010392684,,True,True,,427
4,enso-pacific-sst,True,1.5296797477851796,-1.2362519128126612,True,True,1.52967974778518,-1.2362519128126617,1.2212453270876722e-15,True,-1.2354454513547821,-1.240331542456459,,True,True,,428
4,enso-pacific-sst,True,1.5323566567499158,-1.2378897711794394,True,True,1.5323566567499152,-1.237889771179439,5.551115123125783e-16,True,-1.232752767741154,-1.2410938622698149,,True,True,,429
4,enso-pacific-sst,True,1.5314221511376547,-1.2393423616151933,True,True,1.531422151137655,-1.2393423616151937,4.440892098500626e-16,True,-1.2326067630144257,-1.2419755357677946,,True,True,,430
4,enso-pacific-sst,True,1.531364840158189,-1.240627064974602,True,True,1.5313648401581892,-1.240627064974602,5.551115123125783e-16,True,-1.2348286088037508,-1.2428921016017451,,True,True,,431
4,enso-pacific-sst,True,1.5268119536309872,-1.239811307614843,True,True,1.526811953630987,-1.2398113076148427,5.551115123125783e-16,True,-1.2379771527584678,-1.2434134516445137,,True,True,,432
4,enso-pacific-sst,True,1.5234200396369877,-1.2402412730713248,True,True,1.5234200396369875,-1.2402412730713244,5.551115123125783e-16,True,-1.2376315463307457,-1.243488934803466,,True,True,,433
4,enso-pacific-sst,True,1.5151395185620937,-1.2398367522970066,True,True,1.515139518562093,-1.2398367522970062,4.440892098500626e-16,True,-1.239201888399707,-1.2434860607544083,,True,True,,434
4,enso-pacific-sst,True,1.5075532801727562,-1.2395855196432346,True,True,1.507553280172757,-1.239585519643235,5.551115123125783e-16,True,-1.2390793122143673,-1.243516156021179,,True,True,,435
4,enso-pacific-sst,True,1.4951297900408045,-1.2381413252393891,True,True,1.4951297900408065,-1.2381413252393911,1.9984014443252818e-15,True,-1.2377818702365455,-1.2436806834816667,,True,True,,436
4,enso-pacific-sst,True,1.4857752309600127,-1.2389994511884757,True,True,1.4857752309600136,-1.2389994511884765,8.881784197001252e-16,True,-1.2378913068001316,-1.243852134852395,,True,True,,437
4,enso-pacific-sst,True,1.479591096149763,-1.2406130223450231,True,True,1.479591096149762,-1.240613022345022,1.1102230246251565e-15,True,-1.2390268260379511,-1.244104227618375,,True,True,,438
4,enso-pacific-sst,True,1.4750466419474526,-1.2408994035450656,True,True,1.4750466419474515,-1.2408994035450647,8.881784197001252e-16,True,-1.2384024769528719,-1.2444002658893252,,True,True,,439
4,enso-pacific-sst,True,1.4716314277605074,-1.2408926238202742,True,True,1.4716314277605074,-1.2408926238202738,4.440892098500626e-16,True,-1.2380349259696029,-1.2445179568630549,,True,True,,440
4,enso-pacific-sst,True,1.4697586472050692,-1.2409779100129992,True,True,1.4697586472050697,-1.2409779100129998,1.2212453270876722e-15,True,-1.2384846905908473,-1.2444038066207401,,True,True,,441
4,enso-pacific-sst,True,1.4688373301676436,-1.2411250553340012,True,True,1.4688373301676425,-1.2411250553340003,8.881784197001252e-16,True,-1.239167210017672,-1.2443210975883712,,True,True,,442
4,enso-pacific-sst,True,1.4683212897681048,-1.240015952287512,True,True,1.468321289768103,-1.2400159522875105,1.5543122344752192e-15,True,-1.239178703171514,-1.2440099163121447,,True,True,,443
4,enso-pacific-sst,True,1.4693941688347716,-1.2397666689833522,True,True,1.469394168834771,-1.2397666689833517,5.551115123125783e-16,True,-1.2373868036341078,-1.2433908941314409,,True,True,,444
4,enso-pacific-sst,True,1.4712028020574164,-1.2380944158188607,True,True,1.4712028020574177,-1.2380944158188618,1.1102230246251565e-15,True,-1.2359258335792507,-1.241947177157487,,True,True,,445
4,enso-pacific-sst,True,1.4737389488801447,-1.2361560402284406,True,True,1.4737389488801456,-1.2361560402284417,1.5543122344752192e-15,True,-1.234038623679292,-1.2402797750231485,,True,True,,446
4,enso-pacific-sst,True,1.4741475575792369,-1.2349931921410753,True,True,1.474147557579237,-1.2349931921410755,5.551115123125783e-16,True,-1.231757804762558,-1.2393078661651613,,True,True,,447
4,enso-pacific-sst,True,1.4744708618066096,-1.23400111685289,True,True,1.474470861806609,-1.2340011168528897,4.163336342344337e-16,True,-1.2310899839173022,-1.2385527066616457,,True,True,,448
4,enso-pacific-sst,True,1.4728201938371432,-1.2322538215448113,True,True,1.4728201938371444,-1.232253821544812,6.661338147750939e-16,True,-1.2288268389812818,-1.237838635922158,,True,True,,449
4,enso-pacific-sst,True,1.4680662057165996,-1.2284381183335376,True,True,1.4680662057165983,-1.2284381183335367,8.881784197001252e-16,True,-1.2253815005875837,-1.2372305382474367,,True,True,,450
4,enso-pacific-sst,True,1.4629547126166995,-1.2230431264386281,True,True,1.4629547126166997,-1.2230431264386288,6.661338147750939e-16,True,-1.2209327287152434,-1.236668638434951,,True,True,,451
4,enso-pacific-sst,True,1.4588903538305669,-1.2201822628581005,True,True,1.4588903538305664,-1.2201822628581,4.440892098500626e-16,True,-1.2185834196005925,-1.2361586377079954,,True,True,,452
4,enso-pacific-sst,True,1.4482809923792985,-1.2064978670922557,True,True,1.4482809923792999,-1.2064978670922566,8.881784197001252e-16,True,-1.2057907709495732,-1.2352833335740985,,True,True,,453
4,enso-pacific-sst,True,1.470075760886613,-1.2104291620492116,True,True,1.470075760886613,-1.2104291620492116,2.220446049250313e-16,True,-1.2094110066600645,-1.2340223410683047,,True,True,,454
4,enso-pacific-sst,True,1.5130228320584067,-1.2137817349354816,True,True,1.5130228320584065,-1.213781734935481,6.661338147750939e-16,True,-1.2122896455595524,-1.2330506032269617,,True,True,,455
4,enso-pacific-sst,True,1.5756893712274798,-1.216098195369423,True,True,1.5756893712274804,-1.2160981953694232,3.3306690738754696e-16,True,-1.212970297717149,-1.2329749283094658,,True,True,,456
4,enso-pacific-sst,True,1.600883661109946,-1.2175989035517787,True,True,1.6008836611099453,-1.2175989035517782,4.440892098500626e-16,True,-1.2149087107514733,-1.2337739629158726,,True,True,,457
4,enso-pacific-sst,True,1.5951077269671528,-1.217076845395625,True,True,1.595107726967153,-1.217076845395625,4.440892098500626e-16,True,-1.2126049738628086,-1.2341020537475726,,True,True,,458
4,enso-pacific-sst,True,1.5904749132226566,-1.220157442670883,True,True,1.5904749132226579,-1.2201574426708843,1.3322676295501878e-15,True,-1.215904286894661,-1.2351483378908252,,True,True,,459
4,enso-pacific-sst,True,1.5860723745669496,-1.2217047077010812,True,True,1.5860723745669478,-1.2217047077010799,1.3322676295501878e-15,True,-1.2191623676511523,-1.236032538393013,,True,True,,460
4,enso-pacific-sst,True,1.585844140789952,-1.2230495912682304,True,True,1.5858441407899528,-1.2230495912682313,1.1102230246251565e-15,True,-1.2214728877977963,-1.2370032854134723,,True,True,,461
4,enso-pacific-sst,True,1.5908239311600427,-1.2243633713868647,True,True,1.5908239311600436,-1.2243633713868656,8.881784197001252e-16,True,-1.2233193302043983,-1.2382225852173026,,True,True,,462
4,enso-pacific-sst,True,1.5963102360169876,-1.2246385869708754,True,True,1.596310236016988,-1.2246385869708762,1.3322676295501878e-15,True,-1.2234442253492661,-1.239085208367237,,True,True,,463
4,enso-pacific-sst,True,1.611378351005275,-1.2262455179015594,True,True,1.6113783510052757,-1.22624551790156,1.1102230246251565e-15,True,-1.2249078693749087,-1.2403752061670337,,True,True,,464
4,enso-pacific-sst,True,1.6295020575787136,-1.2268165054007958,True,True,1.629502057578714,-1.2268165054007965,6.661338147750939e-16,True,-1.225722176802434,-1.2415350781185521,,True,True,,465
4,enso-pacific-sst,True,1.6461372722766774,-1.2270640104304078,True,True,1.6461372722766765,-1.2270640104304074,4.440892098500626e-16,True,-1.22530230670486,-1.2424280485017511,,True,True,,466
4,enso-pacific-sst,True,1.6498626583595353,-1.2312279379706226,True,True,1.6498626583595348,-1.2312279379706221,8.881784197001252e-16,True,-1.227745857444466,-1.2429647559571906,,True,True,,467
4,enso-pacific-sst,True,1.6523923290491305,-1.2351396700451547,True,True,1.65239232904913,-1.2351396700451547,8.881784197001252e-16,True,-1.2297028444114833,-1.2432945007394598,,True,True,,468
4,enso-pacific-sst,True,1.6518976479456928,-1.2355058908596728,True,True,1.6518976479456928,-1.2355058908596723,6.661338147750939e-16,True,-1.2306150810001357,-1.243375903823558,,True,True,,469
4,enso-pacific-sst,True,1.6534189212561772,-1.235893908874234,True,True,1.6534189212561763,-1.2358939088742336,1.1102230246251565e-15,True,-1.2309948130993427,-1.2438317079873011,,True,True,,470
4,enso-pacific-sst,True,1.6481247269514114,-1.2339117599640266,True,True,1.6481247269514105,-1.2339117599640261,5.551115123125783e-16,True,-1.2314509041866817,-1.2438285391332677,,True,True,,471
4,enso-pacific-sst,True,1.6485339114668547,-1.2356150949042037,True,True,1.6485339114668556,-1.235615094904205,1.3322676295501878e-15,True,-1.2327928044832204,-1.2443797119172304,,True,True,,472
4,enso-pacific-sst,True,1.6538191069847255,-1.236258873604582,True,True,1.6538191069847241,-1.236258873604581,1.1102230246251565e-15,True,-1.2339890758429872,-1.2445546825926392,,True,True,,473
4,enso-pacific-sst,True,1.6450539879574642,-1.2342188527161955,True,True,1.645053987957466,-1.234218852716197,1.5543122344752192e-15,True,-1.233703801511121,-1.2445267790720265,,True,True,,474
4,enso-pacific-sst,True,1.6259640624017977,-1.2360243960445443,True,True,1.6259640624017972,-1.2360243960445438,6.661338147750939e-16,True,-1.2347266369085292,-1.2441268377577446,,True,True,,475
4,enso-pacific-sst,True,1.618150248152609,-1.2347817165167279,True,True,1.6181502481526087,-1.2347817165167276,9.992007221626409e-16,True,-1.2334778235340433,-1.2436913350996635,,True,True,,476
4,enso-pacific-sst,True,1.6115071620669688,-1.2360743597515587,True,True,1.6115071620669679,-1.2360743597515575,1.1102230246251565e-15,True,-1.2338952398750451,-1.2435269637100448,,True,True,,477
4,enso-pacific-sst,True,1.5999472486602047,-1.2375155608879038,True,True,1.5999472486602067,-1.2375155608879058,1.9984014443252818e-15,True,-1.2339584088753914,-1.2432688720853564,,True,True,,478
4,enso-pacific-sst,True,1.5924847012380705,-1.2371359981401444,True,True,1.592484701238071,-1.2371359981401449,4.440892098500626e-16,True,-1.2337553825949554,-1.2429238425141598,,True,True,,479
4,enso-pacific-sst,True,1.5858479033751998,-1.2382418512323317,True,True,1.585847903375203,-1.238241851232334,2.4424906541753444e-15,True,-1.2347481247222876,-1.2425925431613776,,True,True,,480
4,enso-pacific-sst,True,1.5890762550077704,-1.2378180128845777,True,True,1.589076255007769,-1.237818012884577,6.661338147750939e-16,True,-1.2346272604354447,-1.2424394775621412,,True,True,,481
4,enso-pacific-sst,True,1.5901827588421649,-1.2391133160713586,True,True,1.5901827588421666,-1.2391133160713599,1.3322676295501878e-15,True,-1.2341104173556718,-1.242837231018595,,True,True,,482
4,enso-pacific-sst,True,1.5824900840074372,-1.2387935070630611,True,True,1.5824900840074372,-1.238793507063061,1.3322676295501878e-15,True,-1.2353354343348468,-1.242425193704031,,True,True,,483
4,enso-pacific-sst,True,1.5263036120081142,-1.2384583212113522,True,True,1.5263036120081137,-1.2384583212113518,4.440892098500626e-16,True,-1.237784164909047,-1.2425270691344632,,True,True,,484
4,enso-pacific-sst,True,1.5144859520530596,-1.239759451043407,True,True,1.514485952053059,-1.2397594510434065,4.440892098500626e-16,True,-1.2388966504629102,-1.242779861560192,,True,True,,485
4,enso-pacific-sst,True,1.5290346940600514,-1.2402475095144139,True,True,1.5290346940600514,-1.2402475095144139,3.3306690738754696e-16,True,-1.239374138089437,-1.2427379233731026,,True,True,,486
4,enso-pacific-sst,True,1.5300751752752781,-1.2379494738855006,True,True,1.5300751752752784,-1.237949473885501,4.440892098500626e-16,True,-1.2359721828550454,-1.2424936081742948,,True,True,,487
4,enso-pacific-sst,True,1.5316331921800046,-1.23727821804287,True,True,1.5316331921800046,-1.23727821804287,2.220446049250313e-16,True,-1.2345792443679209,-1.24227807545281,,True,True,,488
4,enso-pacific-sst,True,1.525498374105405,-1.2281224617053668,True,True,1.525498374105405,-1.2281224617053668,6.106226635438361e-16,True,-1.2265188327094199,-1.2423504982925835,,True,True,,489
4,enso-pacific-sst,True,1.5273542383212035,-1.2264428220182442,True,True,1.527354238321203,-1.2264428220182442,3.3306690738754696e-16,True,-1.2254929943984,-1.242653475802863,,True,True,,490
4,enso-pacific-sst,True,1.5314436272814202,-1.2270023060805846,True,True,1.5314436272814196,-1.2270023060805841,8.881784197001252e-16,True,-1.2260731201436912,-1.2429574599738897,,True,True,,491
4,enso-pacific-sst,True,1.5350252248949847,-1.2277928467211514,True,True,1.535025224894984,-1.227792846721151,4.440892098500626e-16,True,-1.2267844072556648,-1.2433254296991192,,True,True,,492
4,enso-pacific-sst,True,1.5388621776504918,-1.2301710501989724,True,True,1.5388621776504934,-1.2301710501989735,1.1102230246251565e-15,True,-1.229495913698935,-1.2439529401973775,,True,True,,493
4,enso-pacific-sst,True,1.543190142561318,-1.2327405918961687,True,True,1.5431901425613146,-1.2327405918961656,3.1086244689504383e-15,True,-1.2322088085198277,-1.2444511741089086,,True,True,,494
4,enso-pacific-sst,True,1.5471255642821817,-1.2337033812322717,True,True,1.5471255642821804,-1.2337033812322706,1.1102230246251565e-15,True,-1.2326678866250655,-1.2445872521326846,,True,True,,495
4,enso-pacific-sst,True,1.5606905040480328,-1.2379974703711367,True,True,1.5606905040480337,-1.237997470371138,1.3322676295501878e-15,True,-1.23506346638342,-1.245005491701121,,True,True,,496
4,enso-pacific-sst,True,1.569638781845332,-1.2389885718951723,True,True,1.5696387818453323,-1.2389885718951725,2.220446049250313e-16,True,-1.2320626431673907,-1.2448798853237146,,True,True,,497
4,enso-pacific-sst,True,1.57469534657894,-1.2389405793040518,True,True,1.574695346578939,-1.2389405793040504,1.3322676295501878e-15,True,-1.2244645000083891,-1.2446083393074325,,True,True,,498
4,enso-pacific-sst,True,1.5628137548009038,-1.2308097288467368,True,True,1.5628137548009025,-1.2308097288467355,1.3322676295501878e-15,True,-1.2285196092012138,-1.244443400630527,,True,True,,499
4,enso-pacific-sst,True,1.556438848511633,-1.2304184500450184,True,True,1.5564388485116316,-1.230418450045017,1.3322676295501878e-15,True,-1.2287716896501695,-1.2444740054735286,,True,True,,500
4,enso-pacific-sst,True,1.5489598420537969,-1.2301276749257282,True,True,1.5489598420537969,-1.2301276749257282,3.3306690738754696e-16,True,-1.228794087232149,-1.2444461037902015,,True,True,,501
4,enso-pacific-sst,True,1.539165274468333,-1.2305546467518973,True,True,1.5391652744683333,-1.2305546467518977,5.551115123125783e-16,True,-1.2292920251454527,-1.2445719980654353,,True,True,,502
4,enso-pacific-sst,True,1.5283303877400738,-1.2309554595499443,True,True,1.5283303877400722,-1.2309554595499426,1.7763568394002505e-15,True,-1.2298770697840027,-1.2446827627657446,,True,True,,503
4,enso-pacific-sst,True,1.513395113278499,-1.229989588509341,True,True,1.513395113278501,-1.2299895885093428,1.7763568394002505e-15,True,-1.2293283719459067,-1.2445179943788771,,True,True,,504
4,enso-pacific-sst,True,1.5040717005242517,-1.2284690719002043,True,True,1.5040717005242512,-1.2284690719002043,3.885780586188048e-16,True,-1.2280800905742457,-1.2443657851969039,,True,True,,505
4,enso-pacific-sst,True,1.4913065770227265,-1.2267637005343672,True,True,1.4913065770227265,-1.2267637005343672,7.216449660063518e-16,True,-1.2265875810939155,-1.2441964351354626,,True,True,,506
4,enso-pacific-sst,True,1.463735337003884,-1.2219074857831262,True,True,1.4637353370038835,-1.2219074857831258,4.440892098500626e-16,True,-1.221640966770428,-1.2435605858676433,,True,True,,507
4,enso-pacific-sst,True,1.4648690687330432,-1.2242981950225333,True,True,1.4648690687330448,-1.2242981950225347,1.3322676295501878e-15,True,-1.2230700331369482,-1.242545765559051,,True,True,,508
4,enso-pacific-sst,True,1.5451013279568544,-1.22844729434215,True,True,1.5451013279568546,-1.2284472943421503,6.661338147750939e-16,True,-1.223861855081419,-1.2414358235688392,,True,True,,509
4,enso-pacific-sst,True,1.5557295141884713,-1.235445198997374,True,True,1.5557295141884713,-1.235445198997374,1.6653345369377348e-16,True,-1.2279407372289315,-1.2408647824261045,,True,True,,510
4,enso-pacific-sst,True,1.5537937825472752,-1.2354726950431267,True,True,1.5537937825472756,-1.2354726950431272,5.551115123125783e-16,True,-1.2284143947425301,-1.2403588780859018,,True,True,,511
4,enso-pacific-sst,True,1.5504515951683446,-1.2356969326313898,True,True,1.5504515951683415,-1.235696932631387,2.886579864025407e-15,True,-1.2274491081700047,-1.240135542684769,,True,True,,512
4,enso-pacific-sst,True,1.555472300412482,-1.2345897155005514,True,True,1.5554723004124824,-1.2345897155005519,1.7763568394002505e-15,True,-1.2235357954261736,-1.239583447333265,,True,True,,513
4,enso-pacific-sst,True,1.5450860310563386,-1.2344768405660493,True,True,1.5450860310563361,-1.2344768405660473,1.9984014443252818e-15,True,-1.224906996833891,-1.2395378788039413,,True,True,,514
4,enso-pacific-sst,True,1.5533894171605753,-1.2257970264442615,True,True,1.5533894171605747,-1.2257970264442606,8.881784197001252e-16,True,-1.224521009683118,-1.2391366893411224,,True,True,,515
4,enso-pacific-sst,True,1.5559326294322242,-1.2320618551001115,True,True,1.5559326294322253,-1.2320618551001121,7.771561172376096e-16,True,-1.2305545116741485,-1.2393644826603494,,True,True,,516
4,enso-pacific-sst,True,1.5545575414330624,-1.2354770935986208,True,True,1.5545575414330632,-1.2354770935986215,1.3322676295501878e-15,True,-1.2335104943193054,-1.239438407511244,,True,True,,517
4,enso-pacific-sst,True,1.563064765353915,-1.2353014760303562,True,True,1.5630647653539147,-1.2353014760303562,2.220446049250313e-16,True,-1.2328394904125555,-1.2387526205497026,,True,True,,518
4,enso-pacific-sst,True,1.5664042234059758,-1.2344063760964876,True,True,1.566404223405975,-1.2344063760964865,1.1102230246251565e-15,True,-1.2314832828975746,-1.2379774628257187,,True,True,,519
4,enso-pacific-sst,True,1.5706839873253096,-1.2335164928319067,True,True,1.5706839873253098,-1.2335164928319067,3.885780586188048e-16,True,-1.2306423402652384,-1.2370233765982008,,True,True,,520
4,enso-pacific-sst,True,1.5799117331222985,-1.232402080004538,True,True,1.5799117331222974,-1.2324020800045372,8.881784197001252e-16,True,-1.2294736572103204,-1.2361485882044871,,True,True,,521
4,enso-pacific-sst,True,1.592716364810701,-1.2308444916589205,True,True,1.5927163648106997,-1.23084449165892,9.992007221626409e-16,True,-1.227564601046853,-1.2353044635030614,,True,True,,522
4,enso-pacific-sst,True,1.6004053984704518,-1.2292265524394332,True,True,1.6004053984704507,-1.2292265524394326,6.661338147750939e-16,True,-1.2255790032571494,-1.2344472583987443,,True,True,,523
4,enso-pacific-sst,True,1.6040195336373506,-1.2281358102217157,True,True,1.6040195336373506,-1.2281358102217155,5.551115123125783e-16,True,-1.2245075760671673,-1.2340455738766427,,True,True,,524
4,enso-pacific-sst,True,1.604858740568524,-1.2255878530173563,True,True,1.6048587405685246,-1.2255878530173572,8.881784197001252e-16,True,-1.2227409391508923,-1.2336718174341972,,True,True,,525
4,enso-pacific-sst,True,1.6140619818804043,-1.2254474741608032,True,True,1.6140619818804027,-1.2254474741608017,1.5543122344752192e-15,True,-1.2215303095136656,-1.2336325351944408,,True,True,,526
4,enso-pacific-sst,True,1.614345111488176,-1.227562763891346,True,True,1.6143451114881764,-1.2275627638913462,1.1102230246251565e-15,True,-1.2216635943350307,-1.2341591390098832,,True,True,,527
4,enso-pacific-sst,True,1.6013854613049627,-1.2263389436498442,True,True,1.601385461304961,-1.2263389436498426,1.5543122344752192e-15,True,-1.2228650018270177,-1.2344835247771455,,True,True,,528
4,enso-pacific-sst,True,1.5836317100918675,-1.2274630373311655,True,True,1.5836317100918673,-1.227463037331165,4.440892098500626e-16,True,-1.224818959345835,-1.2354042045576772,,True,True,,529
4,enso-pacific-sst,True,1.56785712908315,-1.228125524133281,True,True,1.5678571290831507,-1.228125524133282,1.1102230246251565e-15,True,-1.2275396545437507,-1.2366482217569028,,True,True,,530
4,enso-pacific-sst,True,1.5600120808633247,-1.2270674612546575,True,True,1.5600120808633249,-1.2270674612546573,4.440892098500626e-16,True,-1.2266550071687559,-1.2370740800418958,,True,True,,531
4,enso-pacific-sst,True,1.5480483564017635,-1.226696915748974,True,True,1.5480483564017637,-1.226696915748974,4.440892098500626e-16,True,-1.2261908370996581,-1.2364742281854648,,True,True,,532
4,enso-pacific-sst,True,1.5398905466891228,-1.2257427731353407,True,True,1.5398905466891215,-1.2257427731353394,1.3322676295501878e-15,True,-1.2249619935362788,-1.236016494030098,,True,True,,533
4,enso-pacific-sst,True,1.5304529596668293,-1.2249377645880537,True,True,1.5304529596668286,-1.2249377645880533,4.440892098500626e-16,True,-1.224010673011573,-1.2355989437889738,,True,True,,534
4,enso-pacific-sst,True,1.5211946167984027,-1.2231088184504046,True,True,1.5211946167984034,-1.223108818450405,4.440892098500626e-16,True,-1.2223031424854973,-1.2354980458867346,,True,True,,535
4,enso-pacific-sst,True,1.5109237429550393,-1.2195144732452219,True,True,1.5109237429550395,-1.2195144732452219,2.220446049250313e-16,True,-1.2190306805190199,-1.2358377063881065,,True,True,,536
4,enso-pacific-sst,True,1.4936253146764158,-1.2145847923728241,True,True,1.4936253146764153,-1.2145847923728237,4.440892098500626e-16,True,-1.2142135762014599,-1.2361266889462394,,True,True,,537
4,enso-pacific-sst,True,1.499029465172434,-1.208753392822732,True,True,1.4990294651724343,-1.2087533928227323,6.661338147750939e-16,True,-1.2086873687590347,-1.2353487689037947,,True,True,,538
4,enso-pacific-sst,True,1.4864610582797162,-1.205249033775567,True,True,1.4864610582797173,-1.205249033775568,8.881784197001252e-16,True,-1.2051694829536472,-1.2351626687681363,,True,True,,539
4,enso-pacific-sst,True,1.4924068426943762,-1.2046645528719302,True,True,1.492406842694376,-1.2046645528719293,8.881784197001252e-16,True,-1.2037482418264513,-1.2341776398632027,,True,True,,540
4,enso-pacific-sst,True,1.597227301339677,-1.2090713319676243,True,True,1.597227301339675,-1.2090713319676225,1.7763568394002505e-15,True,-1.2049219629392462,-1.233562426008866,,True,True,,541
4,enso-pacific-sst,True,1.6035253812634913,-1.2140638671603319,True,True,1.6035253812634909,-1.2140638671603317,5.551115123125783e-16,True,-1.2077573123966978,-1.2334392034368638,,True,True,,542
4,enso-pacific-sst,True,1.4832098328255376,-1.1996828247484572,True,True,1.4832098328255374,-1.1996828247484568,4.440892098500626e-16,True,-1.1986618529866906,-1.2337087032487053,,True,True,,543
4,enso-pacific-sst,True,1.4561139854256826,-1.2065281140110404,True,True,1.4561139854256833,-1.2065281140110409,7.216449660063518e-16,True,-1.2061633495443138,-1.2358461719949922,,True,True,,544
4,enso-pacific-sst,True,1.4204017396248945,-1.2059004633135175,True,True,1.4204017396248945,-1.205900463313518,6.106226635438361e-16,True,-1.2058920502045873,-1.2380919682110616,,True,True,,545
4,enso-pacific-sst,True,1.419512727522835,-1.2117117673152091,True,True,1.4195127275228359,-1.2117117673152098,6.661338147750939e-16,True,-1.2117025734222047,-1.2394128035793939,,True,True,,546
4,enso-pacific-sst,True,1.4221160716086843,-1.2167459772456162,True,True,1.4221160716086854,-1.2167459772456173,1.1102230246251565e-15,True,-1.2167352415169093,-1.2405719812902651,,True,True,,547
4,enso-pacific-sst,True,1.424818870057332,-1.2206640516212903,True,True,1.4248188700573325,-1.2206640516212905,4.996003610813204e-16,True,-1.2206521365866416,-1.241716354853432,,True,True,,548
4,enso-pacific-sst,True,1.4292149831464527,-1.225728797021154,True,True,1.4292149831464531,-1.2257287970211541,1.0547118733938987e-15,True,-1.2257151515349183,-1.2427715790825018,,True,True,,549
4,enso-pacific-sst,True,1.4321486935581507,-1.2289826556063304,True,True,1.4321486935581513,-1.2289826556063312,8.881784197001252e-16,True,-1.2289656941871616,-1.2435927516697869,,True,True,,550
4,enso-pacific-sst,True,1.4364798870844446,-1.2335719619835415,True,True,1.436479887084444,-1.2335719619835408,6.661338147750939e-16,True,-1.2335520169088818,-1.2445036568143761,,True,True,,551
4,enso-pacific-sst,True,1.4377785384658397,-1.2349451580515813,True,True,1.4377785384658384,-1.23494515805158,1.3322676295501878e-15,True,-1.2349190384786084,-1.24501403422489,,True,True,,552
4,enso-pacific-sst,True,1.4390827800992778,-1.2361858553157146,True,True,1.4390827800992787,-1.2361858553157155,8.881784197001252e-16,True,-1.236147319035521,-1.2454433977483441,,True,True,,553
4,enso-pacific-sst,True,1.4412214328939217,-1.237990556874665,True,True,1.4412214328939217,-1.2379905568746652,5.551115123125783e-16,True,-1.2379196137158779,-1.2458694219607513,,True,True,,554
4,enso-pacific-sst,True,1.4453575100641387,-1.2418819037738742,True,True,1.4453575100641394,-1.2418819037738746,4.440892098500626e-16,True,-1.2417641924607135,-1.246520050418799,,True,True,,555
4,enso-pacific-sst,True,1.4472192883573842,-1.2435017176804246,True,True,1.4472192883573838,-1.2435017176804242,4.440892098500626e-16,True,-1.2432997358794422,-1.2470023166993225,,True,True,,556
4,enso-pacific-sst,True,1.448197523202269,-1.2445045990528487,True,True,1.4481975232022684,-1.244504599052848,6.661338147750939e-16,True,-1.2442554995692523,-1.2475086910608566,,True,True,,557
4,enso-pacific-sst,True,1.4496599038560707,-1.245462448405108,True,True,1.4496599038560702,-1.2454624484051076,4.996003610813204e-16,True,-1.2451580537115252,-1.24789406249619,,True,True,,558
4,enso-pacific-sst,True,1.4512594801669652,-1.2461884546999271,True,True,1.4512594801669632,-1.2461884546999251,1.9984014443252818e-15,True,-1.2459900881192787,-1.2481782450181784,,True,True,,559
4,enso-pacific-sst,True,1.4527328424106463,-1.2466396295246818,True,True,1.4527328424106474,-1.2466396295246827,8.881784197001252e-16,True,-1.246458395580843,-1.248331537789619,,True,True,,560
4,enso-pacific-sst,True,1.454560364467382,-1.2476593446030526,True,True,1.4545603644673817,-1.2476593446030526,2.220446049250313e-16,True,-1.2475709505361563,-1.248531270951005,,True,True,,561
4,enso-pacific-sst,True,1.4559926285473932,-1.2482766959842329,True,True,1.4559926285473943,-1.248276695984234,1.1102230246251565e-15,True,-1.2482362884581208,-1.248688241300313,,True,True,,562
4,enso-pacific-sst,True,1.4570443032358082,-1.2478562073513755,True,True,1.4570443032358078,-1.2478562073513746,8.881784197001252e-16,True,-1.2478310141457014,-1.2486386823713667,,True,True,,563
4,enso-pacific-sst,True,1.4596057084857705,-1.2473685233945915,True,True,1.4596057084857685,-1.2473685233945893,2.220446049250313e-15,True,-1.24733344303406,-1.2486079600123166,,True,True,,564
4,enso-pacific-sst,True,1.4644771573640307,-1.246813445745298,True,True,1.464477157364032,-1.2468134457452995,1.5543122344752192e-15,True,-1.246385935866625,-1.248554139655759,,True,True,,565
4,enso-pacific-sst,True,1.4682298189073075,-1.2470848829146517,True,True,1.4682298189073066,-1.2470848829146508,8.881784197001252e-16,True,-1.246491696910987,-1.248525593952224,,True,True,,566
4,enso-pacific-sst,True,1.466318029188458,-1.2467904100373828,True,True,1.4663180291884588,-1.2467904100373834,6.661338147750939e-16,True,-1.2462469479589249,-1.2484094230467258,,True,True,,567
4,enso-pacific-sst,True,1.4620171297944746,-1.244824667895423,True,True,1.4620171297944742,-1.2448246678954225,4.440892098500626e-16,True,-1.2434783357082593,-1.2478578513097203,,True,True,,568
4,enso-pacific-sst,True,1.4613977685498027,-1.2450866989131688,True,True,1.4613977685498023,-1.2450866989131684,4.440892098500626e-16,True,-1.238455449380106,-1.24733428715132,,True,True,,569
4,enso-pacific-sst,True,1.4596807052909337,-1.2428705946092358,True,True,1.4596807052909337,-1.2428705946092358,3.3306690738754696e-16,True,-1.2376103989543967,-1.2465161173689434,,True,True,,570
4,enso-pacific-sst,True,1.4567410195440482,-1.2414791282609927,True,True,1.4567410195440478,-1.2414791282609925,4.440892098500626e-16,True,-1.2392958564684167,-1.2462896302519813,,True,True,,571
4,enso-pacific-sst,True,1.4548096917727915,-1.2404732442287547,True,True,1.4548096917727922,-1.2404732442287554,6.661338147750939e-16,True,-1.2393914183518788,-1.246084336728139,,True,True,,572
4,enso-pacific-sst,True,1.4532527612542898,-1.2393292097770183,True,True,1.45325276125429,-1.2393292097770185,4.440892098500626e-16,True,-1.238733851522998,-1.2457624478651899,,True,True,,573
4,enso-pacific-sst,True,1.4520532465171534,-1.238319620059082,True,True,1.4520532465171547,-1.2383196200590831,1.1102230246251565e-15,True,-1.2380011714853265,-1.245478185499185,,True,True,,574
4,enso-pacific-sst,True,1.4496619801479098,-1.2355032857124613,True,True,1.4496619801479103,-1.2355032857124613,3.885780586188048e-16,True,-1.235281932298298,-1.2447767147548021,,True,True,,575
4,enso-pacific-sst,True,1.4510398326447593,-1.236287136715978,True,True,1.4510398326447587,-1.2362871367159771,8.881784197001252e-16,True,-1.2356861465587787,-1.2444913106701543,,True,True,,576
4,enso-pacific-sst,True,1.4540593703203304,-1.2384322132480363,True,True,1.4540593703203313,-1.2384322132480374,1.1102230246251565e-15,True,-1.2373128902201544,-1.2442009426983553,,True,True,,577
4,enso-pacific-sst,True,1.453338252720434,-1.2370435407993923,True,True,1.4533382527204337,-1.237043540799392,2.220446049250313e-16,True,-1.2363917566072409,-1.2438707788865326,,True,True,,578
4,enso-pacific-sst,True,1.4501281215426105,-1.2324207781603191,True,True,1.4501281215426105,-1.2324207781603196,4.440892098500626e-16,True,-1.2322052825751308,-1.2433840141004344,,True,True,,579
4,enso-pacific-sst,True,1.4486715901786695,-1.2276423748644887,True,True,1.4486715901786704,-1.2276423748644896,8.881784197001252e-16,True,-1.22752183880285,-1.2422950599531506,,True,True,,580
4,enso-pacific-sst,True,1.4596502530272863,-1.2244913202951533,True,True,1.4596502530272861,-1.224491320295153,4.440892098500626e-16,True,-1.2243199247313266,-1.2411181608754995,,True,True,,581
4,enso-pacific-sst,True,1.4733312265045813,-1.218685397024974,True,True,1.4733312265045815,-1.218685397024974,4.440892098500626e-16,True,-1.2185983307495558,-1.2400725700290727,,True,True,,582
4,enso-pacific-sst,True,1.5173143661421857,-1.2259288918336966,True,True,1.5173143661421857,-1.2259288918336966,2.220446049250313e-16,True,-1.2238987537538404,-1.2394834620327142,,True,True,,583
4,enso-pacific-sst,True,1.5862615068421841,-1.2169020332965714,True,True,1.5862615068421846,-1.2169020332965719,9.992007221626409e-16,True,-1.2161736968874963,-1.2387114505221732,,True,True,,584
4,enso-pacific-sst,True,1.6151427997239791,-1.2251190799594698,True,True,1.6151427997239787,-1.225119079959469,8.881784197001252e-16,True,-1.2219695318582202,-1.2390702013801331,,True,True,,585
4,enso-pacific-sst,True,1.6308879710764774,-1.2268494431856307,True,True,1.6308879710764774,-1.2268494431856307,1.2212453270876722e-15,True,-1.2245895378044884,-1.239545033593603,,True,True,,586
4,enso-pacific-sst,True,1.627919236581756,-1.2245508982845648,True,True,1.6279192365817567,-1.2245508982845654,6.661338147750939e-16,True,-1.221267570021328,-1.2386638598234994,,True,True,,587
4,enso-pacific-sst,True,1.6318543660467852,-1.2249855472307019,True,True,1.6318543660467866,-1.2249855472307027,8.881784197001252e-16,True,-1.2197689793084925,-1.2384274508486155,,True,True,,588
4,enso-pacific-sst,True,1.6308963551097109,-1.22356730630292,True,True,1.6308963551097104,-1.2235673063029195,8.881784197001252e-16,True,-1.2191623936811309,-1.2384174534278924,,True,True,,589
4,enso-pacific-sst,True,1.621149621774062,-1.2176603750037578,True,True,1.621149621774061,-1.2176603750037571,6.661338147750939e-16,True,-1.215963773406712,-1.238209838280922,,True,True,,590
4,enso-pacific-sst,True,1.6084069093047884,-1.2212636309855553,True,True,1.608406909304787,-1.221263630985554,1.3322676295501878e-15,True,-1.219114868000442,-1.238342933869281,,True,True,,591
4,enso-pacific-sst,True,1.6030870687281318,-1.2219705726218022,True,True,1.6030870687281324,-1.2219705726218026,4.440892098500626e-16,True,-1.220944151536338,-1.238456268704574,,True,True,,592
4,enso-pacific-sst,True,1.6154809646574642,-1.2210241265905228,True,True,1.6154809646574635,-1.2210241265905224,6.661338147750939e-16,True,-1.2195739732654882,-1.2379040958470355,,True,True,,593
4,enso-pacific-sst,True,1.6240514396402614,-1.222781684006946,True,True,1.6240514396402626,-1.2227816840069468,6.661338147750939e-16,True,-1.2210585565209513,-1.2381565247923978,,True,True,,594
4,enso-pacific-sst,True,1.626580610071775,-1.2224857633942459,True,True,1.6265806100717755,-1.222485763394246,3.3306690738754696e-16,True,-1.2205832499919993,-1.2378652200988076,,True,True,,595
4,enso-pacific-sst,True,1.6261616976112903,-1.2212609906104432,True,True,1.6261616976112903,-1.2212609906104435,3.3306690738754696e-16,True,-1.2188235797287357,-1.2371126590273382,,True,True,,596
4,enso-pacific-sst,True,1.620936805989465,-1.2190391226375934,True,True,1.620936805989465,-1.2190391226375927,6.661338147750939e-16,True,-1.2170074192980513,-1.236151391499391,,True,True,,597
4,enso-pacific-sst,True,1.6221216057562131,-1.2197384069073625,True,True,1.6221216057562138,-1.219738406907363,4.440892098500626e-16,True,-1.2172760968683496,-1.2353542130320208,,True,True,,598
4,enso-pacific-sst,True,1.6227483698507266,-1.2223338773574657,True,True,1.6227483698507261,-1.2223338773574661,8.881784197001252e-16,True,-1.2191029124662167,-1.2356640884226102,,True,True,,599
4,enso-pacific-sst,True,1.6125191775323744,-1.221808968137045,True,True,1.612519177532377,-1.2218089681370474,2.4424906541753444e-15,True,-1.2188538906945192,-1.2348450634408359,,True,True,,600
4,enso-pacific-sst,True,1.6146167683850465,-1.2207552878693009,True,True,1.614616768385047,-1.2207552878693018,8.881784197001252e-16,True,-1.2169204499012378,-1.234697289512063,,True,True,,601
4,enso-pacific-sst,True,1.6140686201496774,-1.220359174518366,True,True,1.6140686201496772,-1.220359174518366,1.2212453270876722e-15,True,-1.2167353284103908,-1.2344733875577218,,True,True,,602
4,enso-pacific-sst,True,1.500607647843246,-1.210128349611006,True,True,1.5006076478432453,-1.2101283496110051,8.881784197001252e-16,True,-1.2084276348384417,-1.2354660318370847,,True,True,,603
4,enso-pacific-sst,True,1.493517796373449,-1.205669748518571,True,True,1.4935177963734487,-1.205669748518571,5.551115123125783e-16,True,-1.2050245395635601,-1.235609431038138,,True,True,,604
4,enso-pacific-sst,True,1.488996905926827,-1.2098010640119172,True,True,1.4889969059268278,-1.209801064011918,6.661338147750939e-16,True,-1.2087324487530933,-1.236062474815087,,True,True,,605
4,enso-pacific-sst,True,1.502590637656661,-1.209749736027574,True,True,1.5025906376566596,-1.2097497360275729,1.1102230246251565e-15,True,-1.208543432278668,-1.2357131240082169,,True,True,,606
4,enso-pacific-sst,True,1.5154612669052852,-1.2074444759106424,True,True,1.5154612669052845,-1.207444475910642,4.440892098500626e-16,True,-1.2063235718766665,-1.2351300594072567,,True,True,,607
4,enso-pacific-sst,True,1.5372071203259443,-1.2229017603980314,True,True,1.5372071203259448,-1.2229017603980317,2.220446049250313e-16,True,-1.2200032667586056,-1.2356067075435437,,True,True,,608
4,enso-pacific-sst,True,1.5417817382120527,-1.230336604260174,True,True,1.5417817382120511,-1.2303366042601727,1.3322676295501878e-15,True,-1.2251403033264168,-1.2357263603256063,,True,True,,609
4,enso-pacific-sst,True,1.5389481369303282,-1.2305138286194457,True,True,1.5389481369303277,-1.2305138286194457,7.771561172376096e-16,True,-1.2254421477446087,-1.2359929647789534,,True,True,,610
4,enso-pacific-sst,True,1.5370770580052915,-1.2309049762618445,True,True,1.5370770580052906,-1.2309049762618438,6.661338147750939e-16,True,-1.2254695750607725,-1.236804261853515,,True,True,,611
4,enso-pacific-sst,True,1.538944075686192,-1.2318277570200107,True,True,1.5389440756861923,-1.2318277570200111,4.440892098500626e-16,True,-1.2260890901469994,-1.2372834062833886,,True,True,,612
4,enso-pacific-sst,True,1.545797420632402,-1.230579203895243,True,True,1.5457974206324019,-1.2305792038952428,6.661338147750939e-16,True,-1.2254560619701922,-1.236993165451743,,True,True,,613
4,enso-pacific-sst,True,1.537619383092198,-1.2297081336864055,True,True,1.5376193830921976,-1.2297081336864046,8.881784197001252e-16,True,-1.2264476427336004,-1.2379242572828244,,True,True,,614
4,enso-pacific-sst,True,1.5283690808600146,-1.2315779821606165,True,True,1.5283690808600139,-1.231577982160616,7.771561172376096e-16,True,-1.2247717767902733,-1.2391239527192845,,True,True,,615
4,enso-pacific-sst,True,1.5230510802157673,-1.233553139354204,True,True,1.523051080215768,-1.233553139354205,8.881784197001252e-16,True,-1.2227570588657382,-1.2393580751591124,,True,True,,616
4,enso-pacific-sst,True,1.5118167364406843,-1.2318363250879913,True,True,1.5118167364406851,-1.2318363250879925,1.1102230246251565e-15,True,-1.2277725265871393,-1.238957717855698,,True,True,,617
4,enso-pacific-sst,True,1.5123533852237738,-1.230464642023998,True,True,1.5123533852237743,-1.2304646420239984,4.996003610813204e-16,True,-1.23008354192704,-1.2386682022015227,,True,True,,618
4,enso-pacific-sst,True,1.5136489332182381,-1.2331267683250018,True,True,1.513648933218239,-1.2331267683250025,8.881784197001252e-16,True,-1.232422668352905,-1.2384973442008607,,True,True,,619
4,enso-pacific-sst,True,1.5138467596875644,-1.2330443268905902,True,True,1.5138467596875653,-1.2330443268905913,1.1102230246251565e-15,True,-1.2321237630592536,-1.238777940237243,,True,True,,620
4,enso-pacific-sst,True,1.5194241997528812,-1.2321976196308981,True,True,1.5194241997528815,-1.2321976196308984,3.3306690738754696e-16,True,-1.231079614626336,-1.2389595277544265,,True,True,,621
4,enso-pacific-sst,True,1.5184149096528725,-1.2300985968462477,True,True,1.5184149096528712,-1.2300985968462466,1.1102230246251565e-15,True,-1.2287833969217943,-1.2394852052951404,,True,True,,622
4,enso-pacific-sst,True,1.5203162714164573,-1.2282011077583506,True,True,1.5203162714164584,-1.2282011077583515,8.881784197001252e-16,True,-1.226299130016883,-1.2400950724372515,,True,True,,623
4,enso-pacific-sst,True,1.585630958240279,-1.2304305900425465,True,True,1.5856309582402779,-1.2304305900425456,8.881784197001252e-16,True,-1.2274290253067244,-1.2407963434978804,,True,True,,624
4,enso-pacific-sst,True,1.5910436166047797,-1.2302957152350085,True,True,1.5910436166047792,-1.230295715235008,6.661338147750939e-16,True,-1.2258290772187594,-1.2415561949329945,,True,True,,625
4,enso-pacific-sst,True,1.5989983482678145,-1.2335518185804237,True,True,1.5989983482678163,-1.2335518185804255,1.7763568394002505e-15,True,-1.2273132029944442,-1.2417466582305712,,True,True,,626
4,enso-pacific-sst,True,1.604384640863975,-1.2326494094343563,True,True,1.6043846408639746,-1.232649409434356,6.661338147750939e-16,True,-1.2258491993653475,-1.2409376739883076,,True,True,,627
4,enso-pacific-sst,True,1.609192398921323,-1.2312798144661086,True,True,1.609192398921325,-1.23127981446611,1.3322676295501878e-15,True,-1.225503036538029,-1.2402003685257619,,True,True,,628
4,enso-pacific-sst,True,1.5909105643100199,-1.2260837586599722,True,True,1.5909105643100196,-1.2260837586599718,4.440892098500626e-16,True,-1.2226003544306658,-1.2392621500326755,,True,True,,629
4,enso-pacific-sst,True,1.595539371826778,-1.2304771509670902,True,True,1.595539371826779,-1.2304771509670909,6.661338147750939e-16,True,-1.2262066979355661,-1.2388376344717131,,True,True,,630
4,enso-pacific-sst,True,1.5852052385699493,-1.229652562943944,True,True,1.5852052385699498,-1.2296525629439448,8.881784197001252e-16,True,-1.2260406072749002,-1.2389712221381566,,True,True,,631
4,enso-pacific-sst,True,1.5849221834489324,-1.2293414128207392,True,True,1.5849221834489322,-1.2293414128207392,1.6653345369377348e-16,True,-1.2258929376478698,-1.2387059224046533,,True,True,,632
4,enso-pacific-sst,True,1.5857698023117124,-1.2266600969968204,True,True,1.5857698023117122,-1.2266600969968202,2.220446049250313e-16,True,-1.2234889035953693,-1.2382667541291847,,True,True,,633
4,enso-pacific-sst,True,1.5843080134060903,-1.2218496222015929,True,True,1.584308013406091,-1.2218496222015933,4.440892098500626e-16,True,-1.2188924813117195,-1.237805460266329,,True,True,,634
4,enso-pacific-sst,True,1.5696167818854159,-1.2161589654787917,True,True,1.5696167818854154,-1.216158965478791,6.661338147750939e-16,True,-1.214454222145516,-1.237678125706976,,True,True,,635
4,enso-pacific-sst,True,1.597151205611651,-1.2227023173602358,True,True,1.597151205611652,-1.222702317360236,4.440892098500626e-16,True,-1.219435598126246,-1.2373810396142881,,True,True,,636
4,enso-pacific-sst,True,1.6036199668463305,-1.2209218759574307,True,True,1.603619966846328,-1.2209218759574294,1.3322676295501878e-15,True,-1.2173331721187488,-1.236912243519781,,True,True,,637
4,enso-pacific-sst,True,1.5960076693569696,-1.2186864122895062,True,True,1.5960076693569696,-1.2186864122895062,1.1102230246251565e-16,True,-1.2162306684370492,-1.2361874384287077,,True,True,,638
4,enso-pacific-sst,True,1.5716253086367171,-1.2138127547148416,True,True,1.5716253086367171,-1.2138127547148412,4.440892098500626e-16,True,-1.2124555235568273,-1.2353868777794597,,True,True,,639
4,enso-pacific-sst,True,1.5762989568473904,-1.2191131216494773,True,True,1.5762989568473904,-1.2191131216494773,1.6653345369377348e-16,True,-1.2175040016722996,-1.2352441676659516,,True,True,,640
4,enso-pacific-sst,True,1.6008629216944985,-1.2198136346156077,True,True,1.6008629216944967,-1.2198136346156065,1.1102230246251565e-15,True,-1.2174860794359206,-1.2358791172525596,,True,True,,641
4,enso-pacific-sst,True,1.600032330092591,-1.2165918075704405,True,True,1.600032330092589,-1.216591807570439,1.5543122344752192e-15,True,-1.2141291104368235,-1.2365828506240937,,True,True,,642
4,enso-pacific-sst,True,1.5984123691292647,-1.2195403614110534,True,True,1.5984123691292664,-1.2195403614110552,1.7763568394002505e-15,True,-1.2165447788393629,-1.2371198811859685,,True,True,,643
4,enso-pacific-sst,True,1.5988957985048382,-1.223575227779726,True,True,1.5988957985048382,-1.2235752277797265,4.440892098500626e-16,True,-1.2196226359235314,-1.236765706552568,,True,True,,644
4,enso-pacific-sst,True,1.5892608740919347,-1.2228121242755492,True,True,1.5892608740919343,-1.2228121242755492,7.771561172376096e-16,True,-1.2200208410311184,-1.236471798847013,,True,True,,645
4,enso-pacific-sst,True,1.5819550001996774,-1.2181542153386447,True,True,1.5819550001996776,-1.218154215338645,4.440892098500626e-16,True,-1.2164779130711059,-1.2352353371788587,,True,True,,646
4,enso-pacific-sst,True,1.579398883279469,-1.2156349955344594,True,True,1.5793988832794685,-1.215634995534459,4.440892098500626e-16,True,-1.2142841909798445,-1.2341501581874097,,True,True,,647
4,enso-pacific-sst,True,1.5811435043235837,-1.214355102651818,True,True,1.581143504323584,-1.214355102651818,3.885780586188048e-16,True,-1.2129976781787055,-1.2341392723089384,,True,True,,648
4,enso-pacific-sst,True,1.5839238182612028,-1.2152754138508741,True,True,1.583923818261202,-1.2152754138508735,6.661338147750939e-16,True,-1.2130677788268933,-1.2340657178667602,,True,True,,649
4,enso-pacific-sst,True,1.5769674285808242,-1.2125304322418886,True,True,1.5769674285808248,-1.212530432241889,7.216449660063518e-16,True,-1.2114407881209635,-1.234277756304494,,True,True,,650
4,enso-pacific-sst,True,1.5736627712536169,-1.212613043776806,True,True,1.573662771253616,-1.2126130437768048,1.1102230246251565e-15,True,-1.2110765988253709,-1.2342260699712524,,True,True,,651
4,enso-pacific-sst,True,1.566706690327485,-1.2143118045479444,True,True,1.5667066903274864,-1.214311804547946,1.5543122344752192e-15,True,-1.2128985919929167,-1.233500587757799,,True,True,,652
4,enso-pacific-sst,True,1.5637627822286013,-1.21724635396984,True,True,1.5637627822286029,-1.217246353969841,1.1102230246251565e-15,True,-1.2152866329571743,-1.2339811786284804,,True,True,,653
4,enso-pacific-sst,True,1.5618037549746533,-1.2217479712148207,True,True,1.5618037549746537,-1.221747971214821,2.220446049250313e-16,True,-1.2187142199508139,-1.2341905512672389,,True,True,,654
4,enso-pacific-sst,True,1.5587442400091152,-1.2251127673413116,True,True,1.5587442400091127,-1.2251127673413094,2.220446049250313e-15,True,-1.2223647743843782,-1.2346678017083155,,True,True,,655
4,enso-pacific-sst,True,1.5368358659748664,-1.2144810236322052,True,True,1.536835865974866,-1.2144810236322052,4.440892098500626e-16,True,-1.2135238021060692,-1.2349603614030995,,True,True,,656
4,enso-pacific-sst,True,1.5159800715746596,-1.2125980809471122,True,True,1.5159800715746603,-1.2125980809471129,6.661338147750939e-16,True,-1.212167719503163,-1.235504657808101,,True,True,,657
4,enso-pacific-sst,True,1.4926975185195992,-1.2105137214178123,True,True,1.4926975185196,-1.2105137214178128,4.996003610813204e-16,True,-1.2103560598030487,-1.2362909038776788,,True,True,,658
4,enso-pacific-sst,True,1.5132889716328668,-1.22398026939367,True,True,1.5132889716328668,-1.2239802693936703,6.661338147750939e-16,True,-1.2223850708959019,-1.2361919030236956,,True,True,,659
4,enso-pacific-sst,True,1.5103233861087186,-1.228793231440719,True,True,1.5103233861087175,-1.2287932314407184,6.661338147750939e-16,True,-1.2239308195914262,-1.237075769608648,,True,True,,660
4,enso-pacific-sst,True,1.5079477706514202,-1.2298325716829668,True,True,1.5079477706514202,-1.2298325716829668,4.440892098500626e-16,True,-1.225355525955412,-1.237717669121634,,True,True,,661
4,enso-pacific-sst,True,1.5159494593448006,-1.2314885202346424,True,True,1.5159494593448002,-1.2314885202346422,5.551115123125783e-16,True,-1.2246386682039545,-1.2379238899386786,,True,True,,662
4,enso-pacific-sst,True,1.5283052465164144,-1.2313210936806516,True,True,1.528305246516414,-1.2313210936806507,8.881784197001252e-16,True,-1.2249370610602541,-1.237872949498512,,True,True,,663
4,enso-pacific-sst,True,1.5322175363613646,-1.225388828447419,True,True,1.532217536361364,-1.2253888284474184,6.661338147750939e-16,True,-1.224327242400257,-1.23704411158655,,True,True,,664
4,enso-pacific-sst,True,1.5204528710487486,-1.2280837175812294,True,True,1.5204528710487493,-1.2280837175812307,1.3322676295501878e-15,True,-1.227560017698394,-1.2364830176006434,,True,True,,665
4,enso-pacific-sst,True,1.505205772055783,-1.2286848576134295,True,True,1.505205772055782,-1.2286848576134286,8.881784197001252e-16,True,-1.2281962368774497,-1.235693929670105,,True,True,,666
4,enso-pacific-sst,True,1.5146690855263378,-1.2303276767397526,True,True,1.5146690855263372,-1.2303276767397517,8.881784197001252e-16,True,-1.2297606375635035,-1.234946843941859,,True,True,,667
4,enso-pacific-sst,True,1.5119224405439857,-1.2323047752857392,True,True,1.5119224405439857,-1.2323047752857392,6.661338147750939e-16,True,-1.2310248061622366,-1.2348394218503191,,True,True,,668
4,enso-pacific-sst,True,1.5087208920206856,-1.2326840915195307,True,True,1.508720892020685,-1.2326840915195303,8.881784197001252e-16,True,-1.231999349555042,-1.2351537515187403,,True,True,,669
4,enso-pacific-sst,True,1.498128456098196,-1.2322200687773135,True,True,1.4981284560981962,-1.2322200687773135,6.661338147750939e-16,True,-1.231507653180792,-1.2352639079103278,,True,True,,670
4,enso-pacific-sst,True,1.4891320364540466,-1.2313831598258291,True,True,1.4891320364540472,-1.2313831598258291,5.551115123125783e-16,True,-1.2306644045763637,-1.2355566753690561,,True,True,,671
4,enso-pacific-sst,True,1.483066736982947,-1.231074685071734,True,True,1.4830667369829469,-1.2310746850717338,1.1102230246251565e-15,True,-1.2302190804581408,-1.235956588976219,,True,True,,672
4,enso-pacific-sst,True,1.4797873687027567,-1.2250614764909127,True,True,1.4797873687027576,-1.2250614764909136,8.881784197001252e-16,True,-1.2244329197227581,-1.2351851749909306,,True,True,,673
4,enso-pacific-sst,True,1.490087135212218,-1.2300780834697516,True,True,1.4900871352122178,-1.2300780834697513,4.996003610813204e-16,True,-1.2297309365735833,-1.2350580092362138,,True,True,,674
4,enso-pacific-sst,True,1.4925427624040324,-1.2314724692668708,True,True,1.4925427624040304,-1.2314724692668686,2.220446049250313e-15,True,-1.2312540285106324,-1.2357541932894704,,True,True,,675
4,enso-pacific-sst,True,1.4925612442297886,-1.2337562029099736,True,True,1.492561244229787,-1.233756202909972,1.5543122344752192e-15,True,-1.233194639130635,-1.2362856916577163,,True,True,,676
4,enso-pacific-sst,True,1.488304676012662,-1.2340947457524192,True,True,1.4883046760126644,-1.2340947457524214,2.220446049250313e-15,True,-1.2332646345593181,-1.236924814996212,,True,True,,677
4,enso-pacific-sst,True,1.4827236992747537,-1.233952965243092,True,True,1.4827236992747532,-1.2339529652430916,8.881784197001252e-16,True,-1.233296906702459,-1.2378198155334077,,True,True,,678
4,enso-pacific-sst,True,1.4812260562434716,-1.2355720758065498,True,True,1.481226056243472,-1.23557207580655,4.440892098500626e-16,True,-1.2353166628589554,-1.2382523166872266,,True,True,,679
4,enso-pacific-sst,True,1.4820505202650085,-1.2348898983389978,True,True,1.4820505202650092,-1.2348898983389978,6.106226635438361e-16,True,-1.2346248044873924,-1.2378893788701497,,True,True,,680
4,enso-pacific-sst,True,1.4845934013903153,-1.233171667675768,True,True,1.4845934013903153,-1.233171667675768,1.1102230246251565e-16,True,-1.233025928920146,-1.2373319534557439,,True,True,,681
4,enso-pacific-sst,True,1.4915370216315254,-1.2314902500447782,True,True,1.4915370216315276,-1.23149025004478,1.7763568394002505e-15,True,-1.2312250955473851,-1.236664906193218,,True,True,,682
4,enso-pacific-sst,True,1.4835077601834927,-1.2269879058952853,True,True,1.483507760183492,-1.2269879058952848,5.551115123125783e-16,True,-1.226640470722377,-1.2364562307959304,,True,True,,683
4,enso-pacific-sst,True,1.4869388602397344,-1.2215151665561943,True,True,1.486938860239736,-1.2215151665561956,1.3322676295501878e-15,True,-1.2213469222610074,-1.2361326644301385,,True,True,,684
4,enso-pacific-sst,True,1.4877958745829543,-1.2187536940180281,True,True,1.4877958745829536,-1.2187536940180275,6.661338147750939e-16,True,-1.2180373215390128,-1.2357133041506523,,True,True,,685
4,enso-pacific-sst,True,1.494925146416638,-1.2309859039000117,True,True,1.4949251464166378,-1.2309859039000113,4.440892098500626e-16,True,-1.2279862753053772,-1.235080641259831,,True,True,,686
4,enso-pacific-sst,True,1.4854189716051696,-1.2267621304368035,True,True,1.4854189716051698,-1.2267621304368037,6.661338147750939e-16,True,-1.225119127271175,-1.2345604775256858,,True,True,,687
4,enso-pacific-sst,True,1.4798826784602845,-1.227280606482679,True,True,1.4798826784602834,-1.227280606482678,8.881784197001252e-16,True,-1.2257984722503514,-1.2355270026747667,,True,True,,688
4,enso-pacific-sst,True,1.479049844599188,-1.2266673704466742,True,True,1.4790498445991873,-1.2266673704466737,8.881784197001252e-16,True,-1.2249605623863682,-1.236222294954554,,True,True,,689
4,enso-pacific-sst,True,1.4812749722987295,-1.2281630622459274,True,True,1.481274972298729,-1.2281630622459272,4.440892098500626e-16,True,-1.2261280102737806,-1.2370905768232883,,True,True,,690
4,enso-pacific-sst,True,1.473433241139227,-1.2286408025744104,True,True,1.4734332411392264,-1.22864080257441,4.440892098500626e-16,True,-1.2266534863742213,-1.2381750080008695,,True,True,,691
4,enso-pacific-sst,True,1.4618810685024202,-1.2262497101700638,True,True,1.4618810685024195,-1.2262497101700631,6.661338147750939e-16,True,-1.2244882005467677,-1.2392648555402288,,True,True,,692
4,enso-pacific-sst,True,1.4473337432119293,-1.229478616987326,True,True,1.4473337432119309,-1.2294786169873273,1.3322676295501878e-15,True,-1.2271692543029622,-1.2404136442832072,,True,True,,693
4,enso-pacific-sst,True,1.4311463731966632,-1.213573240567064,True,True,1.4311463731966623,-1.2135732405670636,6.106226635438361e-16,True,-1.2126930891382208,-1.2408176579412504,,True,True,,694
4,enso-pacific-sst,True,1.4502199500279482,-1.2269582780600503,True,True,1.4502199500279493,-1.2269582780600516,1.3322676295501878e-15,True,-1.2231801020861903,-1.2409338381323836,,True,True,,695
4,enso-pacific-sst,True,1.6180810880254621,-1.2308698094318522,True,True,1.6180810880254621,-1.230869809431852,7.771561172376096e-16,True,-1.2192716052450097,-1.241244675455216,,True,True,,696
4,enso-pacific-sst,True,1.6277379789075177,-1.2336736135774562,True,True,1.6277379789075188,-1.2336736135774573,1.1102230246251565e-15,True,-1.209807758314573,-1.2414800220502402,,True,True,,697
4,enso-pacific-sst,True,1.6238651843853613,-1.2329367699392195,True,True,1.6238651843853615,-1.2329367699392195,7.771561172376096e-16,True,-1.2131358653768674,-1.241438034244818,,True,True,,698
4,enso-pacific-sst,True,1.619121801747016,-1.2315489443068888,True,True,1.6191218017470164,-1.2315489443068894,1.2212453270876722e-15,True,-1.218142626223606,-1.241486832484613,,True,True,,699
4,enso-pacific-sst,True,1.6168624004984882,-1.2315682473570981,True,True,1.6168624004984877,-1.2315682473570975,6.661338147750939e-16,True,-1.2222044800790774,-1.2417765031649535,,True,True,,700
4,enso-pacific-sst,True,1.6099395347862409,-1.23247029595806,True,True,1.6099395347862404,-1.2324702959580596,4.440892098500626e-16,True,-1.2271292399149483,-1.2423606865244707,,True,True,,701
4,enso-pacific-sst,True,1.6027652677543662,-1.2332170660556363,True,True,1.6027652677543658,-1.2332170660556359,5.551115123125783e-16,True,-1.230537606442957,-1.2429026085435264,,True,True,,702
4,enso-pacific-sst,True,1.5718798651050463,-1.2329835609747648,True,True,1.571879865105047,-1.2329835609747652,4.440892098500626e-16,True,-1.2301603082954329,-1.2420444664835213,,True,True,,703
4,enso-pacific-sst,True,1.478740462917614,-1.2285676311565437,True,True,1.4787404629176146,-1.2285676311565443,6.661338147750939e-16,True,-1.2267351083573634,-1.241678626011179,,True,True,,704
4,enso-pacific-sst,True,1.4693775054743052,-1.225104268622034,True,True,1.469377505474304,-1.225104268622033,8.881784197001252e-16,True,-1.2245403144093512,-1.2414237801383559,,True,True,,705
4,enso-pacific-sst,True,1.475917874760455,-1.232045592566448,True,True,1.4759178747604547,-1.2320455925664475,4.440892098500626e-16,True,-1.2310007093760817,-1.241137694973094,,True,True,,706
4,enso-pacific-sst,True,1.4753542348369202,-1.2322502040225678,True,True,1.4753542348369195,-1.2322502040225674,5.551115123125783e-16,True,-1.2318244882592684,-1.240995620575431,,True,True,,707
4,zachary-karate-network,True,0.3058438144429313,-0.09047537717428926,True,True,0.30584381444293085,-0.09047537717428893,5.828670879282072e-16,True,-0.09016425316910064,-0.7276818146069856,,True,True,,0
4,zachary-karate-network,False,0.2015404391789102,0.0183398301995563,False,True,0.20154043917891024,0.01833983019955644,5.551115123125783e-16,False,0.01983118492893604,-0.8564228908543129,no simple negative active ground mode,True,False,formation gate failed: no simple negative lowest eigenvalue,1
4,zachary-karate-network,False,0.18358923404633318,0.0390642538609407,False,True,0.1835892340463332,0.03906425386094077,1.1102230246251565e-16,False,0.040323415668156365,-0.8147253253729002,no simple negative active ground mode,True,False,formation gate failed: no simple negative lowest eigenvalue,2
4,zachary-karate-network,False,0.17084311490897286,0.046946466534883394,False,True,0.17084311490897286,0.04694646653488334,3.885780586188048e-16,False,0.04905901908755398,-0.9687363332488208,no simple negative active ground mode,True,False,formation gate failed: no simple negative lowest eigenvalue,3
4,zachary-karate-network,True,0.22343248523738649,-0.016692768977012242,True,True,0.22343248523738657,-0.016692768977012298,2.220446049250313e-16,True,-0.01601833373140047,-1.1142428585254294,,True,True,,4
4,zachary-karate-network,True,0.39240915643067303,-0.18735296279523075,True,True,0.3924091564306731,-0.18735296279523087,2.220446049250313e-16,True,-0.18705427109925213,-1.0361614485699562,,True,True,,5
4,zachary-karate-network,True,0.3754876158804188,-0.17037992710874073,True,True,0.3754876158804191,-0.17037992710874086,4.996003610813204e-16,True,-0.17005322344326843,-1.0480881122534513,,True,True,,6
4,zachary-karate-network,False,0.1259521923505591,0.09364734418271849,False,True,0.12595219235055938,0.09364734418271829,2.7755575615628914e-16,False,0.09660398222432774,-1.0399954430035558,no simple negative active ground mode,True,False,formation gate failed: no simple negative lowest eigenvalue,7
4,zachary-karate-network,False,0.10640040527458934,0.11485591882407216,False,True,0.10640040527458934,0.11485591882407235,3.885780586188048e-16,False,0.11535467007582051,-0.9740886942074094,no simple negative active ground mode,True,False,formation gate failed: no simple negative lowest eigenvalue,8
4,zachary-karate-network,True,0.6873625152587286,-0.4836705785631965,True,True,0.6873625152587294,-0.4836705785631972,6.661338147750939e-16,True,-0.48357607794854857,-1.1945495640745467,,True,True,,9
4,zachary-karate-network,True,0.2627507116943235,-0.056876354957136915,True,True,0.26275071169432346,-0.05687635495713686,2.220446049250313e-16,True,-0.05631602039943235,-1.1159679298646594,,True,True,,10
4,zachary-karate-network,True,0.7572041457871134,-0.5541939461472519,True,True,0.757204145787113,-0.5541939461472516,3.3306690738754696e-16,True,-0.5541181768709581,-1.1963298123881747,,True,True,,11
4,zachary-karate-network,True,0.2610880672524807,-0.05305637493373477,True,True,0.26108806725248035,-0.05305637493373465,3.3306690738754696e-16,True,-0.0521944605018993,-1.1802375492326524,,True,True,,12
4,zachary-karate-network,False,0.12174150141810867,0.10016141670060573,False,True,0.12174150141810876,0.10016141670060559,1.6653345369377348e-16,False,0.10263565105155187,-0.9780483815896868,no simple negative active ground mode,True,False,formation gate failed: no simple negative lowest eigenvalue,13
4,zachary-karate-network,False,0.1106970473104761,0.10186028175191751,False,True,0.1106970473104762,0.10186028175191736,2.7755575615628914e-16,False,0.10349545142592265,-1.1607192251791054,no simple negative active ground mode,True,False,formation gate failed: no simple negative lowest eigenvalue,14
4,zachary-karate-network,False,0.10718367697371362,0.10666239469669173,False,True,0.1071836769737135,0.10666239469669181,1.6653345369377348e-16,False,0.10807080864898833,-1.1283501212753766,no simple negative active ground mode,True,False,formation gate failed: no simple negative lowest eigenvalue,15
4,zachary-karate-network,True,0.5536629639740994,-0.3506799107518762,True,True,0.5536629639741002,-0.350679910751877,7.771561172376096e-16,True,-0.35053191376049175,-1.1513306690770662,,True,True,,16
4,zachary-karate-network,True,0.33229521050732647,-0.12652457272356638,True,True,0.3322952105073268,-0.1265245727235665,3.3306690738754696e-16,True,-0.1260428255398601,-1.1949074609643486,,True,True,,17
4,zachary-karate-network,True,0.28383756801161825,-0.07740624975296209,True,True,0.28383756801161836,-0.07740624975296216,2.220446049250313e-16,True,-0.07644741304016155,-1.1946803750438222,,True,True,,18
4,zachary-karate-network,False,0.09537367346076793,0.12469526325844667,False,True,0.09537367346076782,0.1246952632584468,2.7755575615628914e-16,False,0.12858742369416876,-1.1590176468849138,no simple negative active ground mode,True,False,formation gate failed: no simple negative lowest eigenvalue,19
4,zachary-karate-network,False,0.12413221333482467,0.0869301492763745,False,True,0.12413221333482462,0.08693014927637462,2.220446049250313e-16,False,0.08879434488551602,-1.178248531168792,no simple negative active ground mode,True,False,formation gate failed: no simple negative lowest eigenvalue,20
4,zachary-karate-network,False,0.15270313308064026,0.059296931735241386,False,True,0.1527031330806402,0.059296931735241386,1.6653345369377348e-16,False,0.061391364501557966,-1.1776686192367745,no simple negative active ground mode,True,False,formation gate failed: no simple negative lowest eigenvalue,21
4,zachary-karate-network,False,0.10770186486147294,0.10514629240411728,False,True,0.10770186486147275,0.10514629240411726,4.163336342344337e-16,False,0.10668333629013374,-1.160343184261489,no simple negative active ground mode,True,False,formation gate failed: no simple negative lowest eigenvalue,22
4,zachary-karate-network,False,0.16464776133669962,0.04928203797502085,False,True,0.16464776133669948,0.049282037975020905,1.6653345369377348e-16,False,0.0500927569649636,-0.9395016356520047,no simple negative active ground mode,True,False,formation gate failed: no simple negative lowest eigenvalue,23
4,zachary-karate-network,False,0.10928448195836053,0.10433375478511835,False,True,0.10928448195836078,0.10433375478511824,1.3877787807814457e-16,False,0.10581560522697689,-1.130571441837307,no simple negative active ground mode,True,False,formation gate failed: no simple negative lowest eigenvalue,24
4,zachary-karate-network,False,0.12869892802017224,0.08556325288563137,False,True,0.1286989280201723,0.08556325288563137,2.220446049250313e-16,False,0.08674122059145493,-1.0464979534278163,no simple negative active ground mode,True,False,formation gate failed: no simple negative lowest eigenvalue,25
4,zachary-karate-network,False,0.1305181737108887,0.0803840061885115,False,True,0.1305181737108887,0.0803840061885114,1.3877787807814457e-16,False,0.08184824588976347,-1.1501125602182067,no simple negative active ground mode,True,False,formation gate failed: no simple negative lowest eigenvalue,26
4,zachary-karate-network,False,0.11587257457811637,0.09984180447207869,False,True,0.11587257457811642,0.09984180447207877,2.7755575615628914e-16,False,0.10085073527283824,-1.0359079526278177,no simple negative active ground mode,True,False,formation gate failed: no simple negative lowest eigenvalue,27
4,zachary-karate-network,False,0.08388028838878397,0.13487695072967484,False,True,0.08388028838878392,0.13487695072967498,4.440892098500626e-16,False,0.13598598676304297,-1.1419698391022401,no simple negative active ground mode,True,False,formation gate failed: no simple negative lowest eigenvalue,28
4,zachary-karate-network,False,0.14454701905580286,0.06784508060702071,False,True,0.14454701905580306,0.06784508060702063,1.3877787807814457e-16,False,0.06901017262584011,-1.04153374347567,no simple negative active ground mode,True,False,formation gate failed: no simple negative lowest eigenvalue,29
4,zachary-karate-network,False,0.0945789535427537,0.12482630760163663,False,True,0.0945789535427536,0.12482630760163659,3.3306690738754696e-16,False,0.12559913738186348,-1.061504448459975,no simple negative active ground mode,True,False,formation gate failed: no simple negative lowest eigenvalue,30
4,zachary-karate-network,False,0.14221835802320829,0.0742628230347332,False,True,0.14221835802320834,0.0742628230347332,1.6653345369377348e-16,False,0.07507938232457277,-0.940427772317884,no simple negative active ground mode,True,False,formation gate failed: no simple negative lowest eigenvalue,31
4,zachary-karate-network,True,0.27228919963279874,-0.05770464221873961,True,True,0.27228919963279863,-0.05770464221873956,1.1102230246251565e-16,True,-0.05734863250461271,-0.7709200425092484,,True,True,,32
4,zachary-karate-network,True,0.3468771375435864,-0.1313989709327415,True,True,0.34687713754358673,-0.1313989709327416,3.3306690738754696e-16,True,-0.13123936552510448,-0.7161498551348645,,True,True,,33
