active_rank,active_rank_ratio,alpha,beta,carrier_id,exception,first_step_active_rank,first_step_alpha,first_step_beta,first_step_formation_eigenvalue,first_step_formation_gap,first_step_lambda_keep,first_step_lambda_up,first_step_persistence_rank,first_step_reason,first_step_success,first_step_terminal,formation_depth_normalized,formation_gap_normalized,gram_rebuild_residual,index,k_rms_ratio,load_log10_ratio,neutral_load_density_ratio,persistent_rank,processed,source_dimension,source_generation,source_name,successful_depth,successor_recursive_rho,successor_rho_mass,successor_y_log10_condition,terminal_reason_within_horizon,terminal_within_horizon,unitarity_residual
4.0,0.3333333333333333,0.025235507934669762,0.9747644920653302,annual-sunspots,,4,0.025235507934669762,0.9747644920653302,-1.2110322215887233,1.733289054594833,0.6973977937231679,0.018054809854463456,4,,True,False,0.9900593793949016,1.4170218224688362,0.0,0,0.8472935246978606,-1.5868876501316858,0.12299622517159663,4.0,True,12,0,sunspots_1712,3,1.0000000000000009,1.2110322215887235,0.31871331292096106,dual persistent load below admissibility threshold,True,4.445967112476811e-16
4.0,0.3333333333333333,0.024506577738331894,0.9754934222616681,annual-sunspots,,4,0.024506577738331894,0.9754934222616681,-1.2137308936729485,1.7194086468542735,0.7059525827688229,0.017735108668482262,4,,True,False,0.9914137021531745,1.4044672513306797,0.0,1,0.8534571516259746,-1.5999416775853275,0.12297624809985717,4.0,True,12,1,sunspots_1713,3,1.0000000000000002,1.2137308936729485,0.32376873728012373,dual persistent load below admissibility threshold,True,2.4519667134637073e-16
4.0,0.3333333333333333,0.02397244257023221,0.9760275574297678,annual-sunspots,,4,0.02397244257023221,0.9760275574297678,-1.216570688603886,1.707091333959112,0.7207562121323001,0.017702662973963175,4,,True,False,0.9929516667919616,1.3933092431858867,0.0,2,0.8502562361269734,-1.6097497929492322,0.12062601979442537,4.0,True,12,2,sunspots_1714,3,1.0000000000000009,1.2165706886038856,0.33042798707504656,dual persistent load below admissibility threshold,True,2.3469374397459303e-16
4.0,0.3333333333333333,0.021807096225122714,0.9781929037748773,annual-sunspots,,4,0.021807096225122714,0.9781929037748773,-1.2185969025345775,1.6922466034230874,0.737637939686052,0.01644434494255644,4,,True,False,0.9933084248047338,1.379391991339525,0.0,3,0.8434921943837579,-1.6518266680092408,0.11339226867633222,4.0,True,12,3,sunspots_1715,3,1.0000000000000009,1.2185969025345775,0.33874539331241255,dual persistent load below admissibility threshold,True,2.5058943516820945e-16
4.0,0.3333333333333333,0.01996871859171972,0.9800312814082803,annual-sunspots,,4,0.01996871859171972,0.9800312814082803,-1.218369840808751,1.673719924603055,0.8029804980589053,0.016361203876406948,4,,True,False,0.993376238256919,1.3646378520779738,0.0,4,0.8160498142976167,-1.6908897413176651,0.1001840569871431,4.0,True,12,4,sunspots_1716,3,1.0000000000000002,1.2183698408087513,0.2765822950916057,dual persistent load below admissibility threshold,True,4.445803406699941e-16
4.0,0.3333333333333333,0.010611013709374464,0.9893889862906255,annual-sunspots,,4,0.010611013709374464,0.9893889862906255,-1.2116420037303162,1.641297027529187,0.8896619051891461,0.009541459227338966,4,,True,False,0.9902278747705052,1.3413682114301473,0.0,5,0.7888798426810022,-1.9696101959220165,0.07164341358187074,4.0,True,12,5,sunspots_1717,3,1.0000000000000004,1.2116420037303157,0.3869914936163482,dual persistent load below admissibility threshold,True,3.1063137656447583e-16
4.0,0.3333333333333333,0.010404941847149424,0.9895950581528505,annual-sunspots,,4,0.010404941847149424,0.9895950581528505,-1.216862696712179,1.6141738296087491,0.8932738595360448,0.009392187729191013,4,,True,False,0.9932869653395497,1.3175996183255725,0.0,6,0.7999194855944147,-1.9782178605454828,0.07378392005717337,4.0,True,12,6,sunspots_1718,3,1.0000000000000007,1.21686269671218,0.37965613289900996,dual persistent load below admissibility threshold,True,1.2575699811246904e-16
4.0,0.3333333333333333,0.01579227524183828,0.9842077247581617,annual-sunspots,,4,0.01579227524183828,0.9842077247581617,-1.2148576087651282,1.6027975113901631,0.805557006729988,0.012925704252521765,4,,True,False,0.9927206179250929,1.3097256208761676,0.0,7,0.8169954368739093,-1.7946420646990657,0.09131848370645067,4.0,True,12,7,sunspots_1719,3,1.0000000000000002,1.2148576087651282,0.32889842262389674,dual persistent load below admissibility threshold,True,2.2205477888045956e-16
4.0,0.3333333333333333,0.033964996084874986,0.966035003915125,annual-sunspots,,4,0.033964996084874986,0.966035003915125,-1.2142422197325389,1.6268486949840084,0.6926683423399993,0.02435364913315495,4,,True,False,0.993848649290731,1.331564124385649,0.0,8,0.8464459309437917,-1.453961294331974,0.14213971101318643,4.0,True,12,8,sunspots_1720,3,1.0000000000000004,1.2142422197325384,0.2557389359839958,numerical successor admissibility boundary: reduced closure requires Y positive definite,True,2.2352864147641216e-16
4.0,0.3333333333333333,0.03167405141102868,0.9683259485889713,annual-sunspots,,4,0.03167405141102868,0.9683259485889713,-1.2124353086086324,1.6443433491298949,0.5058563989283267,0.01654662008139037,4,,True,False,0.993760540391417,1.3477696695385752,0.0,9,0.8637574739117696,-1.4853179526586715,0.1442025612255933,4.0,True,12,9,sunspots_1721,3,1.0000000000000009,1.2124353086086324,0.31166865178403713,dual persistent load below admissibility threshold,True,2.944071325785934e-16
4.0,0.3333333333333333,0.032462800289900846,0.9675371997100992,annual-sunspots,,4,0.032462800289900846,0.9675371997100992,-1.2091824862614384,1.6559467164602022,0.45831813124301124,0.015377486228168164,4,,True,False,0.9916627019213958,1.3580585343738918,0.0,10,0.8669006153502534,-1.474281691694027,0.14760885119970168,4.0,True,12,10,sunspots_1722,3,0.9999999999999998,1.2091824862614384,0.30854877948478154,dual persistent load below admissibility threshold,True,2.2313447166770734e-16
4.0,0.3333333333333333,0.029684792873506283,0.9703152071264938,annual-sunspots,,4,0.029684792873506283,0.9703152071264938,-1.2055097495431286,1.6720983588251805,0.4233787005981823,0.012952398294910857,4,,True,False,0.9886909600802481,1.3713605654056389,0.0,11,0.8475459094762476,-1.5143788148818502,0.13435010244760137,4.0,True,12,11,sunspots_1723,3,1.0000000000000002,1.2055097495431295,0.3114818756070449,dual persistent load below admissibility threshold,True,2.3183955885625855e-16
4.0,0.3333333333333333,0.019719720281596947,0.980280279718403,annual-sunspots,,4,0.019719720281596947,0.980280279718403,-1.2047310849936963,1.6759747827942864,0.3730854867244361,0.007505140714901207,4,,True,False,0.9870842617724925,1.373193031897627,0.0,12,0.8403431729196086,-1.6964495157211383,0.1068051429353626,4.0,True,12,12,sunspots_1724,3,1.000000000000001,1.2047310849936959,0.33708099995000834,dual persistent load below admissibility threshold,True,4.470664320179194e-16
4.0,0.3333333333333333,0.019893520982039854,0.9801064790179601,annual-sunspots,,4,0.019893520982039854,0.9801064790179601,-1.210452660180931,1.6935976144907643,0.42068982388468373,0.00853887002845458,4,,True,False,0.9885937905574744,1.383185101297774,0.0,13,0.8414072576565453,-1.6925616038049427,0.10589003855882932,4.0,True,12,13,sunspots_1725,3,1.0000000000000009,1.2104526601809313,0.31262395602502224,dual persistent load below admissibility threshold,True,4.975075284589631e-17
4.0,0.3333333333333333,0.022741948325815133,0.9772580516741848,annual-sunspots,,4,0.022741948325815133,0.9772580516741848,-1.2142029996950154,1.7243118720589043,0.42976196994596894,0.010001068291193002,4,,True,False,0.9882223163691172,1.4033925733809194,0.0,14,0.8519469314402219,-1.6331815888963026,0.11559838262081733,4.0,True,12,14,sunspots_1726,3,1.0000000000000007,1.2142029996950152,0.3038821061366602,dual persistent load below admissibility threshold,True,7.257924301962754e-17
4.0,0.3333333333333333,0.01721404543810207,0.9827859545618979,annual-sunspots,,4,0.01721404543810207,0.9827859545618979,-1.2152170341907995,1.6287016494225268,0.5042455958582994,0.008832143518918114,4,,True,False,0.9886248877353675,1.3250102162919006,0.0,15,0.8209891827468435,-1.7565759961611964,0.0915404039454896,4.0,True,12,15,sunspots_1727,3,1.0000000000000004,1.2152170341908008,0.3204048391354008,dual persistent load below admissibility threshold,True,2.708831137782577e-16
4.0,0.3333333333333333,0.007537762127986378,0.9924622378720136,annual-sunspots,,4,0.007537762127986378,0.9924622378720136,-1.2210573553734125,1.4838629913220909,0.5783752673638567,0.004392766817452947,4,,True,False,0.990681588863142,1.203903927550259,0.0,16,0.770450800028356,-2.1194715631739753,0.047756551340346565,4.0,True,12,16,sunspots_1728,3,1.0000000000000007,1.2210573553734119,0.28299835680134094,dual persistent load below admissibility threshold,True,2.77144934717646e-16
4.0,0.3333333333333333,0.007341041906395632,0.9926589580936044,annual-sunspots,,4,0.007341041906395632,0.9926589580936044,-1.2170482597801042,1.4952776261210985,0.7123276121256724,0.005267898716936977,4,,True,False,0.9873538028414658,1.213072726237804,0.0,17,0.79232836371584,-2.1310423629088198,0.04948525767453777,4.0,True,12,17,sunspots_1729,3,1.0000000000000004,1.217048259780104,0.2743579294396929,dual persistent load below admissibility threshold,True,2.4262506861828533e-16
4.0,0.3333333333333333,0.007528353144546249,0.9924716468554537,annual-sunspots,,4,0.007528353144546249,0.9924716468554537,-1.2246160909671222,1.5274213934892522,0.7073297003130152,0.005365420554284102,4,,True,False,0.9938666255253361,1.2396155475170263,0.0,18,0.8125587335611146,-2.1200181255482664,0.054563473613159115,4.0,True,12,18,sunspots_1730,3,1.0000000000000004,1.2246160909671224,0.36625408105856583,dual persistent load below admissibility threshold,True,2.371924169406706e-16
4.0,0.3333333333333333,0.004382206656205498,0.9956177933437945,annual-sunspots,,4,0.004382206656205498,0.9956177933437945,-1.2242393995987035,1.548711410458053,0.6497064479383997,0.002859679627835,4,,True,False,0.9940713014772593,1.257539634740856,0.0,19,0.8052715963579203,-2.3563997953926177,0.04388141865090884,4.0,True,12,19,sunspots_1731,3,1.0000000000000004,1.2242393995987033,0.5116084918233018,dual persistent load below admissibility threshold,True,8.862084295958251e-17
4.0,0.3333333333333333,0.0057553763634337896,0.9942446236365662,annual-sunspots,,4,0.0057553763634337896,0.9942446236365662,-1.2230286548190419,1.5721575572400381,0.6710325283775262,0.003884400942288576,4,,True,False,0.995338252552198,1.2794700676833792,0.0,20,0.8008402715503888,-2.2374195223507303,0.048576891787569715,4.0,True,12,20,sunspots_1732,3,1.0000000000000009,1.2230286548190417,0.48638936029582513,dual persistent load below admissibility threshold,True,1.1797237757194467e-16
4.0,0.3333333333333333,0.005608721595410589,0.9943912784045894,annual-sunspots,,4,0.005608721595410589,0.9943912784045894,-1.2188162110907532,1.5870424301961457,0.6391794394356609,0.003605200088899614,4,,True,False,0.9952483134728951,1.295930664270619,0.0,21,0.7965352387834403,-2.248693423422544,0.04659536059595493,4.0,True,12,21,sunspots_1733,3,0.9999999999999998,1.2188162110907539,0.442227891110532,dual persistent load below admissibility threshold,True,2.54325539150592e-16
4.0,0.3333333333333333,0.006477521530202443,0.9935224784697977,annual-sunspots,,4,0.006477521530202443,0.9935224784697977,-1.2148186964482166,1.5951707768476404,0.6151174630586077,0.004010414154597068,4,,True,False,0.9953931599578419,1.3070444872812028,0.0,22,0.7919351015869018,-2.185768832297246,0.051268274592192006,4.0,True,12,22,sunspots_1734,3,1.0000000000000007,1.2148186964482162,0.4708020114722841,dual persistent load below admissibility threshold,True,4.688790845945059e-16
4.0,0.3333333333333333,0.005798313081679772,0.9942016869183203,annual-sunspots,,4,0.005798313081679772,0.9942016869183203,-1.2169840964571632,1.5800100736142069,0.6054547025204247,0.0035310902890040375,4,,True,False,0.9959669563204511,1.2930635893717155,0.0,23,0.8129512904539415,-2.234172834180818,0.05065346032838973,4.0,True,12,23,sunspots_1735,3,1.0000000000000007,1.2169840964571625,0.4404009194225699,dual persistent load below admissibility threshold,True,2.242728951879152e-16
4.0,0.3333333333333333,0.005471495529058214,0.9945285044709417,annual-sunspots,,4,0.005471495529058214,0.9945285044709417,-1.2173157450764196,1.5695061427082506,0.5837391710658821,0.0032114979613602846,4,,True,False,0.9936542346997409,1.2811355076914783,0.0,24,0.8164159859788542,-2.2595111863976634,0.04852935847766095,4.0,True,12,24,sunspots_1736,3,1.0000000000000007,1.2173157450764194,0.4251300747642568,dual persistent load below admissibility threshold,True,4.529993381603506e-16
4.0,0.3333333333333333,0.005881997101712485,0.9941180028982876,annual-sunspots,,4,0.005881997101712485,0.9941180028982876,-1.2164606173466477,1.5706735443644226,0.5641134153349806,0.0033377460868465707,4,,True,False,0.9923666746444764,1.2813272044702837,0.0,25,0.8120160262383689,-2.2279131325115085,0.046335728741359196,4.0,True,12,25,sunspots_1737,3,1.0000000000000004,1.2164606173466472,0.2996993975695399,dual persistent load below admissibility threshold,True,2.5571495905632944e-16
4.0,0.3333333333333333,0.004981245236448284,0.9950187547635517,annual-sunspots,,4,0.004981245236448284,0.9950187547635517,-1.218014342278095,1.5668503647476262,0.6181323856251176,0.0030944833819953636,4,,True,False,0.9932693491727431,1.2777390117862972,0.0,26,0.8016510041853716,-2.300493343263284,0.04205959421797623,4.0,True,12,26,sunspots_1738,3,1.0000000000000018,1.2180143422780951,0.41480656395279014,dual persistent load below admissibility threshold,True,2.624807086789232e-16
4.0,0.3333333333333333,0.00386112578129571,0.9961388742187043,annual-sunspots,,4,0.00386112578129571,0.9961388742187043,-1.217992405797331,1.5508484713947877,0.7747627538095055,0.0030030516030887904,4,,True,False,0.9926403226664587,1.2639115972519963,0.0,27,0.7885590674577564,-2.411605939153921,0.0357332139376051,4.0,True,12,27,sunspots_1739,3,1.0,1.217992405797332,0.48272494523504456,dual persistent load below admissibility threshold,True,3.0366847169132196e-16
4.0,0.3333333333333333,0.005016931182057316,0.9949830688179427,annual-sunspots,,4,0.005016931182057316,0.9949830688179427,-1.2197481694751438,1.5812716086023655,0.7634339867148993,0.00384940798836158,4,,True,False,0.9948664835899079,1.289736819631973,0.0,28,0.7964013976421671,-2.297377546822755,0.0455551804792539,4.0,True,12,28,sunspots_1740,3,1.0000000000000004,1.2197481694751429,0.5843194369389555,dual persistent load below admissibility threshold,True,3.341997429199811e-16
4.0,0.3333333333333333,0.006584556350513369,0.9934154436494866,annual-sunspots,,4,0.006584556350513369,0.9934154436494866,-1.2161549264145468,1.5815337305234594,0.6602259275892567,0.004376109564303597,4,,True,False,0.9922510802155222,1.2903607249577282,0.0,29,0.8085499598712085,-2.1786043885560744,0.057600950125898345,4.0,True,12,29,sunspots_1741,3,1.0000000000000007,1.216154926414547,0.603557668875924,dual persistent load below admissibility threshold,True,2.22499702765681e-16
4.0,0.3333333333333333,0.009000321369861154,0.9909996786301388,annual-sunspots,,4,0.009000321369861154,0.9909996786301388,-1.2169948964875643,1.5869060791360416,0.6523501645600294,0.005924685197514967,4,,True,False,0.9934908751503837,1.295466985023992,0.0,30,0.8256739010853351,-2.0418154968019557,0.06946228825680628,4.0,True,12,30,sunspots_1742,3,1.0000000000000007,1.2169948964875645,0.5467562882939722,dual persistent load below admissibility threshold,True,1.480252488171324e-16
4.0,0.3333333333333333,0.006582228164149794,0.9934177718358502,annual-sunspots,,4,0.006582228164149794,0.9934177718358502,-1.214317559619505,1.5950748400378552,0.6317722081154954,0.004186022174638581,4,,True,False,0.993416319515947,1.3049085590423357,0.0,31,0.8122899947853776,-2.178758992621015,0.05884053724470819,4.0,True,12,31,sunspots_1743,3,1.0000000000000007,1.2143175596195055,0.6064884394703248,dual persistent load below admissibility threshold,True,1.3854477194272105e-16
4.0,0.3333333333333333,0.006363479739681322,0.9936365202603187,annual-sunspots,,4,0.006363479739681322,0.9936365202603187,-1.2151427657933935,1.6027717447338352,0.6570654204028803,0.004208000013207544,4,,True,False,0.9957931921327003,1.3134499392806085,0.0,32,0.8178122976779653,-2.1935328795251565,0.062273022836296515,4.0,True,12,32,sunspots_1744,3,1.0000000000000002,1.2151427657933935,0.6708006631392122,dual persistent load below admissibility threshold,True,2.6701254190129087e-16
4.0,0.3333333333333333,0.00703133349432658,0.9929686665056734,annual-sunspots,,4,0.00703133349432658,0.9929686665056734,-1.2148711391276747,1.61104520028289,0.6687106834157602,0.004735222756687447,4,,True,False,0.996205058337131,1.3210712857035811,0.0,33,0.805453607116636,-2.1498978474895885,0.05952438168331396,4.0,True,12,33,sunspots_1745,3,1.0000000000000007,1.2148711391276756,0.585044437253772,dual persistent load below admissibility threshold,True,2.220562540968334e-16
4.0,0.3333333333333333,0.006574795795693579,0.9934252042043064,annual-sunspots,,4,0.006574795795693579,0.9934252042043064,-1.2173727873104419,1.5873103120971601,0.6752840888717059,0.004469239324332028,4,,True,False,0.9961660493031587,1.298882855853393,0.0,34,0.8001862739256785,-2.179252905520863,0.056542992821627044,4.0,True,12,34,sunspots_1746,3,1.0000000000000009,1.2173727873104414,0.5888925500802322,dual persistent load below admissibility threshold,True,1.1953665199475663e-16
4.0,0.3333333333333333,0.005802090610802289,0.9941979093891976,annual-sunspots,,4,0.005802090610802289,0.9941979093891976,-1.2215520961660127,1.5623790292967794,0.6869897541682499,0.0040092387689950265,4,,True,False,0.9960873185166288,1.274007013440826,0.0,35,0.8168890529547014,-2.23388833870142,0.058364075521845374,4.0,True,12,35,sunspots_1747,3,1.0000000000000002,1.2215520961660116,0.644260772971299,dual persistent load below admissibility threshold,True,2.9452423737117086e-16
4.0,0.3333333333333333,0.009720955741577747,0.9902790442584223,annual-sunspots,,4,0.009720955741577747,0.9902790442584223,-1.2230087059601034,1.5420352850869166,0.7716998883451631,0.007575299612647558,4,,True,False,0.9949240584791792,1.2544538699357564,0.0,36,0.8499383470598845,-2.008048623005074,0.0800359317603775,4.0,True,12,36,sunspots_1748,3,1.0000000000000007,1.2230087059601027,0.5395503230446499,dual persistent load below admissibility threshold,True,2.2430302032127304e-16
4.0,0.3333333333333333,0.007041123611720671,0.9929588763882794,annual-sunspots,,4,0.007041123611720671,0.9929588763882794,-1.2199808982530758,1.5307783917091462,0.6961330525096632,0.004936316084663617,4,,True,False,0.9935571658175955,1.2466718475176108,0.0,37,0.8134136962469506,-2.149289293745093,0.05699507841484552,4.0,True,12,37,sunspots_1749,3,1.0000000000000009,1.2199808982530753,0.4268283595589914,dual persistent load below admissibility threshold,True,2.6251062770187807e-16
4.0,0.3333333333333333,0.0055272589427002245,0.9944727410572998,annual-sunspots,,4,0.0055272589427002245,0.9944727410572998,-1.2167149558791397,1.5199778242692357,0.8061348948580028,0.004480481085775554,4,,True,False,0.9919835913967734,1.2392327830577141,0.0,38,0.7786569145904417,-2.255083072399835,0.042660096230054755,4.0,True,12,38,sunspots_1750,3,1.0000000000000009,1.2167149558791388,0.3786854092543211,dual persistent load below admissibility threshold,True,2.4390222326351517e-16
4.0,0.3333333333333333,0.006724225279708852,0.9932757747202912,annual-sunspots,,4,0.006724225279708852,0.9932757747202912,-1.2159341187769201,1.5570384303092997,0.7991695631717279,0.005410175417765008,4,,True,False,0.9934435004067993,1.2721328274185602,0.0,39,0.7661661407830339,-2.169427588422398,0.045411286345952206,4.0,True,12,39,sunspots_1751,3,1.0000000000000009,1.2159341187769201,0.36251168875536055,dual persistent load below admissibility threshold,True,2.4255893628348087e-16
4.0,0.3333333333333333,0.010725641077990268,0.9892743589220097,annual-sunspots,,4,0.010725641077990268,0.9892743589220097,-1.2108586691435723,1.6317334774802397,0.5783149736568307,0.006270049134023463,4,,True,False,0.9905944303740667,1.3349089665353644,0.0,40,0.8034233444281312,-1.9648934930374808,0.06844513650298403,4.0,True,12,40,sunspots_1752,3,0.9999999999999998,1.2108586691435728,0.4154026455510187,dual persistent load below admissibility threshold,True,2.489175868542957e-16
4.0,0.3333333333333333,0.02398451420694144,0.9760154857930585,annual-sunspots,,4,0.02398451420694144,0.9760154857930585,-1.2153510679998447,1.6377031935692385,0.5802114133407673,0.014258061566506528,4,,True,False,0.9926121570466178,1.3375592800903386,0.0,41,0.8525793900582311,-1.6095257818883797,0.11971747633825516,4.0,True,12,41,sunspots_1753,3,1.0000000000000004,1.2153510679998445,0.28340189934317334,dual persistent load below admissibility threshold,True,2.34063070241766e-16
4.0,0.3333333333333333,0.019721953650481433,0.9802780463495185,annual-sunspots,,4,0.019721953650481433,0.9802780463495185,-1.2134623614980296,1.6443282765637606,0.5736885773899145,0.011541888115548415,4,,True,False,0.9921360576192159,1.3444153073918133,0.0,42,0.8601604057587149,-1.6963993427685877,0.11299330015968394,4.0,True,12,42,sunspots_1754,3,1.0000000000000007,1.2134623614980289,0.421154373483514,dual persistent load below admissibility threshold,True,3.3375819911560015e-16
4.0,0.3333333333333333,0.020379450198847883,0.9796205498011521,annual-sunspots,,4,0.020379450198847883,0.9796205498011521,-1.2093952499881337,1.6613127077463417,0.5274002534940905,0.010971724922598113,4,,True,False,0.9919954399222919,1.3626766190668402,0.0,43,0.833295435277519,-1.6818654235376376,0.10594446978138555,4.0,True,12,43,sunspots_1755,3,1.000000000000001,1.209395249988134,0.36009110870203337,dual persistent load below admissibility threshold,True,2.0097173123817135e-16
4.0,0.3333333333333333,0.015853613802703354,0.9841463861972967,annual-sunspots,,4,0.015853613802703354,0.9841463861972967,-1.2082516117231679,1.6610715905263,0.4812300890398804,0.007752135341732934,4,,True,False,0.9920386472056894,1.363827862995696,0.0,44,0.8392358834499518,-1.7929314275957593,0.09421949244062706,4.0,True,12,44,sunspots_1756,3,1.0000000000000009,1.2082516117231676,0.3812032933938318,dual persistent load below admissibility threshold,True,1.2029235023291096e-16
4.0,0.3333333333333333,0.016036052765288075,0.9839639472347118,annual-sunspots,,4,0.016036052765288075,0.9839639472347118,-1.210292310782281,1.662166922381164,0.5086301744744114,0.008289348749831515,4,,True,False,0.9924154022701553,1.3629435139093333,0.0,45,0.8427203659906237,-1.7878817094385966,0.09507973056146364,4.0,True,12,45,sunspots_1757,3,1.0000000000000004,1.2102923107822823,0.37160362175011113,dual persistent load below admissibility threshold,True,1.3660436332046158e-16
4.0,0.3333333333333333,0.015589616738794448,0.9844103832612056,annual-sunspots,,4,0.015589616738794448,0.9844103832612056,-1.2122096675987784,1.6619576746077525,0.4720821362534918,0.007476129568079201,4,,True,False,0.9911823086655849,1.3589258433198945,0.0,46,0.8576942481886478,-1.8003407474054736,0.09878246106417911,4.0,True,12,46,sunspots_1758,3,1.0000000000000002,1.2122096675987786,0.43215885590675246,dual persistent load below admissibility threshold,True,1.6179919320406884e-16
4.0,0.3333333333333333,0.020022443978832564,0.9799775560211675,annual-sunspots,,4,0.020022443978832564,0.9799775560211675,-1.2150154574860537,1.6596487570347587,0.5534536007214658,0.011307905622166468,4,,True,False,0.9915984918357141,1.354472648321492,0.0,47,0.8498814132187842,-1.6896990421418239,0.10654755486393104,4.0,True,12,47,sunspots_1759,3,1.0,1.215015457486054,0.26775136771961616,dual persistent load below admissibility threshold,True,2.296307434662268e-16
4.0,0.3333333333333333,0.019019166001537552,0.9809808339984624,annual-sunspots,,4,0.019019166001537552,0.9809808339984624,-1.2141897918931452,1.6485262386498951,0.6065656446489524,0.011760038816850263,4,,True,False,0.9906684629791326,1.3450475089876122,0.0,48,0.8473055108214121,-1.7124690533727602,0.1039334672654217,4.0,True,12,48,sunspots_1760,3,1.0000000000000004,1.214189791893146,0.33342848947368836,dual persistent load below admissibility threshold,True,1.3496501553629943e-16
4.0,0.3333333333333333,0.013454413000255697,0.9865455869997443,annual-sunspots,,4,0.013454413000255697,0.9865455869997443,-1.2102590148350147,1.6349563404475254,0.7241100237701386,0.009875342250586682,4,,True,False,0.9882502980567046,1.3350415662693726,0.0,49,0.8044607285575169,-1.8652524034691818,0.07594438768972937,4.0,True,12,49,sunspots_1761,3,1.0,1.2102590148350145,0.34142960974010483,dual persistent load below admissibility threshold,True,2.444002323051935e-16
4.0,0.3333333333333333,0.011040500184881136,0.9889594998151189,annual-sunspots,,4,0.011040500184881136,0.9889594998151189,-1.2068978797598742,1.6321433650077415,0.824879845242944,0.009208755349043082,4,,True,False,0.985552618199851,1.3328080143623553,0.0,50,0.7932524070688285,-1.9521897572406914,0.06649624518116698,4.0,True,12,50,sunspots_1762,3,1.0000000000000004,1.2068978797598733,0.3927719789325673,dual persistent load below admissibility threshold,True,2.287932127532776e-16
4.0,0.3333333333333333,0.009634957268207716,0.9903650427317923,annual-sunspots,,4,0.009634957268207716,0.9903650427317923,-1.2137591510290564,1.660285481128251,0.4836977153931996,0.004705746484839624,4,,True,False,0.9891128465470126,1.3529946999181286,0.0,51,0.8404559417938254,-2.0119455096337235,0.07594397623017726,4.0,True,12,51,sunspots_1763,3,1.0000000000000007,1.2137591510290568,0.46233704119590746,dual persistent load below admissibility threshold,True,2.227253895781239e-16
4.0,0.3333333333333333,0.01945804480707248,0.9805419551929275,annual-sunspots,,4,0.01945804480707248,0.9805419551929275,-1.2163123128676943,1.6686743133076405,0.47411226251003924,0.00940836605577751,4,,True,False,0.9910004011319661,1.3595660393732758,0.0,52,0.8481952219509068,-1.7023669817582978,0.10424182907783763,4.0,True,12,52,sunspots_1764,3,1.0000000000000009,1.2163123128676938,0.2763848418536149,dual persistent load below admissibility threshold,True,2.342343266260318e-16
4.0,0.3333333333333333,0.02364341460851359,0.9763565853914864,annual-sunspots,,4,0.02364341460851359,0.9763565853914864,-1.217075597736436,1.6678998722870018,0.480213356235871,0.011628828700405606,4,,True,False,0.9918167312646343,1.3592015175433925,0.0,53,0.8627034578641801,-1.6158982618282312,0.12177442464960739,4.0,True,12,53,sunspots_1765,3,0.9999999999999999,1.2170755977364365,0.32429253059740165,dual persistent load below admissibility threshold,True,2.223573442810667e-16
4.0,0.3333333333333333,0.01894868414526039,0.9810513158547396,annual-sunspots,,4,0.01894868414526039,0.9810513158547396,-1.213891604451123,1.664020779468066,0.44947239670813754,0.008681411807511138,4,,True,False,0.9912842896220774,1.3588673405787564,0.0,54,0.8418681048788278,-1.7141126680066645,0.10285161917083378,4.0,True,12,54,sunspots_1766,3,1.0000000000000002,1.2138916044511223,0.3584793795730877,dual persistent load below admissibility threshold,True,1.4839517278270503e-16
4.0,0.3333333333333333,0.015502338553097017,0.984497661446903,annual-sunspots,,4,0.015502338553097017,0.984497661446903,-1.210512775549371,1.6711681922665984,0.39131085344868133,0.006161754940836861,4,,True,False,0.9897275431766895,1.3663640917927604,0.0,55,0.8215923190124224,-1.8028174717178977,0.08719760525198757,4.0,True,12,55,sunspots_1767,3,1.0000000000000009,1.2105127755493708,0.36586791011203107,dual persistent load below admissibility threshold,True,1.267351595727982e-16
4.0,0.3333333333333333,0.020112237776023306,0.9798877622239767,annual-sunspots,,4,0.020112237776023306,0.9798877622239767,-1.2149248423224406,1.6897728227082305,0.4182087795643138,0.00858375289382932,4,,True,False,0.9903259575427493,1.377390461025832,0.0,56,0.830667316826354,-1.6877159390175354,0.10155904273587206,4.0,True,12,56,sunspots_1768,3,1.0000000000000004,1.2149248423224404,0.30652854251841316,dual persistent load below admissibility threshold,True,2.3621239183429814e-16
4.0,0.3333333333333333,0.017886463899688156,0.9821135361003118,annual-sunspots,,4,0.017886463899688156,0.9821135361003118,-1.2182740642497527,1.7197882614274924,0.45926035077358,0.008364148728961959,4,,True,False,0.9903854755217741,1.398087150562089,0.0,57,0.8332694984974269,-1.7396372064651926,0.09284050940073113,4.0,True,12,57,sunspots_1769,3,1.000000000000001,1.2182740642497525,0.2384397374351657,dual persistent load below admissibility threshold,True,4.780965424314676e-16
4.0,0.3333333333333333,0.007866739430179428,0.9921332605698207,annual-sunspots,,4,0.007866739430179428,0.9921332605698207,-1.21785415704307,1.566940675443516,0.4401543550886148,0.0034900348150329213,4,,True,False,0.9888703288281689,1.2723207717599176,0.0,58,0.81661685201465,-2.10077524401279,0.056344953015439375,4.0,True,12,58,sunspots_1770,3,1.000000000000001,1.2178541570430703,0.3875654319651475,dual persistent load below admissibility threshold,True,2.5864038769310677e-16
4.0,0.3333333333333333,0.005849719054206749,0.9941502809457933,annual-sunspots,,4,0.005849719054206749,0.9941502809457933,-1.2193112118245484,1.57324128566981,0.5462046612325475,0.0032139444866110672,4,,True,False,0.9902331033759244,1.2776685603807227,0.0,59,0.8252610982262821,-2.230317030957917,0.04862066169404827,4.0,True,12,59,sunspots_1771,3,1.0000000000000009,1.219311211824548,0.3955187132836515,dual persistent load below admissibility threshold,True,3.513510975751781e-16
4.0,0.3333333333333333,0.006614770703469984,0.99338522929653,annual-sunspots,,4,0.006614770703469984,0.99338522929653,-1.2202169675197125,1.6039030902322566,0.5887398464819081,0.003920311047137034,4,,True,False,0.9918278875959775,1.3036991422330966,0.0,60,0.8449523425361684,-2.1766029038955486,0.059337319449766245,4.0,True,12,60,sunspots_1772,3,1.0000000000000007,1.2202169675197132,0.5444196239888988,dual persistent load below admissibility threshold,True,2.312200600060661e-16
4.0,0.3333333333333333,0.006582810334640405,0.9934171896653596,annual-sunspots,,4,0.006582810334640405,0.9934171896653596,-1.2170682162667181,1.6313515072737077,0.6806139410824333,0.004510041231284734,4,,True,False,0.9903397847693141,1.3274459713953173,0.0,61,0.8204217299357096,-2.178720328284337,0.05611824325542834,4.0,True,12,61,sunspots_1773,3,1.0000000000000007,1.217068216266719,0.5811476943856865,dual persistent load below admissibility threshold,True,2.222368438054511e-16
4.0,0.3333333333333333,0.009701638778216738,0.9902983612217833,annual-sunspots,,4,0.009701638778216738,0.9902983612217833,-1.2169253481963933,1.6395399802496031,0.646620014039649,0.006334731075631026,4,,True,False,0.9914766611488721,1.3357973254869062,0.0,62,0.8220859653361817,-2.00892095989103,0.06656461296676969,4.0,True,12,62,sunspots_1774,3,1.0000000000000004,1.2169253481963935,0.4570020702595831,dual persistent load below admissibility threshold,True,1.6026259329728307e-16
4.0,0.3333333333333333,0.0076496076358328795,0.992350392364167,annual-sunspots,,4,0.0076496076358328795,0.992350392364167,-1.213215822655125,1.6437806125522259,0.6280562808393007,0.004841419077988361,4,,True,False,0.9900675554033799,1.341438037897797,0.0,63,0.8387612878142852,-2.1130258858799,0.06897512684801982,4.0,True,12,63,sunspots_1775,3,1.0000000000000002,1.2132158226551242,0.6449115442999159,dual persistent load below admissibility threshold,True,4.445250853788075e-16
4.0,0.3333333333333333,0.008879554270410156,0.9911204457295898,annual-sunspots,,4,0.008879554270410156,0.9911204457295898,-1.2123875720337545,1.6585000287057725,0.6469837973249042,0.005796397163609655,4,,True,False,0.9927866459979676,1.3580943246756534,0.0,64,0.8041819342096017,-2.0477352693310684,0.0627654516423861,4.0,True,12,64,sunspots_1776,3,1.0000000000000004,1.2123875720337542,0.5023568674189705,dual persistent load below admissibility threshold,True,1.1234427079749747e-16
4.0,0.3333333333333333,0.006754296421542367,0.9932457035784575,annual-sunspots,,4,0.006754296421542367,0.9932457035784575,-1.2140874238801036,1.641453764255598,0.623979794210596,0.004243204351115987,4,,True,False,0.9944123242158485,1.34445166031755,0.0,65,0.8247624786800599,-2.1674765788053234,0.06326572727456327,4.0,True,12,65,sunspots_1777,3,1.0000000000000004,1.2140874238801032,0.6385253458956346,dual persistent load below admissibility threshold,True,2.2655424064125214e-16
4.0,0.3333333333333333,0.005292775804138313,0.9947072241958618,annual-sunspots,,4,0.005292775804138313,0.9947072241958618,-1.2179466957999256,1.6260793468274488,0.5975252155467631,0.0031793948272217593,4,,True,False,0.9944525439493549,1.327692540808616,0.0,66,0.7885006390745325,-2.274011773906733,0.038088469597687184,4.0,True,12,66,sunspots_1778,3,1.0000000000000004,1.217946695799925,0.21163098183029377,dual persistent load below admissibility threshold,True,4.532075775571928e-16
4.0,0.3333333333333333,0.0029218008738697474,0.9970781991261303,annual-sunspots,,4,0.0029218008738697474,0.9970781991261303,-1.2179729521907583,1.4703416525444344,0.5874390046023827,0.0017214094125181996,4,,True,False,0.9893603070536254,1.1943595842736436,0.0,67,0.7828803363201731,-2.5330786059806196,0.026204399126929828,4.0,True,12,67,sunspots_1779,3,1.0000000000000004,1.2179729521907585,0.3094892185018015,dual persistent load below admissibility threshold,True,2.972373737067338e-16
4.0,0.3333333333333333,0.0020298169466078644,0.9979701830533921,annual-sunspots,,4,0.0020298169466078644,0.9979701830533921,-1.2285308161043664,1.5112883284594325,0.6531212322417306,0.0013284129805737378,4,,True,False,0.9954212060554357,1.224526426925861,0.0,68,0.7941876276943786,-2.691660691767621,0.021997704747141536,4.0,True,12,68,sunspots_1780,2,1.0000000000000002,1.2285308161043673,0.4116476988739944,numerical successor admissibility boundary: reduced closure requires Y positive definite,True,2.4763805251167423e-16
4.0,0.3333333333333333,0.002149500618960087,0.9978504993810399,annual-sunspots,,4,0.002149500618960087,0.9978504993810399,-1.2280359334659134,1.5432377543867537,0.729633109380981,0.0015717252446143255,4,,True,False,0.9959672035235521,1.2516035962161072,0.0,69,0.7797922635021959,-2.6667279044949646,0.021026364513950326,4.0,True,12,69,sunspots_1781,2,1.0000000000000002,1.2280359334659139,0.3695534374641151,numerical successor admissibility boundary: reduced closure requires Y positive definite,True,1.845134848135364e-16
4.0,0.3333333333333333,0.0025605661861772336,0.9974394338138227,annual-sunspots,,4,0.0025605661861772336,0.9974394338138227,-1.2248503760292275,1.5511959895046321,0.7214737177983421,0.0018521236913065882,4,,True,False,0.9944307647111613,1.259384039265845,0.0,70,0.7906327583927366,-2.590550528002419,0.024163324506719572,4.0,True,12,70,sunspots_1782,3,1.0,1.2248503760292273,0.28777564504162706,dual persistent load below admissibility threshold,True,2.236171247700507e-16
4.0,0.3333333333333333,0.0037910075089288026,0.9962089924910712,annual-sunspots,,4,0.0037910075089288026,0.9962089924910712,-1.2220487400408047,1.5464809659593595,0.6786583219283023,0.0025825894102740436,4,,True,False,0.9936984426644894,1.2575077221819964,0.0,71,0.8070264925586826,-2.419595813021452,0.03351646183505008,4.0,True,12,71,sunspots_1783,3,1.0000000000000007,1.2220487400408033,0.35647599943750313,dual persistent load below admissibility threshold,True,2.7010095037580147e-16
4.0,0.3333333333333333,0.0037172452207774463,0.9962827547792226,annual-sunspots,,4,0.0037172452207774463,0.9962827547792226,-1.2170503286262977,1.5362798993562439,0.6313336884461229,0.0023555783986366464,4,,True,False,0.9910724973709584,1.2510285899469236,0.0,72,0.7937906639152097,-2.428161401175075,0.03387919795496831,4.0,True,12,72,sunspots_1784,3,0.9999999999999998,1.2170503286262975,0.3848621156247592,dual persistent load below admissibility threshold,True,2.5700523666722363e-16
4.0,0.3333333333333333,0.003952087952506349,0.9960479120474937,annual-sunspots,,4,0.003952087952506349,0.9960479120474937,-1.2203172334914654,1.5321024399677594,0.6615542837548147,0.002624894528800241,4,,True,False,0.9949197341775243,1.2491169594845524,0.0,73,0.758004528531572,-2.401453628311333,0.032282899183722,4.0,True,12,73,sunspots_1785,3,1.0000000000000007,1.2203172334914647,0.3578546649502546,dual persistent load below admissibility threshold,True,2.6296906927356637e-16
4.0,0.3333333333333333,0.0037142984391210403,0.996285701560879,annual-sunspots,,4,0.0037142984391210403,0.996285701560879,-1.2233041493423773,1.520825357252059,0.618286785540564,0.0023050633356120212,4,,True,False,0.9956820683841469,1.2378430484142662,0.0,74,0.7915053121130248,-2.428507101667823,0.033623078548744856,4.0,True,12,74,sunspots_1786,3,1.0000000000000002,1.2233041493423782,0.29632593119550354,dual persistent load below admissibility threshold,True,3.3481385454400517e-16
4.0,0.3333333333333333,0.003322554919519296,0.9966774450804807,annual-sunspots,,4,0.003322554919519296,0.9966774450804807,-1.2234602812478002,1.5251783819470135,0.5492041170297189,0.001830843920331714,4,,True,False,0.9953170816137189,1.240772683287764,0.0,75,0.8119283389025967,-2.47708246198107,0.032200012195386624,4.0,True,12,75,sunspots_1787,3,1.0000000000000002,1.2234602812478,0.3015508174272053,dual persistent load below admissibility threshold,True,1.3946327780730124e-16
4.0,0.3333333333333333,0.002067747967320863,0.9979322520326792,annual-sunspots,,4,0.002067747967320863,0.9979322520326792,-1.2177787042009496,1.5303067157166779,0.6074698011683122,0.0012586971149755495,4,,True,False,0.9883783421883163,1.2420335562627074,0.0,76,0.7954666555452794,-2.6836034561864377,0.021249192438257774,4.0,True,12,76,sunspots_1788,3,1.000000000000001,1.2177787042009496,0.24738332080450323,dual persistent load below admissibility threshold,True,2.361962404603279e-16
4.0,0.3333333333333333,0.0015043584124849222,0.9984956415875151,annual-sunspots,,4,0.0015043584124849222,0.9984956415875151,-1.2307323240505794,1.5508592483836248,0.680533859734452,0.001025309269497324,4,,True,False,0.9969044699959948,1.2562102147117458,0.0,77,0.7920994352794261,-2.8219948545426,0.018847337670800907,4.0,True,12,77,sunspots_1789,2,1.0000000000000004,1.230732324050578,0.5051405100984151,numerical successor admissibility boundary: reduced closure requires Y positive definite,True,1.2239289129382295e-16
4.0,0.3333333333333333,0.0017668109454125932,0.9982331890545875,annual-sunspots,,4,0.0017668109454125932,0.9982331890545875,-1.2316444159903057,1.5413457648353694,0.8043720276553427,0.0014236886914080202,4,,True,False,0.9969406969783333,1.2476249647460507,0.0,78,0.7845785565004907,-2.752041924051368,0.021378811139203365,4.0,True,12,78,sunspots_1790,2,1.0000000000000007,1.2316444159903066,0.5989055154732987,numerical successor admissibility boundary: reduced closure requires Y positive definite,True,1.189461936616813e-16
4.0,0.3333333333333333,0.002312906249656108,0.9976870937503438,annual-sunspots,,4,0.002312906249656108,0.9976870937503438,-1.2281070268132261,1.5567319377148379,0.7628071902978178,0.001768391641802604,4,,True,False,0.995644280770312,1.2620652896190818,0.0,79,0.7825506041891522,-2.6348363245252484,0.028425579886140997,4.0,True,12,79,sunspots_1791,2,0.9999999999999997,1.2281070268132261,0.7221827264240346,numerical successor admissibility boundary: reduced closure requires Y positive definite,True,1.3259909393044588e-16
4.0,0.3333333333333333,0.003650256173538627,0.9963497438264614,annual-sunspots,,4,0.003650256173538627,0.9963497438264614,-1.2239546465669977,1.5595598489788673,0.7522821423744588,0.002756082943223519,4,,True,False,0.9938604322117133,1.2663743954186846,0.0,80,0.7777297673809442,-2.436088469334304,0.033398526867034865,4.0,True,12,80,sunspots_1792,3,1.0000000000000002,1.223954646566998,0.504681461039572,dual persistent load below admissibility threshold,True,9.42987751568541e-17
4.0,0.3333333333333333,0.0035946159511246936,0.9964053840488752,annual-sunspots,,4,0.0035946159511246936,0.9964053840488752,-1.2245325912479683,1.5552696066191354,0.757018499700387,0.0027310076981539237,4,,True,False,0.9942107700297461,1.2627395989720551,0.0,81,0.781655689465468,-2.442783568406974,0.03685149339471204,4.0,True,12,81,sunspots_1793,3,1.0000000000000013,1.2245325912479677,0.6365643255347473,dual persistent load below admissibility threshold,True,2.366456076037165e-16
4.0,0.3333333333333333,0.0029440474211296693,0.9970559525788703,annual-sunspots,,4,0.0029440474211296693,0.9970559525788703,-1.2286077587353594,1.5403741842711582,0.7542658213666691,0.002227151184943292,4,,True,False,0.9961392569146754,1.2489154365017603,0.0,82,0.8292435697132403,-2.529774729539734,0.049782629653207525,4.0,True,12,82,sunspots_1794,3,1.0000000000000004,1.2286077587353592,0.9305705845522783,dual persistent load below admissibility threshold,True,1.2033725661135975e-16
4.0,0.3333333333333333,0.0027947513838488406,0.9972052486161512,annual-sunspots,,4,0.0027947513838488406,0.9972052486161512,-1.2307575757205036,1.5334001334739091,0.733969668377978,0.002057011582368847,4,,True,False,0.9970065941365926,1.2421699241854602,0.0,83,0.8347117701157296,-2.552441375801073,0.04285534534309638,4.0,True,12,83,sunspots_1795,3,1.0000000000000009,1.2307575757205034,0.8109616711668545,dual persistent load below admissibility threshold,True,2.270738163227416e-16
4.0,0.3333333333333333,0.002443801676395283,0.9975561983236048,annual-sunspots,,4,0.002443801676395283,0.9975561983236048,-1.2292849307024123,1.535554093019044,0.753879283307715,0.0018468447787133298,4,,True,False,0.996482176452593,1.2447498919538342,0.0,84,0.8036673792075252,-2.6108714130744777,0.02884907621761157,4.0,True,12,84,sunspots_1796,3,1.0000000000000007,1.229284930702413,0.5682035428816955,dual persistent load below admissibility threshold,True,2.668992194274915e-16
4.0,0.3333333333333333,0.0022934443995749326,0.9977065556004251,annual-sunspots,,4,0.0022934443995749326,0.9977065556004251,-1.2288631862177377,1.572354545621285,0.7320087006904344,0.0016826803889529187,4,,True,False,0.9964883475539736,1.275026382519943,0.0,85,0.7945153603617484,-2.6385146099245573,0.029163745533167595,4.0,True,12,85,sunspots_1797,3,1.0000000000000007,1.2288631862177373,0.6600531102297378,dual persistent load below admissibility threshold,True,4.501357648312843e-16
4.0,0.3333333333333333,0.005958276814148042,0.994041723185852,annual-sunspots,,4,0.005958276814148042,0.994041723185852,-1.2304680831959993,1.557763681896553,0.8516548890825683,0.005104811459033445,4,,True,False,0.9978802246483327,1.2633091374482555,0.0,86,0.8233900938788031,-2.222283937410763,0.05242059330551115,4.0,True,12,86,sunspots_1798,3,1.0000000000000009,1.2304680831959993,0.5407475253695181,dual persistent load below admissibility threshold,True,2.266759101942516e-16
4.0,0.3333333333333333,0.0035556240845214145,0.9964443759154786,annual-sunspots,,4,0.0035556240845214145,0.9964443759154786,-1.2296956135216015,1.527096653766902,0.896449216767466,0.0031988101922501375,4,,True,False,0.9981813577813448,1.2395908341537052,0.0,87,0.8230623816399729,-2.447537220987053,0.04834406211231212,4.0,True,12,87,sunspots_1799,3,1.0000000000000007,1.2296956135216013,0.7189410354406232,dual persistent load below admissibility threshold,True,4.733454084954128e-16
4.0,0.3333333333333333,0.004491839577532958,0.995508160422467,annual-sunspots,,4,0.004491839577532958,0.995508160422467,-1.2269070923788805,1.526161184646312,0.8767334364667865,0.003955915285713725,4,,True,False,0.9980410140738913,1.2414725335162107,0.0,88,0.7848890040208873,-2.3456205870100613,0.04225219901110251,4.0,True,12,88,sunspots_1800,3,1.0000000000000016,1.2269070923788805,0.4737328106337105,dual persistent load below admissibility threshold,True,2.289076763848861e-16
4.0,0.3333333333333333,0.005992033589385259,0.9940079664106148,annual-sunspots,,4,0.005992033589385259,0.9940079664106148,-1.2237367872114466,1.5419662944043686,0.8606854963758206,0.0051883451425481135,4,,True,False,0.9971901742484647,1.2565068353515694,0.0,89,0.7897878170821313,-2.2198156258240482,0.05210168856077361,4.0,True,12,89,sunspots_1801,3,1.0000000000000002,1.2237367872114473,0.5074221131860369,dual persistent load below admissibility threshold,True,2.392237767774748e-16
4.0,0.3333333333333333,0.009252208115634927,0.9907477918843651,annual-sunspots,,4,0.009252208115634927,0.9907477918843651,-1.2181899981495925,1.5993887229635884,0.8428330900993568,0.007870890271187283,4,,True,False,0.9946063544382375,1.3058407879663931,0.0,90,0.8184028846965454,-2.029717720016776,0.07169337026953726,4.0,True,12,90,sunspots_1802,3,1.0000000000000004,1.2181899981495923,0.4863501522294739,dual persistent load below admissibility threshold,True,5.201815878343293e-16
4.0,0.3333333333333333,0.012457362138635762,0.9875426378613642,annual-sunspots,,4,0.012457362138635762,0.9875426378613642,-1.2115725370047794,1.6555774502570697,0.8180882590039398,0.010319778927063216,4,,True,False,0.9898111443963017,1.3525471737142858,0.0,91,0.8224034185923772,-1.8991297659976467,0.0821664097418241,4.0,True,12,91,sunspots_1803,3,1.0,1.2115725370047796,0.4123895584366054,dual persistent load below admissibility threshold,True,2.496203980568381e-16
4.0,0.3333333333333333,0.012763670477637544,0.9872363295223624,annual-sunspots,,4,0.012763670477637544,0.9872363295223624,-1.2082003849075873,1.6892156530088545,0.8361186156280862,0.010809916704806233,4,,True,False,0.9867305157138078,1.3795730023482435,0.0,92,0.8233220605940949,-1.8884455452851092,0.08555496718237887,4.0,True,12,92,sunspots_1804,3,1.0000000000000007,1.208200384907587,0.45715477578642666,dual persistent load below admissibility threshold,True,2.2255415141192354e-16
4.0,0.3333333333333333,0.008610009050965633,0.9913899909490343,annual-sunspots,,4,0.008610009050965633,0.9913899909490343,-1.2080492028700853,1.718145522423056,0.8598475085521529,0.007467590855942861,4,,True,False,0.9851480104986473,1.4011247548037655,0.0,93,0.8328685533741502,-2.0612409219734666,0.08115426137998123,4.0,True,12,93,sunspots_1805,3,1.0000000000000004,1.2080492028700862,0.6004756394312583,dual persistent load below admissibility threshold,True,2.238204788948395e-16
4.0,0.3333333333333333,0.012512510989439972,0.98748748901056,annual-sunspots,,4,0.012512510989439972,0.98748748901056,-1.2155857848589329,1.7208150283070534,0.8134671052856963,0.010307488659561489,4,,True,False,0.9891259758404184,1.400232600048542,0.0,94,0.848316708481419,-1.8971871301140433,0.0946301475379751,4.0,True,12,94,sunspots_1806,3,1.0000000000000004,1.215585784858933,0.5394301093737696,dual persistent load below admissibility threshold,True,2.658513510941082e-16
4.0,0.3333333333333333,0.009319406128260802,0.9906805938717391,annual-sunspots,,4,0.009319406128260802,0.9906805938717391,-1.2195620752854963,1.7231951297776933,0.7362598302695388,0.006926051056870242,4,,True,False,0.990933110742911,1.4001510418958427,0.0,95,0.8696276580346016,-2.0265454176533915,0.09572456031362364,4.0,True,12,95,sunspots_1807,3,1.0000000000000009,1.2195620752854974,0.5906138729933252,dual persistent load below admissibility threshold,True,2.6618489706380377e-16
4.0,0.3333333333333333,0.008244642202822507,0.9917553577971774,annual-sunspots,,4,0.008244642202822507,0.9917553577971774,-1.212045996771699,1.7181897117547298,0.7082228287685552,0.00588758485362446,4,,True,False,0.9877383807378627,1.4002124739567468,0.0,96,0.851263176113958,-2.0802327422799123,0.08620175627670867,4.0,True,12,96,sunspots_1808,3,1.0000000000000004,1.212045996771699,0.6248934505405677,dual persistent load below admissibility threshold,True,2.3576513663262384e-16
4.0,0.3333333333333333,0.007598204614204231,0.9924017953857958,annual-sunspots,,4,0.007598204614204231,0.9924017953857958,-1.2055001147352569,1.7136044227869536,0.7040151755383464,0.005390207252865505,4,,True,False,0.9848710478285191,1.3999827646672662,0.0,97,0.8419263609741033,-2.1159765566816127,0.08258981675031166,4.0,True,12,97,sunspots_1809,3,1.0000000000000004,1.205500114735257,0.6203863726714044,dual persistent load below admissibility threshold,True,4.45871144267485e-16
4.0,0.3333333333333333,0.007555534737471324,0.9924444652625286,annual-sunspots,,4,0.007555534737471324,0.9924444652625286,-1.2009819204695298,1.7066179847607261,0.705809965447701,0.005373370398698204,4,,True,False,0.9822756228578114,1.3958322064546986,0.0,98,0.8341370183753755,-2.118441007431469,0.08000937825295079,4.0,True,12,98,sunspots_1810,3,1.0000000000000009,1.2009819204695296,0.6067585514479764,dual persistent load below admissibility threshold,True,2.2637046605405073e-16
4.0,0.3333333333333333,0.007925189996000425,0.9920748100039996,annual-sunspots,,4,0.007925189996000425,0.9920748100039996,-1.2043365588894075,1.7007281656471365,0.7100076494864584,0.00567189637722096,4,,True,False,0.9845231876086827,1.3903142792932064,0.0,99,0.8363732688869743,-2.0975347398506368,0.08162385593783679,4.0,True,12,99,sunspots_1811,3,1.0000000000000002,1.2043365588894075,0.604438454092544,dual persistent load below admissibility threshold,True,1.276682019124446e-16
4.0,0.3333333333333333,0.008717828861067634,0.9912821711389325,annual-sunspots,,4,0.008717828861067634,0.9912821711389325,-1.213942845574144,1.6943657675503712,0.7174905426048258,0.006309968989633698,4,,True,False,0.9905136421876504,1.3825135291444715,0.0,100,0.851362405859692,-2.0557889560084694,0.088206432931555,4.0,True,12,100,sunspots_1812,3,0.9999999999999999,1.213942845574144,0.599857219527974,dual persistent load below admissibility threshold,True,1.3472754626005228e-16
4.0,0.3333333333333333,0.011332963682416033,0.988667036317584,annual-sunspots,,4,0.011332963682416033,0.988667036317584,-1.2200055486808883,1.6881242856144436,0.760012873439214,0.008711930282348864,4,,True,False,0.993786621065862,1.3751046719040882,0.0,101,0.8717637368220897,-1.940706557319335,0.10392895134195843,4.0,True,12,101,sunspots_1813,3,1.0000000000000002,1.2200055486808887,0.5751585008364463,dual persistent load below admissibility threshold,True,2.3231112305417367e-16
4.0,0.3333333333333333,0.008318847318196435,0.9916811526818036,annual-sunspots,,4,0.008318847318196435,0.9916811526818036,-1.2202837289353956,1.6809466882130168,0.8350839644727257,0.0070052112814044925,4,,True,False,0.9942571360310496,1.3695939726260447,0.0,102,0.8654774226546347,-2.0763089059113313,0.09431082914771173,4.0,True,12,102,sunspots_1814,3,1.0000000000000002,1.2202837289353945,0.6122495542616324,dual persistent load below admissibility threshold,True,4.444731171682539e-16
4.0,0.3333333333333333,0.012815349032020529,0.9871846509679796,annual-sunspots,,4,0.012815349032020529,0.9871846509679796,-1.2187778993795413,1.6842439576076194,0.8316522286614197,0.010796271571993418,4,,True,False,0.9925648013977054,1.3716373345292334,0.0,103,0.8476032422762956,-1.8866679553111116,0.09652585993958492,4.0,True,12,103,sunspots_1815,3,1.0000000000000004,1.2187778993795417,0.4502023608439032,dual persistent load below admissibility threshold,True,2.390811107899943e-16
4.0,0.3333333333333333,0.009997317370498377,0.9900026826295015,annual-sunspots,,4,0.009997317370498377,0.9900026826295015,-1.2165593302639484,1.690697880686067,0.8974491989615132,0.00906268702432951,4,,True,False,0.9920758872714317,1.3787248664030607,0.0,104,0.8122153841079622,-1.9957528921640921,0.07788597596180395,4.0,True,12,104,sunspots_1816,3,1.0,1.2165593302639486,0.44102724837678964,dual persistent load below admissibility threshold,True,3.065252294900108e-16
4.0,0.3333333333333333,0.010135907334307087,0.989864092665693,annual-sunspots,,4,0.010135907334307087,0.989864092665693,-1.211701856859296,1.6935753758456777,0.8942025307767905,0.009156362027082303,4,,True,False,0.9886185881737646,1.3817756303305126,0.0,105,0.8074077079511591,-1.9897129390643928,0.07698523328009348,4.0,True,12,105,sunspots_1817,3,1.0000000000000004,1.2117018568592965,0.4461380614760231,dual persistent load below admissibility threshold,True,2.229130024757783e-16
4.0,0.3333333333333333,0.01400204048319035,0.9859979595168097,annual-sunspots,,4,0.01400204048319035,0.9859979595168097,-1.218465921827159,1.6998086432801145,0.8717974721968078,0.01238029286067159,4,,True,False,0.9923944546780742,1.38442991419528,0.0,106,0.8300574500916447,-1.847684687221973,0.09238866610067065,4.0,True,12,106,sunspots_1818,3,1.0,1.2184659218271583,0.39595308556267994,dual persistent load below admissibility threshold,True,2.236491790977681e-16
4.0,0.3333333333333333,0.011089033643262263,0.9889109663567377,annual-sunspots,,4,0.011089033643262263,0.9889109663567377,-1.2205815618220446,1.706104418177851,0.7422261578779961,0.0083228633472847,4,,True,False,0.9930953336180186,1.3881287325267115,0.0,107,0.8659435226005181,-1.9502634918596233,0.099805969572257,4.0,True,12,107,sunspots_1819,3,1.0000000000000013,1.2205815618220444,0.5117266523774399,dual persistent load below admissibility threshold,True,2.222576450994171e-16
4.0,0.3333333333333333,0.009154096600042794,0.9908459033999573,annual-sunspots,,4,0.009154096600042794,0.9908459033999573,-1.2185878208480956,1.7120232950594345,0.7310688130042595,0.006754102239869947,4,,True,False,0.9917688730401792,1.3933599080105095,0.0,108,0.8764896792864701,-2.034390627075273,0.09927186923671624,4.0,True,12,108,sunspots_1820,3,1.0000000000000007,1.218587820848096,0.5829152230378072,dual persistent load below admissibility threshold,True,2.2446213110832094e-16
4.0,0.3333333333333333,0.008483966407130747,0.9915160335928692,annual-sunspots,,4,0.008483966407130747,0.9915160335928692,-1.21368561423435,1.7183174506053036,0.7283590067886571,0.006232247524565419,4,,True,False,0.9887463705945209,1.3998519244928354,0.0,109,0.8683428843113522,-2.0677008012529194,0.09523824401028645,4.0,True,12,109,sunspots_1821,3,1.000000000000002,1.21368561423435,0.6074115842477099,dual persistent load below admissibility threshold,True,2.652777602797306e-16
4.0,0.3333333333333333,0.008176005736898074,0.9918239942631019,annual-sunspots,,4,0.008176005736898074,0.9918239942631019,-1.2068040106418232,1.7292098896554928,0.7260410449833756,0.00598504954845131,4,,True,False,0.9847681897190008,1.411058363797269,0.0,110,0.8475808572947835,-2.083893423034974,0.08915763116023702,4.0,True,12,110,sunspots_1822,3,1.0000000000000004,1.2068040106418239,0.6194170768350681,dual persistent load below admissibility threshold,True,2.2212720496744823e-16
4.0,0.3333333333333333,0.00794957532232427,0.9920504246776758,annual-sunspots,,4,0.00794957532232427,0.9920504246776758,-1.2038329947109814,1.7283423930060007,0.7255888914078139,0.0058143451197677646,4,,True,False,0.9823530518541652,1.410363756333159,0.0,111,0.8493220569945745,-2.096189818714306,0.08755511267391257,4.0,True,12,111,sunspots_1823,3,1.0000000000000002,1.2038329947109812,0.6054225176851629,dual persistent load below admissibility threshold,True,3.29609662705653e-16
4.0,0.3333333333333333,0.007940311340232736,0.9920596886597672,annual-sunspots,,4,0.007940311340232736,0.9920596886597672,-1.2056954838005232,1.7224009278007208,0.7275495759032333,0.0058232082345069545,4,,True,False,0.983053516219024,1.404344887380819,0.0,112,0.8582066597139081,-2.0967002713938956,0.08834766271022777,4.0,True,12,112,sunspots_1824,3,1.0000000000000004,1.2056954838005243,0.5930280911214658,dual persistent load below admissibility threshold,True,1.1555525765568056e-16
4.0,0.3333333333333333,0.008216727062018645,0.9917832729379814,annual-sunspots,,4,0.008216727062018645,0.9917832729379814,-1.2121842721510705,1.7264281917863467,0.727152217854047,0.006024311429400207,4,,True,False,0.9864480606112138,1.404928096080695,0.0,113,0.8697870135170429,-2.0817179182643915,0.09254997310759434,4.0,True,12,113,sunspots_1825,3,1.0000000000000002,1.2121842721510694,0.5996028047662598,dual persistent load below admissibility threshold,True,6.909465341070589e-17
4.0,0.3333333333333333,0.009568785272077041,0.990431214727923,annual-sunspots,,4,0.009568785272077041,0.990431214727923,-1.2209825869208903,1.7320010492403037,0.739915799317566,0.00714849784397393,4,,True,False,0.9919462500041533,1.4071060178915507,0.0,114,0.8634532230460774,-2.014967510322797,0.09239916178593909,4.0,True,12,114,sunspots_1826,3,1.0000000000000002,1.22098258692089,0.5438683250202166,dual persistent load below admissibility threshold,True,2.250882466553851e-16
4.0,0.3333333333333333,0.010207168133702298,0.9897928318662977,annual-sunspots,,4,0.010207168133702298,0.9897928318662977,-1.220198234444915,1.7255481106166297,0.7743611413737505,0.00798554415806799,4,,True,False,0.9914368562751521,1.4020443120207706,0.0,115,0.8495369064593217,-1.9866390357213406,0.08863128509183081,4.0,True,12,115,sunspots_1827,3,1.0000000000000004,1.2201982344449152,0.533436004746355,dual persistent load below admissibility threshold,True,2.3488848952692503e-16
4.0,0.3333333333333333,0.009273103996557838,0.9907268960034422,annual-sunspots,,4,0.009273103996557838,0.9907268960034422,-1.2110128971930467,1.7001530139324552,0.9017317457068152,0.008440118350141058,4,,True,False,0.9871703584298339,1.38589825429557,0.0,116,0.8227118015185142,-2.028728822907605,0.07775951592882901,4.0,True,12,116,sunspots_1828,3,1.0000000000000009,1.2110128971930467,0.5153842974284765,dual persistent load below admissibility threshold,True,3.4289855158472524e-16
4.0,0.3333333333333333,0.010481559563948499,0.9895184404360515,annual-sunspots,,4,0.010481559563948499,0.9895184404360515,-1.2127348238894464,1.6468643813874726,0.8890362045060716,0.009417192799288012,4,,True,False,0.9902585703227664,1.3447470425545496,0.0,117,0.8038975127334398,-1.9749979853712358,0.07393740574028294,4.0,True,12,117,sunspots_1829,3,1.0000000000000002,1.2127348238894462,0.41829020189642907,dual persistent load below admissibility threshold,True,1.2039792058014608e-16
4.0,0.3333333333333333,0.011340507704015701,0.9886594922959844,annual-sunspots,,4,0.011340507704015701,0.9886594922959844,-1.2136564863387407,1.622959341839053,0.8170559530429646,0.009372113859522458,4,,True,False,0.9913298239181606,1.3256535244377128,0.0,118,0.8182865278209375,-1.9404142425011655,0.08065463539123173,4.0,True,12,118,sunspots_1830,3,1.0,1.2136564863387418,0.4240701540377784,dual persistent load below admissibility threshold,True,3.2237468513810144e-16
4.0,0.3333333333333333,0.011523067017234967,0.9884769329827651,annual-sunspots,,4,0.011523067017234967,0.9884769329827651,-1.2176824351911852,1.6108937769118743,0.8030754533789153,0.009361768555648173,4,,True,False,0.9946777385081992,1.315876892602182,0.0,119,0.8438731684218876,-1.9333984513931561,0.0905094624868526,4.0,True,12,119,sunspots_1831,3,1.0000000000000009,1.2176824351911844,0.5138445540224593,dual persistent load below admissibility threshold,True,2.226967685419004e-16
4.0,0.3333333333333333,0.031460428772229376,0.9685395712277706,annual-sunspots,,4,0.031460428772229376,0.9685395712277706,-1.2179388076691213,1.623973783263899,0.6994753335631645,0.0227205935237108,4,,True,False,0.9951449556371631,1.3269051846659878,0.0,120,0.8648988790741713,-1.4883527319107022,0.14369207595926684,4.0,True,12,120,sunspots_1832,3,1.0000000000000002,1.2179388076691209,0.2997359940697696,dual persistent load below admissibility threshold,True,4.598041395236563e-16
4.0,0.3333333333333333,0.025015084940081728,0.9749849150599184,annual-sunspots,,4,0.025015084940081728,0.9749849150599184,-1.2133441029997827,1.6329419363213007,0.5385369039459384,0.013817184437923721,4,,True,False,0.9931945303785534,1.3366603880716026,0.0,121,0.8536783167762765,-1.5907959144656378,0.12518868573334252,4.0,True,12,121,sunspots_1833,3,1.0,1.2133441029997836,0.3663233231792558,dual persistent load below admissibility threshold,True,2.290428719042647e-16
4.0,0.3333333333333333,0.023936700256778878,0.9760632997432211,annual-sunspots,,4,0.023936700256778878,0.9760632997432211,-1.2079088356166816,1.6461753658408946,0.48509140490499986,0.011896244392556755,4,,True,False,0.9914002734735161,1.3511108286966236,0.0,122,0.8350828196677562,-1.610413702035383,0.11737036652750545,4.0,True,12,122,sunspots_1834,3,1.0000000000000002,1.2079088356166818,0.34096873267683775,dual persistent load below admissibility threshold,True,2.5878562076925506e-16
4.0,0.3333333333333333,0.017776075072128212,0.9822239249278718,annual-sunspots,,4,0.017776075072128212,0.9822239249278718,-1.203956394464391,1.6621958547869022,0.41924673045964267,0.007587436189708144,4,,True,False,0.9890236617391914,1.3654572859845133,0.0,123,0.8252734272147737,-1.7423746327147362,0.09735174819178877,4.0,True,12,123,sunspots_1835,3,1.0000000000000004,1.2039563944643898,0.37694575643398276,dual persistent load below admissibility threshold,True,2.746930232587242e-16
4.0,0.3333333333333333,0.018167544167640198,0.9818324558323598,annual-sunspots,,4,0.018167544167640198,0.9818324558323598,-1.204339353677585,1.6899005776364238,0.3722497863747949,0.006888002525466953,4,,True,False,0.9862727489314426,1.3839146607946045,0.0,124,0.8170832421073609,-1.7327411595146303,0.09236161041054942,4.0,True,12,124,sunspots_1836,3,1.0000000000000007,1.204339353677585,0.2515785290554563,dual persistent load below admissibility threshold,True,2.292458973094069e-16
4.0,0.3333333333333333,0.009548287188231894,0.990451712811768,annual-sunspots,,4,0.009548287188231894,0.990451712811768,-1.214157369307893,1.4829304621619754,0.4699969920265584,0.004530928867531356,4,,True,False,0.9887656770254317,1.2076447250302003,0.0,125,0.7882086660081152,-2.015907834358805,0.05866252621194592,4.0,True,12,125,sunspots_1837,3,1.0000000000000004,1.2141573693078929,0.3041170551009949,dual persistent load below admissibility threshold,True,1.646738281698899e-16
4.0,0.3333333333333333,0.003477664968209871,0.9965223350317901,annual-sunspots,,4,0.003477664968209871,0.9965223350317901,-1.215085262402514,1.4607810044446257,0.5014777850204183,0.0017500578401439995,4,,True,False,0.9848491372377248,1.1839900922475135,0.0,126,0.7824198196361728,-2.457199296420281,0.03205722290502263,4.0,True,12,126,sunspots_1838,3,1.0000000000000007,1.215085262402513,0.3436286476356167,dual persistent load below admissibility threshold,True,2.597737669664792e-16
4.0,0.3333333333333333,0.0037709800385178167,0.9962290199614822,annual-sunspots,,4,0.0037709800385178167,0.9962290199614822,-1.2250786570906909,1.4953644062015523,0.5729934944961256,0.0021689260066214498,4,,True,False,0.9924471902412431,1.2114080959061486,0.0,127,0.8153905985941987,-2.4219049549991407,0.03678608528200243,4.0,True,12,127,sunspots_1839,3,0.9999999999999999,1.2250786570906917,0.37285329626422997,dual persistent load below admissibility threshold,True,3.101585532609416e-16
4.0,0.3333333333333333,0.004045165955538668,0.9959548340444614,annual-sunspots,,4,0.004045165955538668,0.9959548340444614,-1.2254806644437275,1.5258167220040966,0.6888856951952196,0.002797975235628896,4,,True,False,0.9937746888376069,1.2373251428011134,0.0,128,0.8219401612626558,-2.3913033003508652,0.039116880586118355,4.0,True,12,128,sunspots_1840,3,1.0000000000000004,1.225480664443727,0.39680679171995686,dual persistent load below admissibility threshold,True,3.374378651471391e-16
4.0,0.3333333333333333,0.004701338171522758,0.9952986618284773,annual-sunspots,,4,0.004701338171522758,0.9952986618284773,-1.2224024464116172,1.553459401215326,0.6898268611631633,0.0032584283276038445,4,,True,False,0.9931493124596896,1.2621188224712798,0.0,129,0.809107657931573,-2.3257319286559563,0.04126694611048982,4.0,True,12,129,sunspots_1841,3,1.0000000000000002,1.222402446411618,0.44279535751351223,dual persistent load below admissibility threshold,True,2.4630167349833086e-16
4.0,0.3333333333333333,0.005387751974010621,0.9946122480259894,annual-sunspots,,4,0.005387751974010621,0.9946122480259894,-1.2191482816021781,1.5739155485456457,0.6998834404289656,0.003791224565384572,4,,True,False,0.9931759345643788,1.2821861535972785,0.0,130,0.789144715192575,-2.2662462082953176,0.04317896211734062,4.0,True,12,130,sunspots_1842,3,0.9999999999999999,1.2191482816021786,0.5054105647609741,dual persistent load below admissibility threshold,True,2.2527811455445795e-16
4.0,0.3333333333333333,0.004636307913004266,0.9953636920869957,annual-sunspots,,4,0.004636307913004266,0.9953636920869957,-1.2177308602810124,1.56617575097493,0.671942117509752,0.0031298414652430606,4,,True,False,0.9930357242665656,1.277185724634766,0.0,131,0.790763087560842,-2.3318095236977676,0.04462523343138851,4.0,True,12,131,sunspots_1843,3,1.0000000000000009,1.217730860281012,0.6314694507166071,dual persistent load below admissibility threshold,True,2.933762173554583e-16
4.0,0.3333333333333333,0.004203062439155762,0.9957969375608442,annual-sunspots,,4,0.004203062439155762,0.9957969375608442,-1.2214265868688883,1.5588264701711527,0.6910981119616687,0.002916988802227634,4,,True,False,0.9966717664756645,1.2719866657211383,0.0,132,0.7970690824961485,-2.374604944554324,0.04236219739183221,4.0,True,12,132,sunspots_1844,3,1.0000000000000004,1.2214265868688878,0.5739825492347755,dual persistent load below admissibility threshold,True,2.5640165952410983e-16
4.0,0.3333333333333333,0.003741184542953469,0.9962588154570465,annual-sunspots,,4,0.003741184542953469,0.9962588154570465,-1.2240683159776788,1.5490470850333402,0.6861122970066393,0.002576511926887144,4,,True,False,0.9978162234728459,1.2627271633405905,0.0,133,0.8016433890843846,-2.425363045952778,0.03876262892577499,4.0,True,12,133,sunspots_1845,3,1.0000000000000013,1.2240683159776795,0.5058281347519828,dual persistent load below admissibility threshold,True,2.2608527667438045e-16
4.0,0.3333333333333333,0.0030582658801736424,0.9969417341198265,annual-sunspots,,4,0.0030582658801736424,0.9969417341198265,-1.2233298009927471,1.546434198525584,0.6195059530529565,0.0019004259265552926,4,,True,False,0.9950656309283304,1.257881170062439,0.0,134,0.795458527170994,-2.5131945373733995,0.032302506530600614,4.0,True,12,134,sunspots_1846,3,1.0000000000000004,1.2233298009927462,0.45809685794554694,dual persistent load below admissibility threshold,True,2.2282144351177394e-16
4.0,0.3333333333333333,0.003884031922223602,0.9961159680777765,annual-sunspots,,4,0.003884031922223602,0.9961159680777765,-1.217946531648424,1.5429824607167744,0.5661415995002683,0.0022074859910147346,4,,True,False,0.9897459332383711,1.2538814930452111,0.0,135,0.8210978956637185,-2.409027111396598,0.043097879047416236,4.0,True,12,135,sunspots_1847,3,1.0,1.2179465316484246,0.595365534795951,dual persistent load below admissibility threshold,True,2.2393980207375926e-16
4.0,0.3333333333333333,0.003576609465981558,0.9964233905340184,annual-sunspots,,4,0.003576609465981558,0.9964233905340184,-1.2226628869828082,1.5413780259534589,0.7653333031278967,0.002747123725318365,4,,True,False,0.9935147345618398,1.2524971491476504,0.0,136,0.7943306694422004,-2.444972392193122,0.03482983071199692,4.0,True,12,136,sunspots_1848,3,1.0000000000000013,1.2226628869828076,0.544637930253828,dual persistent load below admissibility threshold,True,4.956875813884028e-16
4.0,0.3333333333333333,0.002963376786147497,0.9970366232138524,annual-sunspots,,4,0.002963376786147497,0.9970366232138524,-1.221465123975283,1.5475920324791541,0.7774819115873642,0.0023108196778378535,4,,True,False,0.992595461700692,1.2576149722585472,0.0,137,0.7778792148174021,-2.526924236660245,0.026491886803678352,4.0,True,12,137,sunspots_1849,3,1.0000000000000007,1.221465123975284,0.390312490766001,dual persistent load below admissibility threshold,True,2.387561804690202e-16
4.0,0.3333333333333333,0.0032962862155120056,0.9967037137844881,annual-sunspots,,4,0.0032962862155120056,0.9967037137844881,-1.2202229663098563,1.5688933013442412,0.6870550013405764,0.002272219817079176,4,,True,False,0.9930848610054751,1.2768520418933225,0.0,138,0.7978721748651613,-2.4805411621563542,0.03546400479824555,4.0,True,12,138,sunspots_1850,3,1.0000000000000004,1.220222966309856,0.5976144920491189,dual persistent load below admissibility threshold,True,5.042442836688747e-16
4.0,0.3333333333333333,0.004840122856155179,0.9951598771438449,annual-sunspots,,4,0.004840122856155179,0.9951598771438449,-1.2177228828627609,1.5822727160066743,0.6240289514006598,0.003035066887187519,4,,True,False,0.991774792240239,1.2886825206862569,0.0,139,0.7970167133890343,-2.3130364723948493,0.040506553365430964,4.0,True,12,139,sunspots_1851,3,1.0000000000000004,1.2177228828627606,0.4363295077070577,dual persistent load below admissibility threshold,True,1.547091928317579e-16
4.0,0.3333333333333333,0.005847568232361629,0.9941524317676383,annual-sunspots,,4,0.005847568232361629,0.9941524317676383,-1.2199146006081798,1.5841387851098505,0.6591011837470975,0.003876809049431862,4,,True,False,0.9926317755092176,1.2889971922072772,0.0,140,0.8166857842022939,-2.23047768108924,0.050320318065340694,4.0,True,12,140,sunspots_1852,3,1.0000000000000004,1.2199146006081798,0.47115661461596076,dual persistent load below admissibility threshold,True,3.0561915366068653e-16
4.0,0.3333333333333333,0.007346134699329732,0.9926538653006703,annual-sunspots,,4,0.007346134699329732,0.9926538653006703,-1.2225279305521528,1.5889037608146406,0.6986181386339638,0.005170123372506698,4,,True,False,0.9941003272553841,1.2920193552467572,0.0,141,0.8277823185197932,-2.130738950684849,0.06413153626806667,4.0,True,12,141,sunspots_1853,3,1.0000000000000009,1.2225279305521524,0.6330585689324638,dual persistent load below admissibility threshold,True,2.222163930258012e-16
4.0,0.3333333333333333,0.00690220591471263,0.9930977940852874,annual-sunspots,,4,0.00690220591471263,0.9930977940852874,-1.223271353428797,1.5902291954163204,0.6809970934701113,0.004733050656688743,4,,True,False,0.9948740988537875,1.2933171641159367,0.0,142,0.8289451523167121,-2.1580041056850585,0.05746806242509005,4.0,True,12,142,sunspots_1854,3,1.0000000000000004,1.2232713534287973,0.5301808867464601,dual persistent load below admissibility threshold,True,2.28149574698066e-16
4.0,0.3333333333333333,0.00428342484645697,0.9957165751535431,annual-sunspots,,4,0.00428342484645697,0.9957165751535431,-1.221826861714883,1.5921317115952294,0.6349930666244445,0.0027316458787357504,4,,True,False,0.9945084840108772,1.2959188772637273,0.0,143,0.8246006814265541,-2.3663445851326,0.04174078615184944,4.0,True,12,143,sunspots_1855,3,1.0000000000000004,1.2218268617148833,0.47215634478370644,dual persistent load below admissibility threshold,True,2.9567666721574537e-16
4.0,0.3333333333333333,0.003859255441886612,0.9961407445581134,annual-sunspots,,4,0.003859255441886612,0.9961407445581134,-1.2210465117206017,1.6152771299843205,0.608467855808697,0.0023573304240099777,4,,True,False,0.9943353832825385,1.3153693890720437,0.0,144,0.8128280081023858,-2.4118171789297635,0.03674012832840697,4.0,True,12,144,sunspots_1856,3,1.0000000000000007,1.221046511720602,0.4130320932461361,dual persistent load below admissibility threshold,True,2.407263059445808e-16
4.0,0.3333333333333333,0.006556914460843974,0.993443085539156,annual-sunspots,,4,0.006556914460843974,0.993443085539156,-1.2229369848282208,1.5871780014427506,0.6892829813928218,0.004549399572151036,4,,True,False,0.9955983158177606,1.2921285109071767,0.0,145,0.8201333596348094,-2.18044347332779,0.05110372487219498,4.0,True,12,145,sunspots_1857,3,1.0000000000000013,1.2229369848282214,0.40879338759489087,dual persistent load below admissibility threshold,True,2.364720320417151e-16
4.0,0.3333333333333333,0.012088103168240393,0.9879118968317595,annual-sunspots,,4,0.012088103168240393,0.9879118968317595,-1.2245395815027378,1.5792869454091247,0.7690356646472554,0.009409930667021288,4,,True,False,0.9967833003524427,1.2855499956290435,0.0,146,0.8274789452720116,-1.9123600574950699,0.07624777476387817,4.0,True,12,146,sunspots_1858,3,1.0000000000000009,1.2245395815027373,0.4278916539299067,dual persistent load below admissibility threshold,True,3.186727906465815e-16
4.0,0.3333333333333333,0.00651122354443749,0.9934887764555626,annual-sunspots,,4,0.00651122354443749,0.9934887764555626,-1.221911016789162,1.5641571053823098,0.7149497428814995,0.00468570728654605,4,,True,False,0.9951210463402022,1.2738453405867614,0.0,147,0.8206106301672539,-2.1835003593292215,0.05485291393415034,4.0,True,12,147,sunspots_1859,3,1.0000000000000004,1.2219110167891616,0.4513173505320924,dual persistent load below admissibility threshold,True,1.2521521453342172e-16
4.0,0.3333333333333333,0.004819358316977754,0.9951806416830223,annual-sunspots,,4,0.004819358316977754,0.9951806416830223,-1.2175061333313388,1.5527420733594688,0.7896770041842847,0.0038241664663065103,4,,True,False,0.9923500315916687,1.265590047859449,0.0,148,0.7739008877237149,-2.314912702417183,0.03598615734811135,4.0,True,12,148,sunspots_1860,3,1.0000000000000007,1.2175061333313386,0.3108847139622704,dual persistent load below admissibility threshold,True,2.609890486575394e-16
4.0,0.3333333333333333,0.005107355862991541,0.9948926441370084,annual-sunspots,,4,0.005107355862991541,0.9948926441370084,-1.2156489549868188,1.570345488038216,0.7394207302818449,0.003795871669448589,4,,True,False,0.9918642250218375,1.2812658655445912,0.0,149,0.8031568898116279,-2.289580100811301,0.04460820116658059,4.0,True,12,149,sunspots_1861,3,1.0000000000000009,1.2156489549868175,0.4629497724821595,dual persistent load below admissibility threshold,True,2.579981501045361e-16
4.0,0.3333333333333333,0.00820620373915559,0.9917937962608444,annual-sunspots,,4,0.00820620373915559,0.9917937962608444,-1.216306197559949,1.5821437689679425,0.6559703218557043,0.005427565818904987,4,,True,False,0.9924525118518923,1.2909599250361978,0.0,150,0.8325136073437446,-2.0822790922298724,0.06597720405214119,4.0,True,12,150,sunspots_1862,3,1.0000000000000004,1.2163061975599492,0.5100527849467986,dual persistent load below admissibility threshold,True,3.0081928722486317e-16
4.0,0.3333333333333333,0.0118936753135401,0.9881063246864599,annual-sunspots,,4,0.0118936753135401,0.9881063246864599,-1.2132543469388766,1.6045118574408777,0.6638226991512943,0.007990325992467049,4,,True,False,0.9914568445977243,1.3111877713949047,0.0,151,0.8223791412719841,-1.9194876006595647,0.07672496685013805,4.0,True,12,151,sunspots_1863,3,1.0000000000000004,1.2132543469388772,0.43538867848571233,dual persistent load below admissibility threshold,True,3.025309685594079e-16
4.0,0.3333333333333333,0.014340298865939098,0.9856597011340609,annual-sunspots,,4,0.014340298865939098,0.9856597011340609,-1.2124506863072606,1.6127494962902442,0.6583052007789487,0.009577639537571174,4,,True,False,0.9914865723693455,1.3188325828222405,0.0,152,0.8208747809419539,-1.8371687981626086,0.08297842570577138,4.0,True,12,152,sunspots_1864,3,1.0,1.2124506863072608,0.3377011426717938,dual persistent load below admissibility threshold,True,2.3738812127308877e-16
4.0,0.3333333333333333,0.01744116403676532,0.9825588359632346,annual-sunspots,,4,0.01744116403676532,0.9825588359632346,-1.2142917693770927,1.6111262491102056,0.5421208428543829,0.009623055843473744,4,,True,False,0.9925020516275064,1.3168549338789364,0.0,153,0.8320495643193082,-1.7507830988168724,0.09745434419656655,4.0,True,12,153,sunspots_1865,3,1.0000000000000007,1.214291769377094,0.4092690927051899,dual persistent load below admissibility threshold,True,7.065827258781945e-17
4.0,0.3333333333333333,0.011249270367520757,0.9887507296324793,annual-sunspots,,4,0.011249270367520757,0.9887507296324793,-1.2160944615613403,1.5965975736132278,0.6291317248803684,0.007157792816592496,4,,True,False,0.9934412751839403,1.3042785569876598,0.0,154,0.8520520900077717,-1.9439624621510607,0.08507354298398467,4.0,True,12,154,sunspots_1866,3,1.0000000000000007,1.2160944615613403,0.5410267377273086,dual persistent load below admissibility threshold,True,2.36722980827248e-16
4.0,0.3333333333333333,0.008288619365570576,0.9917113806344294,annual-sunspots,,4,0.008288619365570576,0.9917113806344294,-1.2158212246158082,1.5934718556865581,0.577463585841313,0.004826379886307381,4,,True,False,0.9938306138918142,1.3025279379019896,0.0,155,0.8341850393359617,-2.077903100928339,0.06543452869074638,4.0,True,12,155,sunspots_1867,3,1.0000000000000007,1.2158212246158078,0.4645343795410592,dual persistent load below admissibility threshold,True,1.8998265822870414e-16
4.0,0.3333333333333333,0.008310784502284004,0.9916892154977159,annual-sunspots,,4,0.008310784502284004,0.9916892154977159,-1.2162709920606978,1.6134652196555548,0.5734263005154454,0.004805560388325902,4,,True,False,0.9944076937803299,1.3191486424863976,0.0,156,0.814981396483789,-2.076733569109403,0.059222555490770636,4.0,True,12,156,sunspots_1868,3,1.0000000000000004,1.2162709920606967,0.3819042405276382,dual persistent load below admissibility threshold,True,2.2404356397417715e-16
4.0,0.3333333333333333,0.009011835504152795,0.9909881644958471,annual-sunspots,,4,0.009011835504152795,0.9909881644958471,-1.2167121704891797,1.6476483656256067,0.5262690260340694,0.004785778542534362,4,,True,False,0.9918989829327631,1.343210644007775,0.0,157,0.8358311109365789,-2.041255211867817,0.06828461850065609,4.0,True,12,157,sunspots_1869,3,1.0000000000000013,1.21671217048918,0.49086578530452324,dual persistent load below admissibility threshold,True,1.7746614458385803e-16
4.0,0.3333333333333333,0.008924675045552855,0.9910753249544472,annual-sunspots,,4,0.008924675045552855,0.9910753249544472,-1.2189958392839635,1.6463880236099024,0.5362016569824972,0.004828518506073932,4,,True,False,0.9921779219910828,1.3400454664519612,0.0,158,0.8305519099743237,-2.0455142514676217,0.06336555435721063,4.0,True,12,158,sunspots_1870,3,1.000000000000001,1.218995839283964,0.4107297390392036,dual persistent load below admissibility threshold,True,2.886667638639503e-16
4.0,0.3333333333333333,0.004832850750293719,0.9951671492497063,annual-sunspots,,4,0.004832850750293719,0.9951671492497063,-1.2238055096247842,1.462109333290505,0.7364187693915976,0.0035762856570052824,4,,True,False,0.9936768432518166,1.1871691828210285,0.0,159,0.779311205416619,-2.3136926480799844,0.03599552682505617,4.0,True,12,159,sunspots_1871,3,1.000000000000001,1.2238055096247837,0.3396236921536546,dual persistent load below admissibility threshold,True,1.410604558336361e-16
4.0,0.3333333333333333,0.0035835185286703327,0.9964164814713297,annual-sunspots,,4,0.0035835185286703327,0.9964164814713297,-1.2189204974486203,1.4871335255129403,0.6581676038405089,0.0023670381283239367,4,,True,False,0.9892459993330476,1.2069211188646354,0.0,160,0.7844507248077837,-2.4441312481367112,0.029583885300752337,4.0,True,12,160,sunspots_1872,3,1.0000000000000004,1.2189204974486214,0.24047635241082596,dual persistent load below admissibility threshold,True,1.9390895866560253e-16
4.0,0.3333333333333333,0.004580736596511791,0.9954192634034882,annual-sunspots,,4,0.004580736596511791,0.9954192634034882,-1.2242724092560409,1.5061010977749607,0.7057486573296252,0.0032477256784395328,4,,True,False,0.992739249490523,1.2212687814883791,0.0,161,0.8108821653762596,-2.3370707214721564,0.03934585356100613,4.0,True,12,161,sunspots_1873,3,1.0000000000000007,1.2242724092560406,0.35173136067229355,dual persistent load below admissibility threshold,True,4.343340539247475e-17
4.0,0.3333333333333333,0.0031578284837725477,0.9968421715162276,annual-sunspots,,4,0.0031578284837725477,0.9968421715162276,-1.2171384705868364,1.521346294257275,0.595535694726899,0.001886557003353324,4,,True,False,0.987297361025171,1.2340594088702495,0.0,162,0.8201185714492002,-2.49923786480215,0.03938526930094512,4.0,True,12,162,sunspots_1874,3,1.0000000000000007,1.2171384705868362,0.6069125073015915,dual persistent load below admissibility threshold,True,1.1155237378496165e-16
4.0,0.3333333333333333,0.0038019478010343486,0.9961980521989656,annual-sunspots,,4,0.0038019478010343486,0.9961980521989656,-1.219748200683816,1.5458250428204858,0.6676447330291932,0.0025480379318243577,4,,True,False,0.9910328427088402,1.255966916498053,0.0,163,0.8030817838039558,-2.418339538339358,0.03867660731550265,4.0,True,12,163,sunspots_1875,3,1.000000000000001,1.2197482006838165,0.5280630797455746,dual persistent load below admissibility threshold,True,1.2372739972914408e-16
4.0,0.3333333333333333,0.003977877479750503,0.9960221225202496,annual-sunspots,,4,0.003977877479750503,0.9960221225202496,-1.2180393286350786,1.560549429825742,0.6402743207395517,0.002557104650334343,4,,True,False,0.992652650642223,1.271784491319027,0.0,164,0.7929855577031975,-2.3986175820429745,0.036961494849620316,4.0,True,12,164,sunspots_1876,3,1.0000000000000007,1.2180393286350772,0.44776648575311523,dual persistent load below admissibility threshold,True,2.775098492269717e-16
4.0,0.3333333333333333,0.0049045244104889306,0.9950954755895112,annual-sunspots,,4,0.0049045244104889306,0.9950954755895112,-1.2182546088130806,1.5676020348735058,0.6695671356923433,0.003300093751826989,4,,True,False,0.9956101518426801,1.281111919198797,0.0,165,0.7774369322231227,-2.3072678512141453,0.04087426123171402,4.0,True,12,165,sunspots_1877,3,1.0000000000000004,1.2182546088130823,0.4658239315921054,dual persistent load below admissibility threshold,True,2.447806792908518e-16
4.0,0.3333333333333333,0.004629352991070209,0.9953706470089297,annual-sunspots,,4,0.004629352991070209,0.9953706470089297,-1.2199925018146518,1.558656250344514,0.6659283645828834,0.0030971552915329313,4,,True,False,0.9970005018060119,1.2737627988902567,0.0,166,0.7874100606751213,-2.332464532193918,0.04071408378873103,4.0,True,12,166,sunspots_1878,3,1.0000000000000004,1.2199925018146525,0.43877430661059047,dual persistent load below admissibility threshold,True,1.578296347017738e-16
4.0,0.3333333333333333,0.004082992190210044,0.9959170078097899,annual-sunspots,,4,0.004082992190210044,0.9959170078097899,-1.2225307506198533,1.5423694868927025,0.6566747592856965,0.002692190104844199,4,,True,False,0.9976112275673645,1.2586064738259743,0.0,167,0.7795934462711404,-2.3872445998924166,0.036132604287461734,4.0,True,12,167,sunspots_1879,3,1.0,1.2225307506198535,0.36913365297652656,dual persistent load below admissibility threshold,True,2.8201077933858606e-16
4.0,0.3333333333333333,0.005346269597554011,0.994653730402446,annual-sunspots,,4,0.005346269597554011,0.994653730402446,-1.2265263528563282,1.5245877326688657,0.7266623030972813,0.0039058141139888896,4,,True,False,0.9978704326646849,1.240365538735194,0.0,168,0.7879072285920461,-2.2696210605325295,0.04229755361168403,4.0,True,12,168,sunspots_1880,3,1.0000000000000009,1.2265263528563286,0.358059904248204,dual persistent load below admissibility threshold,True,4.0746793382211517e-16
4.0,0.3333333333333333,0.007063852911368056,0.992936147088632,annual-sunspots,,4,0.007063852911368056,0.992936147088632,-1.2255914898226419,1.5036545606654175,0.75188682162894,0.005349002480729277,4,,True,False,0.9950579548061017,1.22081741289434,0.0,169,0.814114752644381,-2.14787967367401,0.05488902337795521,4.0,True,12,169,sunspots_1881,3,1.000000000000001,1.225591489822641,0.4161355988856492,dual persistent load below admissibility threshold,True,2.63273838660838e-16
4.0,0.3333333333333333,0.005828304561065663,0.9941716954389344,annual-sunspots,,4,0.005828304561065663,0.9941716954389344,-1.219228360327765,1.4817409905965608,0.8779706847707803,0.00514707929224665,4,,True,False,0.9904955098259742,1.2037595627421547,0.0,170,0.8055303980047338,-2.2319191564263465,0.04778883796088797,4.0,True,12,170,sunspots_1882,3,1.0000000000000002,1.2192283603277645,0.344117059714504,dual persistent load below admissibility threshold,True,2.864311313511371e-16
4.0,0.3333333333333333,0.0074880014235827515,0.9925119985764173,annual-sunspots,,4,0.0074880014235827515,0.9925119985764173,-1.2108274046480352,1.5010203828950073,0.8103746257554846,0.00611386699606252,4,,True,False,0.9877476044595336,1.2244761571781966,0.0,171,0.7941297131621071,-2.12236984740011,0.05304652340640674,4.0,True,12,171,sunspots_1883,3,1.0000000000000009,1.210827404648035,0.2798955315090703,dual persistent load below admissibility threshold,True,3.982623492540074e-16
4.0,0.3333333333333333,0.009296271824467581,0.9907037281755324,annual-sunspots,,4,0.009296271824467581,0.9907037281755324,-1.212011312865501,1.533601155108382,0.8104596213526175,0.007604950631127621,4,,True,False,0.9914005234060819,1.2544544524720491,0.0,172,0.7733612978935914,-2.0276349832430793,0.056279047092200496,4.0,True,12,172,sunspots_1884,3,1.0000000000000013,1.212011312865501,0.280043720605793,dual persistent load below admissibility threshold,True,1.8747211047619094e-16
4.0,0.3333333333333333,0.01348533120594044,0.9865146687940596,annual-sunspots,,4,0.01348533120594044,0.9865146687940596,-1.2105634773063039,1.6561342474952458,0.7744373905057351,0.010586304532096339,4,,True,False,0.9911169395385997,1.3559162634701125,0.0,173,0.8158332303097181,-1.864241929903982,0.08420341006083115,4.0,True,12,173,sunspots_1885,3,1.000000000000001,1.2105634773063032,0.4833686357157346,dual persistent load below admissibility threshold,True,2.5228077577234446e-16
4.0,0.3333333333333333,0.029869177513429428,0.9701308224865707,annual-sunspots,,4,0.029869177513429428,0.9701308224865707,-1.216470152197583,1.6558448716572296,0.6945223639857145,0.021383519929574366,4,,True,False,0.993274763722379,1.3520339325095985,0.0,174,0.8463609890671164,-1.511607039074201,0.13377964589226313,4.0,True,12,174,sunspots_1886,3,1.0000000000000009,1.2164701521975818,0.3341868272629596,dual persistent load below admissibility threshold,True,2.7948583135808863e-16
4.0,0.3333333333333333,0.02099358208214766,0.9790064179178524,annual-sunspots,,4,0.02099358208214766,0.9790064179178524,-1.213400716986421,1.65281894202261,0.5394091211439114,0.011566961618778716,4,,True,False,0.9919277088468172,1.3511421934634107,0.0,175,0.8473912877611893,-1.668698991367232,0.1139287117343795,4.0,True,12,175,sunspots_1887,3,1.0000000000000009,1.2134007169864207,0.42689009835161057,dual persistent load below admissibility threshold,True,2.9158490125885053e-16
4.0,0.3333333333333333,0.02612396519717954,0.9738760348028205,annual-sunspots,,4,0.02612396519717954,0.9738760348028205,-1.2076501725887807,1.6625967303987768,0.5280726893925209,0.014165409216650809,4,,True,False,0.9904123728494509,1.363521001546445,0.0,176,0.8335555414459107,-1.571464582307587,0.12219986914000874,4.0,True,12,176,sunspots_1888,3,1.0000000000000013,1.2076501725887807,0.3529104078336617,dual persistent load below admissibility threshold,True,6.139374493224233e-17
4.0,0.3333333333333333,0.020991460036437475,0.9790085399635625,annual-sunspots,,4,0.020991460036437475,0.9790085399635625,-1.2033197649423837,1.6684302896116079,0.45365346443696386,0.009727033197763899,4,,True,False,0.988973353267672,1.3712341027570094,0.0,177,0.8191166541474874,-1.6687438337249931,0.10483272474015552,4.0,True,12,177,sunspots_1889,3,1.0000000000000004,1.2033197649423828,0.36486147177743566,dual persistent load below admissibility threshold,True,4.083459318685597e-17
4.0,0.3333333333333333,0.017162555860145836,0.9828374441398542,annual-sunspots,,4,0.017162555860145836,0.9828374441398542,-1.202042266242631,1.6630046071640496,0.4264319958614602,0.007446463291730642,4,,True,False,0.9883981783440939,1.3674317205473379,0.0,178,0.7969039094255005,-1.7578997300988177,0.08833513054612163,4.0,True,12,178,sunspots_1890,3,1.0000000000000004,1.2020422662426304,0.35951481591085577,dual persistent load below admissibility threshold,True,2.2399620288510097e-16
4.0,0.3333333333333333,0.02119959167046708,0.9788004083295329,annual-sunspots,,4,0.02119959167046708,0.9788004083295329,-1.20536190258415,1.6561903396013409,0.4673326988816654,0.010121841292911654,4,,True,False,0.9885831126260475,1.3583321303868574,0.0,179,0.8220984817446194,-1.6643666458786126,0.10791508512276517,4.0,True,12,179,sunspots_1891,3,1.0000000000000007,1.2053619025841515,0.42302844080695856,dual persistent load below admissibility threshold,True,2.8570876991217837e-16
4.0,0.3333333333333333,0.026619121980783218,0.9733808780192167,annual-sunspots,,4,0.026619121980783218,0.9733808780192167,-1.2135274214441278,1.6642577094393007,0.5486928374916042,0.015005145366008235,4,,True,False,0.9914254280426167,1.3596622398450275,0.0,180,0.8408377182611562,-1.5630890839391032,0.1229677692526672,4.0,True,12,180,sunspots_1892,3,1.0,1.2135274214441274,0.25980974999772466,dual persistent load below admissibility threshold,True,4.6790241224991406e-17
4.0,0.3333333333333333,0.012208896785276112,0.9877911032147239,annual-sunspots,,4,0.012208896785276112,0.9877911032147239,-1.213753147637081,1.6477208984496896,0.6175968214510659,0.00763337088527269,4,,True,False,0.9919370115366724,1.346596173230614,0.0,181,0.8192293723980145,-1.9079886880629844,0.08290557712135584,4.0,True,12,181,sunspots_1893,3,1.0000000000000009,1.213753147637082,0.5519101086900478,dual persistent load below admissibility threshold,True,4.448416725732227e-16
4.0,0.3333333333333333,0.00920166621976814,0.9907983337802317,annual-sunspots,,4,0.00920166621976814,0.9907983337802317,-1.2128555344379874,1.5909204229393965,0.7049907131492474,0.006547335627508814,4,,True,False,0.9921662707772592,1.301439073584791,0.0,182,0.783179218670481,-2.0321187918998627,0.058058569916527435,4.0,True,12,182,sunspots_1894,3,1.0000000000000007,1.2128555344379877,0.34954865693375214,dual persistent load below admissibility threshold,True,2.8090808891457227e-16
4.0,0.3333333333333333,0.00911387370304661,0.9908861262969534,annual-sunspots,,4,0.00911387370304661,0.9908861262969534,-1.2128496398317692,1.5872465575452523,0.7065400877874675,0.006498544035830691,4,,True,False,0.9925409628527413,1.2989303659513671,0.0,183,0.8121928749117486,-2.0363207417789955,0.06657770831506594,4.0,True,12,183,sunspots_1895,3,1.0000000000000004,1.2128496398317667,0.4813659729250978,dual persistent load below admissibility threshold,True,4.44101188993173e-16
4.0,0.3333333333333333,0.011491457559877577,0.9885085424401224,annual-sunspots,,4,0.011491457559877577,0.9885085424401224,-1.2125594656833747,1.5960812819015722,0.6979555987729017,0.00811376614124058,4,,True,False,0.9924555615220233,1.306360462883923,0.0,184,0.821945857631015,-1.9346053092618771,0.08015417305344702,4.0,True,12,184,sunspots_1896,3,1.0000000000000002,1.2125594656833751,0.5420634307147026,dual persistent load below admissibility threshold,True,2.944980139095386e-16
4.0,0.3333333333333333,0.018449955926062866,0.9815500440739372,annual-sunspots,,4,0.018449955926062866,0.9815500440739372,-1.2106832452016731,1.6083040741924948,0.6781749660555709,0.012747488841172067,4,,True,False,0.9919287838138968,1.3177047841699925,0.0,185,0.8016344868074553,-1.7259171138542162,0.09115721267717491,4.0,True,12,185,sunspots_1897,3,1.0000000000000004,1.2106832452016718,0.3232722422503739,dual persistent load below admissibility threshold,True,5.804531479750908e-17
4.0,0.3333333333333333,0.014637056444607242,0.9853629435553927,annual-sunspots,,4,0.014637056444607242,0.9853629435553927,-1.2099853904942093,1.610085289832183,0.619639922753185,0.009204430290371055,4,,True,False,0.9923171975874742,1.3204418294922662,0.0,186,0.832672748638838,-1.828142478180459,0.09601510784823394,4.0,True,12,186,sunspots_1898,3,1.0000000000000007,1.2099853904942104,0.5605287416173905,dual persistent load below admissibility threshold,True,2.237860494900791e-16
4.0,0.3333333333333333,0.016900595055645555,0.9830994049443544,annual-sunspots,,4,0.016900595055645555,0.9830994049443544,-1.2076673006073513,1.619723846406417,0.6101338992270549,0.010488894519412477,4,,True,False,0.991930062642823,1.330376980168284,0.0,187,0.835620775051131,-1.7646954372060886,0.10307038963516688,4.0,True,12,187,sunspots_1899,3,1.0000000000000004,1.2076673006073515,0.5365650635541245,dual persistent load below admissibility threshold,True,3.638061477157232e-16
4.0,0.3333333333333333,0.012803810090424025,0.987196189909576,annual-sunspots,,4,0.012803810090424025,0.987196189909576,-1.2080796915140941,1.6242043186969752,0.583671955627904,0.007570151659165747,4,,True,False,0.9924668208254895,1.334323313164818,0.0,188,0.8338895279805979,-1.8870642465832979,0.08661190527790334,4.0,True,12,188,sunspots_1900,3,1.0000000000000009,1.208079691514094,0.49245082559298836,dual persistent load below admissibility threshold,True,1.4180128907795373e-16
4.0,0.3333333333333333,0.01028395438397451,0.9897160456160254,annual-sunspots,,4,0.01028395438397451,0.9897160456160254,-1.2099012977162555,1.6390686635496396,0.5642977192995188,0.005863512095173754,4,,True,False,0.9930244044873997,1.3452627802016375,0.0,189,0.8163164865280922,-1.9833504696565545,0.07039772791311512,4.0,True,12,189,sunspots_1901,3,0.9999999999999997,1.2099012977162564,0.41432093373620776,dual persistent load below admissibility threshold,True,2.5296574280446764e-16
4.0,0.3333333333333333,0.013844695708565438,0.9861553042914345,annual-sunspots,,4,0.013844695708565438,0.9861553042914345,-1.2134804582531222,1.6380174304516992,0.6194591108901231,0.008696625021283414,4,,True,False,0.9947935649775831,1.342822777286594,0.0,190,0.8177655337515931,-1.8526619001643425,0.08286419162738633,4.0,True,12,190,sunspots_1902,3,1.0000000000000007,1.2134804582531218,0.40789410219420186,dual persistent load below admissibility threshold,True,3.0350318737412163e-16
4.0,0.3333333333333333,0.018290936720837637,0.9817090632791624,annual-sunspots,,4,0.018290936720837637,0.9817090632791624,-1.2178321639522611,1.6112340583927138,0.721344381866282,0.013439892668991272,4,,True,False,0.9958626153627806,1.3175606712054733,0.0,191,0.8405572093592455,-1.7297468532193192,0.10198544698398322,4.0,True,12,191,sunspots_1903,3,1.0000000000000002,1.2178321639522622,0.39419308271602754,dual persistent load below admissibility threshold,True,3.664623440499676e-16
4.0,0.3333333333333333,0.014948511009476981,0.985051488990523,annual-sunspots,,4,0.014948511009476981,0.985051488990523,-1.2199731532072358,1.5881648123981194,0.8348297393494252,0.012668841871903149,4,,True,False,0.9952308205102144,1.2955945507433126,0.0,192,0.8555635580995301,-1.818860996185285,0.0990090849978025,4.0,True,12,192,sunspots_1904,3,1.0000000000000013,1.2199731532072355,0.4161120803952492,dual persistent load below admissibility threshold,True,2.899040745802899e-16
4.0,0.3333333333333333,0.00994689132830884,0.9900531086716912,annual-sunspots,,4,0.00994689132830884,0.9900531086716912,-1.2152027771919387,1.583551072765092,0.8472579524722534,0.008512253238206445,4,,True,False,0.9924880422411227,1.293327774998342,0.0,193,0.8153450716792456,-1.9979711185362061,0.07103168095587134,4.0,True,12,193,sunspots_1905,3,1.0000000000000009,1.2152027771919394,0.38604319473184695,dual persistent load below admissibility threshold,True,2.7123356794665114e-16
4.0,0.3333333333333333,0.01034170995843681,0.9896582900415631,annual-sunspots,,4,0.01034170995843681,0.9896582900415631,-1.2092183552344022,1.6138876429968105,0.8449126408387433,0.008829149980044332,4,,True,False,0.989630055931016,1.3208133266350457,0.0,194,0.7878291318453385,-1.980892913485161,0.0648830594236046,4.0,True,12,194,sunspots_1906,3,1.0000000000000002,1.2092183552344027,0.3531421036039776,dual persistent load below admissibility threshold,True,2.9319674478038167e-16
4.0,0.3333333333333333,0.01725962798646148,0.9827403720135386,annual-sunspots,,4,0.01725962798646148,0.9827403720135386,-1.207135229813861,1.6600018132436667,0.70767608681932,0.012428741447133723,4,,True,False,0.9876040790099746,1.358111768617835,0.0,195,0.8052431323657235,-1.7554073669860384,0.08917767037341277,4.0,True,12,195,sunspots_1907,3,1.000000000000001,1.2071352298138618,0.31877527253926996,dual persistent load below admissibility threshold,True,2.220906113905293e-16
4.0,0.3333333333333333,0.012854596886851158,0.9871454031131488,annual-sunspots,,4,0.012854596886851158,0.9871454031131488,-1.213078510683477,1.6577037378710053,0.7582429636454737,0.009873831767047888,4,,True,False,0.9906004389145029,1.353681592628345,0.0,196,0.8338806104820988,-1.885322665506373,0.08832855068594378,4.0,True,12,196,sunspots_1908,3,1.0000000000000009,1.2130785106834772,0.4540054838238055,dual persistent load below admissibility threshold,True,2.4067621259042746e-16
4.0,0.3333333333333333,0.026975208930553,0.9730247910694471,annual-sunspots,,4,0.026975208930553,0.9730247910694471,-1.2164958949728408,1.6623406737205817,0.6888247835380406,0.01909631966525651,4,,True,False,0.9923607827707612,1.3560602210185515,0.0,197,0.8668524876022605,-1.5571590884171347,0.13373607609881646,4.0,True,12,197,sunspots_1909,3,1.0000000000000002,1.2164958949728422,0.32874792861437213,dual persistent load below admissibility threshold,True,2.243818658454023e-16
4.0,0.3333333333333333,0.038833442493335854,0.9611665575066641,annual-sunspots,,4,0.038833442493335854,0.9611665575066641,-1.219063895111964,1.6644436933590576,0.5597079964983663,0.022613550300233824,4,,True,False,0.9937736001835191,1.3568445493993295,0.0,198,0.8734652945036444,-1.3935927602674045,0.16309506657472986,4.0,True,12,198,sunspots_1910,3,1.0000000000000004,1.2190638951119643,0.23509371137332105,numerical successor admissibility boundary: reduced closure requires Y positive definite,True,2.262636083358497e-16
4.0,0.3333333333333333,0.01965562403474681,0.9803443759652531,annual-sunspots,,4,0.01965562403474681,0.9803443759652531,-1.211602193296367,1.6621087088956912,0.39991635783794377,0.008018208466048771,4,,True,False,0.9903548616104354,1.3585956260952796,0.0,199,0.847345898836933,-1.6978918251897135,0.10992945611941042,4.0,True,12,199,sunspots_1911,3,1.000000000000001,1.2116021932963659,0.4223695160183944,dual persistent load below admissibility threshold,True,2.534464441894473e-16
4.0,0.3333333333333333,0.0246226416488964,0.9753773583511035,annual-sunspots,,4,0.0246226416488964,0.9753773583511035,-1.2076839638941406,1.6648349063842949,0.4046541587114706,0.010215179034432337,4,,True,False,0.9899633696391208,1.3646993941218657,0.0,200,0.8290100900670951,-1.5978380254659883,0.11635159363840586,4.0,True,12,200,sunspots_1912,3,1.0000000000000004,1.2076839638941395,0.3177174756100883,dual persistent load below admissibility threshold,True,1.7661259478270526e-16
4.0,0.3333333333333333,0.017214821280094512,0.9827851787199056,annual-sunspots,,4,0.017214821280094512,0.9827851787199056,-1.2033758252280649,1.6567101262259132,0.3276047603450246,0.005738443682263852,4,,True,False,0.9875793402962515,1.3596190476987733,0.0,201,0.8177707522288594,-1.7565560799789384,0.09335312204840986,4.0,True,12,201,sunspots_1913,3,1.0000000000000002,1.2033758252280655,0.3475110839662016,dual persistent load below admissibility threshold,True,3.368900107552614e-16
4.0,0.3333333333333333,0.017416144593070167,0.9825838554069298,annual-sunspots,,4,0.017416144593070167,0.9825838554069298,-1.2032878382446386,1.6490450944669846,0.32247321156589537,0.0057157870538157955,4,,True,False,0.9865436997186605,1.3520082201376107,0.0,202,0.825881031489823,-1.7514176024054013,0.09742040935177819,4.0,True,12,202,sunspots_1914,3,1.000000000000001,1.2032878382446388,0.39807441307842073,dual persistent load below admissibility threshold,True,2.2205748008413114e-16
4.0,0.3333333333333333,0.02552602560462506,0.9744739743953749,annual-sunspots,,4,0.02552602560462506,0.9744739743953749,-1.2130797052424271,1.6518818208996344,0.43132753678873315,0.011298483117397163,4,,True,False,0.9917388080968603,1.3504762309484706,0.0,203,0.8537117568603606,-1.581787044226595,0.12611326582474575,4.0,True,12,203,sunspots_1915,3,1.0000000000000004,1.2130797052424265,0.3559618289246223,dual persistent load below admissibility threshold,True,2.37941635659996e-16
4.0,0.3333333333333333,0.03181187631151184,0.9681881236884881,annual-sunspots,,4,0.03181187631151184,0.9681881236884881,-1.2152496549700156,1.6651950462332497,0.5499914132356556,0.018071135538815643,4,,True,False,0.9931456636977788,1.360857197213834,0.0,204,0.84054508322223,-1.4833704658563416,0.13689382151566779,4.0,True,12,204,sunspots_1916,3,1.0000000000000007,1.2152496549700158,0.2873948115114007,dual persistent load below admissibility threshold,True,2.2296976073450666e-16
4.0,0.3333333333333333,0.013265534127276175,0.9867344658727237,annual-sunspots,,4,0.013265534127276175,0.9867344658727237,-1.2104034077011618,1.6708635870790742,0.6995844291611881,0.009405125128309658,4,,True,False,0.9911196119341252,1.3681601187540038,0.0,205,0.8211903922377355,-1.871475556809896,0.08405948327492596,4.0,True,12,205,sunspots_1917,3,1.0000000000000004,1.2104034077011614,0.4580052786362358,dual persistent load below admissibility threshold,True,2.4583681130008276e-16
4.0,0.3333333333333333,0.010233355795697507,0.9897666442043026,annual-sunspots,,4,0.010233355795697507,0.9897666442043026,-1.211398939585885,1.515853061957003,0.5834057064426179,0.006031925001945433,4,,True,False,0.991188417839684,1.240298261010719,0.0,206,0.7715413957725658,-1.985514739666961,0.05992355968643771,4.0,True,12,206,sunspots_1918,3,1.0000000000000007,1.2113989395858853,0.28388927469926795,dual persistent load below admissibility threshold,True,2.6979670857720275e-16
4.0,0.3333333333333333,0.009158888702346917,0.9908411112976531,annual-sunspots,,4,0.009158888702346917,0.9908411112976531,-1.2093999629464403,1.5460636661366527,0.6470246443582811,0.005980804225605945,4,,True,False,0.9904093725419065,1.2661121154309598,0.0,207,0.7812692899070085,-2.034161236176501,0.057462355380819,4.0,True,12,207,sunspots_1919,3,1.0000000000000004,1.2093999629464407,0.276954840594632,dual persistent load below admissibility threshold,True,2.404676271440352e-16
4.0,0.3333333333333333,0.010305312560096879,0.9896946874399032,annual-sunspots,,4,0.010305312560096879,0.9896946874399032,-1.2114979539146822,1.5670326771616645,0.6174287847181918,0.006429049979626267,4,,True,False,0.9920894662662589,1.2832350292327324,0.0,208,0.7960417782531158,-1.9824400705663408,0.06617852261181124,4.0,True,12,208,sunspots_1920,3,1.0000000000000004,1.211497953914683,0.34869364924375823,dual persistent load below admissibility threshold,True,2.4300163005861543e-16
4.0,0.3333333333333333,0.012473803208358725,0.9875261967916413,annual-sunspots,,4,0.012473803208358725,0.9875261967916413,-1.2093097950675136,1.583655314638914,0.5452369308138141,0.006887086336542019,4,,True,False,0.9917147738372257,1.2987030937805073,0.0,209,0.7974417054185943,-1.898549737113888,0.0740137975206316,4.0,True,12,209,sunspots_1921,3,1.0000000000000009,1.2093097950675136,0.3857233947991405,dual persistent load below admissibility threshold,True,2.261861913244887e-16
4.0,0.3333333333333333,0.011155795866549946,0.98884420413345,annual-sunspots,,4,0.011155795866549946,0.98884420413345,-1.2096697789450135,1.5891950640334176,0.5411310410617823,0.006104851912874445,4,,True,False,0.9928752723884378,1.3043828237625699,0.0,210,0.7991792045347186,-1.9476273136072615,0.07189016378623539,4.0,True,12,210,sunspots_1922,3,1.0000000000000007,1.2096697789450135,0.446109305751139,dual persistent load below admissibility threshold,True,2.7412892316512544e-16
4.0,0.3333333333333333,0.00999650172118877,0.9900034982788113,annual-sunspots,,4,0.00999650172118877,0.9900034982788113,-1.2075135445338767,1.6014598356014238,0.5244127609791915,0.005295226811678875,4,,True,False,0.9932824796722355,1.3173367734071373,0.0,211,0.7977134735582643,-1.995788684123285,0.06721289215808704,4.0,True,12,211,sunspots_1923,3,1.0000000000000002,1.2075135445338767,0.4288409955901806,dual persistent load below admissibility threshold,True,1.1667015037540086e-16
4.0,0.3333333333333333,0.009199399884445906,0.990800600115554,annual-sunspots,,4,0.009199399884445906,0.990800600115554,-1.2067242770906992,1.6195896323930137,0.510562223216883,0.004740475587838822,4,,True,False,0.9934942675044339,1.3334056884737173,0.0,212,0.8006987033811217,-2.0322267635470648,0.06430285220235826,4.0,True,12,212,sunspots_1924,3,1.0000000000000004,1.2067242770906987,0.41251838676727154,dual persistent load below admissibility threshold,True,2.7309681531381934e-16
4.0,0.3333333333333333,0.007962880132001034,0.9920371198679988,annual-sunspots,,4,0.007962880132001034,0.9920371198679988,-1.2098290031855836,1.626480749009986,0.5045974728290029,0.004050301254435563,4,,True,False,0.9931046833985436,1.3351189672641797,0.0,213,0.8071623269855122,-2.0954577446218123,0.05916311117218596,4.0,True,12,213,sunspots_1925,3,1.0000000000000009,1.2098290031855827,0.38016594982571655,dual persistent load below admissibility threshold,True,1.7569384868035176e-16
4.0,0.3333333333333333,0.00708359857771471,0.9929164014222853,annual-sunspots,,4,0.00708359857771471,0.9929164014222853,-1.206069997396248,1.6219558531993128,0.4392933252443958,0.0031339774118378525,4,,True,False,0.9868613023067575,1.3271580165561967,0.0,214,0.8099668222358722,-2.1466587425501764,0.05514805016728781,4.0,True,12,214,sunspots_1926,3,1.0000000000000009,1.2060699973962479,0.3828698290403036,dual persistent load below admissibility threshold,True,3.0883514008782846e-16
4.0,0.3333333333333333,0.010113699798123515,0.9898863002018765,annual-sunspots,,4,0.010113699798123515,0.9898863002018765,-1.21164488765756,1.6245671847240222,0.4943607338463044,0.005050899333672872,4,,True,False,0.9893117842377196,1.3264641121381149,0.0,215,0.8160287156540506,-1.9906752553017018,0.06473183013995051,4.0,True,12,215,sunspots_1927,3,1.0000000000000009,1.2116448876575607,0.2809389088542348,dual persistent load below admissibility threshold,True,2.02663658425412e-16
4.0,0.3333333333333333,0.00945342435085471,0.9905465756491452,annual-sunspots,,4,0.00945342435085471,0.9905465756491452,-1.2119725771444883,1.6148008125154778,0.560228985361568,0.005346626259144793,4,,True,False,0.9899701195683928,1.3190104987453886,0.0,216,0.8075959624556394,-2.0202857477500564,0.06108784841521972,4.0,True,12,216,sunspots_1928,3,1.0000000000000009,1.2119725771444871,0.32169239203506433,dual persistent load below admissibility threshold,True,1.1169211811449551e-16
4.0,0.3333333333333333,0.008116306081496598,0.9918836939185034,annual-sunspots,,4,0.008116306081496598,0.9918836939185034,-1.2131425006769243,1.5941369611435492,0.7919034386876314,0.006479923739835754,4,,True,False,0.9909755134290448,1.3021971389708604,0.0,217,0.7838404568317688,-2.087102333982618,0.053170929620754474,4.0,True,12,217,sunspots_1929,3,1.0000000000000002,1.213142500676925,0.39253256376059675,dual persistent load below admissibility threshold,True,2.3448290949403786e-16
4.0,0.3333333333333333,0.010678445068604022,0.989321554931396,annual-sunspots,,4,0.010678445068604022,0.989321554931396,-1.2131428904535313,1.6677349386480294,0.6712747828681023,0.0072455420172192605,4,,True,False,0.9905447443553549,1.3617242383030586,0.0,218,0.8125715853508555,-1.9668294534825095,0.0709701152217134,4.0,True,12,218,sunspots_1930,3,1.0000000000000004,1.213142890453532,0.48471230197249215,dual persistent load below admissibility threshold,True,1.1193388787321825e-16
4.0,0.3333333333333333,0.017893175143167295,0.9821068248568328,annual-sunspots,,4,0.017893175143167295,0.9821068248568328,-1.211523075928113,1.6789834510486479,0.6054364990602827,0.011030552931276996,4,,True,False,0.9895761342300808,1.3713993451195203,0.0,219,0.8240695687728923,-1.7394713161092124,0.09296902327051182,4.0,True,12,219,sunspots_1931,3,1.0000000000000009,1.2115230759281133,0.28670550388758514,dual persistent load below admissibility threshold,True,2.2693611649819906e-16
4.0,0.3333333333333333,0.01652390435973264,0.9834760956402674,annual-sunspots,,4,0.01652390435973264,0.9834760956402674,-1.2090611360493042,1.6763837712669325,0.5404925017605058,0.009081101661580182,4,,True,False,0.9891865039040987,1.3715238646406076,0.0,220,0.8436145097556829,-1.7746511358087327,0.09802768218994588,4.0,True,12,220,sunspots_1932,3,1.0000000000000002,1.2090611360493035,0.41403465635577974,dual persistent load below admissibility threshold,True,1.360935493435268e-16
4.0,0.3333333333333333,0.018693622290047854,0.9813063777099521,annual-sunspots,,4,0.018693622290047854,0.9813063777099521,-1.205294523601823,1.6761652849036,0.5559068331204238,0.010589875499496079,4,,True,False,0.9894160470370827,1.3759498594701796,0.0,221,0.831170427491948,-1.7201111580231878,0.1013964829828492,4.0,True,12,221,sunspots_1933,3,1.0000000000000004,1.2052945236018227,0.38695011219628545,dual persistent load below admissibility threshold,True,1.4317259514449971e-16
4.0,0.3333333333333333,0.016548537258637495,0.9834514627413625,annual-sunspots,,4,0.016548537258637495,0.9834514627413625,-1.2020100927425383,1.6727409472523562,0.5173266602321195,0.008705055446126458,4,,True,False,0.989649819218586,1.3772162031275066,0.0,222,0.8176003519909488,-1.773993318521553,0.09415319555877259,4.0,True,12,222,sunspots_1934,3,1.0000000000000007,1.202010092742538,0.4533258441987656,dual persistent load below admissibility threshold,True,1.1193161752215933e-16
4.0,0.3333333333333333,0.015526859115282201,0.9844731408847178,annual-sunspots,,4,0.015526859115282201,0.9844731408847178,-1.2061566923911902,1.6533723208123927,0.54513083220877,0.008597664354251052,4,,True,False,0.9915710341325576,1.3592231525938228,0.0,223,0.8115437037514098,-1.8021202594943329,0.0874007957078413,4.0,True,12,223,sunspots_1935,3,1.0000000000000009,1.2061566923911902,0.3941256902026193,dual persistent load below admissibility threshold,True,2.713029597094119e-16
4.0,0.3333333333333333,0.014963836844397154,0.9850361631556029,annual-sunspots,,4,0.014963836844397154,0.9850361631556029,-1.2089801403807388,1.651796515361422,0.5175902577602611,0.007862793731919608,4,,True,False,0.9902609848999584,1.3529665124532104,0.0,224,0.8321881916214953,-1.8184092105359446,0.09057416405735363,4.0,True,12,224,sunspots_1936,3,1.000000000000001,1.208980140380739,0.41986326135672364,dual persistent load below admissibility threshold,True,3.063221784540117e-16
4.0,0.3333333333333333,0.01789043667477496,0.982109563325225,annual-sunspots,,4,0.01789043667477496,0.982109563325225,-1.2147122204930558,1.6388848260970197,0.6343367219174654,0.011555290140465396,4,,True,False,0.9925912808618884,1.3392001506829772,0.0,225,0.8189919391684153,-1.739538998942721,0.09567484349157887,4.0,True,12,225,sunspots_1937,3,1.0000000000000009,1.2147122204930567,0.3848428764030865,dual persistent load below admissibility threshold,True,4.494701282835985e-16
4.0,0.3333333333333333,0.005873639521330442,0.9941263604786696,annual-sunspots,,4,0.005873639521330442,0.9941263604786696,-1.2181717325557726,1.5190981201823792,0.7300667124315956,0.004313484548665697,4,,True,False,0.9932068850947685,1.2385599433785757,0.0,226,0.7618056995831846,-2.228534300439929,0.03971397349407408,4.0,True,12,226,sunspots_1938,3,0.9999999999999997,1.2181717325557715,0.2743643412795537,dual persistent load below admissibility threshold,True,3.326153343903051e-16
4.0,0.3333333333333333,0.004903460412734069,0.9950965395872658,annual-sunspots,,4,0.004903460412734069,0.9950965395872658,-1.2205851011451863,1.513190968250496,0.7076019321992983,0.003486795425851361,4,,True,False,0.9940760531214666,1.2323818338649202,0.0,227,0.8038230425724695,-2.3073625425517132,0.04425743234280363,4.0,True,12,227,sunspots_1939,3,1.0000000000000004,1.2205851011451858,0.46268395935302065,dual persistent load below admissibility threshold,True,1.1102281602524188e-16
4.0,0.3333333333333333,0.004651657046086507,0.9953483429539135,annual-sunspots,,4,0.004651657046086507,0.9953483429539135,-1.2220724180180997,1.5220215489031839,0.7292770762159164,0.0034082006306069734,4,,True,False,0.9948036184979164,1.238971211490239,0.0,228,0.8211873328996746,-2.330367409882179,0.05016322466995967,4.0,True,12,228,sunspots_1940,3,1.0000000000000009,1.2220724180180995,0.6201011898351632,dual persistent load below admissibility threshold,True,3.740234428743462e-16
4.0,0.3333333333333333,0.006279938178962348,0.9937200618210377,annual-sunspots,,4,0.006279938178962348,0.9937200618210377,-1.2216641397610641,1.5304066342799179,0.7253368468593488,0.004583856895122772,4,,True,False,0.994567829362711,1.2459178875429417,0.0,229,0.8070548224752165,-2.199308689236377,0.05304036171304099,4.0,True,12,229,sunspots_1941,3,1.0000000000000002,1.2216641397610635,0.48352028408197717,dual persistent load below admissibility threshold,True,5.356594939338455e-17
4.0,0.3333333333333333,0.005978370052902774,0.9940216299470972,annual-sunspots,,4,0.005978370052902774,0.9940216299470972,-1.2199966708935837,1.5385256337531856,0.7044787535773285,0.004236964826929491,4,,True,False,0.993637389289666,1.2530662013676028,0.0,230,0.8269983171738335,-2.2208130409962012,0.06650894583780641,4.0,True,12,230,sunspots_1942,3,1.0000000000000004,1.2199966708935839,0.7571099158142099,dual persistent load below admissibility threshold,True,4.132875274396312e-17
4.0,0.3333333333333333,0.006745206026132957,0.993254793973867,annual-sunspots,,4,0.006745206026132957,0.993254793973867,-1.2189413926569659,1.5573839057941126,0.705928898403783,0.004793972189637253,4,,True,False,0.9953039372765439,1.2716528806272334,0.0,231,0.8013828395521906,-2.16806545053049,0.06240132022545763,4.0,True,12,231,sunspots_1943,3,1.0000000000000007,1.2189413926569657,0.7095678513435529,dual persistent load below admissibility threshold,True,1.34529581382098e-16
4.0,0.3333333333333333,0.0062198247242036125,0.9937801752757963,annual-sunspots,,4,0.0062198247242036125,0.9937801752757963,-1.218972942917428,1.5661187245349293,0.6923651408778609,0.004333342451929791,4,,True,False,0.996421916699819,1.280188399871873,0.0,232,0.8176274912047062,-2.2035121824757264,0.05876806250652008,4.0,True,12,232,sunspots_1944,3,1.0000000000000004,1.2189729429174276,0.6286954432646563,dual persistent load below admissibility threshold,True,3.049888461158712e-16
4.0,0.3333333333333333,0.005093876584005192,0.9949061234159947,annual-sunspots,,4,0.005093876584005192,0.9949061234159947,-1.2190683601783294,1.5797593657881293,0.6658188901437163,0.0034089640960761184,4,,True,False,0.99687147895155,1.291820136428121,0.0,233,0.8209325453821885,-2.290733685319491,0.05283166529675434,4.0,True,12,233,sunspots_1945,3,1.0000000000000007,1.219068360178329,0.6124966757716486,dual persistent load below admissibility threshold,True,2.9509551287344347e-16
4.0,0.3333333333333333,0.004926085717625861,0.9950739142823742,annual-sunspots,,4,0.004926085717625861,0.9950739142823742,-1.2198793221169066,1.596441911693446,0.6305668004280012,0.0031216033955000786,4,,True,False,0.9953575118304147,1.3026128242320472,0.0,234,0.8029733146550347,-2.3053533767997774,0.04467947418810053,4.0,True,12,234,sunspots_1946,3,1.0000000000000002,1.2198793221169058,0.5092643214851658,dual persistent load below admissibility threshold,True,3.04008741189685e-16
4.0,0.3333333333333333,0.004201231387949004,0.995798768612051,annual-sunspots,,4,0.004201231387949004,0.995798768612051,-1.2217983097499967,1.614357842381461,0.6500449516253715,0.0027425111783907588,4,,True,False,0.9948173180631958,1.314448650269314,0.0,235,0.7830985099710495,-2.374794983402911,0.03238960398288819,4.0,True,12,235,sunspots_1947,3,0.9999999999999999,1.2217983097499963,0.28310739067561225,dual persistent load below admissibility threshold,True,2.829474305888463e-16
4.0,0.3333333333333333,0.002541979807500112,0.9974580201925,annual-sunspots,,4,0.002541979807500112,0.9974580201925,-1.2270195345774968,1.485410809766149,0.7108505576569017,0.0018115727450517774,4,,True,False,0.995507276691289,1.205145662580897,0.0,236,0.7547548694481211,-2.593722530317121,0.02113781549673593,4.0,True,12,236,sunspots_1948,3,1.0000000000000007,1.2270195345774968,0.3106036433034784,dual persistent load below admissibility threshold,True,9.522392848011437e-17
4.0,0.3333333333333333,0.00217438652320386,0.9978256134767961,annual-sunspots,,4,0.00217438652320386,0.9978256134767961,-1.2294924005210361,1.4992861929739294,0.7783623999981139,0.0016961487958074633,4,,True,False,0.9962838652076107,1.2149035185215147,0.0,237,0.7922340342499129,-2.661717900128157,0.02399172852756207,4.0,True,12,237,sunspots_1949,2,1.0000000000000009,1.2294924005210355,0.49166328907547174,numerical successor admissibility boundary: reduced closure requires Y positive definite,True,4.394346128525229e-16
4.0,0.3333333333333333,0.0026135099553101465,0.9973864900446898,annual-sunspots,,4,0.0026135099553101465,0.9973864900446898,-1.2301372281254923,1.4932835292220723,0.8114675992544801,0.0021263358489728313,4,,True,False,0.9958136002835714,1.2088342775746723,0.0,238,0.8158536234310189,-2.5816393225092176,0.03156069626201821,4.0,True,12,238,sunspots_1950,3,1.0000000000000002,1.2301372281254925,0.6093456390330548,dual persistent load below admissibility threshold,True,1.2628398084611712e-16
4.0,0.3333333333333333,0.0027778318733361436,0.9972221681266639,annual-sunspots,,4,0.0027778318733361436,0.9972221681266639,-1.228514805143394,1.501721377085588,0.717928302390747,0.0019998393386074613,4,,True,False,0.9948657676126541,1.216111669391076,0.0,239,0.8033650230924171,-2.5550859674769297,0.028026463314086942,4.0,True,12,239,sunspots_1951,3,1.0000000000000002,1.228514805143394,0.34923331825519244,dual persistent load below admissibility threshold,True,2.554389356483738e-16
4.0,0.3333333333333333,0.003359026456831334,0.9966409735431686,annual-sunspots,,4,0.003359026456831334,0.9966409735431686,-1.2294576920288085,1.5101236094519448,0.7205801327332549,0.002428605480179165,4,,True,False,0.9954239224826084,1.2226635991627326,0.0,240,0.815024571799219,-2.4723253132539638,0.037173561189545075,4.0,True,12,240,sunspots_1952,3,1.0000000000000004,1.2294576920288076,0.6063895153156198,dual persistent load below admissibility threshold,True,2.3145021463786167e-16
4.0,0.3333333333333333,0.0022921009498699553,0.99770789905013,annual-sunspots,,4,0.0022921009498699553,0.99770789905013,-1.2280930186044512,1.517446606316346,0.7080147459675263,0.0016265695333264694,4,,True,False,0.9953004710055884,1.2298053153243589,0.0,241,0.7816271873467175,-2.6387696694930423,0.0279510050575139,4.0,True,12,241,sunspots_1953,3,1.0000000000000007,1.2280930186044519,0.5917664705081846,dual persistent load below admissibility threshold,True,5.807906608989108e-16
4.0,0.3333333333333333,0.002780063527599752,0.9972199364724003,annual-sunspots,,4,0.002780063527599752,0.9972199364724003,-1.228625565510663,1.5271586254253267,0.7292287180062753,0.002032953903207168,4,,True,False,0.9978423240716935,1.2402993676817768,0.0,242,0.7575140371138872,-2.5547362322040335,0.028977419006132016,4.0,True,12,242,sunspots_1954,3,1.0000000000000004,1.2286255655106633,0.5717495058142535,dual persistent load below admissibility threshold,True,1.0356409457521072e-16
4.0,0.3333333333333333,0.0030482281647348604,0.9969517718352652,annual-sunspots,,4,0.0030482281647348604,0.9969517718352652,-1.2275764055211114,1.52663297159403,0.7282029028845175,0.002226515525548467,4,,True,False,0.9984575120559759,1.2416971781021924,0.0,243,0.7613465686611774,-2.514626678034774,0.031196871536199242,4.0,True,12,243,sunspots_1955,3,1.0,1.2275764055211111,0.5545644315385633,dual persistent load below admissibility threshold,True,2.2393977991429375e-16
4.0,0.3333333333333333,0.0025497166403408164,0.9974502833596591,annual-sunspots,,4,0.0025497166403408164,0.9974502833596591,-1.2267304394907972,1.523315766955403,0.6682310820528263,0.001708155221295062,4,,True,False,0.9966159186768756,1.2375667005943056,0.0,244,0.790888277741435,-2.5923993397159424,0.030352885015444565,4.0,True,12,244,sunspots_1956,3,1.0000000000000004,1.226730439490799,0.5467130078015443,dual persistent load below admissibility threshold,True,2.354548083648539e-16
4.0,0.3333333333333333,0.0019111368127634662,0.9980888631872367,annual-sunspots,,4,0.0019111368127634662,0.9980888631872367,-1.229105614052537,1.5184819052900171,0.7054547915907801,0.0013508021897410943,4,,True,False,0.9957777614733325,1.2302201659481007,0.0,245,0.7531628813386094,-2.717877431642742,0.01722091208247289,4.0,True,12,245,sunspots_1957,2,1.0000000000000009,1.2291056140525376,0.250060322599422,numerical successor admissibility boundary: reduced closure requires Y positive definite,True,1.1161185023328916e-16
4.0,0.3333333333333333,0.001284877752757462,0.9987151222472426,annual-sunspots,,4,0.001284877752757462,0.9987151222472426,-1.2340344058006936,1.4930533151132195,0.7492652995702704,0.0009639528759359924,4,,True,False,0.9970851194953142,1.2063693168640686,0.0,246,0.7439411019066342,-2.8905798163710466,0.013150423018081482,4.0,True,12,246,sunspots_1958,2,1.0000000000000004,1.234034405800694,0.38477323228176435,numerical successor admissibility boundary: reduced closure requires Y positive definite,True,5.085999467607843e-16
4.0,0.3333333333333333,0.0014004993947890618,0.998599500605211,annual-sunspots,,4,0.0014004993947890618,0.998599500605211,-1.2337683616179524,1.4783210458280998,0.8368897721367698,0.0011737073958802918,4,,True,False,0.9951340891274189,1.1923856318124546,0.0,247,0.7837967113218317,-2.8531084190466913,0.019305594564447835,4.0,True,12,247,sunspots_1959,2,1.0000000000000004,1.2337683616179527,0.6462021038131162,numerical successor admissibility boundary: reduced closure requires Y positive definite,True,2.2205202204876866e-16
4.0,0.3333333333333333,0.0018442233599251195,0.9981557766400749,annual-sunspots,,4,0.0018442233599251195,0.9981557766400749,-1.236770734767027,1.4742792521883157,0.8379936366272431,0.0015483028564326358,4,,True,False,0.9972282203685011,1.1887351743190318,0.0,248,0.7988269164773395,-2.7333848057809056,0.02456976842324582,4.0,True,12,248,sunspots_1960,2,1.0000000000000007,1.2367707347670276,0.6875773238891925,numerical successor admissibility boundary: reduced closure requires Y positive definite,True,2.516743328682618e-16
4.0,0.3333333333333333,0.0012344759576297963,0.9987655240423702,annual-sunspots,,4,0.0012344759576297963,0.9987655240423702,-1.2300959223026098,1.465546123656334,0.7681140916829491,0.0009493903784959079,4,,True,False,0.9919257617823417,1.1817882888464257,0.0,249,0.7782396364895036,-2.90798090658284,0.015015647216326446,4.0,True,12,249,sunspots_1961,2,1.0,1.2300959223026096,0.41633554095002717,dual persistent load below admissibility threshold,True,2.430984084136296e-16
4.0,0.3333333333333333,0.001908897152270931,0.9980911028477291,annual-sunspots,,4,0.001908897152270931,0.9980911028477291,-1.2267624077092154,1.4592917302285011,0.7545967890527122,0.0014432025870440694,4,,True,False,0.9899860422646233,1.1776350786751906,0.0,250,0.7906237030804082,-2.7183876541639447,0.020514117155828546,4.0,True,12,250,sunspots_1962,2,1.0000000000000002,1.2267624077092156,0.40080868019120325,numerical successor admissibility boundary: reduced closure requires Y positive definite,True,3.4300273981784595e-16
4.0,0.3333333333333333,0.0017114774939573716,0.9982885225060426,annual-sunspots,,4,0.0017114774939573716,0.9982885225060426,-1.2255421334479868,1.4550847022004172,0.7204398408556602,0.0012351304713785582,4,,True,False,0.9881219752552731,1.1731960337070115,0.0,251,0.7896431694099469,-2.765884885473648,0.02166958780756751,4.0,True,12,251,sunspots_1963,2,1.0000000000000004,1.225542133447987,0.48106356364787556,numerical successor admissibility boundary: reduced closure requires Y positive definite,True,3.024653675083382e-17
4.0,0.3333333333333333,0.0020276888512169747,0.997972311148783,annual-sunspots,,4,0.0020276888512169747,0.997972311148783,-1.237191987711912,1.4638072013066656,0.7632361749874458,0.001550749921193762,4,,True,False,0.9960940168425166,1.178547557302872,0.0,252,0.7527917965843244,-2.6921171786055798,0.021969809022264086,4.0,True,12,252,sunspots_1964,3,1.0000000000000007,1.2371919877119122,0.48881113386472363,dual persistent load below admissibility threshold,True,2.3975763319752324e-16
4.0,0.3333333333333333,0.002220921726630366,0.9977790782733696,annual-sunspots,,4,0.002220921726630366,0.9977790782733696,-1.2340262241822857,1.458697265266591,0.7753778769772651,0.0017258866324470375,4,,True,False,0.9940613406478763,1.1750435531231505,0.0,253,0.7912403047724323,-2.6525011405845063,0.025231210134824628,4.0,True,12,253,sunspots_1965,3,1.0000000000000013,1.234026224182286,0.408985410985315,dual persistent load below admissibility threshold,True,2.2231720432494805e-16
4.0,0.3333333333333333,0.0021413810112128518,0.9978586189887871,annual-sunspots,,4,0.0021413810112128518,0.9978586189887871,-1.2337324138153019,1.4553035533665928,0.7712079882524568,0.001654994114710385,4,,True,False,0.9932304312957279,1.1716088187279323,0.0,254,0.8104533033060973,-2.668375065656382,0.02455949380729159,4.0,True,12,254,sunspots_1966,3,1.0000000000000004,1.2337324138153012,0.3152886680225833,dual persistent load below admissibility threshold,True,3.0369900868781135e-16
4.0,0.3333333333333333,0.0017569621255997204,0.9982430378744003,annual-sunspots,,4,0.0017569621255997204,0.9982430378744003,-1.2349950317883231,1.4567890621450579,0.716252465572817,0.0012606433570110144,4,,True,False,0.9938745466330734,1.172365500598712,0.0,255,0.8042496029679166,-2.7544738903255817,0.020508771837066533,4.0,True,12,255,sunspots_1967,2,1.0000000000000009,1.234995031788324,0.2988212409538404,numerical successor admissibility boundary: reduced closure requires Y positive definite,True,1.5011449953875132e-16
4.0,0.3333333333333333,0.001787917054579824,0.9982120829454202,annual-sunspots,,4,0.001787917054579824,0.9982120829454202,-1.2343408613144615,1.46210586623214,0.7805486836762763,0.0013980559114820414,4,,True,False,0.9949131070475375,1.1784980436087642,0.0,256,0.808178612658028,-2.746875455470214,0.020926024262284005,4.0,True,12,256,sunspots_1968,2,1.0000000000000009,1.2343408613144609,0.3641709812559904,numerical successor admissibility boundary: reduced closure requires Y positive definite,True,2.488809156188089e-16
4.0,0.3333333333333333,0.0017772691796288272,0.9982227308203712,annual-sunspots,,4,0.0017772691796288272,0.9982227308203712,-1.233068833856894,1.461384850655389,0.8437028509161185,0.0015021568107008209,4,,True,False,0.9952026319969826,1.17947515158878,0.0,257,0.8001872130038822,-2.749474245418471,0.018966898688847426,4.0,True,12,257,sunspots_1969,2,1.0000000000000009,1.2330688338568934,0.27267827573941245,numerical successor admissibility boundary: reduced closure requires Y positive definite,True,2.440410460208869e-16
4.0,0.3333333333333333,0.0018125111099995973,0.9981874888900004,annual-sunspots,,4,0.0018125111099995973,0.9981874888900004,-1.2312615881571123,1.469803845012448,0.8222436273406342,0.0014930318464906156,4,,True,False,0.9952986323055499,1.1881258789920595,0.0,258,0.7802692274503638,-2.740931444881815,0.017978603107721286,4.0,True,12,258,sunspots_1970,2,1.0000000000000002,1.231261588157112,0.2603559019444872,numerical successor admissibility boundary: reduced closure requires Y positive definite,True,2.90131562496581e-16
4.0,0.3333333333333333,0.0019124969300992444,0.9980875030699007,annual-sunspots,,4,0.0019124969300992444,0.9980875030699007,-1.2295999912313664,1.4942011105504498,0.8112506691857584,0.0015544873666753654,4,,True,False,0.9953556929147042,1.209549115445638,0.0,259,0.7352654548880024,-2.717567871169429,0.016437285832095003,4.0,True,12,259,sunspots_1971,2,1.0000000000000004,1.2295999912313655,0.29352367217379477,numerical successor admissibility boundary: reduced closure requires Y positive definite,True,2.702943062958961e-16
4.0,0.3333333333333333,0.004817230681471317,0.9951827693185287,annual-sunspots,,4,0.004817230681471317,0.9951827693185287,-1.2236838113772015,1.5725924586318427,0.7293400329892077,0.0035304059640690767,4,,True,False,0.9938319772483761,1.2772030307477904,0.0,260,0.7770679215820911,-2.31510540424004,0.042422530789959736,4.0,True,12,260,sunspots_1972,3,1.0000000000000004,1.2236838113772017,0.6562880482221867,dual persistent load below admissibility threshold,True,2.4553146096514396e-16
4.0,0.3333333333333333,0.006420865282245044,0.993579134717755,annual-sunspots,,4,0.006420865282245044,0.993579134717755,-1.221868139187982,1.5719313191978517,0.7455231336396707,0.00481783829655129,4,,True,False,0.9932181857622647,1.2777735362132847,0.0,261,0.8188804219936728,-2.189608904718853,0.06515392399059007,4.0,True,12,261,sunspots_1973,3,1.0000000000000009,1.2218681391879809,0.6738452918899438,dual persistent load below admissibility threshold,True,2.2730622055877264e-16
4.0,0.3333333333333333,0.005559635364234015,0.994440364635766,annual-sunspots,,4,0.005559635364234015,0.994440364635766,-1.2205183550973828,1.5769146047238858,0.7626522274459729,0.004263773319251261,4,,True,False,0.9934979943507855,1.2836033890949892,0.0,262,0.8110128379062578,-2.252532435376612,0.0625795019578877,4.0,True,12,262,sunspots_1974,3,1.0,1.220518355097383,0.848069089670408,dual persistent load below admissibility threshold,True,3.3902144657451146e-16
4.0,0.3333333333333333,0.004940463125450728,0.9950595368745492,annual-sunspots,,4,0.004940463125450728,0.9950595368745492,-1.2221008621462954,1.5713757555110275,0.7344593904212697,0.003646585356002442,4,,True,False,0.994544473646642,1.278784036631118,0.0,263,0.829139897497059,-2.3040814042741755,0.05604854340412454,4.0,True,12,263,sunspots_1975,3,1.0000000000000002,1.2221008621462945,0.7436703657812619,dual persistent load below admissibility threshold,True,4.442558088529075e-16
4.0,0.3333333333333333,0.004097076921678727,0.9959029230783213,annual-sunspots,,4,0.004097076921678727,0.9959029230783213,-1.2229165167037697,1.5708327435266392,0.7410084429998334,0.0030484583589729507,4,,True,False,0.9958593251233573,1.2791784348996915,0.0,264,0.807904671947776,-2.385742889263263,0.041764227764200294,4.0,True,12,264,sunspots_1976,3,1.000000000000001,1.2229165167037699,0.5843590939135559,dual persistent load below admissibility threshold,True,2.116700160841362e-16
4.0,0.3333333333333333,0.004717928441246108,0.9952820715587538,annual-sunspots,,4,0.004717928441246108,0.9952820715587538,-1.2234335097306714,1.60759413890338,0.7566110916005513,0.0035865581125498866,4,,True,False,0.9962487160595103,1.3090728544617494,0.0,265,0.7940743768913561,-2.3241948315306162,0.042064707135295934,4.0,True,12,265,sunspots_1977,3,1.0000000000000004,1.2234335097306717,0.5554709364065147,dual persistent load below admissibility threshold,True,2.4993740345073965e-16
4.0,0.3333333333333333,0.011558558321199374,0.9884414416788007,annual-sunspots,,4,0.011558558321199374,0.9884414416788007,-1.225210887324275,1.594711111358571,0.856535294307129,0.010016084652015006,4,,True,False,0.9962353426417849,1.2966809117314726,0.0,266,0.8253587314633352,-1.9320472767966346,0.07759925071390542,4.0,True,12,266,sunspots_1978,3,1.0000000000000004,1.2252108873242755,0.5524034046793089,dual persistent load below admissibility threshold,True,2.3358397992287693e-16
4.0,0.3333333333333333,0.0088326301771476,0.9911673698228525,annual-sunspots,,4,0.0088326301771476,0.9911673698228525,-1.2274283784389013,1.5995684266511971,0.8802809291034437,0.007844483318852834,4,,True,False,0.9970671959571948,1.2993647808039175,0.0,267,0.8065262665600172,-2.0500569493371157,0.06527776321058715,4.0,True,12,267,sunspots_1979,3,1.0000000000000004,1.2274283784389015,0.6299352512730343,dual persistent load below admissibility threshold,True,1.3209681345830258e-16
4.0,0.3333333333333333,0.0025996343798672305,0.9974003656201328,annual-sunspots,,4,0.0025996343798672305,0.9974003656201328,-1.2286091170834053,1.4709232130904344,0.8180536637316963,0.002132183325891431,4,,True,False,0.9964650298645158,1.1929941940688589,0.0,268,0.7460187510327957,-2.5839572512551983,0.020328473155331456,4.0,True,12,268,sunspots_1980,3,1.0000000000000002,1.2286091170834066,0.23427214544323088,dual persistent load below admissibility threshold,True,2.5231929142307155e-16
4.0,0.3333333333333333,0.0025854882085101613,0.9974145117914898,annual-sunspots,,4,0.0025854882085101613,0.9974145117914898,-1.2300351178757531,1.4672415136212704,0.8203819015916268,0.002126585996057484,4,,True,False,0.9960668465474755,1.1881535789971713,0.0,269,0.7886482810640089,-2.58633312120595,0.02362444631724399,4.0,True,12,269,sunspots_1981,3,1.0,1.2300351178757531,0.2832912769621752,dual persistent load below admissibility threshold,True,1.3133116912254081e-16
4.0,0.3333333333333333,0.002634047248823344,0.9973659527511767,annual-sunspots,,4,0.002634047248823344,0.9973659527511767,-1.230181568022446,1.4680628204877433,0.8143836425894043,0.002150790276459859,4,,True,False,0.9945922676385682,1.1869174174117811,0.0,270,0.8057216841227179,-2.5782309775998487,0.026444155020274595,4.0,True,12,270,sunspots_1982,3,1.000000000000001,1.2301815680224446,0.3641191281389603,dual persistent load below admissibility threshold,True,2.22399950842862e-16
4.0,0.3333333333333333,0.0036434086350516344,0.9963565913649484,annual-sunspots,,4,0.0036434086350516344,0.9963565913649484,-1.2329663475023713,1.4723039719966033,0.7601148791021558,0.002779536099980129,4,,True,False,0.9954105305452584,1.1886349378941274,0.0,271,0.8349956722081903,-2.436906914917588,0.039391200873351254,4.0,True,12,271,sunspots_1983,3,1.0000000000000016,1.2329663475023713,0.47144994263556295,dual persistent load below admissibility threshold,True,4.712115905585152e-16
4.0,0.3333333333333333,0.0021184311091573173,0.9978815688908427,annual-sunspots,,4,0.0021184311091573173,0.9978815688908427,-1.2323647187205573,1.4866310286633273,0.705058538272435,0.0014967887851796739,4,,True,False,0.9954135084036165,1.2007911176488268,0.0,272,0.8068111602560633,-2.6730646557577438,0.028396970463236214,4.0,True,12,272,sunspots_1984,3,1.0000000000000004,1.232364718720557,0.6172805151519511,dual persistent load below admissibility threshold,True,2.8947610691235777e-16
4.0,0.3333333333333333,0.0024284498642020095,0.997571550135798,annual-sunspots,,4,0.0024284498642020095,0.997571550135798,-1.235339396668524,1.4970285976817697,0.7916682416558853,0.0019272067589343016,4,,True,False,0.9974464976048003,1.208741448381554,0.0,273,0.78480319043326,-2.613614913138565,0.02921758555374691,4.0,True,12,273,sunspots_1985,3,1.0000000000000009,1.2353393966685253,0.640325584476043,dual persistent load below admissibility threshold,True,2.7059539279863063e-16
4.0,0.3333333333333333,0.0020565269666510443,0.997943473033349,annual-sunspots,,4,0.0020565269666510443,0.997943473033349,-1.2333476732081514,1.5059458405025454,0.7393097414313723,0.0015235436285183455,4,,True,False,0.9979886443267915,1.218567059751577,0.0,274,0.7697312960504928,-2.685971533381826,0.02677395946982374,4.0,True,12,274,sunspots_1986,3,1.0000000000000002,1.2333476732081508,0.6480883416004484,dual persistent load below admissibility threshold,True,4.722562898022321e-16
4.0,0.3333333333333333,0.0023215029218911884,0.9976784970781087,annual-sunspots,,4,0.0023215029218911884,0.9976784970781087,-1.231413078327347,1.5048918513092335,0.7414136008245629,0.001725198894919489,4,,True,False,0.9975536886290649,1.219095723183704,0.0,275,0.7690951153463194,-2.633221377374355,0.029313149998227622,4.0,True,12,275,sunspots_1987,3,1.0,1.231413078327347,0.6530856796051785,dual persistent load below admissibility threshold,True,2.222987736368861e-16
4.0,0.3333333333333333,0.00223933553670772,0.9977606644632923,annual-sunspots,,4,0.00223933553670772,0.9977606644632923,-1.2310286636195442,1.501774376314866,0.7167933305416403,0.0016087432935837404,4,,True,False,0.9964322615595126,1.2155821244191791,0.0,276,0.7754242657582487,-2.648907206286822,0.027200030243034686,4.0,True,12,276,sunspots_1988,3,1.0000000000000009,1.231028663619544,0.5925164412709278,dual persistent load below admissibility threshold,True,1.3411747115962732e-16
4.0,0.3333333333333333,0.0018166172101886035,0.9981833827898114,annual-sunspots,,4,0.0018166172101886035,0.9981833827898114,-1.2322362423338156,1.5235039978262959,0.6973417391604785,0.0012691084890646084,4,,True,False,0.9972573481894846,1.2329823654194563,0.0,277,0.7596774190844447,-2.7399469114217343,0.017434557800685774,4.0,True,12,277,sunspots_1989,2,1.0000000000000004,1.232236242333815,0.3226368481745729,numerical successor admissibility boundary: reduced closure requires Y positive definite,True,1.3476195104507153e-16
4.0,0.3333333333333333,0.0012393725516053394,0.9987606274483947,annual-sunspots,,4,0.0012393725516053394,0.9987606274483947,-1.2348738813013533,1.5245508661230391,0.7305005598551269,0.0009064858164561128,4,,True,False,0.9975234337557256,1.231522698745295,0.0,278,0.7527225233201648,-2.9062595399196733,0.014692626374483994,4.0,True,12,278,sunspots_1990,2,1.0000000000000002,1.234873881301354,0.5588947446614128,dual persistent load below admissibility threshold,True,1.5828368346296961e-16
4.0,0.3333333333333333,0.0010536439833479414,0.998946356016652,annual-sunspots,,4,0.0010536439833479414,0.998946356016652,-1.2363091592259765,1.5115374359982767,0.8012909362290033,0.0008451658778110149,4,,True,False,0.9975333123347162,1.2196050914912644,0.0,279,0.7679291000420635,-2.976848275458475,0.01912603259097236,4.0,True,12,279,sunspots_1991,2,0.9999999999999999,1.2363091592259763,0.8484941050574467,dual persistent load below admissibility threshold,True,1.3423700112166538e-16
4.0,0.3333333333333333,0.0009571723236286529,0.9990428276763713,annual-sunspots,,4,0.0009571723236286529,0.9990428276763713,-1.2363400654687715,1.5121751787388007,0.8058745305642141,0.0007720998295612331,4,,True,False,0.9976335870588764,1.220211809001423,0.0,280,0.7842568922630793,-3.0185939736499963,0.022919687755431913,4.0,True,12,280,sunspots_1992,2,1.0000000000000004,1.2363400654687717,0.9808672119093717,dual persistent load below admissibility threshold,True,2.2218339371442097e-16
4.0,0.3333333333333333,0.0014163856737996188,0.9985836143262004,annual-sunspots,,4,0.0014163856737996188,0.9985836143262004,-1.2329699296204297,1.523375166386604,0.7553382717433696,0.0010713677769405012,4,,True,False,0.9962606815871963,1.2309130540146624,0.0,281,0.771363208450213,-2.8482029100908557,0.01975452863185997,4.0,True,12,281,sunspots_1993,2,1.0000000000000002,1.2329699296204295,0.7134272275935531,numerical successor admissibility boundary: reduced closure requires Y positive definite,True,2.86393664623737e-16
4.0,0.3333333333333333,0.0017067512293872857,0.9982932487706128,annual-sunspots,,4,0.0017067512293872857,0.9982932487706128,-1.2294055559453145,1.5336020550928577,0.7298464487651789,0.001247796001052735,4,,True,False,0.995368855946958,1.2416567630377473,0.0,282,0.7610725523406034,-2.7670879097387746,0.017374019923671068,4.0,True,12,282,sunspots_1994,2,1.0000000000000007,1.229405555945314,0.37474216525594556,numerical successor admissibility boundary: reduced closure requires Y positive definite,True,2.52892222943485e-16
4.0,0.3333333333333333,0.0021453769079480853,0.9978546230920519,annual-sunspots,,4,0.0021453769079480853,0.9978546230920519,-1.225939121022513,1.5140060440639365,0.6816924210994137,0.0014656315105481955,4,,True,False,0.9933060648735961,1.2267096791638905,0.0,283,0.7978632347083829,-2.667563672039799,0.02900403229145469,4.0,True,12,283,sunspots_1995,3,1.0000000000000002,1.2259391210225123,0.6546534166047743,dual persistent load below admissibility threshold,True,3.7203548143730653e-17
4.0,0.3333333333333333,0.0021998443573379265,0.997800155642662,annual-sunspots,,4,0.0021998443573379265,0.997800155642662,-1.2300732633650802,1.5082930858516157,0.7013170354215638,0.0015461896997634884,4,,True,False,0.9965058538807071,1.2218970480726892,0.0,284,0.7844971782679392,-2.6566516124976696,0.029651146505653606,4.0,True,12,284,sunspots_1996,3,0.9999999999999999,1.2300732633650797,0.6483811648242784,dual persistent load below admissibility threshold,True,1.4105219457571986e-16
4.0,0.3333333333333333,0.0025070477861798613,0.9974929522138201,annual-sunspots,,4,0.0025070477861798613,0.9974929522138201,-1.2314629773454269,1.4994972173041883,0.7323703173820444,0.0018407021110089185,4,,True,False,0.9974969935986403,1.2146073358979244,0.0,285,0.775066065622797,-2.5997472238518378,0.03022667466339384,4.0,True,12,285,sunspots_1997,3,1.0000000000000007,1.2314629773454269,0.5827351373877887,dual persistent load below admissibility threshold,True,1.119556923907566e-16
4.0,0.3333333333333333,0.002373470524335089,0.9976265294756649,annual-sunspots,,4,0.002373470524335089,0.9976265294756649,-1.2327759738803092,1.4911322402306362,0.7174460976733175,0.0017068884149681082,4,,True,False,0.996957535664472,1.2058926804770067,0.0,286,0.8022983426486153,-2.6235841469703067,0.028848862826705658,4.0,True,12,286,sunspots_1998,3,1.0000000000000004,1.2327759738803092,0.4643354048523122,dual persistent load below admissibility threshold,True,3.443873899259931e-16
4.0,0.3333333333333333,0.001934772992236658,0.9980652270077632,annual-sunspots,,4,0.001934772992236658,0.9980652270077632,-1.223270766295255,1.4879370347936023,0.6308840378502072,0.0012229835932920405,4,,True,False,0.9901361376151051,1.2043615111533008,0.0,287,0.8032809821239223,-2.712528908476286,0.025832129907047457,4.0,True,12,287,sunspots_1999,3,1.0000000000000009,1.223270766295256,0.5029180503964376,dual persistent load below admissibility threshold,True,2.229983267921794e-16
4.0,0.3333333333333333,0.002183613572297194,0.9978163864277029,annual-sunspots,,4,0.002183613572297194,0.9978163864277029,-1.2289650409342376,1.5011100570326206,0.7065486142789423,0.0015462054588527845,4,,True,False,0.9951287494682243,1.215492486859909,0.0,288,0.7971616369210126,-2.659874846761606,0.025839595946592176,4.0,True,12,288,sunspots_2000,2,1.0000000000000016,1.228965040934238,0.5036756370981318,numerical successor admissibility boundary: reduced closure requires Y positive definite,True,3.2396570553156327e-16
4.0,0.3333333333333333,0.0022528550849114756,0.9977471449150884,annual-sunspots,,4,0.0022528550849114756,0.9977471449150884,-1.2307298382802587,1.4947894665318069,0.8206519335088452,0.0018529843866455522,4,,True,False,0.9962979827906882,1.210059010418888,0.0,289,0.8039009279028396,-2.6462872371164488,0.027581115017558847,4.0,True,12,289,sunspots_2001,3,0.9999999999999999,1.2307298382802587,0.5950830439941851,dual persistent load below admissibility threshold,True,2.426592430781496e-16
4.0,0.3333333333333333,0.0025631283434505952,0.9974368716565495,annual-sunspots,,4,0.0025631283434505952,0.9974368716565495,-1.2295864478776592,1.513565186681513,0.801602945908735,0.00205989099584805,4,,True,False,0.9966880990660286,1.226877875345787,0.0,290,0.7954226119140493,-2.590115065341702,0.028406575172676893,4.0,True,12,290,sunspots_2002,3,1.0000000000000004,1.2295864478776586,0.5766092424509592,dual persistent load below admissibility threshold,True,3.538528913401987e-16
4.0,0.3333333333333333,0.0024131300152683104,0.9975868699847317,annual-sunspots,,4,0.0024131300152683104,0.9975868699847317,-1.2279495611789202,1.5234704488715534,0.7997543400820453,0.0019345795949806568,4,,True,False,0.9962433416683657,1.2360013301032124,0.0,291,0.7368168861971023,-2.6163700028471455,0.020973351946551103,4.0,True,12,291,sunspots_2003,3,1.0000000000000007,1.2279495611789202,0.4634554806698755,dual persistent load below admissibility threshold,True,1.588238353211411e-16
4.0,0.3333333333333333,0.004827546333461023,0.995172453666539,annual-sunspots,,4,0.004827546333461023,0.995172453666539,-1.2219077980465411,1.577919674319061,0.7179765611258909,0.0034828788743138314,4,,True,False,0.9941337014760739,1.2837819097075445,0.0,292,0.7743405792545784,-2.314171895548994,0.03945901942758747,4.0,True,12,292,sunspots_2004,3,1.0000000000000002,1.2219077980465407,0.56240654841744,dual persistent load below admissibility threshold,True,2.706009178809979e-16
4.0,0.3333333333333333,0.00660062522712695,0.9933993747728731,annual-sunspots,,4,0.00660062522712695,0.9933993747728731,-1.2204301375491013,1.5754555282010292,0.7044889095437558,0.004680964561336515,4,,True,False,0.9942801912221165,1.2835181430273697,0.0,293,0.7971226864386365,-2.1775388074122564,0.05527307926933317,4.0,True,12,293,sunspots_2005,3,1.0000000000000004,1.2204301375491018,0.6411264577081857,dual persistent load below admissibility threshold,True,1.2473927306638716e-16
4.0,0.3333333333333333,0.004820997166126861,0.9951790028338732,annual-sunspots,,4,0.004820997166126861,0.9951790028338732,-1.2209611467800547,1.5767689211241491,0.7215519155379448,0.003495451300837512,4,,True,False,0.9954684747520691,1.2855640468882799,0.0,294,0.8026254421926258,-2.314764328118018,0.05621523795112973,4.0,True,12,294,sunspots_2006,3,1.0000000000000004,1.2209611467800552,0.8299657014313465,dual persistent load below admissibility threshold,True,2.6398869335326476e-16
4.0,0.3333333333333333,0.004740078836122795,0.9952599211638772,annual-sunspots,,4,0.004740078836122795,0.9952599211638772,-1.2209880912694038,1.5833244661269945,0.7210316601749609,0.003434024459231748,4,,True,False,0.9967047965179032,1.292483604972953,0.0,295,0.7984714779383685,-2.322150950664909,0.05296744450927308,4.0,True,12,295,sunspots_2007,3,1.0000000000000002,1.2209880912694047,0.7789669938929725,dual persistent load below admissibility threshold,True,1.4149471783332107e-16
4.0,0.3333333333333333,0.004441764474754408,0.9955582355252456,annual-sunspots,,4,0.004441764474754408,0.9955582355252456,-1.2221352369989067,1.5797555480324752,0.7215846351074842,0.003219408853624786,4,,True,False,0.9972485111367769,1.289062634429923,0.0,296,0.7870434274052158,-2.3505111430220724,0.04363767913917944,4.0,True,12,296,sunspots_2008,3,1.0000000000000002,1.2221352369989058,0.6272643907405862,dual persistent load below admissibility threshold,True,3.535538368117029e-16
4.0,0.16666666666666666,0.01294073298091635,0.9870592670190836,mauna-loa-co2,,4,0.01294073298091635,0.9870592670190836,-1.245452175321462,1.6484276308765273,0.8944416599511255,0.011726479934067943,4,,True,False,0.9989467264560754,1.3221634827036417,0.0,0,0.8391870427631128,-1.8823843541784893,0.08574925303008171,4.0,True,24,0,co2_1960-03-01,3,1.0000000000000002,1.245452175321463,0.23187352741413364,dual persistent load below admissibility threshold,True,2.250464087587897e-16
4.0,0.16666666666666666,0.0128065468629812,0.9871934531370189,mauna-loa-co2,,4,0.0128065468629812,0.9871934531370189,-1.2422272133406853,1.6456866345847616,0.8923791882152343,0.011576551543278229,4,,True,False,0.9964350850357174,1.3200643844089448,0.0,1,0.829031262591446,-1.8869702234944032,0.08333627723881831,4.0,True,24,1,co2_1960-04-01,3,1.0000000000000007,1.242227213340685,0.23884707762976,dual persistent load below admissibility threshold,True,2.2211241775792954e-16
4.0,0.16666666666666666,0.012711972657523489,0.9872880273424766,mauna-loa-co2,,4,0.012711972657523489,0.9872880273424766,-1.241443475649205,1.6321645597707573,0.8921655205682089,0.01148720878746581,4,,True,False,0.9959354051499761,1.3093874219739732,0.0,2,0.8009683134346837,-1.8902309203716308,0.0766095265144509,4.0,True,24,2,co2_1960-05-01,3,1.0000000000000007,1.2414434756492034,0.19472071612972744,dual persistent load below admissibility threshold,True,2.3380516802248203e-16
4.0,0.16666666666666666,0.012567984018421114,0.9874320159815789,mauna-loa-co2,,4,0.012567984018421114,0.9874320159815789,-1.2399149675272163,1.6013026475915435,0.8913337979423852,0.011344850831560921,4,,True,False,0.9947656137348297,1.2847016551331731,0.0,3,0.7995703332399694,-1.8952415846710673,0.07617227169231452,4.0,True,24,3,co2_1960-06-01,3,0.9999999999999999,1.239914967527217,0.20569705627963686,dual persistent load below admissibility threshold,True,2.267957112011626e-16
4.0,0.16666666666666666,0.012443241153600786,0.9875567588463992,mauna-loa-co2,,4,0.012443241153600786,0.9875567588463992,-1.2400483001341251,1.594069318376128,0.8915371444826448,0.011233391485416012,4,,True,False,0.9949041551187969,1.2789390447358062,0.0,4,0.8151190806187785,-1.8996285477029526,0.0791527275840198,4.0,True,24,4,co2_1960-07-01,3,1.0000000000000009,1.2400483001341245,0.23705132343666102,dual persistent load below admissibility threshold,True,2.351665542602055e-16
4.0,0.16666666666666666,0.012483820409072683,0.9875161795909273,mauna-loa-co2,,4,0.012483820409072683,0.9875161795909273,-1.2456139406157605,1.6034683954218518,0.8955137289897147,0.011320758887411443,4,,True,False,0.9993871315327626,1.2865026859059627,0.0,5,0.8255901301664466,-1.8981967075694257,0.0810523379758748,4.0,True,24,5,co2_1960-08-01,3,1.0000000000000004,1.2456139406157605,0.25060721253159723,dual persistent load below admissibility threshold,True,2.519792074371512e-16
4.0,0.16666666666666666,0.012396063720076303,0.9876039362799237,mauna-loa-co2,,4,0.012396063720076303,0.9876039362799237,-1.242723284280204,1.607050576061334,0.8932401496571446,0.011211642041635255,4,,True,False,0.997144528423225,1.2894758705250384,0.0,6,0.8148109974007953,-1.9012990122275288,0.07768809975472982,4.0,True,24,6,co2_1960-09-01,3,1.0000000000000004,1.242723284280204,0.18597914146559338,dual persistent load below admissibility threshold,True,2.5596562024795613e-17
4.0,0.16666666666666666,0.012332753250687757,0.9876672467493123,mauna-loa-co2,,4,0.012332753250687757,0.9876672467493123,-1.2411767045733741,1.614746230494891,0.8918814506915642,0.011136700033788135,4,,True,False,0.9959500182917511,1.2957111842916087,0.0,7,0.7984997378401922,-1.9035506094544927,0.07382134715336315,4.0,True,24,7,co2_1960-10-01,3,1.000000000000001,1.2411767045733735,0.14066388980707886,dual persistent load below admissibility threshold,True,1.1115170886163945e-16
4.0,0.16666666666666666,0.012322728100090621,0.9876772718999093,mauna-loa-co2,,4,0.012322728100090621,0.9876772718999093,-1.2414770266739246,1.6194381163097264,0.8921078125189563,0.011130358389730937,4,,True,False,0.9962014781700131,1.2994897292580694,0.0,8,0.7966767557965849,-1.903908194126412,0.07344633915223435,4.0,True,24,8,co2_1960-11-01,3,1.0000000000000013,1.2414770266739243,0.14556890814594176,dual persistent load below admissibility threshold,True,2.238417041635937e-16
4.0,0.16666666666666666,0.012312228572031762,0.9876877714279683,mauna-loa-co2,,4,0.012312228572031762,0.9876877714279683,-1.2434898721682819,1.6295642182571575,0.8936401847517909,0.011139858702421087,4,,True,False,0.9977553744784569,1.3075349411481412,0.0,9,0.8172650294908947,-1.9042830073807486,0.07822653037677198,4.0,True,24,9,co2_1960-12-01,3,1.0000000000000007,1.243489872168282,0.23377904338107472,dual persistent load below admissibility threshold,True,2.2441088258817643e-16
4.0,0.16666666666666666,0.012293454953329532,0.9877065450466704,mauna-loa-co2,,4,0.012293454953329532,0.9877065450466704,-1.2451942975294115,1.6336212953135087,0.8949498411163637,0.011138961883393795,4,,True,False,0.999077522921236,1.310730638866141,0.0,10,0.8254082816828323,-1.9049539774462003,0.07923804162071563,4.0,True,24,10,co2_1961-01-01,3,1.000000000000001,1.2451942975294117,0.2200044714959075,dual persistent load below admissibility threshold,True,1.1114870478786069e-16
4.0,0.16666666666666666,0.012248476611153086,0.987751523388847,mauna-loa-co2,,4,0.012248476611153086,0.987751523388847,-1.2455502698909455,1.6355236678562477,0.8955892616739833,0.011105631188680288,4,,True,False,0.9993619632236539,1.3122554609945034,0.0,11,0.8296641116677264,-1.9065656309271846,0.07947695243211515,4.0,True,24,11,co2_1961-02-01,3,1.0000000000000009,1.2455502698909444,0.1972097136522626,dual persistent load below admissibility threshold,True,3.4083964941526464e-16
4.0,0.16666666666666666,0.01222256408601707,0.987777435913983,mauna-loa-co2,,4,0.01222256408601707,0.987777435913983,-1.2455978591852983,1.6373861476601599,0.8957018975989393,0.011083239449826308,4,,True,False,0.9994648808609102,1.3138349098198114,0.0,12,0.8343291161056701,-1.9074967781657786,0.08011344027961731,4.0,True,24,12,co2_1961-03-01,3,1.0000000000000002,1.2455978591852983,0.1875000469112934,dual persistent load below admissibility threshold,True,2.2313204026426827e-16
4.0,0.16666666666666666,0.01215764037091664,0.9878423596290833,mauna-loa-co2,,4,0.01215764037091664,0.9878423596290833,-1.245558710515851,1.6379395858152523,0.8961118639374669,0.011028688603669751,4,,True,False,0.9995041929397551,1.3143719922494304,0.0,13,0.8321995602350684,-1.90983835259888,0.07938288883709793,4.0,True,24,13,co2_1961-04-01,3,1.000000000000001,1.2455587105158505,0.1832719724875543,dual persistent load below admissibility threshold,True,2.2906954905336506e-16
4.0,0.16666666666666666,0.012064820678340664,0.9879351793216593,mauna-loa-co2,,4,0.012064820678340664,0.9879351793216593,-1.2434520813707786,1.6323854276735732,0.8951874533114488,0.010932170777761777,4,,True,False,0.997910183725374,1.3100416706404814,0.0,14,0.8202926669573523,-1.9132075791781753,0.07685418551090126,4.0,True,24,14,co2_1961-05-01,3,1.0000000000000004,1.2434520813707783,0.17040500626264632,dual persistent load below admissibility threshold,True,2.4926798947643713e-16
4.0,0.16666666666666666,0.012000240879880998,0.9879997591201191,mauna-loa-co2,,4,0.012000240879880998,0.9879997591201191,-1.2447097598935075,1.6184802631261328,0.8964619550630032,0.010888423100412098,4,,True,False,0.9990143264686225,1.2990056172677933,0.0,15,0.80498542804872,-1.915566875010489,0.07380345776823176,4.0,True,24,15,co2_1961-06-01,3,1.0,1.244709759893508,0.16383478580850375,dual persistent load below admissibility threshold,True,7.466897291526188e-17
4.0,0.16666666666666666,0.011941155051266816,0.9880588449487332,mauna-loa-co2,,4,0.011941155051266816,0.9880588449487332,-1.2451337686687611,1.6167572390454337,0.8967070491571054,0.01083712570793748,4,,True,False,0.9994054239584166,1.2976886456573853,0.0,16,0.7925686851916541,-1.9177364727266146,0.07218572960426849,4.0,True,24,16,co2_1961-07-01,3,1.0000000000000007,1.2451337686687614,0.1922991944699629,dual persistent load below admissibility threshold,True,3.4127307030676075e-16
4.0,0.16666666666666666,0.011873473322050576,0.9881265266779494,mauna-loa-co2,,4,0.011873473322050576,0.9881265266779494,-1.2450842426240967,1.6167094248124156,0.8965887418430867,0.010773541869091432,4,,True,False,0.9993607363862407,1.2976438589391899,0.0,17,0.7885933622601076,-1.9202347774848894,0.0714358086903467,4.0,True,24,17,co2_1961-08-01,3,1.0000000000000004,1.2450842426240973,0.19427738991897148,dual persistent load below admissibility threshold,True,2.5693479791628613e-16
4.0,0.16666666666666666,0.011816425628289343,0.9881835743717107,mauna-loa-co2,,4,0.011816425628289343,0.9881835743717107,-1.2450270073328966,1.6187083992495261,0.896758026837392,0.010723184239763147,4,,True,False,0.9993192109362922,1.2992540649694257,0.0,18,0.7942216506361501,-1.922351504856202,0.07190251587124245,4.0,True,24,18,co2_1961-09-01,3,1.0000000000000002,1.245027007332897,0.18828505738369514,dual persistent load below admissibility threshold,True,1.1127226761436498e-16
4.0,0.16666666666666666,0.011708827439083297,0.9882911725609167,mauna-loa-co2,,4,0.011708827439083297,0.9882911725609167,-1.241118182137897,1.6202119064284757,0.8939585714603884,0.010591217387681281,4,,True,False,0.9961384105174169,1.3004042132320754,0.0,19,0.7942878249205636,-1.9263715106978267,0.0708029818127584,4.0,True,24,19,co2_1961-10-01,3,1.0000000000000002,1.2411181821378976,0.13607780293083452,dual persistent load below admissibility threshold,True,2.228696750102063e-16
4.0,0.16666666666666666,0.01170295287163282,0.9882970471283672,mauna-loa-co2,,4,0.01170295287163282,0.9882970471283672,-1.2453477709969687,1.6389667619487611,0.8972857864312653,0.010625239953415704,4,,True,False,0.9994298571413608,1.3153211937277207,0.0,20,0.8206665598975214,-1.9265920416554998,0.07559751188086891,4.0,True,24,20,co2_1961-11-01,3,1.0,1.2453477709969678,0.19307764964725693,dual persistent load below admissibility threshold,True,2.2961500605393087e-16
4.0,0.16666666666666666,0.011659107581593438,0.9883408924184065,mauna-loa-co2,,4,0.011659107581593438,0.9883408924184065,-1.2454145636611496,1.6392925745630984,0.8973016977171351,0.010585150434513862,4,,True,False,0.9993966300676322,1.3154683769692934,0.0,21,0.8283040229642237,-1.9282414549227112,0.07665905550482678,4.0,True,24,21,co2_1961-12-01,3,1.000000000000001,1.245414563661149,0.18211077663898131,dual persistent load below admissibility threshold,True,2.325396445091864e-16
4.0,0.16666666666666666,0.011604058677380616,0.9883959413226194,mauna-loa-co2,,4,0.011604058677380616,0.9883959413226194,-1.2454107036965207,1.6384911095436494,0.8973037599532131,0.010534609711162974,4,,True,False,0.9993055168802903,1.3147094370286254,0.0,22,0.8310705408382354,-1.9303210371775623,0.0769662412041112,4.0,True,24,22,co2_1962-01-01,3,1.0000000000000009,1.2454107036965214,0.17984103345010913,dual persistent load below admissibility threshold,True,2.243265992625422e-16
4.0,0.16666666666666666,0.011547340414337335,0.9884526595856626,mauna-loa-co2,,4,0.011547340414337335,0.9884526595856626,-1.2454131703734634,1.6375857791264938,0.8973786398175118,0.010483391929838583,4,,True,False,0.9992545102800429,1.3139133379101078,0.0,23,0.8325719694993023,-1.9324739053269557,0.0772037365781265,4.0,True,24,23,co2_1962-02-01,3,1.0000000000000016,1.2454131703734634,0.20012118250007774,dual persistent load below admissibility threshold,True,2.2398634389267327e-16
4.0,0.16666666666666666,0.011485386843723508,0.9885146131562764,mauna-loa-co2,,4,0.011485386843723508,0.9885146131562764,-1.245250502743179,1.6363670941965291,0.8973106881357114,0.01042570361134064,4,,True,False,0.9990979265753492,1.3129012735400292,0.0,24,0.8309446260386262,-1.9348374664316383,0.0770224325501736,4.0,True,24,24,co2_1962-03-01,3,1.0000000000000004,1.2452505027431795,0.22551684178691322,dual persistent load below admissibility threshold,True,2.2353576549256687e-16
4.0,0.16666666666666666,0.011349438194108588,0.9886505618058914,mauna-loa-co2,,4,0.011349438194108588,0.9886505618058914,-1.2422739504545794,1.6304232920811559,0.8959421834300787,0.010285171352920161,4,,True,False,0.996739357014108,1.3081712477470278,0.0,25,0.8177789522298722,-1.9400684533346433,0.07407350386851412,4.0,True,24,25,co2_1962-04-01,3,1.0000000000000009,1.24227395045458,0.20995567846358654,dual persistent load below admissibility threshold,True,2.245329933197285e-16
4.0,0.16666666666666666,0.01128585191025862,0.9887141480897415,mauna-loa-co2,,4,0.01128585191025862,0.9887141480897415,-1.2418642001688354,1.6240186965680155,0.896469078274579,0.010232904302098271,4,,True,False,0.9964971885339095,1.3031457586397244,0.0,26,0.8001011717531696,-1.9425364014920292,0.0700106345987672,4.0,True,24,26,co2_1962-05-01,3,1.0000000000000007,1.2418642001688363,0.1518677504849747,dual persistent load below admissibility threshold,True,3.3640474076323337e-16
4.0,0.16666666666666666,0.01124912507444376,0.9887508749255562,mauna-loa-co2,,4,0.01124912507444376,0.9887508749255562,-1.2419317166256318,1.6122119359667926,0.8967488684966327,0.010202408349670535,4,,True,False,0.9965592531955942,1.2936820127804203,0.0,27,0.8006883458837847,-1.9439681352562146,0.06991820857986726,4.0,True,24,27,co2_1962-06-01,3,1.0000000000000009,1.2419317166256314,0.1335280336710338,dual persistent load below admissibility threshold,True,1.511288604142835e-17
4.0,0.16666666666666666,0.011243740357731792,0.9887562596422682,mauna-loa-co2,,4,0.011243740357731792,0.9887562596422682,-1.2437522143929096,1.604579427695283,0.8979292183814491,0.010210891605131101,4,,True,False,0.9979743053834012,1.287498443223535,0.0,28,0.8134203189770649,-1.9441784377036653,0.07296182596121095,4.0,True,24,28,co2_1962-07-01,3,1.0000000000000009,1.2437522143929098,0.19418302775943294,dual persistent load below admissibility threshold,True,3.5710798279542353e-17
4.0,0.16666666666666666,0.011229243277110761,0.9887707567228892,mauna-loa-co2,,4,0.011229243277110761,0.9887707567228892,-1.2457050820575983,1.6011581938203003,0.8997173703057166,0.010217884340845982,4,,True,False,0.999487538568361,1.2846842202462967,0.0,29,0.8155691915237706,-1.944745122753548,0.07413476458092169,4.0,True,24,29,co2_1962-08-01,3,1.0000000000000004,1.2457050820575999,0.2426779527780261,dual persistent load below admissibility threshold,True,2.233290815875702e-16
4.0,0.16666666666666666,0.011175099193706335,0.9888249008062937,mauna-loa-co2,,4,0.011175099193706335,0.9888249008062937,-1.245632445645352,1.600104009513667,0.8998916791039687,0.010170029870180019,4,,True,False,0.9994492833387767,1.2838641215285567,0.0,30,0.8128303579528802,-1.9468680076257476,0.07320742866879971,4.0,True,24,30,co2_1962-09-01,3,1.0000000000000009,1.2456324456453518,0.23826418732986027,dual persistent load below admissibility threshold,True,2.431869914612445e-16
4.0,0.16666666666666666,0.011025912614170836,0.9889740873858291,mauna-loa-co2,,4,0.011025912614170836,0.9889740873858291,-1.2413821427597274,1.606910939672293,0.8968383571828451,0.00999870621633061,4,,True,False,0.9960594480191625,1.2893522215710926,0.0,31,0.7880132760717496,-1.9527703664175615,0.06718255098323402,4.0,True,24,31,co2_1962-10-01,3,1.0000000000000002,1.2413821427597271,0.13739237441905017,dual persistent load below admissibility threshold,True,1.130285885013849e-16
4.0,0.16666666666666666,0.010968578061523897,0.989031421938476,mauna-loa-co2,,4,0.010968578061523897,0.989031421938476,-1.241137683174601,1.6263178463243464,0.8967397825028928,0.009945043288896435,4,,True,False,0.9958203889353209,1.3048676969639095,0.0,32,0.799044478694817,-1.9550597591370658,0.0690989489837444,4.0,True,24,32,co2_1962-11-01,3,1.0000000000000002,1.2411376831746013,0.17658873771216868,dual persistent load below admissibility threshold,True,2.2276121087369967e-16
4.0,0.16666666666666666,0.01100404703441593,0.9889959529655841,mauna-loa-co2,,4,0.01100404703441593,0.9889959529655841,-1.2456404660522389,1.634923894090762,0.9002261992160661,0.010016351844598294,4,,True,False,0.999347121391488,1.311659770039331,0.0,33,0.8256128918497522,-1.953642076420819,0.0744913906852512,4.0,True,24,33,co2_1962-12-01,3,1.0000000000000004,1.2456404660522387,0.23873785178969567,dual persistent load below admissibility threshold,True,2.7309615696656007e-16
4.0,0.16666666666666666,0.010954295671065312,0.9890457043289347,mauna-loa-co2,,4,0.010954295671065312,0.9890457043289347,-1.2457130754159866,1.6363293235674372,0.9002642459731065,0.009970985859717434,4,,True,False,0.9993473633926672,1.3127111109459573,0.0,34,0.8312290673845155,-1.9556319021014184,0.07504752879592046,4.0,True,24,34,co2_1963-01-01,3,1.0000000000000004,1.2457130754159873,0.21631697760803711,dual persistent load below admissibility threshold,True,2.2298505225773505e-16
4.0,0.16666666666666666,0.01088914281044038,0.9891108571895596,mauna-loa-co2,,4,0.01088914281044038,0.9891108571895596,-1.2457700208040894,1.6380257612522793,0.9002454060281002,0.009910821137416932,4,,True,False,0.9993624301802666,1.314031786064622,0.0,35,0.8344845528456554,-1.9582512754266646,0.0752265891885536,4.0,True,24,35,co2_1963-02-01,3,0.9999999999999994,1.2457700208040885,0.19877436382415348,dual persistent load below admissibility threshold,True,4.484051591113313e-16
4.0,0.16666666666666666,0.010841522332003563,0.9891584776679964,mauna-loa-co2,,4,0.010841522332003563,0.9891584776679964,-1.245791762315915,1.6392760196662506,0.9007177807155555,0.009872181409679008,4,,True,False,0.999369673292908,1.315021330021706,0.0,36,0.8329364478371903,-1.9601756087742512,0.07482248169220809,4.0,True,24,36,co2_1963-03-01,3,1.0000000000000004,1.2457917623159143,0.21048412222462187,dual persistent load below admissibility threshold,True,2.57582277464446e-16
4.0,0.16666666666666666,0.010789440305243952,0.9892105596947561,mauna-loa-co2,,4,0.010789440305243952,0.9892105596947561,-1.2455490769898057,1.6401040159387346,0.9007262901812507,0.009824331578378281,4,,True,False,0.9992124053843103,1.3157348105521685,0.0,37,0.8271148283103614,-1.9622898272101739,0.0736616290952054,4.0,True,24,37,co2_1963-04-01,3,1.0000000000000007,1.2455490769898063,0.2244276817224021,dual persistent load below admissibility threshold,True,1.1996605171330676e-16
4.0,0.16666666666666666,0.010660325357190083,0.9893396746428098,mauna-loa-co2,,4,0.010660325357190083,0.9893396746428098,-1.2417119318654746,1.6306407706116435,0.8987633680869299,0.009684348225890989,4,,True,False,0.9962412546191468,1.308283801949705,0.0,38,0.8013905110696127,-1.96757496584097,0.06798140386426142,4.0,True,24,38,co2_1963-05-01,3,1.0000000000000007,1.2417119318654748,0.15647486834852045,dual persistent load below admissibility threshold,True,2.2514277528605466e-16
4.0,0.16666666666666666,0.010616942740198598,0.9893830572598014,mauna-loa-co2,,4,0.010616942740198598,0.9893830572598014,-1.2429306600490104,1.6139686089069762,0.8999717295555765,0.009657481245891223,4,,True,False,0.9972913816784873,1.2950014314548133,0.0,39,0.795338530736026,-1.969364993888219,0.06698984173230255,4.0,True,24,39,co2_1963-06-01,3,1.0,1.2429306600490106,0.16986540728197944,dual persistent load below admissibility threshold,True,2.2866838989488376e-16
4.0,0.16666666666666666,0.010592199778083827,0.9894078002219161,mauna-loa-co2,,4,0.010592199778083827,0.9894078002219161,-1.2456001846240827,1.6084980714657662,0.9016592799166564,0.009652799606490185,4,,True,False,0.9994061502602378,1.2905769324285774,0.0,40,0.8081446308606993,-1.9703891665573494,0.06973403745513684,4.0,True,24,40,co2_1963-07-01,3,1.0000000000000009,1.2456001846240827,0.2208534331138914,dual persistent load below admissibility threshold,True,4.472428322776608e-16
4.0,0.16666666666666666,0.010544693696212649,0.9894553063037873,mauna-loa-co2,,4,0.010544693696212649,0.9894553063037873,-1.245582900838785,1.6084130662432425,0.9006239800981597,0.009598012103321073,4,,True,False,0.9993742216701784,1.2904854065663118,0.0,41,0.810032858569474,-1.9723622130938783,0.06996784149545454,4.0,True,24,41,co2_1963-08-01,3,1.0000000000000002,1.2455829008387858,0.22169462040849097,dual persistent load below admissibility threshold,True,2.367904330494219e-16
4.0,0.16666666666666666,0.010497924982615443,0.9895020750173845,mauna-loa-co2,,4,0.010497924982615443,0.9895020750173845,-1.2442152313270052,1.609133227639155,0.9001059500143715,0.00954949461777598,4,,True,False,0.9983238403297897,1.2911239333613227,0.0,42,0.8063637297369659,-1.9743132442653228,0.0684607939815421,4.0,True,24,42,co2_1963-09-01,3,1.0000000000000007,1.2442152313270054,0.1817338100007631,dual persistent load below admissibility threshold,True,2.4453271974745546e-16
4.0,0.16666666666666666,0.010407434471604748,0.9895925655283953,mauna-loa-co2,,4,0.010407434471604748,0.9895925655283953,-1.2411638038975683,1.620900432621323,0.8977228217162467,0.009441250638021152,4,,True,False,0.9958884755233358,1.300582611053638,0.0,43,0.7942135232989519,-1.978112738810583,0.06562206790927236,4.0,True,24,43,co2_1963-10-01,3,1.0000000000000009,1.2411638038975683,0.14689923148909995,dual persistent load below admissibility threshold,True,2.2226396736205595e-16
4.0,0.16666666666666666,0.010386698383375994,0.9896133016166241,mauna-loa-co2,,4,0.010386698383375994,0.9896133016166241,-1.2415437216074456,1.6276148654957763,0.8979523099251971,0.00942465081119329,4,,True,False,0.9961611302945743,1.3059279636139725,0.0,44,0.8039339547311953,-1.9789880036710337,0.06747940401224363,4.0,True,24,44,co2_1963-11-01,3,1.0,1.2415437216074456,0.18502427739157476,dual persistent load below admissibility threshold,True,2.258409069424702e-16
4.0,0.16666666666666666,0.010404698900305272,0.9895953010996947,mauna-loa-co2,,4,0.010404698900305272,0.9895953010996947,-1.2448292051566698,1.6316121428262544,0.9003952701323807,0.009466841310357693,4,,True,False,0.9987067944313803,1.309016631492222,0.0,45,0.8214989859517307,-1.9782281077030701,0.07085300147325635,4.0,True,24,45,co2_1963-12-01,3,0.9999999999999994,1.2448292051566698,0.22258682701670016,dual persistent load below admissibility threshold,True,2.5178155284459765e-16
4.0,0.16666666666666666,0.010359958418494264,0.9896400415815058,mauna-loa-co2,,4,0.010359958418494264,0.9896400415815058,-1.2454320049457597,1.6337040908079432,0.9006536975367601,0.00942841282071899,4,,True,False,0.9991249277048292,1.3106090698951147,0.0,46,0.8266980581615748,-1.9801192465625965,0.07123383847010525,4.0,True,24,46,co2_1964-01-01,3,1.0000000000000002,1.2454320049457588,0.2012164861918482,dual persistent load below admissibility threshold,True,2.413031843215478e-16
4.0,0.16666666666666666,0.01031108255617699,0.989688917443823,mauna-loa-co2,,4,0.01031108255617699,0.989688917443823,-1.2457312192079453,1.6353655585402307,0.900955734767239,0.009386615124113899,4,,True,False,0.9993500739707297,1.3119224008333656,0.0,47,0.8319698901934097,-1.9821944429835858,0.07169357679757649,4.0,True,24,47,co2_1964-02-01,3,1.0000000000000002,1.2457312192079448,0.18345646799423918,dual persistent load below admissibility threshold,True,1.1452301978864891e-16
4.0,0.16666666666666666,0.010262238543888478,0.9897377614561115,mauna-loa-co2,,4,0.010262238543888478,0.9897377614561115,-1.2459055961965435,1.6366263999970418,0.9015997313673544,0.009348366683297298,4,,True,False,0.9995069727004652,1.312956217145565,0.0,48,0.8342150799917095,-1.9842780346808682,0.07179822090023032,4.0,True,24,48,co2_1964-03-01,3,1.0000000000000016,1.2459055961965435,0.18470604888826803,dual persistent load below admissibility threshold,True,1.1186362104889194e-16
4.0,0.16666666666666666,0.01022638335461611,0.9897736166453839,mauna-loa-co2,,4,0.01022638335461611,0.9897736166453839,-1.2456694171618101,1.637747785997996,0.9020155180338467,0.009319662925033957,4,,True,False,0.9993796136510626,1.3139374918248894,0.0,49,0.832938815753051,-1.985813804082289,0.0714857912177284,4.0,True,24,49,co2_1964-04-01,3,1.0000000000000004,1.24566941716181,0.195483874254049,dual persistent load below admissibility threshold,True,2.855349957821413e-17
4.0,0.16666666666666666,0.010178555926926314,0.9898214440730737,mauna-loa-co2,,4,0.010178555926926314,0.9898214440730737,-1.2439155362076244,1.6353279665872553,0.9012026758881493,0.009267269256439732,4,,True,False,0.9980377106174854,1.3120818354414956,0.0,50,0.8233939900260339,-1.9878706911388597,0.06977644281723028,4.0,True,24,50,co2_1964-05-01,3,1.0000000000000004,1.243915536207624,0.1901018521949682,dual persistent load below admissibility threshold,True,2.2610491333436533e-16
4.0,0.16666666666666666,0.010145287981093308,0.9898547120189066,mauna-loa-co2,,4,0.010145287981093308,0.9898547120189066,-1.2442110096177394,1.6280750323053925,0.9016785462791721,0.009241546670741155,4,,True,False,0.9983258703811073,1.3063294016112175,0.0,51,0.8124188927015433,-1.9893070755038011,0.06796742340528837,4.0,True,24,51,co2_1964-06-01,3,1.0000000000000007,1.2442110096177394,0.1788991715147789,dual persistent load below admissibility threshold,True,2.2603100044439514e-16
4.0,0.16666666666666666,0.010115813018937964,0.989884186981062,mauna-loa-co2,,4,0.010115813018937964,0.989884186981062,-1.2457315495754548,1.6206118882924354,0.9025945321731302,0.009223783589497679,4,,True,False,0.9995153756402333,1.3003014179464893,0.0,52,0.8087995420344002,-1.9905835933892644,0.06774874982866218,4.0,True,24,52,co2_1964-07-01,3,1.0000000000000009,1.2457315495754555,0.19382615125006067,dual persistent load below admissibility threshold,True,2.293613776880987e-16
4.0,0.16666666666666666,0.010077737301508094,0.9899222626984919,mauna-loa-co2,,4,0.010077737301508094,0.9899222626984919,-1.2456491031887036,1.6166112995691957,0.9020311381941684,0.009182976473042424,4,,True,False,0.9993980816225461,1.2970251633328813,0.0,53,0.8015275610636888,-1.9922380580365606,0.06664184025278645,4.0,True,24,53,co2_1964-08-01,3,1.0000000000000002,1.245649103188704,0.1975493981507534,dual persistent load below admissibility threshold,True,2.2204461720280017e-16
4.0,0.16666666666666666,0.010061112057641855,0.9899388879423581,mauna-loa-co2,,4,0.010061112057641855,0.9899388879423581,-1.2455348360171563,1.6163900208004596,0.9021782095291193,0.009169168089660592,4,,True,False,0.9993582990413331,1.2969149758508096,0.0,54,0.802962184598822,-1.9929623989851233,0.066541884271306,4.0,True,24,54,co2_1964-09-01,3,1.0000000000000009,1.2455348360171568,0.19892159101820456,dual persistent load below admissibility threshold,True,3.4396636113223876e-16
4.0,0.16666666666666666,0.009971048068127994,0.990028951931872,mauna-loa-co2,,4,0.009971048068127994,0.990028951931872,-1.2404846264780285,1.6154673151374956,0.8985236407373086,0.00904945496256315,4,,True,False,0.9953175266470373,1.2961893264626132,0.0,55,0.7927536108673673,-1.9969070851881914,0.06365166918470377,4.0,True,24,55,co2_1964-10-01,3,1.000000000000001,1.2404846264780278,0.1469189191481762,dual persistent load below admissibility threshold,True,2.220454930638565e-16
4.0,0.16666666666666666,0.00995588105299758,0.9900441189470024,mauna-loa-co2,,4,0.00995588105299758,0.9900441189470024,-1.2433043145903726,1.629002192507826,0.9006607453385613,0.009057042083368876,4,,True,False,0.9975216708325244,1.306972854345498,0.0,56,0.8141942417529578,-1.9975748490502085,0.06731193614416034,4.0,True,24,56,co2_1964-11-01,3,1.0000000000000016,1.2433043145903733,0.19131566268833125,dual persistent load below admissibility threshold,True,2.3929648873534055e-16
4.0,0.16666666666666666,0.009951282649217725,0.9900487173507823,mauna-loa-co2,,4,0.009951282649217725,0.9900487173507823,-1.2458312806428031,1.632628290553166,0.9025891394636436,0.009072199666043855,4,,True,False,0.999478549540473,1.3097896811026315,0.0,57,0.8250039637334489,-1.9977775036535914,0.06902612547209172,4.0,True,24,57,co2_1964-12-01,3,1.0000000000000004,1.245831280642803,0.19126240479671178,dual persistent load below admissibility threshold,True,1.1374047111946828e-16
4.0,0.16666666666666666,0.00990868743997411,0.9900913125600259,mauna-loa-co2,,4,0.00990868743997411,0.9900913125600259,-1.245783745577259,1.6330648169346893,0.9025554733181451,0.009032641705767114,4,,True,False,0.9993775843597036,1.3100575261517553,0.0,58,0.8290834633236736,-1.9996591206374599,0.0695972735628723,4.0,True,24,58,co2_1965-01-01,3,1.0000000000000007,1.2457837455772591,0.18325692398201598,dual persistent load below admissibility threshold,True,2.2210768739692225e-16
4.0,0.16666666666666666,0.009886638223272688,0.9901133617767274,mauna-loa-co2,,4,0.009886638223272688,0.9901133617767274,-1.2458341532460633,1.6338976106010943,0.9025487870384399,0.009012274433192465,4,,True,False,0.9993912570941816,1.3106904982233976,0.0,59,0.8310655066672394,-2.000636278911909,0.07000565629154842,4.0,True,24,59,co2_1965-02-01,3,1.0000000000000004,1.2458341532460635,0.2037602689953553,dual persistent load below admissibility threshold,True,2.2265313848579506e-16
4.0,0.16666666666666666,0.009834026574771042,0.9901659734252289,mauna-loa-co2,,4,0.009834026574771042,0.9901659734252289,-1.2458262523415853,1.6344213489736132,0.9023956712084542,0.008962318691809109,4,,True,False,0.9993639004565184,1.3110830593187948,0.0,60,0.8287044631028128,-2.002976620369956,0.06964305295065662,4.0,True,24,60,co2_1965-03-01,3,0.9999999999999999,1.2458262523415848,0.22830926804285553,dual persistent load below admissibility threshold,True,2.333457030381304e-16
4.0,0.16666666666666666,0.009797336795144846,0.9902026632048551,mauna-loa-co2,,4,0.009797336795144846,0.9902026632048551,-1.245839933073656,1.6341924779864248,0.9035181829173888,0.008939656766755849,4,,True,False,0.9993861792718965,1.3109142943752223,0.0,61,0.8203595488838703,-2.0046160523594567,0.06830518323881399,4.0,True,24,61,co2_1965-04-01,3,1.000000000000001,1.2458399330736563,0.24252898153405375,dual persistent load below admissibility threshold,True,1.487734548466584e-16
4.0,0.16666666666666666,0.009718028385592915,0.9902819716144071,mauna-loa-co2,,4,0.009718028385592915,0.9902819716144071,-1.2420844568117535,1.6294734156177646,0.9017157635661756,0.008848893181188554,4,,True,False,0.9964432133307489,1.3072200665508174,0.0,62,0.7999484033629459,-2.0081807093896242,0.06404007921012571,4.0,True,24,62,co2_1965-05-01,3,0.9999999999999999,1.242084456811754,0.1883630042337161,dual persistent load below admissibility threshold,True,2.2292244650165125e-16
4.0,0.16666666666666666,0.00972471033346422,0.9902752896665358,mauna-loa-co2,,4,0.00972471033346422,0.9902752896665358,-1.242395142814382,1.6248936713772706,0.90183013101109,0.008856160388517977,4,,True,False,0.9966656463834073,1.303510972860822,0.0,63,0.8018811256259053,-2.0078792682245328,0.06435698530846078,4.0,True,24,63,co2_1965-06-01,3,1.0000000000000007,1.2423951428143825,0.1729189472639055,dual persistent load below admissibility threshold,True,2.3400184274401304e-16
4.0,0.16666666666666666,0.009758418195463778,0.9902415818045363,mauna-loa-co2,,4,0.009758418195463778,0.9902415818045363,-1.2455723215998191,1.6185516773009914,0.9041486203446237,0.008910007931696846,4,,True,False,0.999152051201678,1.298342296394391,0.0,64,0.8122267000279786,-2.00636173329188,0.06705186781127467,4.0,True,24,64,co2_1965-07-01,3,1.0000000000000007,1.2455723215998207,0.21129581324433985,dual persistent load below admissibility threshold,True,2.265266801206405e-16
4.0,0.16666666666666666,0.009707952153804527,0.9902920478461955,mauna-loa-co2,,4,0.009707952153804527,0.9902920478461955,-1.2459272411078723,1.6103608817383745,0.9052060867265369,0.008873844234522914,4,,True,False,0.9993674416364116,1.2916823562371236,0.0,65,0.8057474675604553,-2.008635664411567,0.06609685481116899,4.0,True,24,65,co2_1965-08-01,3,1.0,1.2459272411078728,0.22940338358812523,dual persistent load below admissibility threshold,True,2.2315533773172416e-16
4.0,0.16666666666666666,0.00968496873894852,0.9903150312610515,mauna-loa-co2,,4,0.00968496873894852,0.9903150312610515,-1.2458395698668274,1.6082050791332951,0.9047012558566344,0.00884769301128508,4,,True,False,0.999331538056018,1.2899976001015672,0.0,66,0.8030689481314544,-2.009675147689725,0.06525917499855691,4.0,True,24,66,co2_1965-09-01,3,1.0000000000000004,1.2458395698668274,0.22732866484099953,dual persistent load below admissibility threshold,True,3.3712416212539647e-16
4.0,0.16666666666666666,0.009571102477745017,0.9904288975222549,mauna-loa-co2,,4,0.009571102477745017,0.9904288975222549,-1.2424322909510537,1.6176461975695737,0.9025783244292408,0.008722150230990752,4,,True,False,0.9966030914355388,1.297576707470084,0.0,67,0.7914413578259303,-2.0148613369304917,0.062367131682925354,4.0,True,24,67,co2_1965-10-01,3,1.0000000000000007,1.2424322909510541,0.186534098875523,dual persistent load below admissibility threshold,True,1.2183925762487972e-16
4.0,0.16666666666666666,0.009514268449251767,0.9904857315507481,mauna-loa-co2,,4,0.009514268449251767,0.9904857315507481,-1.2414258477243498,1.633220810245516,0.9019098873622539,0.00866343907040851,4,,True,False,0.9957359603472957,1.3099910034337439,0.0,68,0.8014763173931502,-2.0174728226215817,0.06382888745501523,4.0,True,24,68,co2_1965-11-01,3,1.0,1.24142584772435,0.19028463051109795,dual persistent load below admissibility threshold,True,1.110323322612192e-16
4.0,0.16666666666666666,0.009517731597227297,0.9904822684027726,mauna-loa-co2,,4,0.009517731597227297,0.9904822684027726,-1.2456775138543723,1.642392592579528,0.9048935013832891,0.008695292934551704,4,,True,False,0.9990366626085023,1.3172032055925822,0.0,69,0.8208111661376557,-2.0173132518055756,0.06754326517781421,4.0,True,24,69,co2_1965-12-01,3,1.0000000000000002,1.2456775138543725,0.21604512712978505,dual persistent load below admissibility threshold,True,2.2303818530949454e-16
4.0,0.16666666666666666,0.009481383281021948,0.990518616718978,mauna-loa-co2,,4,0.009481383281021948,0.990518616718978,-1.2458643763862653,1.6420005506794806,0.9054352007359271,0.008666952876406134,4,,True,False,0.9991122290687967,1.31679086537501,0.0,70,0.8252702974819766,-2.018990939374677,0.06834012978839904,4.0,True,24,70,co2_1966-01-01,3,1.0000000000000007,1.245864376386266,0.22190762528893831,dual persistent load below admissibility threshold,True,3.3472486381179355e-16
4.0,0.16666666666666666,0.00944396340883554,0.9905560365911645,mauna-loa-co2,,4,0.00944396340883554,0.9905560365911645,-1.2459749770389619,1.6424292717734916,0.9052900991684212,0.008631037775863196,4,,True,False,0.9991826096465892,1.3171105328540378,0.0,71,0.830724137331196,-2.020724753263282,0.06940891039561121,4.0,True,24,71,co2_1966-02-01,3,1.0000000000000002,1.2459749770389612,0.2567149609050888,dual persistent load below admissibility threshold,True,2.2432379821908283e-16
4.0,0.16666666666666666,0.009362800257417018,0.9906371997425829,mauna-loa-co2,,4,0.009362800257417018,0.9906371997425829,-1.2447267582110446,1.641008143923879,0.904503914824663,0.008548729533633144,4,,True,False,0.998213265097544,1.316012600028141,0.0,72,0.8287311207217349,-2.0245088738843076,0.06850559168784986,4.0,True,24,72,co2_1966-03-01,3,1.0000000000000007,1.2447267582110455,0.2554585642327786,dual persistent load below admissibility threshold,True,2.230648534318835e-16
4.0,0.16666666666666666,0.009282086393933815,0.9907179136060662,mauna-loa-co2,,4,0.009282086393933815,0.9907179136060662,-1.243843390792952,1.637448861811439,0.9044212500507147,0.008473568575058972,4,,True,False,0.9975733164517984,1.313248358827647,0.0,73,0.814503164747711,-2.028304409392456,0.06477835052682812,4.0,True,24,73,co2_1966-04-01,3,1.0000000000000007,1.2438433907929523,0.20355468255443224,dual persistent load below admissibility threshold,True,4.451600189145303e-16
4.0,0.16666666666666666,0.009191628738861871,0.9908083712611381,mauna-loa-co2,,4,0.009191628738861871,0.9908083712611381,-1.243299213031176,1.6179482421745297,0.9050486174778521,0.008396044203671855,4,,True,False,0.9972420377769492,1.2977455347293803,0.0,74,0.7946798601242351,-2.0325971929001914,0.06047399345994523,4.0,True,24,74,co2_1966-05-01,3,1.0000000000000002,1.2432992130311753,0.14545640041165236,dual persistent load below admissibility threshold,True,3.101001964099914e-17
4.0,0.16666666666666666,0.009121446360092027,0.990878553639908,mauna-loa-co2,,4,0.009121446360092027,0.990878553639908,-1.243320731917854,1.600224216979501,0.9054467887072382,0.008335011677033453,4,,True,False,0.9973255737974518,1.2836145126783765,0.0,75,0.7894309079731479,-2.0359567201894113,0.05974702731675965,4.0,True,24,75,co2_1966-06-01,3,1.0000000000000004,1.243320731917854,0.15812069037656873,dual persistent load below admissibility threshold,True,1.1373560198069277e-16
4.0,0.16666666666666666,0.00908693692479391,0.9909130630752061,mauna-loa-co2,,4,0.00908693692479391,0.9909130630752061,-1.2452624567600885,1.593179565412763,0.9065602242084079,0.008313398907411123,4,,True,False,0.9988676256974084,1.277943843223139,0.0,76,0.8053106167930965,-2.0376180402029815,0.06377827546806661,4.0,True,24,76,co2_1966-07-01,3,1.0,1.2452624567600883,0.26362450833824014,dual persistent load below admissibility threshold,True,2.253942756079648e-16
4.0,0.16666666666666666,0.009003931282058923,0.9909960687179411,mauna-loa-co2,,4,0.009003931282058923,0.9909960687179411,-1.2458924970848757,1.5912188214966498,0.9070832766150935,0.00824152158374681,4,,True,False,0.9993411576460335,1.2763303919586007,0.0,77,0.8077754140459724,-2.0416397598335383,0.0645700879556972,4.0,True,24,77,co2_1966-08-01,3,1.0000000000000009,1.2458924970848753,0.2958420061244667,dual persistent load below admissibility threshold,True,2.293339828685865e-16
4.0,0.16666666666666666,0.00893715004515727,0.9910628499548427,mauna-loa-co2,,4,0.00893715004515727,0.9910628499548427,-1.2440372809286138,1.5951207540997858,0.9049463319386959,0.00816057342046403,4,,True,False,0.9979090205310747,1.2795319029059287,0.0,78,0.8008452324692531,-2.0449021475558347,0.061812138874881885,4.0,True,24,78,co2_1966-09-01,3,1.0000000000000004,1.2440372809286135,0.23259389944773323,dual persistent load below admissibility threshold,True,1.1315915508428974e-16
4.0,0.16666666666666666,0.008826175640335153,0.9911738243596648,mauna-loa-co2,,4,0.008826175640335153,0.9911738243596648,-1.2429048921294197,1.6090524854020596,0.9039170481630961,0.00804917405535295,4,,True,False,0.9969922374636734,1.290696374095889,0.0,79,0.7870483458206888,-2.050377258724627,0.05807555417235989,4.0,True,24,79,co2_1966-10-01,3,0.9999999999999997,1.2429048921294206,0.15864750446014556,dual persistent load below admissibility threshold,True,1.136398319877903e-16
4.0,0.16666666666666666,0.00878400052550163,0.9912159994744985,mauna-loa-co2,,4,0.00878400052550163,0.9912159994744985,-1.2429204284669777,1.6208598807785162,0.903921474125873,0.008010410150707171,4,,True,False,0.996976067855418,1.300130300759716,0.0,80,0.7951098102875059,-2.0524759503968153,0.059770861807363844,4.0,True,24,80,co2_1966-11-01,3,1.0000000000000007,1.242920428466978,0.21973086866488345,dual persistent load below admissibility threshold,True,1.2223843574903334e-16
4.0,0.16666666666666666,0.008755557839402232,0.9912444421605978,mauna-loa-co2,,4,0.008755557839402232,0.9912444421605978,-1.2449538720162192,1.6316056288349559,0.9049561014555965,0.007993382006908353,4,,True,False,0.9985841707671786,1.3087196164549855,0.0,81,0.8075507610819486,-2.053896943939253,0.06268117180034531,4.0,True,24,81,co2_1966-12-01,3,1.0000000000000004,1.244953872016219,0.2799759293994236,dual persistent load below admissibility threshold,True,2.249988411014602e-16
4.0,0.16666666666666666,0.008692138155921156,0.9913078618440788,mauna-loa-co2,,4,0.008692138155921156,0.9913078618440788,-1.2457769113272126,1.6344825681641895,0.9057896020986473,0.007942283789611128,4,,True,False,0.9992126379110595,1.310985637721465,0.0,82,0.8137822411598313,-2.057081929952165,0.0630831050554196,4.0,True,24,82,co2_1967-01-01,3,1.0000000000000004,1.2457769113272128,0.2610517384216812,dual persistent load below admissibility threshold,True,2.5012222658445854e-16
4.0,0.16666666666666666,0.00859021564303685,0.9914097843569631,mauna-loa-co2,,4,0.00859021564303685,0.9914097843569631,-1.2459356439247888,1.6346322780719602,0.9058686048558471,0.007849031533429822,4,,True,False,0.9993234886779342,1.311084114812465,0.0,83,0.8188470313929065,-2.0622491344944045,0.06312662760738535,4.0,True,24,83,co2_1967-02-01,3,1.000000000000001,1.2459356439247882,0.24101877821610318,dual persistent load below admissibility threshold,True,1.18763113793599e-16
4.0,0.16666666666666666,0.008525029957810485,0.9914749700421895,mauna-loa-co2,,4,0.008525029957810485,0.9914749700421895,-1.2459030440838887,1.6345818620892256,0.9066529311686882,0.00779570199257865,4,,True,False,0.9993196457173628,1.311072940286554,0.0,84,0.8219591251696421,-2.0655858410184966,0.06330380388635032,4.0,True,24,84,co2_1967-03-01,3,1.0,1.245903044083889,0.23655131816083236,dual persistent load below admissibility threshold,True,2.224768245055963e-16
4.0,0.16666666666666666,0.008451876389054258,0.9915481236109457,mauna-loa-co2,,4,0.008451876389054258,0.9915481236109457,-1.2456596610774466,1.6335740134484693,0.9074350892339611,0.007734903654868049,4,,True,False,0.9991548860530632,1.310304498304591,0.0,85,0.8171154648400633,-2.0693606602657626,0.062201890758213745,4.0,True,24,85,co2_1967-04-01,3,1.0000000000000004,1.2456596610774475,0.2353870835482929,dual persistent load below admissibility threshold,True,3.4981411003025563e-16
4.0,0.16666666666666666,0.008378070055349652,0.9916219299446504,mauna-loa-co2,,4,0.008378070055349652,0.9916219299446504,-1.2451607112107674,1.6261766492181433,0.9074475665748203,0.007666893051412014,4,,True,False,0.9988425494196144,1.3044857707823654,0.0,86,0.8060862559248507,-2.073202135219864,0.05995719197243224,4.0,True,24,86,co2_1967-05-01,3,0.9999999999999998,1.2451607112107683,0.21168754021023203,dual persistent load below admissibility threshold,True,3.3715646513730907e-16
4.0,0.16666666666666666,0.008281289411127312,0.9917187105888727,mauna-loa-co2,,4,0.008281289411127312,0.9917187105888727,-1.2454033374096216,1.615694365194796,0.908322529805829,0.007584894454096612,4,,True,False,0.9991352959992484,1.2962043856176586,0.0,87,0.7915254197769648,-2.078290544617148,0.05747140917150697,4.0,True,24,87,co2_1967-06-01,3,1.0000000000000007,1.2454033374096207,0.21487198841286378,dual persistent load below admissibility threshold,True,4.5456577894594445e-16
4.0,0.16666666666666666,0.008192721089179377,0.9918072789108207,mauna-loa-co2,,4,0.008192721089179377,0.9918072789108207,-1.2456158790288194,1.6067286160860894,0.9064979269614248,0.007488032041537406,4,,True,False,0.9992569277953707,1.288948485437497,0.0,88,0.7899407289275734,-2.0829991211652064,0.05742808110717714,4.0,True,24,88,co2_1967-07-01,3,1.0000000000000007,1.2456158790288203,0.2397443548729058,dual persistent load below admissibility threshold,True,1.116268477023929e-16
4.0,0.16666666666666666,0.008138656824349865,0.9918613431756501,mauna-loa-co2,,4,0.008138656824349865,0.9918613431756501,-1.2455513101252473,1.5972411044549792,0.9066351292182987,0.0074393384038771914,4,,True,False,0.99910624179103,1.2812106126287965,0.0,89,0.7908905911628796,-2.0858982280391314,0.05730969880768404,4.0,True,24,89,co2_1967-08-01,3,1.0000000000000007,1.2455513101252476,0.23896512752680082,dual persistent load below admissibility threshold,True,1.256569254073737e-16
4.0,0.16666666666666666,0.008079238784371908,0.991920761215628,mauna-loa-co2,,4,0.008079238784371908,0.991920761215628,-1.2457172143776487,1.5947068840627383,0.9071186813527996,0.007388522066452311,4,,True,False,0.9991872395524504,1.2791111425541257,0.0,90,0.8076772224075206,-2.0891065362508487,0.058579493530691855,4.0,True,24,90,co2_1967-09-01,3,1.0000000000000002,1.2457172143776498,0.21335463809623958,dual persistent load below admissibility threshold,True,2.2662639806697164e-16
4.0,0.16666666666666666,0.007995397544539654,0.9920046024554603,mauna-loa-co2,,4,0.007995397544539654,0.9920046024554603,-1.2430987944150496,1.6000954167249706,0.9054645668755776,0.00729789877662357,4,,True,False,0.9970842794359984,1.2834297585855223,0.0,91,0.7988003836285202,-2.0936736246228502,0.05569743596874193,4.0,True,24,91,co2_1967-10-01,3,1.0000000000000009,1.2430987944150498,0.152799039281775,dual persistent load below admissibility threshold,True,2.309492214842239e-16
4.0,0.16666666666666666,0.0079391744463339,0.992060825553666,mauna-loa-co2,,4,0.0079391744463339,0.992060825553666,-1.2440849150159794,1.6254365203600638,0.9062043226836598,0.007252089807892773,4,,True,False,0.9978242485179467,1.303689125127825,0.0,92,0.8179214580329491,-2.0967629558348393,0.058948414455990555,4.0,True,24,92,co2_1967-11-01,3,0.9999999999999999,1.244084915015979,0.21448701079891236,dual persistent load below admissibility threshold,True,2.231324932971108e-16
4.0,0.16666666666666666,0.007908105372870587,0.9920918946271294,mauna-loa-co2,,4,0.007908105372870587,0.9920918946271294,-1.246016795161065,1.632912609061038,0.9074764633395196,0.007233623754366081,4,,True,False,0.9993000978162268,1.3095888725553786,0.0,93,0.8265633646163272,-2.098479453960248,0.060053282523236814,4.0,True,24,93,co2_1967-12-01,3,1.0000000000000007,1.2460167951610637,0.21195828232864522,dual persistent load below admissibility threshold,True,2.2219928611497676e-16
4.0,0.16666666666666666,0.007825205788591565,0.9921747942114084,mauna-loa-co2,,4,0.007825205788591565,0.9921747942114084,-1.2460261342843437,1.6373276110879202,0.9073187562363032,0.007155952786566346,4,,True,False,0.9992105445151241,1.3130021664950602,0.0,94,0.8300607283214154,-2.1030924222506107,0.06037256309125338,4.0,True,24,94,co2_1968-01-01,3,1.0000000000000009,1.2460261342843437,0.21329887336456507,dual persistent load below admissibility threshold,True,2.342084225256721e-16
4.0,0.16666666666666666,0.007757561072372047,0.992242438927628,mauna-loa-co2,,4,0.007757561072372047,0.992242438927628,-1.2460958540279614,1.6387416336355698,0.9079078427908074,0.007098215377833643,4,,True,False,0.9991970574053557,1.3140448328139323,0.0,95,0.8319922209621413,-2.106892594879476,0.060606215306835395,4.0,True,24,95,co2_1968-02-01,3,1.0000000000000009,1.2460958540279614,0.2388298644972818,dual persistent load below admissibility threshold,True,2.2875167761269017e-16
4.0,0.16666666666666666,0.007711104988911607,0.9922888950110884,mauna-loa-co2,,4,0.007711104988911607,0.9922888950110884,-1.246208802860177,1.6397023410205378,0.9081306217752416,0.007057108674058288,4,,True,False,0.9992621639166067,1.3147816848242446,0.0,96,0.8317625931868243,-2.1095215148594906,0.060678373308696125,4.0,True,24,96,co2_1968-03-01,3,1.0000000000000002,1.2462088028601763,0.26374785572781473,dual persistent load below admissibility threshold,True,2.3483383671516476e-16
4.0,0.16666666666666666,0.0076505237110515165,0.9923494762889485,mauna-loa-co2,,4,0.0076505237110515165,0.9923494762889485,-1.2452834068148233,1.63814331740713,0.9089015091559072,0.00700718115236155,4,,True,False,0.99855099779968,1.3135721837968812,0.0,97,0.8242883156595006,-2.1129734793458788,0.05910051900382928,4.0,True,24,97,co2_1968-04-01,3,1.0000000000000002,1.2452834068148233,0.25677608869951335,dual persistent load below admissibility threshold,True,7.351491977021844e-18
4.0,0.16666666666666666,0.007595735337486419,0.9924042646625135,mauna-loa-co2,,4,0.007595735337486419,0.9924042646625135,-1.2441292717417958,1.6284232037579078,0.9088811207760501,0.006956459874747331,4,,True,False,0.9977017046658124,1.305877647289864,0.0,98,0.8111649819210005,-2.1161187979397593,0.05580364852359778,4.0,True,24,98,co2_1968-05-01,3,1.0,1.2441292717417964,0.18480488113499932,dual persistent load below admissibility threshold,True,2.2276211705383537e-16
4.0,0.16666666666666666,0.00754733399450946,0.9924526660054905,mauna-loa-co2,,4,0.00754733399450946,0.9924526660054905,-1.2442377609867374,1.6129637918665645,0.9093324797349047,0.006915227467963558,4,,True,False,0.9978198743478098,1.2935207229617407,0.0,99,0.811491970662799,-2.11891623332194,0.05545596130920719,4.0,True,24,99,co2_1968-06-01,3,1.0000000000000007,1.2442377609867379,0.15985471605673837,dual persistent load below admissibility threshold,True,2.2431240541800108e-16
4.0,0.16666666666666666,0.007512101720838158,0.9924878982791618,mauna-loa-co2,,4,0.007512101720838158,0.9924878982791618,-1.2451559001840589,1.6027433776039752,0.9086983135329265,0.006877901661722208,4,,True,False,0.9985497748652727,1.2853161910381523,0.0,100,0.8159580715497233,-2.120963759927853,0.05660341777596082,4.0,True,24,100,co2_1968-07-01,3,1.0000000000000004,1.245155900184058,0.2045240193337928,dual persistent load below admissibility threshold,True,2.2980952134046294e-16
4.0,0.16666666666666666,0.007480318078273813,0.9925196819217261,mauna-loa-co2,,4,0.007480318078273813,0.9925196819217261,-1.2461502100076474,1.5975859167888071,0.9099142588334099,0.006857746202928655,4,,True,False,0.9993115324704785,1.2811345036403596,0.0,101,0.8149261148485367,-2.1228190623543237,0.057258135007407056,4.0,True,24,101,co2_1968-08-01,3,1.0000000000000004,1.2461502100076471,0.2537690328129536,dual persistent load below admissibility threshold,True,1.1163267501027692e-16
4.0,0.16666666666666666,0.00743635566350305,0.9925636443364969,mauna-loa-co2,,4,0.00743635566350305,0.9925636443364969,-1.2458555379109664,1.5939644241170599,0.9090329916498606,0.006810538220232089,4,,True,False,0.999085572458668,1.2782435930076113,0.0,102,0.8108337872185498,-2.1253982109096548,0.05614852573839908,4.0,True,24,102,co2_1968-09-01,3,1.0000000000000009,1.2458555379109666,0.24766931801863393,dual persistent load below admissibility threshold,True,4.445599246245322e-16
4.0,0.16666666666666666,0.0073390217389984955,0.9926609782610015,mauna-loa-co2,,4,0.0073390217389984955,0.9926609782610015,-1.242328180298743,1.5969721992928916,0.9070188308013325,0.006705845261081414,4,,True,False,0.9962651773084048,1.2806662655776961,0.0,103,0.7854691960010308,-2.13116277586567,0.05071841864606374,4.0,True,24,103,co2_1968-10-01,3,1.0000000000000009,1.2423281802987434,0.1384871064602939,dual persistent load below admissibility threshold,True,2.2424127223211476e-16
4.0,0.16666666666666666,0.007280029565942583,0.9927199704340575,mauna-loa-co2,,4,0.007280029565942583,0.9927199704340575,-1.242713110197355,1.6292999102258898,0.9074262888148747,0.006654535426135722,4,,True,False,0.996533453234667,1.3065379712896785,0.0,104,0.8071785804619833,-2.1346936155293332,0.054825387175002176,4.0,True,24,104,co2_1968-11-01,3,1.0000000000000009,1.2427131101973559,0.2362047816918041,dual persistent load below admissibility threshold,True,4.498254539954522e-16
4.0,0.16666666666666666,0.007277011393939771,0.9927229886060602,mauna-loa-co2,,4,0.007277011393939771,0.9927229886060602,-1.2459946756438796,1.634878103636336,0.9096329429001047,0.00666793190624277,4,,True,False,0.999086946018701,1.3109087892617237,0.0,105,0.8198911805648065,-2.134875024089563,0.056743759133275215,4.0,True,24,105,co2_1968-12-01,3,1.0000000000000002,1.2459946756438791,0.24375081812191346,dual persistent load below admissibility threshold,True,3.3537305371589543e-16
4.0,0.16666666666666666,0.007218479958068924,0.9927815200419311,mauna-loa-co2,,4,0.007218479958068924,0.9927815200419311,-1.2462395922375666,1.636828191726397,0.9090934498730838,0.006609986905924103,4,,True,False,0.9992416924359894,1.3124177587641896,0.0,106,0.8274741974173663,-2.138407929463154,0.05751969099466671,4.0,True,24,106,co2_1969-01-01,3,1.0,1.2462395922375666,0.22646703713779812,dual persistent load below admissibility threshold,True,2.3350747932176844e-16
4.0,0.16666666666666666,0.007172317824630503,0.9928276821753694,mauna-loa-co2,,4,0.007172317824630503,0.9928276821753694,-1.2462758164845285,1.6375416511388943,0.9091941125860548,0.006568137912373622,4,,True,False,0.9992861233469953,1.3130100309590158,0.0,107,0.8357959109200371,-2.1412143516562607,0.05857235685822267,4.0,True,24,107,co2_1969-02-01,3,1.0000000000000002,1.2462758164845287,0.23973313058183746,dual persistent load below admissibility threshold,True,2.3656615933335457e-16
4.0,0.16666666666666666,0.00711122551797673,0.9928887744820233,mauna-loa-co2,,4,0.00711122551797673,0.9928887744820233,-1.2461643266043487,1.637333651225139,0.9094898613881499,0.00651390938931562,4,,True,False,0.9991967527503932,1.3128432844254672,0.0,108,0.8347582980342153,-2.144956149005963,0.05811447491042627,4.0,True,24,108,co2_1969-03-01,3,1.0,1.2461643266043485,0.2526628854822801,dual persistent load below admissibility threshold,True,2.416250627980414e-16
4.0,0.16666666666666666,0.007017012798761116,0.9929829872012389,mauna-loa-co2,,4,0.007017012798761116,0.9929829872012389,-1.2448794786458026,1.6315399403688553,0.9098840923556735,0.006429786213603052,4,,True,False,0.9982133241370242,1.3082591008003108,0.0,109,0.8213509390644244,-2.1507895391165253,0.05483018313205031,4.0,True,24,109,co2_1969-04-01,3,0.9999999999999999,1.244879478645802,0.21079786057193867,dual persistent load below admissibility threshold,True,2.3581589674179127e-16
4.0,0.16666666666666666,0.006938734162237629,0.9930612658377623,mauna-loa-co2,,4,0.006938734162237629,0.9930612658377623,-1.244011093292136,1.616632521906318,0.911090153048244,0.006365984242171583,4,,True,False,0.9975928721008807,1.296404099092296,0.0,110,0.8058146282434142,-2.1556957935914194,0.05171273035199561,4.0,True,24,110,co2_1969-05-01,3,1.0000000000000002,1.2440110932921353,0.16550206325362385,dual persistent load below admissibility threshold,True,2.2344785780231783e-16
4.0,0.16666666666666666,0.00688226037989313,0.9931177396201069,mauna-loa-co2,,4,0.00688226037989313,0.9931177396201069,-1.2450538200877104,1.5972945975159034,0.9122105371448279,0.006321577178063906,4,,True,False,0.9984764765660326,1.2809575425850146,0.0,111,0.8036604172333086,-2.1592696400996045,0.05186110048871561,4.0,True,24,111,co2_1969-06-01,3,1.0000000000000007,1.2450538200877102,0.21235092746741102,dual persistent load below admissibility threshold,True,4.535641721754294e-16
4.0,0.16666666666666666,0.006807137631686114,0.993192862368314,mauna-loa-co2,,4,0.006807137631686114,0.993192862368314,-1.2461945612946057,1.5926642844185446,0.9106054332364357,0.00624110054256803,4,,True,False,0.9993917341660393,1.2772447983530237,0.0,112,0.8062315517324757,-2.1640690582373012,0.05326525226673259,4.0,True,24,112,co2_1969-07-01,3,1.0,1.246194561294606,0.28269785256735885,dual persistent load below admissibility threshold,True,2.2748228263885775e-16
4.0,0.16666666666666666,0.006700288548909949,0.9932997114510901,mauna-loa-co2,,4,0.006700288548909949,0.9932997114510901,-1.2462345333205473,1.5887223080945785,0.9112249917030164,0.006146654737741678,4,,True,False,0.9993821172892388,1.274030386413485,0.0,113,0.8044558956463491,-2.1709868032520605,0.05264257083056763,4.0,True,24,113,co2_1969-08-01,3,1.0000000000000004,1.2462345333205473,0.2889806833315937,dual persistent load below admissibility threshold,True,1.1675516270631709e-16
4.0,0.16666666666666666,0.006638981348379323,0.9933610186516207,mauna-loa-co2,,4,0.006638981348379323,0.9933610186516207,-1.2461809120756988,1.5913657230281582,0.9087106328034309,0.006073233023020141,4,,True,False,0.9993506937517064,1.276164980469763,0.0,114,0.8053912113058578,-2.175005664926684,0.05196851770306637,4.0,True,24,114,co2_1969-09-01,3,1.0000000000000002,1.2461809120756993,0.27614180312283937,dual persistent load below admissibility threshold,True,2.2408567695708295e-16
4.0,0.16666666666666666,0.006519867432160971,0.993480132567839,mauna-loa-co2,,4,0.006519867432160971,0.993480132567839,-1.2445346644972815,1.60519070554207,0.9088630771275873,0.005964554883993245,4,,True,False,0.9980146551053607,1.2872311989935727,0.0,115,0.7943543483920531,-2.182920421238197,0.048807784800220466,4.0,True,24,115,co2_1969-10-01,3,1.0000000000000009,1.2445346644972806,0.19711388377968564,dual persistent load below admissibility threshold,True,2.3032741061081644e-16
4.0,0.16666666666666666,0.006444373317391941,0.993555626682608,mauna-loa-co2,,4,0.006444373317391941,0.993555626682608,-1.2442321108015315,1.6238692020608212,0.9088544142553778,0.005894986631173556,4,,True,False,0.9977325751582881,1.3021583245015727,0.0,116,0.8024296236695737,-2.188011496375245,0.05035462323312438,4.0,True,24,116,co2_1969-11-01,3,1.0000000000000004,1.2442321108015308,0.2540816920794963,dual persistent load below admissibility threshold,True,2.2815007505276987e-16
4.0,0.16666666666666666,0.006400270341335049,0.9935997296586649,mauna-loa-co2,,4,0.006400270341335049,0.9935997296586649,-1.2460142031732726,1.630828109547534,0.9098645265376923,0.005860890225717529,4,,True,False,0.9990805146527323,1.3076324353666424,0.0,117,0.810988615365458,-2.1910131461111004,0.051391678787893594,4.0,True,24,117,co2_1969-12-01,3,1.0000000000000004,1.246014203173273,0.2595914928589368,dual persistent load below admissibility threshold,True,2.2578152240022035e-16
4.0,0.16666666666666666,0.006339545722145917,0.9936604542778541,mauna-loa-co2,,4,0.006339545722145917,0.9936604542778541,-1.2463010122285705,1.6309573769307004,0.9093999115095059,0.005801964135646143,4,,True,False,0.9992581616933107,1.3076676134264598,0.0,118,0.8193666287211009,-2.1951798676893395,0.052152093169305164,4.0,True,24,118,co2_1970-01-01,3,1.000000000000001,1.2463010122285705,0.2480364012275301,dual persistent load below admissibility threshold,True,2.4821800960383335e-16
4.0,0.16666666666666666,0.006268432927898622,0.9937315670721014,mauna-loa-co2,,4,0.006268432927898622,0.9937315670721014,-1.246414715584138,1.6304216433321133,0.9095423069028277,0.00573736926029732,4,,True,False,0.9993198089900904,1.3071994616369493,0.0,119,0.8252691752886002,-2.200110102640741,0.05281716630909522,4.0,True,24,119,co2_1970-02-01,3,1.0,1.246414715584138,0.268648712921552,dual persistent load below admissibility threshold,True,3.371645096208832e-16
4.0,0.16666666666666666,0.006182629768022763,0.9938173702319771,mauna-loa-co2,,4,0.006182629768022763,0.9938173702319771,-1.2465509211544727,1.6291873778369732,0.9095687254036158,0.0056585111572665225,4,,True,False,0.9994246796700686,1.306204219647328,0.0,120,0.8274160319021647,-2.206133342609864,0.05296537035612348,4.0,True,24,120,co2_1970-03-01,3,1.0000000000000004,1.2465509211544725,0.2975253884508188,dual persistent load below admissibility threshold,True,2.591373669079222e-16
4.0,0.16666666666666666,0.006083543170319724,0.9939164568296803,mauna-loa-co2,,4,0.006083543170319724,0.9939164568296803,-1.2449758297744289,1.6227608397661926,0.9103405299712695,0.005571993376019706,4,,True,False,0.9982106590014151,1.301115353828351,0.0,121,0.8157458600581063,-2.2131932872570865,0.04995525455127408,4.0,True,24,121,co2_1970-04-01,3,1.000000000000001,1.244975829774429,0.25157845011068136,dual persistent load below admissibility threshold,True,1.5063967093858376e-17
4.0,0.16666666666666666,0.005995773856765405,0.9940042261432346,mauna-loa-co2,,4,0.005995773856765405,0.9940042261432346,-1.2445322960611713,1.6096257519128132,0.9115047920013807,0.005498142219579198,4,,True,False,0.997944381607809,1.2906993098503592,0.0,122,0.7992857037291271,-2.219542986708503,0.04643348010996736,4.0,True,24,122,co2_1970-05-01,3,1.0000000000000007,1.2445322960611724,0.17966414220013538,dual persistent load below admissibility threshold,True,4.526610225803134e-16
4.0,0.16666666666666666,0.005924535322163716,0.9940754646778363,mauna-loa-co2,,4,0.005924535322163716,0.9940754646778363,-1.244763691966184,1.601346387891196,0.9107563028237965,0.005427966062628364,4,,True,False,0.9981840903535681,1.2841300705142753,0.0,123,0.7925172378731237,-2.224765061779382,0.04599176042172634,4.0,True,24,123,co2_1970-06-01,3,1.0000000000000004,1.2447636919661849,0.22251865468786344,dual persistent load below admissibility threshold,True,1.6038017102703206e-17
4.0,0.16666666666666666,0.005867147707896232,0.9941328522921037,mauna-loa-co2,,4,0.005867147707896232,0.9941328522921037,-1.2458589899183323,1.5916924279790161,0.9101329040354909,0.0053713989729652,4,,True,False,0.9990166685966765,1.2763300499476165,0.0,124,0.8008629198782814,-2.229017403908668,0.04825698835507701,4.0,True,24,124,co2_1970-07-01,3,0.9999999999999999,1.2458589899183328,0.3104121486250346,dual persistent load below admissibility threshold,True,1.1109359259044861e-16
4.0,0.16666666666666666,0.005809085259780459,0.9941909147402195,mauna-loa-co2,,4,0.005809085259780459,0.9941909147402195,-1.2464695402219104,1.5838909878559757,0.9093085763629037,0.0053131153878246224,4,,True,False,0.9994486121199414,1.270001069805614,0.0,125,0.7997848213512516,-2.233362039437354,0.04855289194152207,4.0,True,24,125,co2_1970-08-01,3,1.0000000000000009,1.2464695402219104,0.3453379854656731,dual persistent load below admissibility threshold,True,2.2313899707705863e-16
4.0,0.16666666666666666,0.005746866399427875,0.9942531336005721,mauna-loa-co2,,4,0.005746866399427875,0.9942531336005721,-1.2461475479434894,1.579021528501512,0.9094689833500593,0.005256806908728337,4,,True,False,0.999178334446968,1.2660812947132594,0.0,126,0.7966730078853135,-2.238065867464006,0.04729103963561785,4.0,True,24,126,co2_1970-09-01,3,0.9999999999999998,1.2461475479434896,0.3307535694807917,dual persistent load below admissibility threshold,True,1.1590937684742897e-16
4.0,0.16666666666666666,0.005630623220151376,0.9943693767798486,mauna-loa-co2,,4,0.005630623220151376,0.9943693767798486,-1.2442954091174425,1.5911510008318928,0.9088364974974624,0.005146292721425212,4,,True,False,0.9976596897498521,1.2757639401410696,0.0,127,0.7840045176614526,-2.246991274053932,0.04281160876466615,4.0,True,24,127,co2_1970-10-01,3,1.000000000000001,1.2442954091174432,0.19806021789375192,dual persistent load below admissibility threshold,True,2.292054099098051e-16
4.0,0.16666666666666666,0.0055481084131888975,0.994451891586811,mauna-loa-co2,,4,0.0055481084131888975,0.994451891586811,-1.2446148017298835,1.6233864268292655,0.9091347145737712,0.005072118622651854,4,,True,False,0.9978488847683429,1.301522634399145,0.0,128,0.7965371106093352,-2.2534388393407427,0.04413097504332173,4.0,True,24,128,co2_1970-11-01,3,1.000000000000001,1.2446148017298841,0.20994487197177658,dual persistent load below admissibility threshold,True,2.265535826941273e-16
4.0,0.16666666666666666,0.005502884779425435,0.9944971152205746,mauna-loa-co2,,4,0.005502884779425435,0.9944971152205746,-1.2463631005686717,1.6389798605584425,0.9103627725199008,0.0050373413537194555,4,,True,False,0.9991549955297604,1.3138987462822518,0.0,129,0.8243479969494885,-2.2570131081301787,0.04974657011771396,4.0,True,24,129,co2_1970-12-01,3,1.0000000000000002,1.246363100568671,0.32943920368942947,dual persistent load below admissibility threshold,True,4.4791611214266435e-16
4.0,0.16666666666666666,0.005445196023796456,0.9945548039762035,mauna-loa-co2,,4,0.005445196023796456,0.9945548039762035,-1.246630310689568,1.6409943421736,0.9100702943261114,0.004982642613788412,4,,True,False,0.9993066079876001,1.3154312675882749,0.0,130,0.8276517569849156,-2.261615200780797,0.04982563928126533,4.0,True,24,130,co2_1971-01-01,3,1.0000000000000004,1.2466303106895673,0.30932081522705346,dual persistent load below admissibility threshold,True,2.2233609752711363e-16
4.0,0.16666666666666666,0.005390899903890207,0.9946091000961098,mauna-loa-co2,,4,0.005390899903890207,0.9946091000961098,-1.2467166157520775,1.6418955520293221,0.9091763638526464,0.00492784428781002,4,,True,False,0.9993465328200576,1.3161151511431144,0.0,131,0.8304734751425678,-2.265991160362563,0.05007142588544311,4.0,True,24,131,co2_1971-02-01,3,1.0000000000000009,1.2467166157520775,0.3225479219544061,dual persistent load below admissibility threshold,True,3.358652910128308e-16
4.0,0.16666666666666666,0.005321388449749291,0.9946786115502507,mauna-loa-co2,,4,0.005321388449749291,0.9946786115502507,-1.2467353401009693,1.6427692093109303,0.9108739575794784,0.004873045525213837,4,,True,False,0.9993350973201939,1.3167806148243155,0.0,132,0.8283038473537462,-2.2716578168304746,0.04974911243654706,4.0,True,24,132,co2_1971-03-01,3,1.0000000000000002,1.2467353401009686,0.3557432875196541,dual persistent load below admissibility threshold,True,2.244988978174585e-16
4.0,0.16666666666666666,0.005271114129495843,0.9947288858705042,mauna-loa-co2,,4,0.005271114129495843,0.9947288858705042,-1.2459411708373365,1.6417233256719659,0.9118796512321312,0.004832092223604296,4,,True,False,0.9987219944948942,1.3159732037123264,0.0,133,0.8241592271469762,-2.2758023099695004,0.04930811308969306,4.0,True,24,133,co2_1971-04-01,3,1.0000000000000004,1.2459411708373356,0.3795970335357962,dual persistent load below admissibility threshold,True,2.251954048559364e-16
4.0,0.16666666666666666,0.0052280295563162825,0.9947719704436837,mauna-loa-co2,,4,0.0052280295563162825,0.9947719704436837,-1.2445786530561902,1.6334370382192993,0.9131679996049975,0.004799159439210811,4,,True,False,0.9976313575486098,1.3093330870711377,0.0,134,0.8166622542130784,-2.2793855055426357,0.04685083892255301,4.0,True,24,134,co2_1971-05-01,3,1.000000000000001,1.2445786530561898,0.3255607593639248,dual persistent load below admissibility threshold,True,4.45311173980707e-16
4.0,0.16666666666666666,0.00521380262294446,0.9947861973770555,mauna-loa-co2,,4,0.00521380262294446,0.9947861973770555,-1.2450758808437434,1.6192674239468436,0.9134989404831697,0.004787765636984287,4,,True,False,0.9980459671548858,1.2979958467432946,0.0,135,0.8111217250667497,-2.280575164606188,0.04489530253349584,4.0,True,24,135,co2_1971-06-01,3,0.9999999999999998,1.245075880843745,0.23677414828407625,dual persistent load below admissibility threshold,True,1.302156875468765e-16
4.0,0.16666666666666666,0.0051552059502716395,0.9948447940497284,mauna-loa-co2,,4,0.0051552059502716395,0.9948447940497284,-1.246009307040902,1.609015332136538,0.9112388250272871,0.004721966522814606,4,,True,False,0.9987760230795613,1.2897543585142879,0.0,136,0.8165002669622095,-2.2855093116415386,0.04626451379329398,4.0,True,24,136,co2_1971-07-01,3,1.0000000000000007,1.246009307040903,0.30342049561001927,dual persistent load below admissibility threshold,True,2.3835921038092346e-16
4.0,0.16666666666666666,0.005118414351816649,0.9948815856481833,mauna-loa-co2,,4,0.005118414351816649,0.9948815856481833,-1.2469606387633279,1.601923809901284,0.9100443626236854,0.004681948277701959,4,,True,False,0.9994830829783906,1.2839986270974117,0.0,137,0.8138469399505268,-2.288635952059738,0.04679885222870325,4.0,True,24,137,co2_1971-08-01,3,1.0000000000000007,1.2469606387633276,0.35601608975896537,dual persistent load below admissibility threshold,True,2.292193128494755e-16
4.0,0.16666666666666666,0.005095313528531616,0.9949046864714683,mauna-loa-co2,,4,0.005095313528531616,0.9949046864714683,-1.2469109150808606,1.600144250908992,0.9082948714713306,0.004651749267477672,4,,True,False,0.9994498281178394,1.2825807178302155,0.0,138,0.8113762068157122,-2.290610564114719,0.04588929604197216,4.0,True,24,138,co2_1971-09-01,3,1.000000000000001,1.2469109150808606,0.3492250728060882,dual persistent load below admissibility threshold,True,1.18021834532573e-16
4.0,0.16666666666666666,0.005009225756001474,0.9949907742439985,mauna-loa-co2,,4,0.005009225756001474,0.9949907742439985,-1.2435836540083807,1.6011051579756872,0.9063309557531208,0.004562872827106868,4,,True,False,0.9967917015589766,1.2833622648940703,0.0,139,0.7861267876374961,-2.2980484489650475,0.03943934517090406,4.0,True,24,139,co2_1971-10-01,3,1.000000000000001,1.2435836540083816,0.19159123218982302,dual persistent load below admissibility threshold,True,4.534676688614824e-16
4.0,0.16666666666666666,0.004962415525619893,0.9950375844743802,mauna-loa-co2,,4,0.004962415525619893,0.9950375844743802,-1.244007147032032,1.623496288258846,0.9063458397002095,0.00452009525739188,4,,True,False,0.997090913987007,1.3012573133334613,0.0,140,0.8015491089643314,-2.302146358278659,0.04154704051853202,4.0,True,24,140,co2_1971-11-01,3,1.0000000000000004,1.2440071470320324,0.23384201621571646,dual persistent load below admissibility threshold,True,2.259150280815487e-16
4.0,0.16666666666666666,0.004955150215823846,0.9950448497841762,mauna-loa-co2,,4,0.004955150215823846,0.9950448497841762,-1.2469685198612865,1.6351585404291638,0.9074242350343401,0.004518814800206711,4,,True,False,0.9993962016514216,1.310515228230922,0.0,141,0.8304628255895329,-2.302785831500711,0.04724682316562504,4.0,True,24,141,co2_1971-12-01,3,1.0000000000000004,1.246968519861287,0.3431597669113365,dual persistent load below admissibility threshold,True,1.1789518173690626e-16
4.0,0.16666666666666666,0.004904134963236164,0.9950958650367638,mauna-loa-co2,,4,0.004904134963236164,0.9950958650367638,-1.2469107921418017,1.6380053617492498,0.9066429871655409,0.004468212288639283,4,,True,False,0.9992965598864376,1.3127267270339082,0.0,142,0.834596272241162,-2.30730250801431,0.04738624374509207,4.0,True,24,142,co2_1972-01-01,3,1.0000000000000007,1.246910792141802,0.3088765629059961,dual persistent load below admissibility threshold,True,3.3495209817689203e-16
4.0,0.16666666666666666,0.004857628031038505,0.9951423719689615,mauna-loa-co2,,4,0.004857628031038505,0.9951423719689615,-1.2469761966231276,1.6394753072669694,0.9068187358742705,0.004426490354076844,4,,True,False,0.9993209764651064,1.313867954645183,0.0,143,0.8361912164234245,-2.311460962379643,0.04724882354214653,4.0,True,24,143,co2_1972-02-01,3,1.0000000000000009,1.2469761966231288,0.30007449226115684,dual persistent load below admissibility threshold,True,2.2736438287006176e-16
4.0,0.16666666666666666,0.004811328659642491,0.9951886713403575,mauna-loa-co2,,4,0.004811328659642491,0.9951886713403575,-1.2466962375540538,1.6399858243596037,0.9065390746683363,0.004382744254075065,4,,True,False,0.9991087126846636,1.3142929900965374,0.0,144,0.8342590479955884,-2.3156403992427657,0.04645923515032495,4.0,True,24,144,co2_1972-03-01,3,1.0000000000000004,1.2466962375540536,0.3115365173812773,dual persistent load below admissibility threshold,True,1.6178380320192285e-17
4.0,0.16666666666666666,0.004794277897141749,0.9952057221028583,mauna-loa-co2,,4,0.004794277897141749,0.9952057221028583,-1.2463755506707708,1.640969521201891,0.911423244732559,0.004390666391999408,4,,True,False,0.9988772770328622,1.3151149877337724,0.0,145,0.8274655650415941,-2.317189660384026,0.04545914700391437,4.0,True,24,145,co2_1972-04-01,3,1.0000000000000007,1.2463755506707714,0.319502353785462,dual persistent load below admissibility threshold,True,2.2349926332898056e-16
4.0,0.16666666666666666,0.004828614019798406,0.9951713859802016,mauna-loa-co2,,4,0.004828614019798406,0.9951713859802016,-1.2451723207232415,1.6283586907143885,0.909674242610604,0.0044137782327741135,4,,True,False,0.9979805894606822,1.3050967636902417,0.0,146,0.8074106763506256,-2.31407538930538,0.04157224939977757,4.0,True,24,146,co2_1972-05-01,3,1.0000000000000002,1.2451723207232412,0.24067923546407377,dual persistent load below admissibility threshold,True,2.5550451724746023e-17
4.0,0.16666666666666666,0.0047264008246038864,0.9952735991753962,mauna-loa-co2,,4,0.0047264008246038864,0.9952735991753962,-1.2457446545944215,1.61357739690378,0.908174067970229,0.00431277858399408,4,,True,False,0.9984945082303954,1.2933213588122237,0.0,147,0.8032098989926237,-2.32341193463857,0.0413731687663337,4.0,True,24,147,co2_1972-06-01,3,1.0000000000000004,1.2457446545944217,0.28298642900299675,dual persistent load below admissibility threshold,True,1.945235368143099e-17
4.0,0.16666666666666666,0.0046710212243929,0.9953289787756071,mauna-loa-co2,,4,0.0046710212243929,0.9953289787756071,-1.246811392520226,1.61174001088562,0.8940483503525929,0.004195717103773696,4,,True,False,0.999340635045777,1.291837158105687,0.0,148,0.8100861762111994,-2.328554807979255,0.04346236841868931,4.0,True,24,148,co2_1972-07-01,3,1.0000000000000002,1.2468113925202258,0.3511067488505775,dual persistent load below admissibility threshold,True,2.2207985972202763e-16
4.0,0.16666666666666666,0.00462958210409215,0.9953704178959079,mauna-loa-co2,,4,0.00462958210409215,0.9953704178959079,-1.2468024517343597,1.6100368327546144,0.8937541282986027,0.0041569530733857885,4,,True,False,0.9993115696156747,1.2904437525294963,0.0,149,0.8091204662056504,-2.3324429389315613,0.043302144578317776,4.0,True,24,149,co2_1972-08-01,3,1.0,1.2468024517343592,0.3552765593976511,dual persistent load below admissibility threshold,True,2.2349108329808664e-16
4.0,0.16666666666666666,0.004608051400882612,0.9953919485991174,mauna-loa-co2,,4,0.004608051400882612,0.9953919485991174,-1.246849392080124,1.6119937816547893,0.8923923699769473,0.004131226816126642,4,,True,False,0.9993630049843444,1.2920301039430468,0.0,150,0.8084060450830342,-2.3344768087406162,0.042468723800249734,4.0,True,24,150,co2_1972-09-01,3,1.0,1.246849392080124,0.33547309765215677,dual persistent load below admissibility threshold,True,1.110331298823928e-16
4.0,0.16666666666666666,0.0045269673217918725,0.9954730326782082,mauna-loa-co2,,4,0.0045269673217918725,0.9954730326782082,-1.2447417225325277,1.6223478105630325,0.8916109889175626,0.004054649074441672,4,,True,False,0.9976757316754138,1.3003316347766933,0.0,151,0.7948399145443655,-2.342222139980285,0.038875926108321766,4.0,True,24,151,co2_1972-10-01,3,1.0000000000000002,1.2447417225325277,0.2322698360424109,dual persistent load below admissibility threshold,True,3.704956347501875e-17
4.0,0.16666666666666666,0.0044682949053306935,0.9955317050946694,mauna-loa-co2,,4,0.0044682949053306935,0.9955317050946694,-1.2455115229961895,1.6370049192093417,0.8914236453255497,0.004001021476780285,4,,True,False,0.998235433863082,1.3120041730580891,0.0,152,0.8101409319223243,-2.347913267115017,0.041551840063175575,4.0,True,24,152,co2_1972-11-01,3,1.0000000000000002,1.2455115229961888,0.3080531385962596,dual persistent load below admissibility threshold,True,2.2297826523578643e-16
4.0,0.16666666666666666,0.004425367316621092,0.9955746326833789,mauna-loa-co2,,4,0.004425367316621092,0.9955746326833789,-1.2467032978033807,1.64205783006823,0.8910410661652998,0.003960711615709853,4,,True,False,0.99910360624853,1.3159393278099305,0.0,153,0.8195824486048359,-2.352124498156838,0.042885565344734894,4.0,True,24,153,co2_1972-12-01,3,1.0000000000000013,1.24670329780338,0.32036388438955776,dual persistent load below admissibility threshold,True,1.1640241160948316e-16
4.0,0.16666666666666666,0.00436535775726894,0.9956346422427311,mauna-loa-co2,,4,0.00436535775726894,0.9956346422427311,-1.2469171883290577,1.642554557515056,0.8900995804795511,0.003902639526117398,4,,True,False,0.9992226735757503,1.3162684513585352,0.0,154,0.8245657325456024,-2.358080157554122,0.04346312771151407,4.0,True,24,154,co2_1973-01-01,3,1.0000000000000007,1.2469171883290568,0.3436057068561155,dual persistent load below admissibility threshold,True,2.2451922163841434e-16
4.0,0.16666666666666666,0.004308040556337534,0.9956919594436625,mauna-loa-co2,,4,0.004308040556337534,0.9956919594436625,-1.2470263454476962,1.641416702066845,0.8883830956240961,0.0038437494339632044,4,,True,False,0.9993132700679002,1.3153607364226176,0.0,155,0.8315362379252312,-2.3638452169263697,0.04455606759670561,4.0,True,24,155,co2_1973-02-01,3,1.0000000000000004,1.2470263454476969,0.38897772172491885,dual persistent load below admissibility threshold,True,2.228530344313578e-16
4.0,0.16666666666666666,0.004280011805317877,0.9957199881946822,mauna-loa-co2,,4,0.004280011805317877,0.9957199881946822,-1.2459106627765435,1.6356347697512015,0.8895517833885929,0.0038236574332987583,4,,True,False,0.9984432160652893,1.3107588598521338,0.0,156,0.8280705251418988,-2.36669225838682,0.04269881110615633,4.0,True,24,156,co2_1973-03-01,3,1.0000000000000004,1.2459106627765442,0.34823559754458355,dual persistent load below admissibility threshold,True,2.2375492090815565e-16
4.0,0.16666666666666666,0.004235054277894,0.9957649457221059,mauna-loa-co2,,4,0.004235054277894,0.9957649457221059,-1.2457634575298695,1.6250358334828368,0.8891156118116657,0.0037814675958639165,4,,True,False,0.9983689843518795,1.3023221742485331,0.0,157,0.8174756416252476,-2.3712978528129396,0.039322579867936754,4.0,True,24,157,co2_1973-04-01,3,1.0000000000000007,1.2457634575298693,0.25770521105304334,dual persistent load below admissibility threshold,True,2.304947287616808e-16
4.0,0.16666666666666666,0.0042764613415651204,0.995723538658435,mauna-loa-co2,,4,0.0042764613415651204,0.995723538658435,-1.2456076255245914,1.6008792782641628,0.8917770681007324,0.003830029128532304,4,,True,False,0.9982993652422384,1.2830338660198053,0.0,158,0.8049088649924938,-2.3670542234243266,0.03668673757699252,4.0,True,24,158,co2_1973-05-01,3,1.0,1.2456076255245911,0.1878824994865121,dual persistent load below admissibility threshold,True,4.506547028697679e-16
4.0,0.16666666666666666,0.004360065706786159,0.9956399342932138,mauna-loa-co2,,4,0.004360065706786159,0.9956399342932138,-1.2456339052256098,1.5743685417976456,0.8755229749378381,0.003834054427758286,4,,True,False,0.9983483109975417,1.2618219269703186,0.0,159,0.8047698740143622,-2.3586092732827963,0.03720376276972254,4.0,True,24,159,co2_1973-06-01,3,1.0000000000000004,1.2456339052256096,0.2417276972286957,dual persistent load below admissibility threshold,True,5.574797676251301e-16
4.0,0.16666666666666666,0.0044083511685806724,0.9955916488314193,mauna-loa-co2,,4,0.0044083511685806724,0.9955916488314193,-1.2462333445648657,1.566571445947802,0.7177137709642236,0.003177943833348,4,,True,False,0.9988218282284942,1.2555640262044812,0.0,160,0.8193888271576152,-2.353805061972269,0.04119912373616064,4.0,True,24,160,co2_1973-07-01,3,1.0000000000000007,1.246233344564866,0.3730313223896222,dual persistent load below admissibility threshold,True,2.279976139134217e-16
4.0,0.16666666666666666,0.004280770997963114,0.9957192290020369,mauna-loa-co2,,4,0.004280770997963114,0.9957192290020369,-1.2471499435007425,1.5677890698991972,0.6592698848545241,0.0028343164626279953,4,,True,False,0.9995421879087938,1.256521980595033,0.0,161,0.8248013012697001,-2.3666148985113646,0.04292465781329059,4.0,True,24,161,co2_1973-08-01,3,1.0,1.2471499435007418,0.4472419797534766,dual persistent load below admissibility threshold,True,4.450259682542807e-16
4.0,0.16666666666666666,0.004072235983224493,0.9959277640167755,mauna-loa-co2,,4,0.004072235983224493,0.9959277640167755,-1.2450334525099356,1.5683974626429422,0.6319377886635333,0.002583922142883054,4,,True,False,0.997831843392768,1.256991872922433,0.0,162,0.8157287826359847,-2.3883949024826747,0.03984554542762989,4.0,True,24,162,co2_1973-09-01,3,1.0000000000000004,1.2450334525099351,0.411703405295648,dual persistent load below admissibility threshold,True,2.553976501367846e-16
4.0,0.16666666666666666,0.004306829839594021,0.995693170160406,mauna-loa-co2,,4,0.004306829839594021,0.995693170160406,-1.2456213002122287,1.5828070354309576,0.6540611582485985,0.0028291146285664326,4,,True,False,0.9982829816744493,1.2685150185502583,0.0,163,0.7980937692619169,-2.363967814774103,0.03579210581292648,4.0,True,24,163,co2_1973-10-01,3,1.0000000000000004,1.2456213002122296,0.25605341353502775,dual persistent load below admissibility threshold,True,2.280413810791746e-16
4.0,0.16666666666666666,0.004275812099250802,0.9957241879007492,mauna-loa-co2,,4,0.004275812099250802,0.9957241879007492,-1.2456485482565496,1.6003663762251146,0.663085957339636,0.0028474059319715194,4,,True,False,0.9982637618437727,1.2825349182920056,0.0,164,0.8069384206567292,-2.367120445170983,0.03744538393471949,4.0,True,24,164,co2_1973-11-01,3,1.0000000000000007,1.24564854825655,0.2911030580379228,dual persistent load below admissibility threshold,True,2.222981727564213e-16
4.0,0.16666666666666666,0.004355231922044351,0.9956447680779557,mauna-loa-co2,,4,0.004355231922044351,0.9956447680779557,-1.2464551125116818,1.6117242922620312,0.6661992890522097,0.0029141441838985904,4,,True,False,0.998875812784808,1.2915927707771087,0.0,165,0.8169128556954984,-2.3590931292185275,0.041320642308597194,4.0,True,24,165,co2_1973-12-01,3,1.0000000000000007,1.2464551125116807,0.41595339081091476,dual persistent load below admissibility threshold,True,2.3165398265746763e-16
4.0,0.16666666666666666,0.004726415313170455,0.9952735846868295,mauna-loa-co2,,4,0.004726415313170455,0.9952735846868295,-1.2469729288746567,1.6165757489888257,0.6823405638572939,0.0032403400827997015,4,,True,False,0.9992527071208508,1.2954312447671226,0.0,166,0.812966740148046,-2.323410597008461,0.04148655725581224,4.0,True,24,166,co2_1974-01-01,3,1.0000000000000009,1.246972928874657,0.3721890156714402,dual persistent load below admissibility threshold,True,2.227813605408096e-16
4.0,0.16666666666666666,0.005036321971297077,0.9949636780287029,mauna-loa-co2,,4,0.005036321971297077,0.9949636780287029,-1.2470352235034512,1.617819271694719,0.6891307188211705,0.0034882521411949336,4,,True,False,0.999269397553841,1.296384623712196,0.0,167,0.8110387547625625,-2.29569374005267,0.04165426639521083,4.0,True,24,167,co2_1974-02-01,3,1.0000000000000004,1.247035223503451,0.327313119188523,dual persistent load below admissibility threshold,True,3.3550952220375664e-16
4.0,0.16666666666666666,0.005411723908160681,0.9945882760918393,mauna-loa-co2,,4,0.005411723908160681,0.9945882760918393,-1.246883017878799,1.6173347094211472,0.6671952675439348,0.0036303228859353334,4,,True,False,0.9991600142590256,1.296012655682771,0.0,168,0.8126020739501827,-2.264307703658311,0.043001112226088614,4.0,True,24,168,co2_1974-03-01,3,1.0000000000000007,1.2468830178787997,0.32895013566077047,dual persistent load below admissibility threshold,True,2.4727868339338836e-16
4.0,0.16666666666666666,0.0048430627058544855,0.9951569372941454,mauna-loa-co2,,4,0.0048430627058544855,0.9951569372941454,-1.2455584048352975,1.6130120470313372,0.6176393719990524,0.003005823600375351,4,,True,False,0.9981011511804858,1.2925521394742274,0.0,169,0.8144831311717075,-2.3127714827049064,0.041188734482509946,4.0,True,24,169,co2_1974-04-01,3,1.0000000000000007,1.2455584048352968,0.3684195463582251,dual persistent load below admissibility threshold,True,1.1673018706502258e-16
4.0,0.16666666666666666,0.00412626057745186,0.9958737394225481,mauna-loa-co2,,4,0.00412626057745186,0.9958737394225481,-1.2455173494542162,1.6000570440803172,0.5705308109148877,0.0023639129139651667,4,,True,False,0.9980749170294667,1.2821794912874311,0.0,170,0.8077182025700806,-2.3826476298129644,0.03558770253980725,4.0,True,24,170,co2_1974-05-01,3,1.0000000000000002,1.2455173494542162,0.25758094021962136,dual persistent load below admissibility threshold,True,5.559907531286826e-16
4.0,0.16666666666666666,0.004484843024149897,0.9955151569758501,mauna-loa-co2,,4,0.004484843024149897,0.9955151569758501,-1.2460659515485784,1.5871662990369195,0.5642324493122758,0.0025418939596904165,4,,True,False,0.9985020739727062,1.2718338378144545,0.0,171,0.8175007966544867,-2.3463006299347122,0.038438770397519584,4.0,True,24,171,co2_1974-06-01,3,1.0000000000000009,1.246065951548578,0.32596010611572734,dual persistent load below admissibility threshold,True,1.1115978874471473e-16
4.0,0.16666666666666666,0.006165697432485561,0.9938343025675145,mauna-loa-co2,,4,0.006165697432485561,0.9938343025675145,-1.2473314646233935,1.5793197673525063,0.529135580705983,0.003282730212639248,4,,True,False,0.9994773459053091,1.265497082514364,0.0,172,0.8263858206074154,-2.207331773602861,0.04608514623371135,4.0,True,24,172,co2_1974-07-01,3,1.0000000000000002,1.2473314646233937,0.3344385088865408,dual persistent load below admissibility threshold,True,2.22344534941549e-16
4.0,0.16666666666666666,0.007187496658160336,0.9928125033418396,mauna-loa-co2,,4,0.007187496658160336,0.9928125033418396,-1.2473346488031316,1.5712756516717543,0.49883348974831837,0.0036113203938065276,4,,True,False,0.999432732156255,1.2589919786384105,0.0,173,0.824221149501903,-2.1402895821973678,0.04927453172851768,4.0,True,24,173,co2_1974-08-01,3,1.0000000000000004,1.2473346488031307,0.315916316352573,dual persistent load below admissibility threshold,True,2.293940603285648e-16
4.0,0.16666666666666666,0.004138741769144111,0.9958612582308559,mauna-loa-co2,,4,0.004138741769144111,0.9958612582308559,-1.2443876898093833,1.5669583760405823,0.34637956222544375,0.001439533419250627,4,,True,False,0.9970575757481398,1.2555152485899208,0.0,174,0.814201220172106,-2.3813305073730597,0.036492270197319716,4.0,True,24,174,co2_1974-09-01,3,1.0000000000000004,1.2443876898093829,0.3443985486644491,dual persistent load below admissibility threshold,True,2.2484841595947563e-16
4.0,0.16666666666666666,0.004421882035184178,0.9955781179648159,mauna-loa-co2,,4,0.004421882035184178,0.9955781179648159,-1.2453210525831142,1.5906064029473117,0.39112602874575886,0.0017371948306169212,4,,True,False,0.9977999057704932,1.2744560253652704,0.0,175,0.7941327914550135,-2.352468190084928,0.03295847885156269,4.0,True,24,175,co2_1974-10-01,3,1.0,1.245321052583115,0.1946061027685188,dual persistent load below admissibility threshold,True,2.317924868668479e-16
4.0,0.16666666666666666,0.004532414354549508,0.9954675856454505,mauna-loa-co2,,4,0.004532414354549508,0.9954675856454505,-1.2456316549659312,1.6226210558909433,0.40785030264679745,0.0018569630923995664,4,,True,False,0.9980247780147637,1.300076160277038,0.0,176,0.8008914427636157,-2.341697516797709,0.034496153721964004,4.0,True,24,176,co2_1974-11-01,3,0.9999999999999999,1.2456316549659314,0.24091866410291882,dual persistent load below admissibility threshold,True,4.462501661353407e-16
4.0,0.16666666666666666,0.005101331671849604,0.9948986683281503,mauna-loa-co2,,4,0.005101331671849604,0.9948986683281503,-1.2459830812350607,1.6365974013285296,0.4297579952516474,0.0022035792610838184,4,,True,False,0.9982709206730866,1.3112277519659146,0.0,177,0.8150093652185039,-2.2900952887112473,0.03975342270137273,4.0,True,24,177,co2_1974-12-01,3,1.0000000000000004,1.2459830812350607,0.3242564570979786,dual persistent load below admissibility threshold,True,4.454515136290118e-16
4.0,0.16666666666666666,0.0071531619273537544,0.9928468380726463,mauna-loa-co2,,4,0.0071531619273537544,0.9928468380726463,-1.2473817024089464,1.6424218680645244,0.49058248924107484,0.003534498826705153,4,,True,False,0.9993521508521203,1.3158424749112847,0.0,178,0.831243621945895,-2.1423842006905365,0.04980211762693473,4.0,True,24,178,co2_1975-01-01,3,1.0000000000000007,1.2473817024089466,0.32292659346394476,dual persistent load below admissibility threshold,True,2.227664410978228e-16
4.0,0.16666666666666666,0.006953244303342945,0.993046755696657,mauna-loa-co2,,4,0.006953244303342945,0.993046755696657,-1.2473690240024282,1.643832056405691,0.47059473901106896,0.0032950716262260386,4,,True,False,0.9993206495301605,1.3169441333847303,0.0,179,0.8315646911111874,-2.1547822082379295,0.04885131835923096,4.0,True,24,179,co2_1975-02-01,3,1.0000000000000009,1.2473690240024293,0.2931246008583031,dual persistent load below admissibility threshold,True,2.2801225542664976e-17
4.0,0.16666666666666666,0.006722301756323139,0.9932776982436768,mauna-loa-co2,,4,0.006722301756323139,0.9932776982436768,-1.2473541531117343,1.644730498618856,0.43086547727618485,0.0029160100541411136,4,,True,False,0.9993118656768736,1.3176680407967785,0.0,180,0.8306275104021406,-2.1695526809555683,0.04759625141743354,4.0,True,24,180,co2_1975-03-01,3,0.9999999999999999,1.2473541531117334,0.2852246749076447,dual persistent load below admissibility threshold,True,3.349279506498541e-16
4.0,0.16666666666666666,0.006168542921468398,0.9938314570785316,mauna-loa-co2,,4,0.006168542921468398,0.9938314570785316,-1.2469152924813995,1.6443003453899072,0.4163249465866755,0.0025840581760685965,4,,True,False,0.9989819727388581,1.3173520388413222,0.0,181,0.8246332208464947,-2.2071301481039036,0.044521231165843625,4.0,True,24,181,co2_1975-04-01,3,1.0000000000000007,1.2469152924814009,0.2998873369396252,dual persistent load below admissibility threshold,True,2.2376884899556125e-16
4.0,0.16666666666666666,0.0054802544696200646,0.99451974553038,mauna-loa-co2,,4,0.0054802544696200646,0.99451974553038,-1.2457688114213745,1.6364617851051046,0.5148071948211156,0.0028368209309975975,4,,True,False,0.9981080632495661,1.3111306752410794,0.0,182,0.8064544666084262,-2.258812685233482,0.038673163931770387,4.0,True,24,182,co2_1975-05-01,3,1.0000000000000002,1.2457688114213754,0.2544221619630563,dual persistent load below admissibility threshold,True,2.222250257795628e-16
4.0,0.16666666666666666,0.0051623750128622315,0.9948376249871377,mauna-loa-co2,,4,0.0051623750128622315,0.9948376249871377,-1.2462538758895012,1.621409912068964,0.5105163789465993,0.002649152919165984,4,,True,False,0.998517047980781,1.2990976158933354,0.0,183,0.802260441613819,-2.2849026520110973,0.03737726931173753,4.0,True,24,183,co2_1975-06-01,3,1.0000000000000002,1.2462538758895008,0.27264790487629476,dual persistent load below admissibility threshold,True,4.9667674043524716e-17
4.0,0.16666666666666666,0.005618950749644282,0.9943810492503558,mauna-loa-co2,,4,0.005618950749644282,0.9943810492503558,-1.2473761480031902,1.613793666670234,0.5221024615589818,0.0029502453008126007,4,,True,False,0.9993955426595692,1.2929686043975481,0.0,184,0.8092828204994215,-2.2478976134990774,0.040763791409259106,4.0,True,24,184,co2_1975-07-01,3,1.0000000000000002,1.24737614800319,0.31463842356387717,dual persistent load below admissibility threshold,True,1.3392235337974536e-16
4.0,0.16666666666666666,0.006333952314228448,0.9936660476857715,mauna-loa-co2,,4,0.006333952314228448,0.9936660476857715,-1.2473843718835478,1.6143351426779278,0.45932149347587925,0.0029278653963795602,4,,True,False,0.999383749787591,1.2933786446812803,0.0,185,0.8080078459285284,-2.195565661359257,0.043002208499516074,4.0,True,24,185,co2_1975-08-01,3,1.0000000000000009,1.247384371883548,0.2900923199117936,dual persistent load below admissibility threshold,True,1.1700288297318118e-16
4.0,0.16666666666666666,0.007330579451462988,0.992669420548537,mauna-loa-co2,,4,0.007330579451462988,0.992669420548537,-1.2474151090013161,1.618109050368012,0.4754243859367599,0.003510872967504708,4,,True,False,0.9994336145392051,1.2964349760222413,0.0,186,0.8090420197980871,-2.1316663383764194,0.045915358964522174,4.0,True,24,186,co2_1975-09-01,3,1.0000000000000004,1.2474151090013152,0.24788854405517557,dual persistent load below admissibility threshold,True,2.2644777207071764e-16
4.0,0.16666666666666666,0.005559485645852601,0.9944405143541474,mauna-loa-co2,,4,0.005559485645852601,0.9944405143541474,-1.2457060198708358,1.6272201734218372,0.3985330984922648,0.0022280257174597147,4,,True,False,0.9980853793438852,1.3037623951067976,0.0,187,0.7998797602950828,-2.25254419626685,0.03783685797362003,4.0,True,24,187,co2_1975-10-01,3,1.0000000000000009,1.2457060198708367,0.2358872291810092,dual persistent load below admissibility threshold,True,2.241722613149409e-16
4.0,0.16666666666666666,0.005660240478568704,0.9943397595214313,mauna-loa-co2,,4,0.005660240478568704,0.9943397595214313,-1.2458323575950268,1.6362441524210292,0.413399177068354,0.0023532587663752723,4,,True,False,0.9981623999974153,1.3109608048029326,0.0,188,0.8121398780432074,-2.244699922565535,0.040110565106294446,4.0,True,24,188,co2_1975-11-01,3,1.0,1.2458323575950268,0.2932227030183641,dual persistent load below admissibility threshold,True,2.2233242473026682e-16
4.0,0.16666666666666666,0.006702605927369496,0.9932973940726305,mauna-loa-co2,,4,0.006702605927369496,0.9932973940726305,-1.2473850631897134,1.639859150175952,0.4648403776246158,0.003136665704490519,4,,True,False,0.9993621296801546,1.31379890705496,0.0,189,0.8229428507569516,-2.170835609837232,0.044955942948929024,4.0,True,24,189,co2_1975-12-01,3,1.0,1.2473850631897152,0.2676981057755159,dual persistent load below admissibility threshold,True,3.3387185393767494e-16
4.0,0.16666666666666666,0.007157928948646298,0.9928420710513537,mauna-loa-co2,,4,0.007157928948646298,0.9928420710513537,-1.2474011121577333,1.6412324477612357,0.4409065082589691,0.0031787305868006405,4,,True,False,0.9993373067411431,1.3148495685119217,0.0,190,0.8251370214582766,-2.1420927886709507,0.04661152211086087,4.0,True,24,190,co2_1976-01-01,3,1.0000000000000002,1.247401112157733,0.23690420819736085,dual persistent load below admissibility threshold,True,4.058931587435083e-17
4.0,0.16666666666666666,0.007624352763616233,0.9923756472363838,mauna-loa-co2,,4,0.007624352763616233,0.9923756472363838,-1.247468644223594,1.6414058766362076,0.41465313750209265,0.003185751084944915,4,,True,False,0.9993645458145116,1.3149531621476156,0.0,191,0.8259119805550654,-2.1144731161675385,0.048335245603712496,4.0,True,24,191,co2_1976-02-01,3,0.9999999999999999,1.2474686442235947,0.2396142546151909,dual persistent load below admissibility threshold,True,2.2256591144482264e-16
4.0,0.16666666666666666,0.007805314754409734,0.9921946852455903,mauna-loa-co2,,4,0.007805314754409734,0.9921946852455903,-1.2475151167235456,1.640581721555186,0.4282374311038353,0.0033688226606030823,4,,True,False,0.99940828177998,1.314301476173979,0.0,192,0.8283225681039162,-2.104206475420294,0.049396069710532724,4.0,True,24,192,co2_1976-03-01,3,0.9999999999999999,1.247515116723544,0.2580840534253155,dual persistent load below admissibility threshold,True,2.273383390560459e-16
4.0,0.16666666666666666,0.006626941609887515,0.9933730583901125,mauna-loa-co2,,4,0.006626941609887515,0.9933730583901125,-1.246670527994616,1.636456745652759,0.4789056680818028,0.003194851996656353,4,,True,False,0.9987605085416617,1.311034739967512,0.0,193,0.8199364575122646,-2.175799233139243,0.043562872889023635,4.0,True,24,193,co2_1976-04-01,3,1.0000000000000009,1.2466705279946164,0.2524041541141353,dual persistent load below admissibility threshold,True,2.2278656363555437e-16
4.0,0.16666666666666666,0.0053334005221414875,0.9946665994778585,mauna-loa-co2,,4,0.0053334005221414875,0.9946665994778585,-1.2462590280543417,1.6248980427919286,0.48754862270014687,0.0026142348403408004,4,,True,False,0.9984687041195064,1.3018239439722927,0.0,194,0.805353194954304,-2.270673335643862,0.03652080277329769,4.0,True,24,194,co2_1976-05-01,3,1.0000000000000002,1.2462590280543415,0.21639606718433468,dual persistent load below admissibility threshold,True,2.220460048875492e-16
4.0,0.16666666666666666,0.005189389213385351,0.9948106107866146,mauna-loa-co2,,4,0.005189389213385351,0.9948106107866146,-1.2467036078566784,1.6101239196137704,0.5054911829291107,0.0026368742589903864,4,,True,False,0.9988269057760063,1.2899899241557666,0.0,195,0.8083008789995405,-2.282624164095091,0.036863754135947,4.0,True,24,195,co2_1976-06-01,3,1.0000000000000002,1.2467036078566769,0.24115594632782125,dual persistent load below admissibility threshold,True,2.24652574709699e-16
4.0,0.16666666666666666,0.005358212351962279,0.9946417876480378,mauna-loa-co2,,4,0.005358212351962279,0.9946417876480378,-1.2474802181771878,1.6006570376184306,0.549704107674945,0.002961298606439164,4,,True,False,0.9994261931659567,1.2823759017267755,0.0,196,0.8139727668300075,-2.268646779999479,0.039236339015752617,4.0,True,24,196,co2_1976-07-01,3,1.0000000000000004,1.2474802181771876,0.31843984473080206,dual persistent load below admissibility threshold,True,2.3252959585725246e-16
4.0,0.16666666666666666,0.006037706687443591,0.9939622933125564,mauna-loa-co2,,4,0.006037706687443591,0.9939622933125564,-1.2475501007053622,1.5972761539289897,0.5597112801597697,0.003399900139064525,4,,True,False,0.9994570962397427,1.2796351712017384,0.0,197,0.811146075784831,-2.2164978983120753,0.04158505442415679,4.0,True,24,197,co2_1976-08-01,3,1.0000000000000004,1.2475501007053624,0.32053303770181746,dual persistent load below admissibility threshold,True,5.628989906722733e-16
4.0,0.16666666666666666,0.006638782153557244,0.9933612178464427,mauna-loa-co2,,4,0.006638782153557244,0.9933612178464427,-1.247210367456034,1.597548142100235,0.5508840295461024,0.00368164067443562,4,,True,False,0.9992009835802125,1.2798736416529723,0.0,198,0.8082491142833234,-2.1750187827043623,0.042225438785171494,4.0,True,24,198,co2_1976-09-01,3,1.0000000000000009,1.2472103674560344,0.2572950509952474,dual persistent load below admissibility threshold,True,2.220474228099016e-16
4.0,0.16666666666666666,0.004906815906722387,0.9950931840932776,mauna-loa-co2,,4,0.004906815906722387,0.9950931840932776,-1.2460343226210635,1.6112867552197976,0.4511153943394105,0.0022244551847965125,4,,True,False,0.9982532427492438,1.2908731318200042,0.0,199,0.7927752738599209,-2.307063987059339,0.03297156254230868,4.0,True,24,199,co2_1976-10-01,3,1.0000000000000007,1.2460343226210635,0.19667822159844686,dual persistent load below admissibility threshold,True,2.4493959653538504e-16
4.0,0.16666666666666666,0.005015035518936002,0.9949849644810639,mauna-loa-co2,,4,0.005015035518936002,0.9949849644810639,-1.246131271652673,1.628853597956236,0.46245321145843943,0.0023309088720950555,4,,True,False,0.9983017164278106,1.3049085434576555,0.0,200,0.8027843614106219,-2.2975425047865508,0.03517208545465397,4.0,True,24,200,co2_1976-11-01,3,1.0000000000000007,1.246131271652673,0.27724309645057815,dual persistent load below admissibility threshold,True,4.137066478816283e-18
4.0,0.16666666666666666,0.006658811758150314,0.9933411882418497,mauna-loa-co2,,4,0.006658811758150314,0.9933411882418497,-1.2474629293020092,1.6352988991428679,0.5202216756020583,0.003487279347063828,4,,True,False,0.9993204947745907,1.310009032420842,0.0,201,0.821022884367723,-2.17370170584036,0.043991411625390955,4.0,True,24,201,co2_1976-12-01,3,1.0000000000000016,1.24746292930201,0.295018342428599,dual persistent load below admissibility threshold,True,3.381261150137768e-16
4.0,0.16666666666666666,0.00701481636044959,0.9929851836395505,mauna-loa-co2,,4,0.00701481636044959,0.9929851836395505,-1.247553290428039,1.6376209333086826,0.49981809053392734,0.0035309007389971083,4,,True,False,0.9993694856803922,1.3118384620657157,0.0,202,0.8265759619412043,-2.1509264622231723,0.04554377949775044,4.0,True,24,202,co2_1977-01-01,3,0.9999999999999996,1.247553290428039,0.25681927410682404,dual persistent load below admissibility threshold,True,4.478856654536964e-16
4.0,0.16666666666666666,0.007091426865710717,0.9929085731342893,mauna-loa-co2,,4,0.007091426865710717,0.9929085731342893,-1.2476052718534736,1.6397409243518766,0.48966991720370256,0.0034972589623506398,4,,True,False,0.9993957288634492,1.313516472886734,0.0,203,0.8293244019470465,-2.1461756322180463,0.04592262837130096,4.0,True,24,203,co2_1977-02-01,3,1.0000000000000009,1.2476052718534738,0.2422513449293053,dual persistent load below admissibility threshold,True,2.3186905107958137e-16
4.0,0.16666666666666666,0.0068473904006622205,0.9931526095993377,mauna-loa-co2,,4,0.0068473904006622205,0.9931526095993377,-1.2476019990909242,1.6408358306367372,0.5297400046929102,0.0036523456595903723,4,,True,False,0.9993952819497764,1.3143964091011264,0.0,204,0.829246914001628,-2.161490898423273,0.04494201206802599,4.0,True,24,204,co2_1977-03-01,3,1.0000000000000002,1.247601999090924,0.25537528236334966,dual persistent load below admissibility threshold,True,4.473893792743804e-16
4.0,0.16666666666666666,0.005550098380491595,0.9944499016195085,mauna-loa-co2,,4,0.005550098380491595,0.9944499016195085,-1.2470846279485297,1.6369513461348992,0.5463223753591385,0.0030490655444473254,4,,True,False,0.9990037036803567,1.3113147423069702,0.0,205,0.8185051373100691,-2.2532822276797306,0.03809644138838668,4.0,True,24,205,co2_1977-04-01,3,1.0000000000000009,1.2470846279485295,0.24266933165032417,dual persistent load below admissibility threshold,True,2.2572852514762994e-16
4.0,0.16666666666666666,0.004799515337118493,0.9952004846628815,mauna-loa-co2,,4,0.004799515337118493,0.9952004846628815,-1.2467197621883008,1.615017305752518,0.5271857834097475,0.002542438726648143,4,,True,False,0.9987540924733768,1.2937992903107849,0.0,206,0.8025126511709185,-2.3167131950232056,0.032727526309589854,4.0,True,24,206,co2_1977-05-01,3,1.0000000000000009,1.2467197621883017,0.1890061385139292,dual persistent load below admissibility threshold,True,3.3582220754386126e-16
4.0,0.16666666666666666,0.00490159290659414,0.9950984070934058,mauna-loa-co2,,4,0.00490159290659414,0.9950984070934058,-1.2470918110724973,1.590057439571904,0.5558124007049277,0.0027377856313225996,4,,True,False,0.9990672963902656,1.2738231244515656,0.0,207,0.8020919517715426,-2.307528792212306,0.03339086197790628,4.0,True,24,207,co2_1977-06-01,3,1.0000000000000004,1.2470918110724964,0.22809557988868273,dual persistent load below admissibility threshold,True,1.148178773568154e-16
4.0,0.16666666666666666,0.005242821815233313,0.9947571781847667,mauna-loa-co2,,4,0.005242821815233313,0.9947571781847667,-1.2476532308209785,1.5810752573365439,0.6237772780758791,0.0032875893665937827,4,,True,False,0.999500633292415,1.2666065233133625,0.0,208,0.8086543202838807,-2.278151983858112,0.03626051895433961,4.0,True,24,208,co2_1977-07-01,3,1.0000000000000004,1.2476532308209791,0.2892347640117992,dual persistent load below admissibility threshold,True,1.2863561171612914e-16
4.0,0.16666666666666666,0.004780780858627545,0.9952192191413725,mauna-loa-co2,,4,0.004780780858627545,0.9952192191413725,-1.2476833902921636,1.5806491784460934,0.6613652029223699,0.003177030790684965,4,,True,False,0.9995026259442573,1.2662371053793984,0.0,209,0.8072489019331536,-2.3184199173234576,0.03454936085054237,4.0,True,24,209,co2_1977-08-01,3,1.0000000000000004,1.2476833902921634,0.3134455672411733,dual persistent load below admissibility threshold,True,1.1210452888759873e-16
4.0,0.16666666666666666,0.004701601009150322,0.9952983989908497,mauna-loa-co2,,4,0.004701601009150322,0.9952983989908497,-1.24765011783601,1.5846510933483013,0.6467379173761454,0.0030550673527401278,4,,True,False,0.9994742714303764,1.269440826682003,0.0,210,0.8092637785814575,-2.325707534552817,0.03402394896611571,4.0,True,24,210,co2_1977-09-01,3,1.0,1.2476501178360095,0.30406788562801396,dual persistent load below admissibility threshold,True,2.421228151949888e-16
4.0,0.16666666666666666,0.004074075128457988,0.9959259248715421,mauna-loa-co2,,4,0.004074075128457988,0.9959259248715421,-1.2469267369932693,1.5967840438154288,0.5674462961520946,0.0023212758942760133,4,,True,False,0.9988837293943528,1.2791462027430731,0.0,211,0.8011958099228569,-2.388198004208449,0.029771569958376293,4.0,True,24,211,co2_1977-10-01,3,1.0000000000000004,1.2469267369932688,0.2459841590494361,dual persistent load below admissibility threshold,True,3.3593470260131484e-16
4.0,0.16666666666666666,0.0044487980114457796,0.9955512019885542,mauna-loa-co2,,4,0.0044487980114457796,0.9955512019885542,-1.2466959117869636,1.6175859394285785,0.5635610479094284,0.0025183730020714593,4,,True,False,0.9986692402220506,1.2957717321840845,0.0,212,0.8053555636510011,-2.349820913102799,0.031970004697123716,4.0,True,24,212,co2_1977-11-01,3,1.0000000000000002,1.2466959117869643,0.2643110891605199,dual persistent load below admissibility threshold,True,4.474701573801065e-16
4.0,0.16666666666666666,0.004918187575999796,0.9950818124240002,mauna-loa-co2,,4,0.004918187575999796,0.9950818124240002,-1.2474923153713906,1.6271673259297723,0.519638671313138,0.0025683118969240613,4,,True,False,0.9992561855477916,1.3033803858523338,0.0,213,0.8096313302707862,-2.3060537001225327,0.034566932148193126,4.0,True,24,213,co2_1977-12-01,3,1.0000000000000009,1.2474923153713902,0.285297539184241,dual persistent load below admissibility threshold,True,1.148596395191267e-16
4.0,0.16666666666666666,0.004675448950735052,0.9953245510492649,mauna-loa-co2,,4,0.004675448950735052,0.9953245510492649,-1.2476390448234145,1.6270460163134661,0.5457488248631708,0.0025636067832160844,4,,True,False,0.9993349760809029,1.3032326926136542,0.0,214,0.8145572752188105,-2.328141397193135,0.034106786966573176,4.0,True,24,214,co2_1978-01-01,3,1.0000000000000007,1.2476390448234147,0.2900025462854211,dual persistent load below admissibility threshold,True,2.242101797480483e-16
4.0,0.16666666666666666,0.004397881962577508,0.9956021180374225,mauna-loa-co2,,4,0.004397881962577508,0.9956021180374225,-1.247738576109229,1.6249782790974538,0.5920823825496498,0.0026154106981089668,4,,True,False,0.9993995847911565,1.3015567912380355,0.0,215,0.8203046316287013,-2.3548422429646956,0.033952024973237876,4.0,True,24,215,co2_1978-02-01,3,1.0000000000000009,1.24773857610923,0.33874545708914017,dual persistent load below admissibility threshold,True,2.2216940247618333e-16
4.0,0.16666666666666666,0.004339690104628676,0.9956603098953712,mauna-loa-co2,,4,0.004339690104628676,0.9956603098953712,-1.247803252271008,1.622637741807198,0.6254395283923176,0.0027260439182244687,4,,True,False,0.9994482394892797,1.2996779992570826,0.0,216,0.821678330438453,-2.360652477308916,0.034334526058044844,4.0,True,24,216,co2_1978-03-01,3,1.0000000000000004,1.2478032522710079,0.3821097357656389,dual persistent load below admissibility threshold,True,2.2250554619347837e-16
4.0,0.16666666666666666,0.003371926084906592,0.9966280739150934,mauna-loa-co2,,4,0.003371926084906592,0.9966280739150934,-1.2471535997879926,1.6155602950224641,0.6040346224185993,0.0020436511401077575,4,,True,False,0.9989530697064876,1.2940418215390275,0.0,217,0.809707230868742,-2.4706550706011337,0.028412237154041443,4.0,True,24,217,co2_1978-04-01,3,1.0000000000000004,1.2471535997879934,0.3632240584588544,dual persistent load below admissibility threshold,True,2.2687187867543005e-16
4.0,0.16666666666666666,0.0029573986584971864,0.9970426013415028,mauna-loa-co2,,4,0.0029573986584971864,0.9970426013415028,-1.2469919107460266,1.6015597636151198,0.5945403118575954,0.0017635081172503566,4,,True,False,0.9988511010360387,1.2828629596361458,0.0,218,0.7970873007401479,-2.527803843575828,0.024442995069712467,4.0,True,24,218,co2_1978-05-01,3,1.0000000000000009,1.2469919107460263,0.2713643257239312,dual persistent load below admissibility threshold,True,3.34807095937035e-17
4.0,0.16666666666666666,0.0028928485748679427,0.997107151425132,mauna-loa-co2,,4,0.0028928485748679427,0.997107151425132,-1.24709705364364,1.5862882604594457,0.6024497521152973,0.0017478521785199946,4,,True,False,0.998930197334643,1.270623838313695,0.0,219,0.8009993507353075,-2.5374161298498055,0.024742793461894935,4.0,True,24,219,co2_1978-06-01,3,1.000000000000001,1.2470970536436408,0.312313802847018,dual persistent load below admissibility threshold,True,2.2165882075286265e-17
4.0,0.16666666666666666,0.0036916191688951315,0.9963083808311048,mauna-loa-co2,,4,0.0036916191688951315,0.9963083808311048,-1.247795905889452,1.5749335395862931,0.6614345249989955,0.0024508118354062787,4,,True,False,0.9994686102736872,1.2615016836120216,0.0,220,0.8123442120648942,-2.4311768911544998,0.031021068059638807,4.0,True,24,220,co2_1978-07-01,3,1.0000000000000004,1.2477959058894528,0.4350906988818012,dual persistent load below admissibility threshold,True,2.2405543003284755e-16
4.0,0.16666666666666666,0.003251895919123982,0.996748104080876,mauna-loa-co2,,4,0.003251895919123982,0.996748104080876,-1.2479513404071425,1.5680554667984972,0.6999084729400508,0.0022834550651218218,4,,True,False,0.9995525910615338,1.2559415211295768,0.0,221,0.8079208005486804,-2.4864487812392646,0.029443305415116933,4.0,True,24,221,co2_1978-08-01,3,1.0000000000000007,1.2479513404071418,0.4868504752445244,dual persistent load below admissibility threshold,True,3.345482649264965e-16
4.0,0.16666666666666666,0.0029929144236320007,0.997007085576368,mauna-loa-co2,,4,0.0029929144236320007,0.997007085576368,-1.247896794488674,1.566887415174522,0.7221503577726538,0.0021678223285236955,4,,True,False,0.9994919929719099,1.2549847329298525,0.0,222,0.8070604380718189,-2.522603945546316,0.027788893747541992,4.0,True,24,222,co2_1978-09-01,3,1.0000000000000009,1.2478967944886732,0.48685292421761356,dual persistent load below admissibility threshold,True,2.2324561876781566e-16
4.0,0.16666666666666666,0.0019594345732416385,0.9980405654267583,mauna-loa-co2,,4,0.0019594345732416385,0.9980405654267583,-1.247054843966126,1.5781391796883861,0.6628990510300528,0.001301457439860624,4,,True,False,0.9988052072104897,1.2639810013187094,0.0,223,0.783530373033772,-2.7070174268858245,0.018408924631887574,4.0,True,24,223,co2_1978-10-01,2,1.0000000000000007,1.2470548439661264,0.293211480478041,numerical successor admissibility boundary: reduced closure requires Y positive definite,True,2.2671868260296213e-16
4.0,0.16666666666666666,0.0017927045485493938,0.9982072954514506,mauna-loa-co2,,4,0.0017927045485493938,0.9982072954514506,-1.2471428561467768,1.611270237412438,0.6552629312711469,0.0011768024965739463,4,,True,False,0.9988345428141369,1.2904635286997692,0.0,224,0.7948215984035066,-2.7457120192060427,0.018763747351438473,4.0,True,24,224,co2_1978-11-01,2,1.0000000000000009,1.247142856146777,0.33478367734050457,numerical successor admissibility boundary: reduced closure requires Y positive definite,True,1.1108525698418393e-16
4.0,0.16666666666666666,0.0019916177478006758,0.9980083822521992,mauna-loa-co2,,4,0.0019916177478006758,0.9980083822521992,-1.247318827969107,1.626969110379649,0.6437411081186315,0.001284644737176119,4,,True,False,0.9989219679554473,1.302966931229082,0.0,225,0.8190056763582078,-2.699928201206533,0.02343096541419554,4.0,True,24,225,co2_1978-12-01,2,1.0000000000000004,1.2473188279691068,0.4882575226308166,numerical successor admissibility boundary: reduced closure requires Y positive definite,True,1.1372046785697518e-16
4.0,0.16666666666666666,0.0026813186873668343,0.9973186813126332,mauna-loa-co2,,4,0.0026813186873668343,0.9973186813126332,-1.2478730887833323,1.6317988890983388,0.7408635976892332,0.001991832146029211,4,,True,False,0.999325324615489,1.3067818908934972,0.0,226,0.8297008931199334,-2.5704855191227476,0.027593002242566025,4.0,True,24,226,co2_1979-01-01,3,1.0000000000000004,1.2478730887833338,0.4597063551798398,dual persistent load below admissibility threshold,True,2.41272004466987e-16
4.0,0.16666666666666666,0.002309498235454502,0.9976905017645454,mauna-loa-co2,,4,0.002309498235454502,0.9976905017645454,-1.2479089781738537,1.6324290552539753,0.7430269949951716,0.001719991851983562,4,,True,False,0.9993354205161011,1.307262152069925,0.0,227,0.8329381107133085,-2.635478202892949,0.0261406394357519,4.0,True,24,227,co2_1979-02-01,2,1.0,1.2479089781738542,0.4698517915108075,numerical successor admissibility boundary: reduced closure requires Y positive definite,True,2.2290903269454817e-16
4.0,0.16666666666666666,0.001986193065898266,0.9980138069341018,mauna-loa-co2,,4,0.001986193065898266,0.9980138069341018,-1.247965401143187,1.6329183080931207,0.7579360854257421,0.001508403377595843,4,,True,False,0.9993647159849512,1.3076331601014253,0.0,228,0.8304525533738886,-2.701115088168367,0.024523869671605223,4.0,True,24,228,co2_1979-03-01,2,0.9999999999999999,1.2479654011431873,0.5149282727437289,numerical successor admissibility boundary: reduced closure requires Y positive definite,True,2.2332853800447013e-16
4.0,0.16666666666666666,0.001777580823522072,0.9982224191764779,mauna-loa-co2,,4,0.001777580823522072,0.9982224191764779,-1.2475863268115408,1.6284458946288605,0.7656192214593269,0.0013633735528688748,4,,True,False,0.9990759175335998,1.3040709419188086,0.0,229,0.8192090489546591,-2.7493979630337213,0.021370137993151194,4.0,True,24,229,co2_1979-04-01,2,1.0000000000000009,1.2475863268115408,0.4612810751453988,numerical successor admissibility boundary: reduced closure requires Y positive definite,True,4.452394765310848e-16
4.0,0.16666666666666666,0.0016856632473986478,0.9983143367526013,mauna-loa-co2,,4,0.0016856632473986478,0.9983143367526013,-1.2474076403120185,1.6170452135302442,0.7667426224505617,0.0012946522065216664,4,,True,False,0.9989629182413693,1.2949802079393655,0.0,230,0.8047667523047157,-2.7724964900705653,0.018907190504169127,4.0,True,24,230,co2_1979-05-01,2,1.0000000000000002,1.247407640312018,0.36686826465558364,numerical successor admissibility boundary: reduced closure requires Y positive definite,True,2.2689375345563797e-16
4.0,0.16666666666666666,0.0017109671672473235,0.9982890328327527,mauna-loa-co2,,4,0.0017109671672473235,0.9982890328327527,-1.2475939171097152,1.6011818409826404,0.7706705871682066,0.0013208520058227734,4,,True,False,0.9991195740160729,1.2822859240857942,0.0,231,0.8035681973593283,-2.7660146243063424,0.019317324886833312,4.0,True,24,231,co2_1979-06-01,2,1.0000000000000004,1.2475939171097152,0.4250549353469904,numerical successor admissibility boundary: reduced closure requires Y positive definite,True,1.131552154055113e-16
4.0,0.16666666666666666,0.0016321728258653638,0.9983678271741346,mauna-loa-co2,,4,0.0016321728258653638,0.9983678271741346,-1.2481167531940103,1.5888762898995603,0.7664201011860111,0.0012529751343185096,4,,True,False,0.9995212339923976,1.2724094808258777,0.0,232,0.81002128275293,-2.786524434252795,0.020888228686163565,4.0,True,24,232,co2_1979-07-01,2,1.0000000000000007,1.2481167531940112,0.5582307957887507,numerical successor admissibility boundary: reduced closure requires Y positive definite,True,4.488433778285653e-16
4.0,0.16666666666666666,0.0013975949666739853,0.998602405033326,mauna-loa-co2,,4,0.0013975949666739853,0.998602405033326,-1.2481764459414584,1.583355502547003,0.7723411472632512,0.0010809308034205145,4,,True,False,0.9995421615975768,1.2679542117136513,0.0,233,0.8079668315116726,-2.854011279773876,0.020101819684399936,4.0,True,24,233,co2_1979-08-01,2,1.0000000000000007,1.248176445941458,0.6087363071539095,numerical successor admissibility boundary: reduced closure requires Y positive definite,True,2.224391073877769e-16
4.0,0.16666666666666666,0.001333833089616052,0.9986661669103839,mauna-loa-co2,,4,0.001333833089616052,0.9986661669103839,-1.2481243216093896,1.5821854972397769,0.8215599825999402,0.0010972874882568468,4,,True,False,0.9994872332549107,1.267000552551634,0.0,234,0.8064815512323694,-2.8743188498202787,0.019199911710707784,4.0,True,24,234,co2_1979-09-01,2,1.0000000000000007,1.24812432160939,0.6014746652841098,numerical successor admissibility boundary: reduced closure requires Y positive definite,True,1.1603337874848587e-16
4.0,0.16666666666666666,0.001228742995600042,0.9987712570044,mauna-loa-co2,,4,0.001228742995600042,0.9987712570044,-1.2472116520960523,1.5921880415337184,0.8738026056228124,0.001074999729584095,4,,True,False,0.998752442115813,1.2750054829241826,0.0,235,0.7860365257528957,-2.9100049804085426,0.014403774224995442,4.0,True,24,235,co2_1979-10-01,2,1.0000000000000007,1.2472116520960532,0.3513985229858503,numerical successor admissibility boundary: reduced closure requires Y positive definite,True,2.2374832004825324e-16
4.0,0.16666666666666666,0.0011352211496561736,0.9988647788503439,mauna-loa-co2,,4,0.0011352211496561736,0.9988647788503439,-1.2472937105135125,1.6235823227418007,0.8752775199996637,0.0009947628283238277,4,,True,False,0.9987900332270984,1.3001090508270026,0.0,236,0.7962297792462865,-2.944426226046497,0.015264090336944825,4.0,True,24,236,co2_1979-11-01,2,1.0000000000000002,1.247293710513512,0.44143013682698284,dual persistent load below admissibility threshold,True,2.2206789603706915e-16
4.0,0.16666666666666666,0.0010628553816661574,0.9989371446183338,mauna-loa-co2,,4,0.0010628553816661574,0.9989371446183338,-1.2479838056162493,1.6355628903436767,0.8704974362706275,0.0009261972986501844,4,,True,False,0.9992970201828787,1.3096428938315157,0.0,237,0.8189537876794905,-2.9730639864057635,0.018622993309418523,4.0,True,24,237,co2_1979-12-01,2,1.0000000000000009,1.247983805616249,0.6272199517216224,dual persistent load below admissibility threshold,True,2.221129245601395e-16
4.0,0.16666666666666666,0.0010196869365880843,0.9989803130634118,mauna-loa-co2,,4,0.0010196869365880843,0.9989803130634118,-1.2480890273237504,1.6371496742483247,0.872893290831694,0.0008909864129023758,4,,True,False,0.999352976174341,1.3108763586449828,0.0,238,0.8246432733124406,-2.9910900741497626,0.018526936204414243,4.0,True,24,238,co2_1980-01-01,2,1.000000000000001,1.2480890273237513,0.5980268826910194,dual persistent load below admissibility threshold,True,1.1525472026912213e-16
4.0,0.16666666666666666,0.0009873847522147722,0.9990126152477853,mauna-loa-co2,,4,0.0009873847522147722,0.9990126152477853,-1.248145688109981,1.636695359000719,0.8710449323799379,0.0008609065307074005,4,,True,False,0.9993899311742157,1.3105015526366635,0.0,239,0.8301088580874582,-3.0050845561076236,0.018628997307114262,4.0,True,24,239,co2_1980-02-01,2,1.0000000000000004,1.248145688109981,0.6168635202289909,dual persistent load below admissibility threshold,True,4.460028263394436e-16
4.0,0.16666666666666666,0.0009558253841182293,0.9990441746158818,mauna-loa-co2,,4,0.0009558253841182293,0.9990441746158818,-1.2481701279161728,1.6362416182684505,0.8769633350083177,0.0008390257786791197,4,,True,False,0.9993997797259548,1.3101254999636984,0.0,240,0.8275875226744457,-3.019206131781107,0.018143226078121813,4.0,True,24,240,co2_1980-03-01,2,0.9999999999999994,1.2481701279161732,0.6407064682818084,dual persistent load below admissibility threshold,True,2.235709827888618e-16
4.0,0.16666666666666666,0.0009263097187508589,0.9990736902812491,mauna-loa-co2,,4,0.0009263097187508589,0.9990736902812491,-1.2477947258105881,1.6253304072575465,0.8803137040428302,0.0008161991928492137,4,,True,False,0.99912268857536,1.3014195786630927,0.0,241,0.8136039308778538,-3.0328413017118905,0.014797089099377657,4.0,True,24,241,co2_1980-04-01,2,1.0000000000000004,1.2477947258105875,0.4674370191244719,dual persistent load below admissibility threshold,True,2.254907916731835e-16
4.0,0.16666666666666666,0.0009054510157373419,0.9990945489842626,mauna-loa-co2,,4,0.0009054510157373419,0.9990945489842626,-1.247795879173613,1.607312309110317,0.8822691138108958,0.0007995754416495603,4,,True,False,0.9991482741392761,1.2870240609497507,0.0,242,0.8071721979189582,-3.0427416292265774,0.013860624388610864,4.0,True,24,242,co2_1980-05-01,2,1.0000000000000007,1.2477958791736126,0.4162499480395422,dual persistent load below admissibility threshold,True,3.335903468517779e-16
4.0,0.16666666666666666,0.0008940069063105833,0.9991059930936894,mauna-loa-co2,,4,0.0008940069063105833,0.9991059930936894,-1.2478798460038103,1.586517414927372,0.8842513772070109,0.0007912342069832645,4,,True,False,0.999218495123744,1.270376750540533,0.0,243,0.8083051513399356,-3.0482706902898826,0.013988631882766733,4.0,True,24,243,co2_1980-06-01,2,1.0000000000000007,1.2478798460038096,0.48732501530276656,dual persistent load below admissibility threshold,True,2.220854888443599e-16
4.0,0.16666666666666666,0.0008761990612494702,0.9991238009387505,mauna-loa-co2,,4,0.0008761990612494702,0.9991238009387505,-1.2483536134181605,1.5767020327789611,0.8839649894776747,0.0007752085309448227,4,,True,False,0.9995833456502536,1.2624989234447168,0.0,244,0.8160516851988506,-3.057016521232055,0.01616377462896264,4.0,True,24,244,co2_1980-07-01,2,1.000000000000001,1.2483536134181605,0.6594948457326262,dual persistent load below admissibility threshold,True,2.2537002319852854e-16
4.0,0.16666666666666666,0.0008417090295468849,0.9991582909704532,mauna-loa-co2,,4,0.0008417090295468849,0.9991582909704532,-1.248395439866589,1.5749491343502577,0.8857873697614093,0.0007462033134535751,4,,True,False,0.9995990864034319,1.2610729465630173,0.0,245,0.814253733880003,-3.074472310330137,0.016411078529109585,4.0,True,24,245,co2_1980-08-01,2,1.0000000000000007,1.2483954398665897,0.7057796352636008,dual persistent load below admissibility threshold,True,2.476040045104479e-16
4.0,0.16666666666666666,0.000822578194239953,0.9991774218057601,mauna-loa-co2,,4,0.000822578194239953,0.9991774218057601,-1.248389632345155,1.5756757550201235,0.9211249955679057,0.0007583211139360882,4,,True,False,0.9995872851172353,1.2616457309300624,0.0,246,0.8149427879265332,-3.084465419224275,0.015828590726377174,4.0,True,24,246,co2_1980-09-01,2,1.0000000000000004,1.2483896323451553,0.6947338078581968,dual persistent load below admissibility threshold,True,1.1319321973414503e-16
4.0,0.16666666666666666,0.0008255661190107713,0.9991744338809891,mauna-loa-co2,,4,0.0008255661190107713,0.9991744338809891,-1.2476892242163304,1.5890309891869043,0.9315206389595447,0.0007696672899217355,4,,True,False,0.9990169658962618,1.2723271843032231,0.0,247,0.7985839810427001,-3.082889451777981,0.01210905681895635,4.0,True,24,247,co2_1980-10-01,2,1.0000000000000009,1.247689224216331,0.42640991960558594,dual persistent load below admissibility threshold,True,2.286962348178671e-16
4.0,0.16666666666666666,0.0007730780117782582,0.9992269219882217,mauna-loa-co2,,4,0.0007730780117782582,0.9992269219882217,-1.2477277090865735,1.6132112044329259,0.9309839071467454,0.0007202800205807947,4,,True,False,0.9990232403393814,1.2916564031299833,0.0,248,0.8053068356473039,-3.1114408055872183,0.01326805599676517,4.0,True,24,248,co2_1980-11-01,2,0.9999999999999997,1.2477277090865722,0.5410407337363454,dual persistent load below admissibility threshold,True,2.249441419541866e-16
4.0,0.16666666666666666,0.0007445156626101153,0.99925548433739,mauna-loa-co2,,4,0.0007445156626101153,0.99925548433739,-1.2481475426352278,1.6256120398734568,0.9287896138130813,0.0006920136297395201,4,,True,False,0.9993290078118573,1.3015458600862853,0.0,249,0.8137699177837453,-3.1278027019568873,0.015519013308193838,4.0,True,24,249,co2_1980-12-01,2,1.000000000000001,1.2481475426352273,0.7028755683102078,dual persistent load below admissibility threshold,True,2.3355175911103624e-16
4.0,0.16666666666666666,0.0007164020141370145,0.999283597985863,mauna-loa-co2,,4,0.0007164020141370145,0.999283597985863,-1.2482530819886515,1.6275228323296735,0.9314173349468231,0.0006677476305054636,4,,True,False,0.9993811567408715,1.303033554865756,0.0,250,0.8160617174714382,-3.144531960877173,0.015105080590426326,4.0,True,24,250,co2_1981-01-01,2,1.0000000000000002,1.2482530819886517,0.6654345606480003,dual persistent load below admissibility threshold,True,2.2296763590051986e-16
4.0,0.16666666666666666,0.0006989044905949492,0.999301095509405,mauna-loa-co2,,4,0.0006989044905949492,0.999301095509405,-1.2482994927071336,1.6265115883955588,0.9308114667669174,0.0006510033031526354,4,,True,False,0.9994064442989223,1.3022084625254036,0.0,251,0.8212850377269818,-3.155278532609691,0.015480302157421895,4.0,True,24,251,co2_1981-02-01,2,1.0,1.2482994927071347,0.7039124782771069,dual persistent load below admissibility threshold,True,2.3213114885616113e-16
4.0,0.16666666666666666,0.0006738101611910157,0.999326189838809,mauna-loa-co2,,4,0.0006738101611910157,0.999326189838809,-1.248361471539062,1.624226293628334,0.9333476032997856,0.0006293231433553421,4,,True,False,0.9994534741890098,1.3003754513783725,0.0,252,0.8229616063746921,-3.1711697133901158,0.015529674115933808,4.0,True,24,252,co2_1981-03-01,2,0.9999999999999998,1.2483614715390614,0.752364132042998,dual persistent load below admissibility threshold,True,3.345118310442522e-16
4.0,0.16666666666666666,0.000652909490376201,0.9993470905096239,mauna-loa-co2,,4,0.000652909490376201,0.9993470905096239,-1.2480074264767342,1.6172779965422914,0.9350914251776469,0.0006109289471754493,4,,True,False,0.9991873203101149,1.2948349771632781,0.0,253,0.8130133809073857,-3.1848633710583254,0.01327970963005637,4.0,True,24,253,co2_1981-04-01,2,1.0000000000000004,1.2480074264767347,0.6386761140362188,dual persistent load below admissibility threshold,True,2.483151444415696e-17
4.0,0.16666666666666666,0.0006365464143988475,0.9993634535856011,mauna-loa-co2,,4,0.0006365464143988475,0.9993634535856011,-1.247946760192138,1.602607321971606,0.9366778317337281,0.0005966186907253361,4,,True,False,0.9991562686980369,1.2831117505067033,0.0,254,0.8017860088913258,-3.1958933872338338,0.011403206666907974,4.0,True,24,254,co2_1981-05-01,2,1.000000000000001,1.2479467601921377,0.5150569715765555,dual persistent load below admissibility threshold,True,2.8665130780075375e-17
4.0,0.16666666666666666,0.0006290792083213897,0.9993709207916787,mauna-loa-co2,,4,0.0006290792083213897,0.9993709207916787,-1.2480594267509277,1.585952012302395,0.9377162807477939,0.0005902691415671738,4,,True,False,0.9992415137954687,1.2697705378545885,0.0,255,0.8058254118809276,-3.2010213768331788,0.011774290388398174,4.0,True,24,255,co2_1981-06-01,2,1.0000000000000002,1.2480594267509277,0.5991464932930833,dual persistent load below admissibility threshold,True,2.220480099257245e-16
4.0,0.16666666666666666,0.0006142872852189001,0.9993857127147812,mauna-loa-co2,,4,0.0006142872852189001,0.9993857127147812,-1.2485392733419474,1.5770283141911539,0.9382493487642367,0.0005767089102616301,4,,True,False,0.9996075408971815,1.2626029703128956,0.0,256,0.8148585460657696,-3.211361610248328,0.014602020254344062,4.0,True,24,256,co2_1981-07-01,2,1.0000000000000004,1.2485392733419474,0.8147976002591056,dual persistent load below admissibility threshold,True,2.2302668517230063e-16
4.0,0.16666666666666666,0.0005959241940496726,0.9994040758059504,mauna-loa-co2,,4,0.0005959241940496726,0.9994040758059504,-1.2485928810967188,1.572113561970058,0.9371983765939561,0.0005588322088700947,4,,True,False,0.9996320885476957,1.258644981225511,0.0,257,0.8139565490572008,-3.2245500984714264,0.014819913874816147,4.0,True,24,257,co2_1981-08-01,2,1.0000000000000004,1.2485928810967195,0.8494525234655775,dual persistent load below admissibility threshold,True,1.209294813867589e-16
4.0,0.16666666666666666,0.0005956556231326443,0.9994043443768673,mauna-loa-co2,,4,0.0005956556231326443,0.9994043443768673,-1.2483724727792442,1.5675289418749165,0.9533119705787869,0.0005681840779159014,4,,True,False,0.9994477678167685,1.2549646328368753,0.0,258,0.8075912927956097,-3.224745986990592,0.012614733465457717,4.0,True,24,258,co2_1981-09-01,2,1.0000000000000002,1.248372472779245,0.7329627398804561,dual persistent load below admissibility threshold,True,2.245562678051757e-16
4.0,0.16666666666666666,0.0005707516275099883,0.99942924837249,mauna-loa-co2,,4,0.0005707516275099883,0.99942924837249,-1.2479146724997885,1.5827493824383785,0.9563838020366742,0.0005461693385755103,4,,True,False,0.9990722143758765,1.267138663533127,0.0,259,0.7873200994883945,-3.2433048963897093,0.008784710523775394,4.0,True,24,259,co2_1981-10-01,2,1.0000000000000009,1.2479146724997885,0.4127616993165828,dual persistent load below admissibility threshold,True,2.27352504780983e-16
4.0,0.16666666666666666,0.0005485169061095493,0.9994514830938905,mauna-loa-co2,,4,0.0005485169061095493,0.9994514830938905,-1.247973916113335,1.6195341758810626,0.955327777727095,0.000524301024935445,4,,True,False,0.9990974492542609,1.296559521966744,0.0,260,0.7934802455349679,-3.2605716990562743,0.00973321510251352,4.0,True,24,260,co2_1981-11-01,2,1.0000000000000009,1.2479739161133339,0.554907813496015,dual persistent load below admissibility threshold,True,2.2274902664756686e-16
4.0,0.16666666666666666,0.0005298358920843117,0.9994701641079157,mauna-loa-co2,,4,0.0005298358920843117,0.9994701641079157,-1.2482243250286613,1.6361116785840715,0.9523025370466975,0.0005048315421207621,4,,True,False,0.9992689814813946,1.309793134027395,0.0,261,0.818292577378962,-3.2756284593288965,0.014399048948313614,4.0,True,24,261,co2_1981-12-01,2,1.0000000000000002,1.2482243250286618,0.8769151444545777,dual persistent load below admissibility threshold,True,1.117093115002466e-16
4.0,0.16666666666666666,0.0005152660105488944,0.999484733989451,mauna-loa-co2,,4,0.0005152660105488944,0.999484733989451,-1.248415620391604,1.6395708529112527,0.9539368586855511,0.0004917846393996411,4,,True,False,0.9994053253321489,1.3125403230255028,0.0,262,0.8215939895003515,-3.2877446699122057,0.01420970384665431,4.0,True,24,262,co2_1982-01-01,2,1.0000000000000004,1.248415620391605,0.8431304105454446,dual persistent load below admissibility threshold,True,4.448407128617823e-16
4.0,0.16666666666666666,0.0005030732458695715,0.9994969267541304,mauna-loa-co2,,4,0.0005030732458695715,0.9994969267541304,-1.2484358019860902,1.6408584330101077,0.9522596075276115,0.0004792974533950162,4,,True,False,0.9994169511159485,1.313565126635263,0.0,263,0.8233410168266165,-3.2981502415315176,0.01390268274153627,4.0,True,24,263,co2_1982-02-01,2,1.0000000000000002,1.2484358019860893,0.8153832537935394,dual persistent load below admissibility threshold,True,3.1621783505837485e-18
4.0,0.16666666666666666,0.0004854235631386665,0.9995145764368614,mauna-loa-co2,,4,0.0004854235631386665,0.9995145764368614,-1.248457669284413,1.6413338662780745,0.9558797125577232,0.00046423188509752094,4,,True,False,0.999428341782987,1.3139376885936322,0.0,264,0.8188300498823609,-3.3136682782717193,0.01308500201019496,4.0,True,24,264,co2_1982-03-01,2,1.0000000000000004,1.248457669284414,0.8072247828047457,dual persistent load below admissibility threshold,True,2.2213353747248007e-16
4.0,0.16666666666666666,0.00047440427581206236,0.999525595724188,mauna-loa-co2,,4,0.00047440427581206236,0.999525595724188,-1.2483152972160558,1.635548899114075,0.9565062780969104,0.0004539860410893076,4,,True,False,0.9993292026006124,1.3093260819690897,0.0,265,0.8124851003004578,-3.323645325278529,0.011679428873929918,4.0,True,24,265,co2_1982-04-01,2,1.0000000000000007,1.2483152972160554,0.7352043932643108,dual persistent load below admissibility threshold,True,1.2203986050279458e-16
4.0,0.16666666666666666,0.00046489584823080027,0.9995351041517692,mauna-loa-co2,,4,0.00046489584823080027,0.9995351041517692,-1.2482719420350126,1.6201622456934002,0.9575788990635221,0.0004453815105431823,4,,True,False,0.9993044538396638,1.297021340898548,0.0,266,0.8058754654745804,-3.332442383634456,0.010410054363629849,4.0,True,24,266,co2_1982-05-01,2,1.0000000000000007,1.2482719420350121,0.6386546459423741,dual persistent load below admissibility threshold,True,2.222076414131284e-16
4.0,0.16666666666666666,0.0004592023653929341,0.9995407976346071,mauna-loa-co2,,4,0.0004592023653929341,0.9995407976346071,-1.2484386647183747,1.6011257830457781,0.9579178582910224,0.0004400802322629887,4,,True,False,0.9994336097165774,1.2817761626444852,0.0,267,0.8077778702166395,-3.3377964086576126,0.010616181950139775,4.0,True,24,267,co2_1982-06-01,2,1.0000000000000004,1.2484386647183747,0.6625376105578277,dual persistent load below admissibility threshold,True,2.2262913965030194e-16
4.0,0.16666666666666666,0.0004495163258741446,0.9995504836741258,mauna-loa-co2,,4,0.0004495163258741446,0.9995504836741258,-1.2486451303122492,1.5912182420228351,0.9577080879243184,0.0004306990271879509,4,,True,False,0.9995831833050823,1.2738246897231336,0.0,268,0.8080606654504524,-3.347059264257775,0.01177712007345702,4.0,True,24,268,co2_1982-07-01,2,1.0000000000000002,1.248645130312249,0.7980197777105474,dual persistent load below admissibility threshold,True,1.7593176008946538e-17
4.0,0.16666666666666666,0.000438864919619594,0.9995611350803805,mauna-loa-co2,,4,0.000438864919619594,0.9995611350803805,-1.2486896394735216,1.5867342252326906,0.9587277715879945,0.0004209367207751656,4,,True,False,0.9996004277206887,1.2702117164120879,0.0,269,0.8021263728925162,-3.3574784943648783,0.011531957124949577,4.0,True,24,269,co2_1982-08-01,2,1.0000000000000004,1.2486896394735216,0.8158756436290259,dual persistent load below admissibility threshold,True,2.2708424200492806e-16
4.0,0.16666666666666666,0.0004369961622454224,0.9995630038377545,mauna-loa-co2,,4,0.0004369961622454224,0.9995630038377545,-1.2486643350273245,1.5884459024893864,0.9625675342305816,0.0004208222160542067,4,,True,False,0.9995825975900743,1.2715850343454433,0.0,270,0.8040820818076777,-3.359332550539292,0.010786207850091446,4.0,True,24,270,co2_1982-09-01,2,1.0000000000000009,1.2486643350273252,0.7637885827279739,dual persistent load below admissibility threshold,True,3.105170395784413e-17
4.0,0.16666666666666666,0.0004217995723788164,0.9995782004276212,mauna-loa-co2,,4,0.0004217995723788164,0.9995782004276212,-1.2480873780746293,1.6054126954328884,0.963490336495386,0.0004065713035268449,4,,True,False,0.9991157454158176,1.285160903054607,0.0,271,0.7926775972384333,-3.3747106410135093,0.008302214620643462,4.0,True,24,271,co2_1982-10-01,2,1.0000000000000007,1.2480873780746293,0.5861968409276513,dual persistent load below admissibility threshold,True,1.3408450878710918e-16
4.0,0.16666666666666666,0.0004100855046272523,0.9995899144953727,mauna-loa-co2,,4,0.0004100855046272523,0.9995899144953727,-1.248125750806702,1.6255032911537488,0.9630042966460636,0.00039507611793750374,4,,True,False,0.9991314788326783,1.3012242605267381,0.0,272,0.8014572147142562,-3.386947447133995,0.009594212787802535,4.0,True,24,272,co2_1982-11-01,2,1.0000000000000007,1.2481257508067019,0.751659919669193,dual persistent load below admissibility threshold,True,2.2338191262484596e-16
4.0,0.16666666666666666,0.00040222831809132094,0.9995977716819087,mauna-loa-co2,,4,0.00040222831809132094,0.9995977716819087,-1.2485478341181844,1.6323705769730537,0.9612758251108583,0.0003868079434647115,4,,True,False,0.9994479546188005,1.306693576131901,0.0,273,0.8119432063621224,-3.395352636336414,0.010675400810947455,4.0,True,24,273,co2_1982-12-01,2,1.0000000000000009,1.2485478341181846,0.8085290213655396,dual persistent load below admissibility threshold,True,2.242587370766713e-16
4.0,0.16666666666666666,0.00039261467312993423,0.9996073853268701,mauna-loa-co2,,4,0.00039261467312993423,0.9996073853268701,-1.2485543438545743,1.6347609524098612,0.9612905265318361,0.0003775650034176013,4,,True,False,0.9994375005765268,1.3085865331841064,0.0,274,0.8150007758747804,-3.4058629297422067,0.01048578609503287,4.0,True,24,274,co2_1983-01-01,2,1.0000000000000009,1.2485543438545739,0.7678925654081129,dual persistent load below admissibility threshold,True,1.137735734770205e-16
4.0,0.16666666666666666,0.00038395592863107336,0.9996160440713688,mauna-loa-co2,,4,0.00038395592863107336,0.9996160440713688,-1.2485885112347928,1.6363695257091277,0.9622013754425657,0.0003695848269235758,4,,True,False,0.9994549163469185,1.3098611373677114,0.0,275,0.8172266581219355,-3.4155518401572067,0.010616529070408868,4.0,True,24,275,co2_1983-02-01,2,1.0000000000000009,1.2485885112347932,0.797977734490112,dual persistent load below admissibility threshold,True,4.470967820874252e-16
4.0,0.16666666666666666,0.00037700001768410754,0.9996229999823159,mauna-loa-co2,,4,0.00037700001768410754,0.9996229999823159,-1.2486175147813026,1.637207594048732,0.9624657172957204,0.00036298643833450507,4,,True,False,0.999480619770852,1.3105352451186647,0.0,276,0.8196323400692108,-3.4234948695245224,0.010835587939239832,4.0,True,24,276,co2_1983-03-01,2,1.0000000000000004,1.248617514781302,0.8422874542859433,dual persistent load below admissibility threshold,True,2.22214741388944e-16
4.0,0.16666666666666666,0.00037160511772703705,0.999628394882273,mauna-loa-co2,,4,0.00037160511772703705,0.999628394882273,-1.2485475922575475,1.634735930782785,0.9636888901365114,0.00035824484909073747,4,,True,False,0.9994344278512173,1.3085695569806528,0.0,277,0.8147303782771468,-3.4297568975099466,0.010373414721468346,4.0,True,24,277,co2_1983-04-01,2,1.0,1.2485475922575473,0.8326427521034344,dual persistent load below admissibility threshold,True,1.1209708070300123e-16
4.0,0.16666666666666666,0.0003645276112885493,0.9996354723887115,mauna-loa-co2,,4,0.0003645276112885493,0.9996354723887115,-1.2482784937214593,1.6155983624710324,0.9641357265783599,0.0003515822548070757,4,,True,False,0.9992348296254019,1.2932708226462877,0.0,278,0.797842457018348,-3.4381112291005396,0.007840606956717643,4.0,True,24,278,co2_1983-05-01,2,1.0000000000000002,1.2482784937214595,0.5708585276271327,dual persistent load below admissibility threshold,True,2.2222232014458535e-16
4.0,0.16666666666666666,0.000359906384546127,0.9996400936154539,mauna-loa-co2,,4,0.000359906384546127,0.9996400936154539,-1.248493581669965,1.5891449177246209,0.964404873355577,0.0003472204380605741,4,,True,False,0.999408224125108,1.2720966478467974,0.0,279,0.8002432023584287,-3.4436541156364897,0.008195063773270889,4.0,True,24,279,co2_1983-06-01,2,1.000000000000001,1.2484935816699638,0.6869518009451212,dual persistent load below admissibility threshold,True,1.157380520862355e-16
4.0,0.16666666666666666,0.0003507429941277424,0.9996492570058723,mauna-loa-co2,,4,0.0003507429941277424,0.9996492570058723,-1.2487516841828723,1.5781176971622417,0.964377418461426,0.00033836730318137606,4,,True,False,0.9996067767261005,1.2632592728689764,0.0,280,0.8059666523892055,-3.4548586425072543,0.009464109170143141,4.0,True,24,280,co2_1983-07-01,2,1.0000000000000013,1.2487516841828712,0.8352651498716414,dual persistent load below admissibility threshold,True,3.081647412134169e-17
4.0,0.16666666666666666,0.00033958695908694524,0.999660413040913,mauna-loa-co2,,4,0.00033958695908694524,0.999660413040913,-1.2488022744575311,1.5755059225599917,0.9658640666269227,0.00032810626188491826,4,,True,False,0.9996323209081595,1.2611497225670332,0.0,281,0.8042336881060709,-3.468901490216205,0.009465961833681473,4.0,True,24,281,co2_1983-08-01,2,1.0000000000000007,1.2488022744575307,0.8618977416962242,dual persistent load below admissibility threshold,True,1.0003808214525666e-17
4.0,0.16666666666666666,0.00032753796842815926,0.9996724620315719,mauna-loa-co2,,4,0.00032753796842815926,0.9996724620315719,-1.248771800442838,1.5764500740959717,0.969667687089796,0.00031770704540002947,4,,True,False,0.9995970317387887,1.2618917356973571,0.0,282,0.8027677006063036,-3.4845960778037006,0.008979392797875733,4.0,True,24,282,co2_1983-09-01,2,1.0000000000000007,1.2487718004428388,0.8541260667730872,dual persistent load below admissibility threshold,True,2.244711854369526e-16
4.0,0.16666666666666666,0.000320039110240474,0.9996799608897595,mauna-loa-co2,,4,0.000320039110240474,0.9996799608897595,-1.2482841703591663,1.5948500451000192,0.9699836074942523,0.0003105320730986813,4,,True,False,0.9991981157524243,1.2766092832156104,0.0,283,0.792945564952132,-3.4946579322027853,0.006977984786839948,4.0,True,24,283,co2_1983-10-01,2,1.0,1.2482841703591652,0.6188204945252755,dual persistent load below admissibility threshold,True,2.2273499717098264e-16
4.0,0.16666666666666666,0.00030413801489807525,0.999695861985102,mauna-loa-co2,,4,0.00030413801489807525,0.999695861985102,-1.2483313505984424,1.6210837799673805,0.9700805322131563,0.0002951281270412766,4,,True,False,0.9992189841888514,1.2975863236371488,0.0,284,0.8041155654378208,-3.5167971874621506,0.008913611928650499,4.0,True,24,284,co2_1983-11-01,2,1.0000000000000004,1.2483313505984421,0.8409074131710791,dual persistent load below admissibility threshold,True,3.340620063768393e-16
4.0,0.16666666666666666,0.00029473783170585116,0.9997052621682941,mauna-loa-co2,,4,0.00029473783170585116,0.9997052621682941,-1.2485969495986324,1.6310399793373054,0.9694968642881348,0.0002858316490263736,4,,True,False,0.9994141450036662,1.3055329239272842,0.0,285,0.8045512990555639,-3.5304360938921753,0.009407020269855093,4.0,True,24,285,co2_1983-12-01,2,1.0000000000000004,1.2485969495986329,0.886209495304809,dual persistent load below admissibility threshold,True,1.1140042343051404e-16
4.0,0.16666666666666666,0.00028505147009818074,0.9997149485299017,mauna-loa-co2,,4,0.00028505147009818074,0.9997149485299017,-1.2486530059731478,1.6307667151743324,0.9690398116658829,0.0002763049840409205,4,,True,False,0.9994428772278489,1.3052931199496849,0.0,286,0.8092675780829878,-3.544952900935707,0.009534941797053319,4.0,True,24,286,co2_1984-01-01,2,1.0000000000000007,1.2486530059731487,0.8968058765187633,dual persistent load below admissibility threshold,True,1.1151089583793584e-16
4.0,0.16666666666666666,0.00027713828927556044,0.9997228617107244,mauna-loa-co2,,4,0.00027713828927556044,0.9997228617107244,-1.2487182229449496,1.6279991468365043,0.9699312664592669,0.00026887960873618524,4,,True,False,0.9994839004595361,1.3030633391314579,0.0,287,0.8151983974365592,-3.5571830918717047,0.009997610795177624,4.0,True,24,287,co2_1984-02-01,2,1.0000000000000004,1.2487182229449492,0.9683731689121982,dual persistent load below admissibility threshold,True,2.230876077357514e-16
4.0,0.16666666666666666,0.0002700311112923821,0.9997299688887076,mauna-loa-co2,,4,0.0002700311112923821,0.9997299688887076,-1.2487665718955,1.6237255129376256,0.9707707163554694,0.000262209099962223,4,,True,False,0.9995173771807652,1.299635898716802,0.0,288,0.8180056821931322,-3.568468907411705,0.010281881575873406,4.0,True,24,288,co2_1984-03-01,2,1.000000000000001,1.2487665718955,1.0218529561431713,dual persistent load below admissibility threshold,True,2.226391853336596e-16
4.0,0.16666666666666666,0.00026380114848767526,0.9997361988515123,mauna-loa-co2,,4,0.00026380114848767526,0.9997361988515123,-1.2486958781823545,1.617002222439309,0.9713209745029514,0.00025630320170301685,4,,True,False,0.9994659622224187,1.2942612451949482,0.0,289,0.8135912336936805,-3.5786087355388805,0.009676341523752139,4.0,True,24,289,co2_1984-04-01,2,1.0000000000000007,1.248695878182355,1.0010907410976975,dual persistent load below admissibility threshold,True,2.224790512266598e-16
4.0,0.16666666666666666,0.00025566898077519594,0.9997443310192248,mauna-loa-co2,,4,0.00025566898077519594,0.9997443310192248,-1.248514341249127,1.5911329939537944,0.9717448118803832,0.00024850854155257474,4,,True,False,0.9993322872837853,1.273570131865439,0.0,290,0.7892416467501988,-3.5922109100468607,0.0057825445030373025,4.0,True,24,290,co2_1984-05-01,2,1.0000000000000002,1.2485143412491275,0.6254622123395899,dual persistent load below admissibility threshold,True,2.243692546080609e-16
4.0,0.16666666666666666,0.0002517712094614021,0.9997482287905386,mauna-loa-co2,,4,0.0002517712094614021,0.9997482287905386,-1.248632696884103,1.5769584261469047,0.9720611796735994,0.0002447986521296206,4,,True,False,0.999425660202944,1.262222845915714,0.0,291,0.7999865539576481,-3.598884577212758,0.007103517092643807,4.0,True,24,291,co2_1984-06-01,2,1.0000000000000004,1.2486326968841028,0.8243814924221754,dual persistent load below admissibility threshold,True,2.241929858780314e-16
4.0,0.16666666666666666,0.00024754200866443203,0.9997524579913355,mauna-loa-co2,,4,0.00024754200866443203,0.9997524579913355,-1.2489500571368521,1.5705631465370875,0.9716614384576883,0.0002405865795027354,4,,True,False,0.9996703354529188,1.257092210034373,0.0,292,0.8131342571905508,-3.606243569887515,0.01022734317882374,4.0,True,24,292,co2_1984-07-01,2,1.0000000000000007,1.2489500571368521,1.0988494605333095,dual persistent load below admissibility threshold,True,1.1102408595662776e-16
4.0,0.16666666666666666,0.00023728542007706154,0.9997627145799229,mauna-loa-co2,,4,0.00023728542007706154,0.9997627145799229,-1.248976988735834,1.5665228919174328,0.9732873968533405,0.00023100172215873558,4,,True,False,0.9996759333915956,1.2538383399216353,0.0,293,0.8108321508327211,-3.6246258820645902,0.010579234795816012,4.0,True,24,293,co2_1984-08-01,2,1.0000000000000004,1.248976988735833,1.1447509816522576,dual persistent load below admissibility threshold,True,1.143916791970244e-16
4.0,0.16666666666666666,0.00023169491103132564,0.9997683050889686,mauna-loa-co2,,4,0.00023169491103132564,0.9997683050889686,-1.2489980121266795,1.566524954970456,0.9757814046536577,0.00022613598029308616,4,,True,False,0.9996831299916258,1.253827912446687,0.0,294,0.8120933311671401,-3.6349828695096877,0.009933270525854722,4.0,True,24,294,co2_1984-09-01,2,1.0000000000000002,1.2489980121266786,1.11985974874362,dual persistent load below admissibility threshold,True,2.2833863388217214e-16
4.0,0.16666666666666666,0.00021980422794632234,0.9997801957720537,mauna-loa-co2,,4,0.00021980422794632234,0.9997801957720537,-1.2486112344944262,1.5803791683810517,0.9764163588248203,0.0002146676287580531,4,,True,False,0.9993655141265156,1.2649064788876967,0.0,295,0.7873734374941471,-3.657868487898057,0.005061880303961369,4.0,True,24,295,co2_1984-10-01,2,1.0000000000000013,1.2486112344944271,0.5933626998247693,dual persistent load below admissibility threshold,True,2.2570051488182544e-16
4.0,0.16666666666666666,0.00020756915580153119,0.9997924308441986,mauna-loa-co2,,4,0.00020756915580153119,0.9997924308441986,-1.2486239031377855,1.6095642154964556,0.9761826658799879,0.0002026674793824011,4,,True,False,0.9993524566589027,1.2882357520662826,0.0,296,0.8038327868824986,-3.68274702548364,0.006316939328441138,4.0,True,24,296,co2_1984-11-01,2,1.0000000000000007,1.248623903137785,0.8268441356327423,dual persistent load below admissibility threshold,True,2.2691598609117373e-16
4.0,0.16666666666666666,0.00019955768681952102,0.9998004423131805,mauna-loa-co2,,4,0.00019955768681952102,0.9998004423131805,-1.2487103731861844,1.6232764851898844,0.9754633039695106,0.0001947000544099645,4,,True,False,0.9993996378088569,1.2991819129547004,0.0,297,0.8238414555470053,-3.6998448633937313,0.008892680127867222,4.0,True,24,297,co2_1984-12-01,2,1.0000000000000004,1.248710373186184,1.0686182655353238,dual persistent load below admissibility threshold,True,2.223771764608086e-16
4.0,0.16666666666666666,0.00019294936396775027,0.9998070506360323,mauna-loa-co2,,4,0.00019294936396775027,0.9998070506360323,-1.2488466488704877,1.6290938644607174,0.9756621976943987,0.0001882897308763259,4,,True,False,0.9994943279983357,1.3038190708026933,0.0,298,0.8288445411790006,-3.7144728437556025,0.00929871484380001,4.0,True,24,298,co2_1985-01-01,2,1.0000000000000007,1.2488466488704881,1.0807144282033663,dual persistent load below admissibility threshold,True,3.3315947372461936e-16
4.0,0.16666666666666666,0.0001853666282855307,0.9998146333717145,mauna-loa-co2,,4,0.0001853666282855307,0.9998146333717145,-1.2488550742929587,1.6316333093061064,0.9764072995300878,0.00018102688529062798,4,,True,False,0.9994911370472094,1.3058384957003462,0.0,299,0.8268078078066652,-3.731887938399645,0.008801117522669169,4.0,True,24,299,co2_1985-02-01,2,1.0,1.2488550742929587,1.0382294713561193,dual persistent load below admissibility threshold,True,1.1285435126753426e-16
4.0,0.16666666666666666,0.0001793933257625949,0.9998206066742374,mauna-loa-co2,,4,0.0001793933257625949,0.9998206066742374,-1.248881690968895,1.630913663775172,0.9761689615401048,0.00017514961718923162,4,,True,False,0.9995099366931539,1.3052592768553304,0.0,300,0.8264277226758048,-3.7461158021760537,0.008680444544937696,4.0,True,24,300,co2_1985-03-01,2,1.0000000000000002,1.248881690968894,1.061521718068751,dual persistent load below admissibility threshold,True,2.22369713118527e-16
4.0,0.16666666666666666,0.00017196483263328812,0.9998280351673666,mauna-loa-co2,,4,0.00017196483263328812,0.9998280351673666,-1.248781337310727,1.622707183641774,0.9774150499554248,0.00016810992447386774,4,,True,False,0.9994326834158658,1.298695413272148,0.0,301,0.8176605194073221,-3.7644856688440376,0.006825545630325286,4.0,True,24,301,co2_1985-04-01,2,1.0000000000000004,1.2487813373107282,0.917369910411635,dual persistent load below admissibility threshold,True,2.2209973877722793e-16
4.0,0.16666666666666666,0.00016732713982675065,0.9998326728601732,mauna-loa-co2,,4,0.00016732713982675065,0.9998326728601732,-1.2487528487974022,1.605958153307761,0.9780170618212047,0.00016367618512421915,4,,True,False,0.999420222956929,1.2853040192733447,0.0,302,0.8093150732042319,-3.7763609370744367,0.00584059317244689,4.0,True,24,302,co2_1985-05-01,2,1.000000000000001,1.248752848797403,0.7875197192676301,dual persistent load below admissibility threshold,True,1.2050204550424407e-16
4.0,0.16666666666666666,0.00016477773335915185,0.9998352222666409,mauna-loa-co2,,4,0.00016477773335915185,0.9998352222666409,-1.2488610071077746,1.588233547670844,0.9782340061905823,0.00016121774732990896,4,,True,False,0.9995090816104946,1.271121322213296,0.0,303,0.8079304702976251,-3.7830299075254494,0.006316150302504802,4.0,True,24,303,co2_1985-06-01,2,1.0000000000000009,1.2488610071077755,0.9370677673365507,dual persistent load below admissibility threshold,True,2.2292502735935104e-16
4.0,0.16666666666666666,0.00016089825852917943,0.9998391017414708,mauna-loa-co2,,4,0.00016089825852917943,0.9998391017414708,-1.2490424997384457,1.5797888496767492,0.9781607506693593,0.00015740968828901612,4,,True,False,0.9996470772460485,1.2643535400724608,0.0,304,0.8111695289190175,-3.793378773582877,0.0076873852422049485,4.0,True,24,304,co2_1985-07-01,2,1.0000000000000007,1.2490424997384453,1.1133147053957755,dual persistent load below admissibility threshold,True,2.244179924071162e-16
4.0,0.16666666666666666,0.00015671859872550236,0.9998432814012744,mauna-loa-co2,,4,0.00015671859872550236,0.9998432814012744,-1.2490631116543944,1.5773526260167947,0.9777391537401361,0.000153253927834032,4,,True,False,0.9996560001431553,1.262394191475844,0.0,305,0.8094135756937285,-3.8048113928147105,0.007877577388576041,4.0,True,24,305,co2_1985-08-01,2,1.0000000000000007,1.2490631116543949,1.1503257702772913,dual persistent load below admissibility threshold,True,4.443668964933091e-16
4.0,0.16666666666666666,0.00015529248150450393,0.9998447075184954,mauna-loa-co2,,4,0.00015529248150450393,0.9998447075184954,-1.249050286718205,1.5745520366906705,0.9802428787810742,0.00015224799209152763,4,,True,False,0.9996400727507863,1.2601456716709944,0.0,306,0.8087251935791144,-3.808782122252769,0.007014687322669201,4.0,True,24,306,co2_1985-09-01,2,1.0,1.2490502867182043,1.087985480798897,dual persistent load below admissibility threshold,True,2.2207190065407705e-16
4.0,0.16666666666666666,0.00014652119136674031,0.9998534788086333,mauna-loa-co2,,4,0.00014652119136674031,0.9998534788086333,-1.2487611096733227,1.5921897411988593,0.9807855192996313,0.0001437269218028431,4,,True,False,0.9994003719909532,1.2742509414395427,0.0,307,0.7964898694406243,-3.834035920728845,0.004878428026345915,4.0,True,24,307,co2_1985-10-01,2,1.000000000000001,1.2487611096733227,0.7945141257693104,dual persistent load below admissibility threshold,True,3.3374152876835827e-16
4.0,0.16666666666666666,0.00014119288995698072,0.999858807110043,mauna-loa-co2,,4,0.00014119288995698072,0.999858807110043,-1.24872426481559,1.6228280582328976,0.9809334621476982,0.00013852038847010612,4,,True,False,0.999357202720059,1.2987534193633663,0.0,308,0.800292874120511,-3.8501258488559102,0.005672859768491212,4.0,True,24,308,co2_1985-11-01,2,1.0000000000000013,1.2487242648155903,0.9699828919744837,dual persistent load below admissibility threshold,True,2.2204574607854597e-16
4.0,0.16666666666666666,0.00013597988374783326,0.9998640201162522,mauna-loa-co2,,4,0.00013597988374783326,0.9998640201162522,-1.2489417991166718,1.6351691937999318,0.9806757616616989,0.00013337031174456208,4,,True,False,0.9995110405518511,1.3086035422380993,0.0,309,0.8137041140200375,-3.866466275120876,0.00748907736851067,4.0,True,24,309,co2_1985-12-01,2,1.000000000000001,1.2489417991166722,1.1658012065862013,dual persistent load below admissibility threshold,True,2.2226517743741744e-16
4.0,0.16666666666666666,0.00013214257402409022,0.999867857425976,mauna-loa-co2,,4,0.00013214257402409022,0.999867857425976,-1.2489442910037925,1.636170499460053,0.9805779978534626,0.00012959322545013242,4,,True,False,0.9995074200323174,1.30939751791006,0.0,310,0.8188890100238371,-3.878899845178199,0.007410075255793725,4.0,True,24,310,co2_1986-01-01,2,1.0000000000000002,1.2489442910037936,1.1286431865009936,dual persistent load below admissibility threshold,True,9.89402699217736e-18
4.0,0.16666666666666666,0.00012861706544495076,0.9998713829345551,mauna-loa-co2,,4,0.00012861706544495076,0.9998713829345551,-1.248953974692979,1.6362726260676643,0.9809277156042656,0.00012618027313108704,4,,True,False,0.9995116919713068,1.3094746917389497,0.0,311,0.8207414846191664,-3.8906455423237043,0.007578067456785238,4.0,True,24,311,co2_1986-02-01,2,1.0000000000000004,1.2489539746929785,1.1622447898188732,dual persistent load below admissibility threshold,True,4.455900106917182e-16
4.0,0.16666666666666666,0.00012596441246956737,0.9998740355875304,mauna-loa-co2,,4,0.00012596441246956737,0.9998740355875304,-1.2489715797517538,1.6356670323942195,0.9806187379534117,0.00012353862465322188,4,,True,False,0.9995238962492485,1.3089875796133548,0.0,312,0.8190947530338298,-3.899697425558281,0.007938868046082254,4.0,True,24,312,co2_1986-03-01,2,1.0000000000000009,1.2489715797517538,1.2404067399560397,dual persistent load below admissibility threshold,True,2.2247881363295413e-16
4.0,0.16666666666666666,0.0001230082715900485,0.99987699172841,mauna-loa-co2,,4,0.0001230082715900485,0.99987699172841,-1.2490021843228674,1.6325434431857633,0.982201284013873,0.00012083374585029963,4,,True,False,0.9995489643650274,1.3064885941748066,0.0,313,0.814361987803566,-3.9100122587039268,0.00804574004133013,4.0,True,24,313,co2_1986-04-01,2,1.0,1.2490021843228662,1.2951580681423605,dual persistent load below admissibility threshold,True,2.221799182520523e-16
4.0,0.16666666666666666,0.00011990675642809224,0.999880093243572,mauna-loa-co2,,4,0.00011990675642809224,0.999880093243572,-1.2488116431352332,1.6144276487104003,0.9821194633799799,0.0001177768815226375,4,,True,False,0.999401823141631,1.291997831955439,0.0,314,0.799751364815129,-3.921104266903095,0.005050377771255116,4.0,True,24,314,co2_1986-05-01,2,1.0000000000000004,1.2488116431352332,0.9166896131193544,dual persistent load below admissibility threshold,True,2.4910418475546045e-16
4.0,0.16666666666666666,0.00011845001930066521,0.9998815499806993,mauna-loa-co2,,4,0.00011845001930066521,0.9998815499806993,-1.2489169397644229,1.59358144724433,0.9823099141726203,0.00011636841213364489,4,,True,False,0.9994855799098118,1.275314335341589,0.0,315,0.8038856754149664,-3.9264134189390627,0.005518049275548124,4.0,True,24,315,co2_1986-06-01,2,0.9999999999999999,1.2489169397644226,1.0395701051426978,dual persistent load below admissibility threshold,True,2.220753830778597e-16
4.0,0.16666666666666666,0.00011648929706176728,0.9998835107029382,mauna-loa-co2,,4,0.00011648929706176728,0.9998835107029382,-1.2491243572198891,1.58526288694901,0.9821880639707665,0.00011442772675986733,4,,True,False,0.9996463790213209,1.268650551545126,0.0,316,0.8111646828365495,-3.9336633818094,0.007373330801405862,4.0,True,24,316,co2_1986-07-01,2,1.0000000000000004,1.249124357219889,1.2598966284625637,dual persistent load below admissibility threshold,True,7.843505248458822e-18
4.0,0.16666666666666666,0.00011304881643228038,0.9998869511835677,mauna-loa-co2,,4,0.00011304881643228038,0.9998869511835677,-1.249150066897763,1.581182235779417,0.9822465376604573,0.00011105436309152715,4,,True,False,0.9996585765505092,1.2653742932678171,0.0,317,0.8079030056224162,-3.946684880900425,0.007586417972856432,4.0,True,24,317,co2_1986-08-01,2,0.9999999999999997,1.2491500668977626,1.29756547583532,dual persistent load below admissibility threshold,True,2.2207181274195286e-16
4.0,0.16666666666666666,0.00011065780624523366,0.9998893421937548,mauna-loa-co2,,4,0.00011065780624523366,0.9998893421937548,-1.2491527740922832,1.5781125168902368,0.9839853578099963,0.00010889771145454016,4,,True,False,0.9996550838008119,1.2629105366758562,0.0,318,0.8061978394231614,-3.9559698830485606,0.0068881154150542785,4.0,True,24,318,co2_1986-09-01,2,0.9999999999999993,1.249152774092283,1.2588082168182457,dual persistent load below admissibility threshold,True,2.222987345787759e-16
4.0,0.16666666666666666,0.00010452431517501771,0.9998954756848251,mauna-loa-co2,,4,0.00010452431517501771,0.9998954756848251,-1.2489893272166102,1.5975484846320565,0.9846562231854992,0.00010293127623244197,4,,True,False,0.9995110215151901,1.2784475279328835,0.0,319,0.8033489496404121,-3.980737272483632,0.0054020597340168775,4.0,True,24,319,co2_1986-10-01,2,1.0000000000000007,1.24898932721661,1.0844801716837962,dual persistent load below admissibility threshold,True,2.394509643793273e-16
4.0,0.16666666666666666,0.00010002281133627893,0.9998999771886637,mauna-loa-co2,,4,0.00010002281133627893,0.9998999771886637,-1.2489049994453967,1.6259960539708846,0.9847975134086027,9.851206934223146e-05,4,,True,False,0.9994285501801734,1.3011933490060896,0.0,320,0.8141519640451595,-3.9998575013953483,0.005867414411468951,4.0,True,24,320,co2_1986-11-01,2,1.0000000000000007,1.2489049994453973,1.1240650479297605,dual persistent load below admissibility threshold,True,2.2272218060764767e-16
4.0,0.16666666666666666,9.692690795783882e-05,0.9999030730920422,mauna-loa-co2,,4,9.692690795783882e-05,0.9999030730920422,-1.2491034548753908,1.6354213230305552,0.9843405534498478,9.541833482755884e-05,4,,True,False,0.999572382774274,1.3087162494995948,0.0,321,0.8281559489168353,-4.013513544504882,0.007639926697591891,4.0,True,24,321,co2_1986-12-01,2,1.0000000000000004,1.249103454875391,1.299318706286787,dual persistent load below admissibility threshold,True,2.2224143245132913e-16
4.0,0.16666666666666666,9.399504040310097e-05,0.9999060049595969,mauna-loa-co2,,4,9.399504040310097e-05,0.9999060049595969,-1.2491056747979514,1.6367536452137437,0.9843689127143299,9.253449350559576e-05,4,,True,False,0.9995663569237193,1.3097721924868824,0.0,322,0.8298623446637092,-4.026854237660575,0.007557869072675512,4.0,True,24,322,co2_1987-01-01,2,1.0000000000000007,1.2491056747979512,1.2736536282546085,dual persistent load below admissibility threshold,True,1.1102274287199081e-16
4.0,0.16666666666666666,9.104358274710384e-05,0.9999089564172529,mauna-loa-co2,,4,9.104358274710384e-05,0.9999089564172529,-1.2491191168000675,1.6360619269428192,0.9844071548273908,8.963211468621885e-05,4,,True,False,0.9995727654271227,1.3092129667454406,0.0,323,0.8302753218617918,-4.040711118730475,0.007703976023568111,4.0,True,24,323,co2_1987-02-01,2,1.0000000000000009,1.2491191168000677,1.3274811831897526,dual persistent load below admissibility threshold,True,2.2278949204798735e-16
4.0,0.16666666666666666,8.862603599511013e-05,0.9999113739640049,mauna-loa-co2,,4,8.862603599511013e-05,0.9999113739640049,-1.2491400803154877,1.6345028687293288,0.9851944940369247,8.732162165988519e-05,4,,True,False,0.9995872831006315,1.3079624195235908,0.0,324,0.8280651273543982,-4.0524001835845676,0.00799510183233732,4.0,True,24,324,co2_1987-03-01,2,1.0000000000000002,1.2491400803154868,1.4103151233711728,dual persistent load below admissibility threshold,True,1.1535000017634073e-16
4.0,0.16666666666666666,8.638271187898462e-05,0.999913617288121,mauna-loa-co2,,4,8.638271187898462e-05,0.999913617288121,-1.2490462762931953,1.630271570093798,0.9853859703009513,8.512766592073893e-05,4,,True,False,0.9995168582530632,1.304582503280242,0.0,325,0.8212072872285324,-4.063535648777905,0.0072666298281724275,4.0,True,24,325,co2_1987-04-01,2,1.0000000000000007,1.2490462762931962,1.3810035761827155,dual persistent load below admissibility threshold,True,2.220483146110969e-16
4.0,0.16666666666666666,8.433045430388893e-05,0.9999156695456961,mauna-loa-co2,,4,8.433045430388893e-05,0.9999156695456961,-1.2489706566233731,1.6151238791859037,0.9856420827945185,8.312665473165133e-05,4,,True,False,0.999462616795014,1.292469066569941,0.0,326,0.8013444628792912,-4.073978934245887,0.004673961755469138,4.0,True,24,326,co2_1987-05-01,2,1.000000000000001,1.2489706566233736,1.0736817139913044,dual persistent load below admissibility threshold,True,1.1146117930232732e-16
4.0,0.16666666666666666,8.373861756357785e-05,0.9999162613824364,mauna-loa-co2,,4,8.373861756357785e-05,0.9999162613824364,-1.2490380547633468,1.5908558365968402,0.9858844127108797,8.256351155220748e-05,4,,True,False,0.9995175368546686,1.273050329589372,0.0,327,0.7991101803045733,-4.077037844388024,0.004947448093961233,4.0,True,24,327,co2_1987-06-01,2,0.9999999999999998,1.2490380547633464,1.1568961254838113,dual persistent load below admissibility threshold,True,1.1113309367048443e-16
4.0,0.16666666666666666,8.249622189134371e-05,0.9999175037781086,mauna-loa-co2,,4,8.249622189134371e-05,0.9999175037781086,-1.2492461912323751,1.5822335851126592,0.9857596576012451,8.132815671066933e-05,4,,True,False,0.999679629915018,1.2661448927406134,0.0,328,0.8116541195717065,-4.083530111400811,0.008078915152180137,4.0,True,24,328,co2_1987-07-01,2,1.0000000000000007,1.2492461912323753,1.5006171206190493,dual persistent load below admissibility threshold,True,2.23165411266714e-16
4.0,0.16666666666666666,7.941916927840468e-05,0.9999205808307216,mauna-loa-co2,,4,7.941916927840468e-05,0.9999205808307216,-1.2492673408203523,1.581274171296391,0.9862947167305718,7.833692852020837e-05,4,,True,False,0.9996902829558457,1.265369206479064,0.0,329,0.8101230467559594,-4.100040167276033,0.008311460385383558,4.0,True,24,329,co2_1987-08-01,2,1.0000000000000009,1.2492673408203527,1.536430347932694,dual persistent load below admissibility threshold,True,1.1116175120877287e-16
4.0,0.16666666666666666,7.63165716318052e-05,0.9999236834283682,mauna-loa-co2,,4,7.63165716318052e-05,0.9999236834283682,-1.2492699325494876,1.5831027248079974,0.9871412022830857,7.534098204019609e-05,4,,True,False,0.9996864589570188,1.266824979849439,0.0,330,0.8096864912769575,-4.117348002539492,0.007877024737394754,4.0,True,24,330,co2_1987-09-01,2,1.0000000000000002,1.2492699325494871,1.5317405681029728,dual persistent load below admissibility threshold,True,1.1393247681812772e-16
4.0,0.16666666666666666,7.284626975337121e-05,0.9999271537302467,mauna-loa-co2,,4,7.284626975337121e-05,0.9999271537302467,-1.2490798930340228,1.5957723434900717,0.9874746842552966,7.193908771807612e-05,4,,True,False,0.9995272034555549,1.2769542418668194,0.0,331,0.7949249951365777,-4.13756104440267,0.00488703369694361,4.0,True,24,331,co2_1987-10-01,2,1.000000000000001,1.2490798930340228,1.2469056562489647,dual persistent load below admissibility threshold,True,1.114050219296563e-16
4.0,0.16666666666666666,6.84490975440616e-05,0.9999315509024559,mauna-loa-co2,,4,6.84490975440616e-05,0.9999315509024559,-1.2490847858103518,1.6213950163483541,0.9876607623806475,6.760911564758702e-05,4,,True,False,0.9995162709248065,1.2974385076551798,0.0,332,0.8087493469523943,-4.164602545294059,0.006430758626120508,4.0,True,24,332,co2_1987-11-01,2,0.9999999999999999,1.2490847858103515,1.3476603330226615,dual persistent load below admissibility threshold,True,2.2205140843291955e-16
4.0,0.16666666666666666,6.578863760107377e-05,0.9999342113623989,mauna-loa-co2,,4,6.578863760107377e-05,0.9999342113623989,-1.2492386901596992,1.6281902794518548,0.9875031761570222,6.497076292408033e-05,4,,True,False,0.9996243322351289,1.3028563985964308,0.0,333,0.8260867760394874,-4.181820534613324,0.008789498977466783,4.0,True,24,333,co2_1987-12-01,2,1.0000000000000004,1.2492386901596988,1.549819283250306,dual persistent load below admissibility threshold,True,2.2252168514853083e-16
4.0,0.16666666666666666,6.327286761492809e-05,0.999936727132385,mauna-loa-co2,,4,6.327286761492809e-05,0.999936727132385,-1.2492544180892096,1.6285675121551275,0.9876936228711226,6.24981622819815e-05,4,,True,False,0.9996298378308497,1.3031490259304146,0.0,334,0.8303242275672533,-4.198755002334341,0.008801309088774249,4.0,True,24,334,co2_1988-01-01,2,1.0,1.2492544180892087,1.537521630847465,dual persistent load below admissibility threshold,True,2.2204468796715554e-16
4.0,0.16666666666666666,6.056945891775043e-05,0.9999394305410823,mauna-loa-co2,,4,6.056945891775043e-05,0.9999394305410823,-1.2492659688563705,1.6266369488790364,0.9876055676859894,5.982235826676953e-05,4,,True,False,0.9996368866801544,1.3016013690222388,0.0,335,0.8345192867577067,-4.217720000203036,0.009224192976888255,4.0,True,24,335,co2_1988-02-01,2,1.0000000000000004,1.24926596885637,1.6170062977328796,dual persistent load below admissibility threshold,True,1.2144649212504351e-16
4.0,0.16666666666666666,5.701996217097966e-05,0.999942980037829,mauna-loa-co2,,4,5.701996217097966e-05,0.999942980037829,-1.2491930168418917,1.6195141930927615,0.98764966515969,5.631895785043239e-05,4,,True,False,0.999578500832262,1.2959018721548985,0.0,336,0.8203128698718363,-4.243948310991522,0.005988976537961634,4.0,True,24,336,co2_1988-03-01,2,1.000000000000002,1.2491930168418903,1.3787520989721218,dual persistent load below admissibility threshold,True,4.445598268875091e-16
4.0,0.16666666666666666,5.43207804272955e-05,0.9999456792195727,mauna-loa-co2,,4,5.43207804272955e-05,0.9999456792195727,-1.2491957287765845,1.6112703415287521,0.9885016141308995,5.369909611004072e-05,4,,True,False,0.9995814627964333,1.2893063335424435,0.0,337,0.8123218812314633,-4.265010407312808,0.004957723557778342,4.0,True,24,337,co2_1988-04-01,2,1.0000000000000009,1.2491957287765854,1.3218695564470433,dual persistent load below admissibility threshold,True,1.1137438600950648e-16
4.0,0.16666666666666666,5.28034109067792e-05,0.9999471965890933,mauna-loa-co2,,4,5.28034109067792e-05,0.9999471965890933,-1.249202588754684,1.5886637415157598,0.9888701158612426,5.2218472374709275e-05,4,,True,False,0.999590153475889,1.2712210553344996,0.0,338,0.7999127132452581,-4.2773150898931025,0.003732146172631103,4.0,True,24,338,co2_1988-05-01,2,1.000000000000001,1.249202588754684,1.1664781472141583,dual persistent load below admissibility threshold,True,2.3269059586071655e-16
4.0,0.16666666666666666,5.236175673997807e-05,0.99994763824326,mauna-loa-co2,,4,5.236175673997807e-05,0.99994763824326,-1.2492693747447547,1.5676853853784083,0.9890970804492383,5.179357272116105e-05,4,,True,False,0.999640912734719,1.2544311748943173,0.0,339,0.8079816947869055,-4.2809630502543765,0.004980351797301775,4.0,True,24,339,co2_1988-06-01,2,1.0000000000000007,1.2492693747447554,1.4403291681491854,dual persistent load below admissibility threshold,True,2.2343009310998566e-16
4.0,0.16666666666666666,5.1333634358416874e-05,0.9999486663656416,mauna-loa-co2,,4,5.1333634358416874e-05,0.9999486663656416,-1.2494104139673352,1.5587041246231232,0.9890861417566039,5.077599286616277e-05,4,,True,False,0.9997484186045483,1.247237870153606,0.0,340,0.8227831808010287,-4.289575692647165,0.008964991590030764,4.0,True,24,340,co2_1988-07-01,2,1.0000000000000004,1.2494104139673343,1.795725624518164,dual persistent load below admissibility threshold,True,2.253847423410958e-16
4.0,0.16666666666666666,4.8029657287323504e-05,0.9999519703427127,mauna-loa-co2,,4,4.8029657287323504e-05,0.9999519703427127,-1.24943666132664,1.5576471271532113,0.989526379224039,4.752889566746686e-05,4,,True,False,0.9997629170084137,1.2463839774470575,0.0,341,0.8209958083019522,-4.318469652715576,0.009468177291979775,4.0,True,24,341,co2_1988-08-01,2,1.0000000000000007,1.2494366613266399,1.857481966177911,dual persistent load below admissibility threshold,True,4.490762556305882e-16
4.0,0.16666666666666666,4.542910997957831e-05,0.9999545708900204,mauna-loa-co2,,4,4.542910997957831e-05,0.9999545708900204,-1.2493354776224521,1.5612958638982204,0.9895747907776532,4.4957544384484455e-05,4,,True,False,0.9996778157197082,1.2492984205365356,0.0,342,0.8185401065191358,-4.342646041484317,0.007855304038503643,4.0,True,24,342,co2_1988-09-01,2,1.0,1.249335477622452,1.7854764802353966,dual persistent load below admissibility threshold,True,2.2221613155664675e-16
4.0,0.16666666666666666,4.266769739294809e-05,0.9999573323026071,mauna-loa-co2,,4,4.266769739294809e-05,0.9999573323026071,-1.249294929255417,1.5693533362996002,0.9902997689442179,4.22556138193619e-05,4,,True,False,0.9996390374255876,1.2557377939684489,0.0,343,0.7948033240217954,-4.369882262924765,0.003224173153240254,4.0,True,24,343,co2_1988-10-01,2,1.0000000000000004,1.249294929255417,1.3113141494083453,dual persistent load below admissibility threshold,True,2.3677830306848836e-16
4.0,0.16666666666666666,3.920978847951212e-05,0.9999607902115205,mauna-loa-co2,,4,3.920978847951212e-05,0.9999607902115205,-1.2492773850589123,1.594774053899837,0.990449236284441,3.883682783821201e-05,4,,True,False,0.9996137321854168,1.2760641176067613,0.0,344,0.8028473270260221,-4.406588471602804,0.00443684328631008,4.0,True,24,344,co2_1988-11-01,2,1.0000000000000002,1.2492773850589123,1.4008893246031529,dual persistent load below admissibility threshold,True,5.80669664328234e-18
4.0,0.16666666666666666,3.7503402792236424e-05,0.9999624965972077,mauna-loa-co2,,4,3.7503402792236424e-05,0.9999624965972077,-1.2492942368840512,1.607430255052262,0.9904523070724955,3.714672494722775e-05,4,,True,False,0.9996183086144161,1.2861795606923245,0.0,345,0.8157125824240631,-4.425913037863405,0.008693096408290383,4.0,True,24,345,co2_1988-12-01,2,1.0000000000000007,1.2492942368840512,1.8721341543891603,dual persistent load below admissibility threshold,True,2.233579509583737e-16
4.0,0.16666666666666666,3.608330982788798e-05,0.9999639166901721,mauna-loa-co2,,4,3.608330982788798e-05,0.9999639166901721,-1.2493804045651515,1.6140551530813232,0.9906013740043873,3.5745466108860395e-05,4,,True,False,0.9996837810701407,1.2914759607180475,0.0,346,0.8092440875186993,-4.442677961537868,0.00925375821946562,4.0,True,24,346,co2_1989-01-01,2,1.0000000000000004,1.2493804045651509,1.894522632385449,dual persistent load below admissibility threshold,True,1.1103595765110861e-16
4.0,0.16666666666666666,3.4193936568576094e-05,0.9999658060634314,mauna-loa-co2,,4,3.4193936568576094e-05,0.9999658060634314,-1.249387606715021,1.6137006194955084,0.9905840463409422,3.387312630195777e-05,4,,True,False,0.999687869302781,1.2911901201241904,0.0,347,0.8126371550597896,-4.466036047787407,0.009229742846141219,4.0,True,24,347,co2_1989-02-01,2,0.9999999999999997,1.2493876067150207,1.8740287270520428,dual persistent load below admissibility threshold,True,2.2204460843386854e-16
4.0,0.16666666666666666,3.2611145367694265e-05,0.9999673888546323,mauna-loa-co2,,4,3.2611145367694265e-05,0.9999673888546323,-1.2493928008070427,1.6136191276585703,0.9908807949999483,3.231481147081418e-05,4,,True,False,0.9996900730328557,1.2911223936413097,0.0,348,0.810629645535865,-4.486619784576657,0.009113701709313587,4.0,True,24,348,co2_1989-03-01,2,1.0000000000000002,1.2493928008070432,1.9266549940317363,dual persistent load below admissibility threshold,True,1.4395997418606093e-17
4.0,0.16666666666666666,3.078974756925855e-05,0.9999692102524307,mauna-loa-co2,,4,3.078974756925855e-05,0.9999692102524307,-1.249379595765135,1.6073960650841534,0.9912441340535894,3.052109640387211e-05,4,,True,False,0.9996754875841106,1.2861378964010635,0.0,349,0.8127499948565402,-4.511580499636235,0.007909436015094699,4.0,True,24,349,co2_1989-04-01,2,1.0000000000000004,1.2493795957651348,1.8920397527461492,dual persistent load below admissibility threshold,True,7.338015384412006e-18
4.0,0.16666666666666666,2.9316489332778323e-05,0.9999706835106672,mauna-loa-co2,,4,2.9316489332778323e-05,0.9999706835106672,-1.2493462280860204,1.5922140796355866,0.9914771499756945,2.9067481447465687e-05,4,,True,False,0.9996473495962314,1.2739883860184256,0.0,350,0.8027151383077998,-4.532875305766335,0.004234630549769397,4.0,True,24,350,co2_1989-05-01,2,1.0000000000000007,1.2493462280860204,1.5235012832429007,dual persistent load below admissibility threshold,True,1.138041251360479e-16
4.0,0.16666666666666666,2.915186478918699e-05,0.9999708481352109,mauna-loa-co2,,4,2.915186478918699e-05,0.9999708481352109,-1.2493893847002668,1.5780278049830476,0.9915825067618473,2.8907321866782944e-05,4,,True,False,0.9996793723870017,1.2626342635952075,0.0,351,0.8105957390213038,-4.535320998348179,0.005287646517758077,4.0,True,24,351,co2_1989-06-01,2,1.0000000000000004,1.249389384700267,1.7348356412802068,dual persistent load below admissibility threshold,True,4.448233696926724e-16
4.0,0.16666666666666666,2.798672574856641e-05,0.9999720132742514,mauna-loa-co2,,4,2.798672574856641e-05,0.9999720132742514,-1.2494926051062516,1.5675198382464801,0.9917649608678027,2.7757030795253356e-05,4,,True,False,0.9997566398225551,1.2542198008504686,0.0,352,0.8194039582719266,-4.553035753332216,0.008046721642751187,4.0,True,24,352,co2_1989-07-01,2,1.0000000000000004,1.2494926051062507,2.003024007366294,dual persistent load below admissibility threshold,True,2.2339899649233903e-16
4.0,0.16666666666666666,2.649724356075174e-05,0.9999735027564393,mauna-loa-co2,,4,2.649724356075174e-05,0.9999735027564393,-1.2495171351939915,1.560377249716427,0.9918454594693153,2.6281867111218245e-05,4,,True,False,0.9997689017689038,1.2484956031050964,0.0,353,0.8144121548079616,-4.576787794478367,0.007831800325711886,4.0,True,24,353,co2_1989-08-01,2,1.0000000000000004,1.2495171351939909,2.0219503859610937,dual persistent load below admissibility threshold,True,2.2207529867742826e-16
4.0,0.16666666666666666,2.5311804405115724e-05,0.9999746881955949,mauna-loa-co2,,4,2.5311804405115724e-05,0.9999746881955949,-1.2494705947342508,1.557089199518933,0.9921357832930684,2.5113382555057614e-05,4,,True,False,0.9997278534741891,1.2458600063605278,0.0,354,0.810473028112358,-4.596665901228192,0.006416789489858112,4.0,True,24,354,co2_1989-09-01,2,1.0000000000000007,1.2494705947342508,1.939545899200146,dual persistent load below admissibility threshold,True,2.220657820928183e-16
4.0,0.16666666666666666,2.3589212304773802e-05,0.9999764107876953,mauna-loa-co2,,4,2.3589212304773802e-05,0.9999764107876953,-1.2494044006916574,1.5732366692114574,0.9926118004439672,2.341548284969267e-05,4,,True,False,0.9996713645801443,1.2587754989877555,0.0,355,0.7862908532585539,-4.627276316126278,0.00244022081649647,4.0,True,24,355,co2_1989-10-01,2,1.0000000000000007,1.249404400691658,1.351844830537268,dual persistent load below admissibility threshold,True,2.2339648154827574e-16
4.0,0.16666666666666666,2.190913406633936e-05,0.9999780908659337,mauna-loa-co2,,4,2.190913406633936e-05,0.9999780908659337,-1.2494014871322958,1.6139405538457554,0.9925990781757701,2.1747462745954714e-05,4,,True,False,0.9996620548714505,1.2913344086062999,0.0,356,0.7957341196564506,-4.6593652719763705,0.003270949475452841,4.0,True,24,356,co2_1989-11-01,2,1.0,1.249401487132296,1.5663444434048799,dual persistent load below admissibility threshold,True,2.2226768697076464e-16
4.0,0.16666666666666666,2.1327384113529755e-05,0.9999786726158865,mauna-loa-co2,,4,2.1327384113529755e-05,0.9999786726158865,-1.2494367925771344,1.630832629623185,0.9924713249545483,2.116726861143777e-05,4,,True,False,0.9996828602062825,1.3048402587350496,0.0,357,0.8124193699356422,-4.671053146724533,0.005180954582308604,4.0,True,24,357,co2_1989-12-01,2,1.0000000000000009,1.2494367925771357,1.8318156626249475,dual persistent load below admissibility threshold,True,3.3324165772278883e-16
4.0,0.16666666666666666,2.0830847318525827e-05,0.9999791691526815,mauna-loa-co2,,4,2.0830847318525827e-05,0.9999791691526815,-1.2495220917538978,1.6371613253461645,0.9925515638474073,2.067612078338456e-05,4,,True,False,0.999745062427955,1.3098959691984406,0.0,358,0.8267442140845033,-4.681284017452212,0.007250017712960267,4.0,True,24,358,co2_1990-01-01,2,1.0000000000000007,1.2495220917538974,2.001369665385319,dual persistent load below admissibility threshold,True,4.44141151308964e-16
4.0,0.16666666666666666,1.978206040088646e-05,0.9999802179395991,mauna-loa-co2,,4,1.978206040088646e-05,0.9999802179395991,-1.2495327021776195,1.6380456323864259,0.9927381127276542,1.963879380404572e-05,4,,True,False,0.9997511411461545,1.3106003447319263,0.0,359,0.8298797174223912,-4.70371988510813,0.006921129180207876,4.0,True,24,359,co2_1990-02-01,2,0.9999999999999997,1.2495327021776204,1.9596984739863474,dual persistent load below admissibility threshold,True,1.1107648826168718e-16
4.0,0.16666666666666666,1.9077350996162386e-05,0.9999809226490038,mauna-loa-co2,,4,1.9077350996162386e-05,0.9999809226490038,-1.249521122055876,1.6365110333929258,0.9926507389639856,1.89375078413e-05,4,,True,False,0.9997426110679817,1.30937347491485,0.0,360,0.8320246890983031,-4.71947364455429,0.006604146969712467,4.0,True,24,360,co2_1990-03-01,2,1.0000000000000004,1.249521122055876,1.9570664647704188,dual persistent load below admissibility threshold,True,1.111442433311423e-16
4.0,0.16666666666666666,1.8277433088315866e-05,0.9999817225669116,mauna-loa-co2,,4,1.8277433088315866e-05,0.9999817225669116,-1.2494888354180131,1.6314704904462458,0.9930211218676452,1.8150208849448024e-05,4,,True,False,0.9997177003870693,1.305341737137359,0.0,361,0.8232308854793337,-4.738076859464403,0.005139055876773653,4.0,True,24,361,co2_1990-04-01,2,1.0000000000000002,1.2494888354180131,1.8424351355710202,dual persistent load below admissibility threshold,True,7.83889757359547e-18
4.0,0.16666666666666666,1.787668692572771e-05,0.9999821233130742,mauna-loa-co2,,4,1.787668692572771e-05,0.9999821233130742,-1.2494670317355574,1.620639089124454,0.9931826322510996,1.7755132379765944e-05,4,,True,False,0.9997026536285458,1.2966786292243389,0.0,362,0.812785018424437,-4.747705201768787,0.004391745907690664,4.0,True,24,362,co2_1990-05-01,2,1.0000000000000004,1.2494670317355572,1.729099120327993,dual persistent load below admissibility threshold,True,4.443604827759238e-16
4.0,0.16666666666666666,1.7915645572530506e-05,0.9999820843544275,mauna-loa-co2,,4,1.7915645572530506e-05,0.9999820843544275,-1.249479190910478,1.602913093662506,0.9932552093120437,1.7795127104294295e-05,4,,True,False,0.9997137551667248,1.2824977636510855,0.0,363,0.805077203138169,-4.746759757109009,0.0045906818024212944,4.0,True,24,363,co2_1990-06-01,2,1.0000000000000007,1.2494791909104777,1.8179341457113425,dual persistent load below admissibility threshold,True,2.22267967300058e-16
4.0,0.16666666666666666,1.749361625544451e-05,0.9999825063837446,mauna-loa-co2,,4,1.749361625544451e-05,0.9999825063837446,-1.2495213864405708,1.594467558691922,0.9931012221505094,1.7373235603830727e-05,4,,True,False,0.9997446872440154,1.2757368445898147,0.0,364,0.8074554296136129,-4.757112807056383,0.006152795346987153,4.0,True,24,364,co2_1990-07-01,2,1.0000000000000004,1.24952138644057,2.035010792245638,dual persistent load below admissibility threshold,True,1.1227622627871857e-16
4.0,0.16666666666666666,1.6969964151480814e-05,0.9999830300358485,mauna-loa-co2,,4,1.6969964151480814e-05,0.9999830300358485,-1.2495353220567293,1.5890803152905926,0.9933538467137981,1.6857465239049513e-05,4,,True,False,0.9997518158689247,1.2714213857983332,0.0,365,0.8037923817451816,-4.770311705090559,0.006187399558316634,4.0,True,24,365,co2_1990-08-01,2,1.0000000000000007,1.2495353220567293,2.0666122818666612,dual persistent load below admissibility threshold,True,2.2250580658815233e-16
4.0,0.16666666666666666,1.6766903385862544e-05,0.9999832330966142,mauna-loa-co2,,4,1.6766903385862544e-05,0.9999832330966142,-1.2495396493456625,1.5888430604264083,0.9937340639732944,1.6662122414077495e-05,4,,True,False,0.9997536981591391,1.2712295494485504,0.0,366,0.8036347009352527,-4.775539856311287,0.005536857540363895,4.0,True,24,366,co2_1990-09-01,2,1.0000000000000004,1.2495396493456628,2.0218220204673183,dual persistent load below admissibility threshold,True,2.2255774596552884e-16
4.0,0.16666666666666666,1.5520563675336073e-05,0.9999844794363247,mauna-loa-co2,,4,1.5520563675336073e-05,0.9999844794363247,-1.2494460143524164,1.6071165493348403,0.9937466466104847,1.542374749112477e-05,4,,True,False,0.9996769303873229,1.285847744007102,0.0,367,0.7870714498381608,-4.809085769550809,0.002740891507606869,4.0,True,24,367,co2_1990-10-01,2,1.0000000000000013,1.2494460143524166,1.6280185559017288,dual persistent load below admissibility threshold,True,1.1114439688478707e-16
4.0,0.16666666666666666,1.4919454507331472e-05,0.9999850805454926,mauna-loa-co2,,4,1.4919454507331472e-05,0.9999850805454926,-1.2494768233354645,1.6297950460963198,0.9937163126318131,1.4825926514239673e-05,4,,True,False,0.9996973262767155,1.3039871724968248,0.0,368,0.7992161338998618,-4.826240575983257,0.004174354837555698,4.0,True,24,368,co2_1990-11-01,2,1.0000000000000007,1.2494768233354645,1.9155881766216325,dual persistent load below admissibility threshold,True,7.52941633105367e-18
4.0,0.16666666666666666,1.4816259209079988e-05,0.9999851837407909,mauna-loa-co2,,4,1.4816259209079988e-05,0.9999851837407909,-1.2495616617795746,1.6380914826290724,0.9935387269005802,1.4720745418398198e-05,4,,True,False,0.9997599073955157,1.310618146403661,0.0,369,0.8131881024795519,-4.829254997986731,0.005816750411410201,4.0,True,24,369,co2_1990-12-01,2,1.0000000000000009,1.2495616617795748,2.068983218935056,dual persistent load below admissibility threshold,True,3.3333506367725984e-16
4.0,0.16666666666666666,0.00443376424298156,0.9955662357570184,enso-pacific-sst,,4,0.00443376424298156,0.9955662357570184,-1.2300912241097592,1.466201859837417,0.711185950263739,0.003167273781630956,4,,True,False,0.99284289474597,1.1834147502811672,0.0,0,0.7896541334741939,-2.35129756265165,0.03671520141699007,4.0,True,24,0,enso_1952-01-01,3,1.0000000000000002,1.2300912241097584,0.23000850275294557,dual persistent load below admissibility threshold,True,2.2204871922868106e-16
4.0,0.16666666666666666,0.004112313371427997,0.995887686628572,enso-pacific-sst,,4,0.004112313371427997,0.995887686628572,-1.2296887079101986,1.4719912641508142,0.7245228548022536,0.0029917681117185247,4,,True,False,0.9929676771967041,1.188625818075264,0.0,1,0.792840187117287,-2.3841241608165378,0.03529880661476231,4.0,True,24,1,enso_1952-02-01,3,1.0000000000000004,1.2296887079101988,0.25435774151290697,dual persistent load below admissibility threshold,True,3.444478470754503e-16
4.0,0.16666666666666666,0.003571735986499165,0.9964282640135008,enso-pacific-sst,,4,0.003571735986499165,0.9964282640135008,-1.2310109165782572,1.4783971530696913,0.6954901038418959,0.00249301141071655,4,,True,False,0.9938379989144657,1.1935615260762151,0.0,2,0.7864487851953336,-2.4455666884678915,0.03203913333259365,4.0,True,24,2,enso_1952-03-01,3,1.0000000000000002,1.2310109165782575,0.2954855862276055,dual persistent load below admissibility threshold,True,2.3866449086648807e-16
4.0,0.16666666666666666,0.0034972889491391105,0.9965027110508609,enso-pacific-sst,,4,0.0034972889491391105,0.9965027110508609,-1.2301272419356073,1.4838028628849842,0.6941161072410971,0.002436044141529533,4,,True,False,0.9936399600197536,1.1985474080179823,0.0,3,0.7713349000172761,-2.454746968974764,0.03048934865837911,4.0,True,24,3,enso_1952-04-01,3,1.0,1.230127241935607,0.3316823810190849,dual persistent load below admissibility threshold,True,3.743368814277356e-16
4.0,0.16666666666666666,0.003523590900931644,0.9964764090990683,enso-pacific-sst,,4,0.003523590900931644,0.9964764090990683,-1.2318451853645072,1.4934689446571145,0.6872353770515525,0.002430098996088157,4,,True,False,0.9958058196355434,1.207298680226963,0.0,4,0.7472805751318029,-2.451481541707154,0.026169771333439788,4.0,True,24,4,enso_1952-05-01,3,1.0000000000000004,1.2318451853645063,0.19225274964038325,dual persistent load below admissibility threshold,True,9.207215831113297e-17
4.0,0.16666666666666666,0.004097856343515896,0.9959021436564841,enso-pacific-sst,,4,0.004097856343515896,0.9959021436564841,-1.231306038180439,1.5027427715559318,0.6660693715726833,0.0027406875433559023,4,,True,False,0.996515665229047,1.2161937538113106,0.0,5,0.7371828619843382,-2.3856599376915484,0.0278184729616512,4.0,True,24,5,enso_1952-06-01,3,0.9999999999999996,1.2313060381804395,0.2613997910501213,dual persistent load below admissibility threshold,True,1.1256065452701372e-16
4.0,0.16666666666666666,0.004394361204629752,0.9956056387953702,enso-pacific-sst,,4,0.004394361204629752,0.9956056387953702,-1.2306179778367814,1.5099969059730076,0.6606275604388994,0.002915849417862292,4,,True,False,0.9963598406061024,1.2225567183697668,0.0,6,0.7346090162436829,-2.3551915957642056,0.028469418980670885,4.0,True,24,6,enso_1952-07-01,3,1.000000000000001,1.2306179778367827,0.2776929355153631,dual persistent load below admissibility threshold,True,2.2749963058945685e-16
4.0,0.16666666666666666,0.004019056851989614,0.9959809431480103,enso-pacific-sst,,4,0.004019056851989614,0.9959809431480103,-1.23144934177142,1.5153288330981671,0.6519908994570862,0.0026309624796791563,4,,True,False,0.9971395633149676,1.2270048630181933,0.0,7,0.7497454062125929,-2.3941268792268833,0.02772150705496923,4.0,True,24,7,enso_1952-08-01,3,1.000000000000001,1.23144934177142,0.2403253928799155,dual persistent load below admissibility threshold,True,3.0807806249063644e-16
4.0,0.16666666666666666,0.003910528502208803,0.9960894714977911,enso-pacific-sst,,4,0.003910528502208803,0.9960894714977911,-1.2323658802214603,1.5184767445389389,0.6398446179538199,0.0025119536819628594,4,,True,False,0.998034562722087,1.2297421553631775,0.0,8,0.7618842393322595,-2.406062894074798,0.028100804163245497,4.0,True,24,8,enso_1952-09-01,3,0.9999999999999998,1.2323658802214605,0.22137618100592282,dual persistent load below admissibility threshold,True,2.685719411590769e-16
4.0,0.16666666666666666,0.0035470454146239454,0.9964529545853761,enso-pacific-sst,,4,0.0035470454146239454,0.9964529545853761,-1.2310026293538963,1.521586418296638,0.5881848967668653,0.002093745150162242,4,,True,False,0.996990797472247,1.2323350254716525,0.0,9,0.7601880528548365,-2.448590050226529,0.026363681226004524,4.0,True,24,9,enso_1952-10-01,3,1.0000000000000009,1.2310026293538974,0.19977891342210813,dual persistent load below admissibility threshold,True,2.381742898221522e-16
4.0,0.16666666666666666,0.0031287579873641785,0.9968712420126359,enso-pacific-sst,,4,0.0031287579873641785,0.9968712420126359,-1.2229103846599525,1.5142426738958152,0.5231440303907724,0.0016419282597844973,4,,True,False,0.990060843760986,1.225921701362487,0.0,10,0.7450445540299646,-2.5032670962225616,0.02332651787452853,4.0,True,24,10,enso_1952-11-01,3,1.0000000000000002,1.2229103846599532,0.15976089967960994,dual persistent load below admissibility threshold,True,1.7873828302560992e-16
4.0,0.16666666666666666,0.0037354874452047724,0.9962645125547952,enso-pacific-sst,,4,0.0037354874452047724,0.9962645125547952,-1.2328644982191994,1.5339630512995774,0.6658529572956196,0.0024966114229562643,4,,True,False,0.9974491270738195,1.2410529370359222,0.0,11,0.7461766144976737,-2.426027379700168,0.025417096649619532,4.0,True,24,11,enso_1952-12-01,3,1.0000000000000002,1.2328644982191999,0.21043534658910046,dual persistent load below admissibility threshold,True,2.2300097883474274e-16
4.0,0.16666666666666666,0.003647674184069856,0.9963523258159301,enso-pacific-sst,,4,0.003647674184069856,0.9963523258159301,-1.2325805534778156,1.5265550835717145,0.6439459745954372,0.0023575045158286964,4,,True,False,0.9963615637210982,1.2339970851254232,0.0,12,0.7565171270258296,-2.4363968993959717,0.025524379140935537,4.0,True,24,12,enso_1953-01-01,3,1.0000000000000002,1.2325805534778165,0.2087466438468917,dual persistent load below admissibility threshold,True,1.9583959217801148e-16
4.0,0.16666666666666666,0.003293879297184241,0.9967061207028157,enso-pacific-sst,,4,0.003293879297184241,0.9967061207028157,-1.2321239896222287,1.5192639431425659,0.6737109098242051,0.0022264560957971444,4,,True,False,0.9954781758146127,1.2274690789554221,0.0,13,0.7566801294078418,-2.48085944465383,0.023891659128453886,4.0,True,24,13,enso_1953-02-01,3,1.0000000000000009,1.232123989622229,0.1789225843144656,dual persistent load below admissibility threshold,True,2.4961509737687306e-16
4.0,0.16666666666666666,0.002664354043309309,0.9973356459566907,enso-pacific-sst,,4,0.002664354043309309,0.9973356459566907,-1.2152259670857315,1.5002192392076334,0.5352890946747835,0.0014300097159046811,4,,True,False,0.9818450737038974,1.2121061509442779,0.0,14,0.7491193124344616,-2.573249407490092,0.02088024822751829,4.0,True,24,14,enso_1953-03-01,3,1.0000000000000002,1.2152259670857315,0.16974009740111232,dual persistent load below admissibility threshold,True,2.223516686649377e-16
4.0,0.16666666666666666,0.002369360862230702,0.9976306391377693,enso-pacific-sst,,4,0.002369360862230702,0.9976306391377693,-1.2263211869553718,1.5071283915465292,0.5976651632503203,0.0014194476301849783,4,,True,False,0.9903074603048841,1.2170714374521723,0.0,15,0.7465598274923755,-2.6243385683053293,0.0183612245648349,4.0,True,24,15,enso_1953-04-01,3,1.0000000000000002,1.2263211869553716,0.14471555957635135,dual persistent load below admissibility threshold,True,2.335507642971043e-16
4.0,0.16666666666666666,0.002062528321934768,0.9979374716780651,enso-pacific-sst,,4,0.002062528321934768,0.9979374716780651,-1.2260371384166053,1.4817831807698365,0.617300962693898,0.0012758321586750648,4,,True,False,0.9894095284209261,1.1957960751506769,0.0,16,0.7501546214027638,-2.684703409463034,0.017055085948731407,4.0,True,24,16,enso_1953-05-01,3,1.000000000000001,1.2260371384166064,0.17276695518299331,dual persistent load below admissibility threshold,True,2.25526381650907e-16
4.0,0.16666666666666666,0.0023477749613875928,0.9976522250386125,enso-pacific-sst,,4,0.0023477749613875928,0.9976522250386125,-1.2339778606626663,1.4882353005806688,0.7672976058642433,0.001805681440655329,4,,True,False,0.9955711929157773,1.2007056534570235,0.0,17,0.7682169192589224,-2.6283227088531866,0.01909980101758916,4.0,True,24,17,enso_1953-06-01,3,1.0000000000000007,1.2339778606626663,0.20246554604329658,dual persistent load below admissibility threshold,True,1.3418066578226605e-16
4.0,0.16666666666666666,0.0024758448363072444,0.9975241551636927,enso-pacific-sst,,4,0.0024758448363072444,0.9975241551636927,-1.2338838647350165,1.4978463667518123,0.7214293831780181,0.0017905804123695746,4,,True,False,0.996118108505622,1.209215820324594,0.0,18,0.7597690441921239,-2.6051999974498576,0.01888059133521046,4.0,True,24,18,enso_1953-07-01,3,1.000000000000001,1.2338838647350157,0.1360267743175269,dual persistent load below admissibility threshold,True,3.4281887010241887e-16
4.0,0.16666666666666666,0.002620023555317533,0.9973799764446823,enso-pacific-sst,,4,0.002620023555317533,0.9973799764446823,-1.231116710470428,1.5088408327678564,0.6730468887328064,0.0017680309851407314,4,,True,False,0.9947065353934689,1.219099557709043,0.0,19,0.7722468516655385,-2.5805554491452587,0.021847756340218714,4.0,True,24,19,enso_1953-08-01,3,1.0000000000000002,1.2311167104704284,0.26390818043146275,dual persistent load below admissibility threshold,True,2.2226921132042556e-16
4.0,0.16666666666666666,0.003202896633128025,0.996797103366872,enso-pacific-sst,,4,0.003202896633128025,0.996797103366872,-1.2335202293931926,1.5163221364575752,0.726218867635878,0.002333477854428428,4,,True,False,0.9968620486481435,1.2254067305432146,0.0,20,0.7732042136629299,-2.4930638443501905,0.02470928026665226,4.0,True,24,20,enso_1953-09-01,3,1.0000000000000007,1.2335202293931935,0.2616801180175827,dual persistent load below admissibility threshold,True,2.36622708109788e-16
4.0,0.16666666666666666,0.0032284891943830697,0.996771510805617,enso-pacific-sst,,4,0.0032284891943830697,0.996771510805617,-1.232521922778512,1.516979110828218,0.7191285738547937,0.0023292186874260185,4,,True,False,0.9959636946837838,1.2258249464420266,0.0,21,0.771871015639455,-2.489596279539047,0.02521416859218955,4.0,True,24,21,enso_1953-10-01,3,1.0000000000000002,1.232521922778512,0.2862937184672206,dual persistent load below admissibility threshold,True,2.379060141741479e-16
4.0,0.16666666666666666,0.003671468883144823,0.9963285311168552,enso-pacific-sst,,4,0.003671468883144823,0.9963285311168552,-1.2298184416177773,1.5203456906516928,0.638514764891595,0.0023529257845302754,4,,True,False,0.9940096383481614,1.2288303858420766,0.0,22,0.7662694038509748,-2.4335627152862926,0.02669450194283792,4.0,True,24,22,enso_1953-11-01,3,1.0000000000000007,1.2298184416177773,0.24546861513160786,dual persistent load below admissibility threshold,True,2.364958030755361e-16
4.0,0.16666666666666666,0.005272805383228307,0.9947271946167716,enso-pacific-sst,,4,0.005272805383228307,0.9947271946167716,-1.2304958970057518,1.5252040228902881,0.7023296056465504,0.0037228773330967965,4,,True,False,0.9945811456881876,1.2327868529961987,0.0,23,0.7707477650675779,-2.275662249158644,0.033992092388602346,4.0,True,24,23,enso_1953-12-01,3,1.0000000000000007,1.2304958970057516,0.26472311132010107,dual persistent load below admissibility threshold,True,2.232450759498485e-16
4.0,0.16666666666666666,0.004922720558222748,0.9950772794417773,enso-pacific-sst,,4,0.004922720558222748,0.9950772794417773,-1.2289034656802456,1.529320413016908,0.6273483870125036,0.003103538655456788,4,,True,False,0.9937518759593122,1.2366838175829977,0.0,24,0.7654889090082931,-2.3056516266910108,0.032496813963166934,4.0,True,24,24,enso_1954-01-01,3,1.000000000000001,1.2289034656802453,0.2827632837833615,dual persistent load below admissibility threshold,True,1.449291263947385e-16
4.0,0.16666666666666666,0.003562321289665104,0.996437678710335,enso-pacific-sst,,4,0.003562321289665104,0.996437678710335,-1.2202519205033666,1.485454380522644,0.5390194597656743,0.0019270251798910914,4,,True,False,0.9871904034515264,1.201740627961536,0.0,25,0.7292032878259809,-2.4467170549424893,0.02422236792236531,4.0,True,24,25,enso_1954-02-01,3,1.000000000000001,1.2202519205033666,0.21295862122468898,dual persistent load below admissibility threshold,True,1.4437512582323816e-16
4.0,0.16666666666666666,0.0036349533554754015,0.9963650466445246,enso-pacific-sst,,4,0.0036349533554754015,0.9963650466445246,-1.2256275046820075,1.5210969525973244,0.600119839647499,0.0021893658676209083,4,,True,False,0.9920639910282988,1.231226867682123,0.0,26,0.7306544715699337,-2.437919641434152,0.024730036286328225,4.0,True,24,26,enso_1954-03-01,3,0.9999999999999999,1.225627504682008,0.19327842465577602,dual persistent load below admissibility threshold,True,2.369451803298395e-16
4.0,0.16666666666666666,0.004004335313270137,0.9959956646867298,enso-pacific-sst,,4,0.004004335313270137,0.9959956646867298,-1.231121232996424,1.533089747714202,0.6807872687850463,0.00273706060967457,4,,True,False,0.9970525989270502,1.2416089304434088,0.0,27,0.7327652234356522,-2.3957270109650923,0.027116298756793254,4.0,True,24,27,enso_1954-04-01,3,1.0000000000000007,1.2311212329964254,0.24605587803285398,dual persistent load below admissibility threshold,True,2.9749824351177142e-16
4.0,0.16666666666666666,0.004402203445359335,0.9955977965546406,enso-pacific-sst,,4,0.004402203445359335,0.9955977965546406,-1.2296291803721144,1.469655932186502,0.6570892819906342,0.0029054309994438667,4,,True,False,0.99668301553085,1.1912380819078874,0.0,28,0.7035036288784214,-2.354413817405527,0.025645242362724256,4.0,True,24,28,enso_1954-05-01,3,1.0,1.229629180372115,0.0630532730157304,dual persistent load below admissibility threshold,True,3.351151099440707e-16
4.0,0.16666666666666666,0.004912044218276428,0.9950879557817236,enso-pacific-sst,,4,0.004912044218276428,0.9950879557817236,-1.2302308020857053,1.4643024827651998,0.6438200051978906,0.0031780832194462805,4,,True,False,0.9973685895536929,1.1871343974150912,0.0,29,0.7353559516358132,-2.306599202038533,0.0307608223676971,4.0,True,24,29,enso_1954-06-01,3,1.0,1.2302308020857058,0.06763070472642096,dual persistent load below admissibility threshold,True,2.9649244528755554e-16
4.0,0.16666666666666666,0.005393447402417798,0.9946065525975822,enso-pacific-sst,,4,0.005393447402417798,0.9946065525975822,-1.230643875630895,1.4682887675556915,0.6541513643817181,0.0035472629531731197,4,,True,False,0.9979779206685766,1.1906935874808244,0.0,30,0.7649666413240708,-2.2657848682997224,0.03597364591320514,4.0,True,24,30,enso_1954-07-01,3,1.0000000000000007,1.2306438756308953,0.08674298640906371,dual persistent load below admissibility threshold,True,5.164146042108449e-16
4.0,0.16666666666666666,0.005873739742082139,0.9941262602579178,enso-pacific-sst,,4,0.005873739742082139,0.9941262602579178,-1.2309287968559042,1.4656009419005493,0.6494801958993247,0.003837417630794119,4,,True,False,0.9981522698280778,1.1884464077506283,0.0,31,0.7832558766989373,-2.2285268464396495,0.04029722608155193,4.0,True,24,31,enso_1954-08-01,3,1.0000000000000007,1.2309287968559042,0.09701369451570128,dual persistent load below admissibility threshold,True,2.042817445811141e-16
4.0,0.16666666666666666,0.00622806034390019,0.9937719396560999,enso-pacific-sst,,4,0.00622806034390019,0.9937719396560999,-1.23027355812593,1.4687101768674575,0.6436000967051262,0.0040335011280421594,4,,True,False,0.9977564751323172,1.1911294682253406,0.0,32,0.7977445450663401,-2.2029339179452117,0.04374848288848206,4.0,True,24,32,enso_1954-09-01,3,1.0000000000000004,1.2302735581259296,0.12353780042944747,dual persistent load below admissibility threshold,True,1.5164023022158577e-16
4.0,0.16666666666666666,0.00672940774909393,0.9932705922509061,enso-pacific-sst,,4,0.00672940774909393,0.9932705922509061,-1.2303492053756142,1.4686052010402362,0.6364118510704669,0.004311689962051129,4,,True,False,0.9975721328947239,1.1907510618781845,0.0,33,0.7995694600716294,-2.169090733587136,0.046494995134337545,4.0,True,24,33,enso_1954-10-01,3,1.0000000000000004,1.230349205375615,0.14934641078606614,dual persistent load below admissibility threshold,True,2.3638997490415975e-16
4.0,0.16666666666666666,0.007133913607152298,0.9928660863928477,enso-pacific-sst,,4,0.007133913607152298,0.9928660863928477,-1.2294359935938275,1.4666029898052677,0.6469637651819014,0.004648545932849477,4,,True,False,0.9968431188458188,1.189141285991243,0.0,34,0.7861716701679485,-2.143562830972054,0.0472488741527038,4.0,True,24,34,enso_1954-11-01,3,0.9999999999999999,1.2294359935938275,0.16455197537679817,dual persistent load below admissibility threshold,True,2.225907785775367e-16
4.0,0.16666666666666666,0.007962104563669765,0.9920378954363303,enso-pacific-sst,,4,0.007962104563669765,0.9920378954363303,-1.2294535426274986,1.4664695479300458,0.6503301303945805,0.005219555142930496,4,,True,False,0.9965627173724497,1.1886816597444219,0.0,35,0.7838532750741908,-2.095500385609765,0.050567429281991566,4.0,True,24,35,enso_1954-12-01,3,1.0000000000000016,1.2294535426274986,0.18907452500726207,dual persistent load below admissibility threshold,True,1.4223890697179123e-16
4.0,0.16666666666666666,0.008121692760713827,0.9918783072392862,enso-pacific-sst,,4,0.008121692760713827,0.9918783072392862,-1.2287542615185947,1.4656580249551205,0.6866082552037946,0.0056220821193841515,4,,True,False,0.9959681147761013,1.1879907201436184,0.0,36,0.759663712388712,-2.08681183584077,0.04910562310582044,4.0,True,24,36,enso_1955-01-01,3,1.0000000000000002,1.228754261518596,0.2185227705584583,dual persistent load below admissibility threshold,True,2.4109475233547603e-16
4.0,0.16666666666666666,0.007048672409762788,0.9929513275902372,enso-pacific-sst,,4,0.007048672409762788,0.9929513275902372,-1.231350540402575,1.4678408762492612,0.7029154849899502,0.004989792397446013,4,,True,False,0.997700701790898,1.1893167902232498,0.0,37,0.7639771154037186,-2.148820633800014,0.04630223323219344,4.0,True,24,37,enso_1955-02-01,3,1.0000000000000007,1.231350540402575,0.19014083389517308,dual persistent load below admissibility threshold,True,2.848091284574788e-16
4.0,0.16666666666666666,0.007001415221276459,0.9929985847787236,enso-pacific-sst,,4,0.007001415221276459,0.9929985847787236,-1.2323432832656407,1.4672035581164562,0.7683148074651924,0.005417219188602966,4,,True,False,0.9984576196016897,1.1887439092669663,0.0,38,0.7886123256620362,-2.1517627951439335,0.04959527686949925,4.0,True,24,38,enso_1955-03-01,3,1.0000000000000007,1.2323432832656402,0.1842413432665214,dual persistent load below admissibility threshold,True,1.1323254459773523e-16
4.0,0.16666666666666666,0.007052054743331613,0.9929479452566683,enso-pacific-sst,,4,0.007052054743331613,0.9929479452566683,-1.2304374873681871,1.4651435409103484,0.7660331294382916,0.00544047408508214,4,,True,False,0.9971670913281407,1.1873767973314422,0.0,39,0.7912709168735425,-2.1486108064862073,0.050687680991776,4.0,True,24,39,enso_1955-04-01,3,1.000000000000001,1.2304374873681863,0.17001045906796905,dual persistent load below admissibility threshold,True,2.8794140635944547e-16
4.0,0.16666666666666666,0.007828716361347193,0.9921712836386529,enso-pacific-sst,,4,0.007828716361347193,0.9921712836386529,-1.2291944758328892,1.4667928988524128,0.7369400573686445,0.005814817239313705,4,,True,False,0.997007464318408,1.1897250577653158,0.0,40,0.7935367123447356,-2.1028960944952906,0.05480891593539266,4.0,True,24,40,enso_1955-05-01,3,1.0000000000000002,1.2291944758328894,0.1484968899309709,dual persistent load below admissibility threshold,True,9.128671314602081e-17
4.0,0.16666666666666666,0.010291803058330053,0.98970819694167,enso-pacific-sst,,4,0.010291803058330053,0.98970819694167,-1.2214370012807025,1.4619479267046764,0.7642273545943539,0.007947067074495705,4,,True,False,0.9919577114795107,1.1872822897584001,0.0,41,0.812787636027801,-1.983015700130528,0.06754681826047594,4.0,True,24,41,enso_1955-06-01,3,1.000000000000001,1.2214370012807032,0.17613539622847185,dual persistent load below admissibility threshold,True,7.679936161058724e-17
4.0,0.16666666666666666,0.011540225408139959,0.9884597745918601,enso-pacific-sst,,4,0.011540225408139959,0.9884597745918601,-1.2174396157369545,1.4602263926713885,0.7342786029460621,0.008572671147766744,4,,True,False,0.9898408620687402,1.187238966642656,0.0,42,0.8118993473898084,-1.9327447086687086,0.07200450052638624,4.0,True,24,42,enso_1955-07-01,3,1.000000000000001,1.2174396157369534,0.15057414575131767,dual persistent load below admissibility threshold,True,2.319445587465465e-16
4.0,0.16666666666666666,0.011349357149758769,0.9886506428502413,enso-pacific-sst,,4,0.011349357149758769,0.9886506428502413,-1.2156332619786154,1.4603797115834178,0.8004587256781881,0.009188980988442716,4,,True,False,0.9889575068865933,1.1880667663901956,0.0,43,0.804358031120218,-1.9400715901676922,0.07068979246043178,4.0,True,24,43,enso_1955-08-01,3,1.0000000000000004,1.215633261978616,0.1135530914966263,dual persistent load below admissibility threshold,True,2.349788155220488e-16
4.0,0.16666666666666666,0.010694026182072788,0.9893059738179273,enso-pacific-sst,,4,0.010694026182072788,0.9893059738179273,-1.212368399884309,1.463963385579564,0.8132208775823451,0.008790612395790848,4,,True,False,0.9872408957950877,1.1921166242279948,0.0,44,0.7854607461144925,-1.9661893884816628,0.06678258838926496,4.0,True,24,44,enso_1955-09-01,3,1.0000000000000002,1.212368399884309,0.09075847985943435,dual persistent load below admissibility threshold,True,1.54246961357e-16
4.0,0.16666666666666666,0.013007044944136239,0.9869929550558638,enso-pacific-sst,,4,0.013007044944136239,0.9869929550558638,-1.2077500693147536,1.4784897723610404,0.7910688783957388,0.010425067780365702,4,,True,False,0.9848938505261742,1.205676175775686,0.0,45,0.7862691729873287,-1.8801354118851763,0.0746611105385024,4.0,True,24,45,enso_1955-10-01,3,0.9999999999999994,1.2077500693147534,0.125387388311983,dual persistent load below admissibility threshold,True,2.236354207533163e-16
4.0,0.16666666666666666,0.012129112376981019,0.987870887623019,enso-pacific-sst,,4,0.012129112376981019,0.987870887623019,-1.1966249318582425,1.479473848221775,0.8073101848542847,0.009912181923631748,4,,True,False,0.9771957661861832,1.2081777189953842,0.0,46,0.760111655840016,-1.9108711672026784,0.06959859871462895,4.0,True,24,46,enso_1955-11-01,3,1.000000000000001,1.1966249318582425,0.09219122836364999,dual persistent load below admissibility threshold,True,2.7781935326571165e-16
4.0,0.16666666666666666,0.013111178900900178,0.9868888210990998,enso-pacific-sst,,4,0.013111178900900178,0.9868888210990998,-1.1908751001430875,1.515690844944974,0.8191691299149217,0.01088296146717704,4,,True,False,0.9739217207216311,1.2395626003209457,0.0,47,0.7558568525231957,-1.876626486225968,0.07262647821163873,4.0,True,24,47,enso_1955-12-01,3,1.0000000000000009,1.1908751001430862,0.12592487205592817,dual persistent load below admissibility threshold,True,2.5427993480099374e-16
4.0,0.16666666666666666,0.013180434107153291,0.9868195658928468,enso-pacific-sst,,4,0.013180434107153291,0.9868195658928468,-1.1851822744374338,1.5727186626610379,0.8014803014125543,0.010704954244995788,4,,True,False,0.9692884438432113,1.2862308676169527,0.0,48,0.7734346655761435,-1.8743080374599765,0.0775706602869903,4.0,True,24,48,enso_1956-01-01,3,1.0000000000000007,1.1851822744374347,0.2194950174143357,dual persistent load below admissibility threshold,True,1.341859830372521e-16
4.0,0.16666666666666666,0.013240322444349055,0.986759677555651,enso-pacific-sst,,4,0.013240322444349055,0.986759677555651,-1.1879977778150428,1.5698357957080602,0.8292178146533956,0.01112642874687209,4,,True,False,0.9707179125517299,1.2827193409918654,0.0,49,0.7505611169025714,-1.8723128326949492,0.07283106661159428,4.0,True,24,49,enso_1956-02-01,3,1.0,1.1879977778150441,0.17957622053854877,dual persistent load below admissibility threshold,True,2.993530106381134e-16
4.0,0.16666666666666666,0.013596639876040074,0.98640336012396,enso-pacific-sst,,4,0.013596639876040074,0.98640336012396,-1.1894604475343158,1.5620092048234977,0.8384241139540531,0.011556885551757098,4,,True,False,0.9711980480338603,1.2753852335991505,0.0,50,0.755145415966631,-1.8606229481177525,0.07472034666630072,4.0,True,24,50,enso_1956-03-01,3,1.0,1.1894604475343153,0.19470624402235057,dual persistent load below admissibility threshold,True,2.4549838873833106e-16
4.0,0.16666666666666666,0.01331958388275926,0.9866804161172407,enso-pacific-sst,,4,0.01331958388275926,0.9866804161172407,-1.1938414314868668,1.537311820391132,0.844939771401146,0.0114061716207406,4,,True,False,0.9755399427372031,1.256204589386533,0.0,51,0.7546324193947039,-1.8696858510526368,0.07362387851338671,4.0,True,24,51,enso_1956-04-01,3,1.0000000000000009,1.193841431486867,0.19029040553836135,dual persistent load below admissibility threshold,True,3.393235597204429e-16
4.0,0.16666666666666666,0.012536188090801478,0.9874638119091985,enso-pacific-sst,,4,0.012536188090801478,0.9874638119091985,-1.1854339771243287,1.5397096525987801,0.8246040524385418,0.010468628193898058,4,,True,False,0.9680232752741538,1.2573241611443866,0.0,52,0.7597500014337691,-1.896355689189539,0.07195507844742,4.0,True,24,52,enso_1956-05-01,3,1.0000000000000007,1.1854339771243285,0.1698459422029987,dual persistent load below admissibility threshold,True,1.242221989525923e-16
4.0,0.16666666666666666,0.012351240195456673,0.9876487598045434,enso-pacific-sst,,4,0.012351240195456673,0.9876487598045434,-1.1940742091222722,1.5671051983336615,0.8357066860476887,0.010451098034453907,4,,True,False,0.9739106997020205,1.278162201776126,0.0,53,0.7785686759236112,-1.9028919551700756,0.07389473357486566,4.0,True,24,53,enso_1956-06-01,3,0.9999999999999999,1.194074209122272,0.19481447613139027,dual persistent load below admissibility threshold,True,2.2666143181869496e-16
4.0,0.16666666666666666,0.011706086937305864,0.9882939130626941,enso-pacific-sst,,4,0.011706086937305864,0.9882939130626941,-1.1978940301474246,1.573548657852653,0.8345075399470053,0.009884526944199836,4,,True,False,0.9760400302367178,1.2821221585021454,0.0,54,0.7828198398183551,-1.926474375383803,0.07243862965542108,4.0,True,24,54,enso_1956-07-01,3,1.0000000000000004,1.1978940301474246,0.21459196245677736,dual persistent load below admissibility threshold,True,5.863278364157169e-17
4.0,0.16666666666666666,0.01120067465081557,0.9887993253491845,enso-pacific-sst,,4,0.01120067465081557,0.9887993253491845,-1.1936325314561274,1.5607848422508412,0.8229577718549634,0.009322096018474144,4,,True,False,0.9720047834524315,1.270986080412159,0.0,55,0.7975531957486304,-1.9458639790887562,0.07398303324385828,4.0,True,24,55,enso_1956-08-01,3,1.000000000000001,1.1936325314561271,0.25763001439377126,dual persistent load below admissibility threshold,True,2.309739535823885e-16
4.0,0.16666666666666666,0.010843814558982307,0.9891561854410177,enso-pacific-sst,,4,0.010843814558982307,0.9891561854410177,-1.1946261315379214,1.5512632291127688,0.8313559105694763,0.009113898754734966,4,,True,False,0.9729242496402398,1.263375689962569,0.0,56,0.8053796002926086,-1.9600827890272126,0.07402407347393143,4.0,True,24,56,enso_1956-09-01,3,1.0000000000000004,1.1946261315379219,0.2660041025575449,dual persistent load below admissibility threshold,True,2.3350541019641227e-16
4.0,0.16666666666666666,0.01002892765785748,0.9899710723421425,enso-pacific-sst,,4,0.01002892765785748,0.9899710723421425,-1.217714779844394,1.578713511064138,0.7565451380746009,0.007664200168701215,4,,True,False,0.9913782114245104,1.2852781315099675,0.0,57,0.8115036668382025,-1.9943680057833242,0.0715887144899611,4.0,True,24,57,enso_1956-10-01,3,1.0000000000000002,1.2177147798443948,0.268796350810994,dual persistent load below admissibility threshold,True,3.435681725274962e-16
4.0,0.16666666666666666,0.009998956339619315,0.9900010436603808,enso-pacific-sst,,4,0.009998956339619315,0.9900010436603808,-1.218528311576728,1.5884438127376503,0.7598740791413372,0.007674686597147805,4,,True,False,0.9921223946994503,1.2933065767668623,0.0,58,0.8120680527421965,-1.995680980391418,0.07170007439094997,4.0,True,24,58,enso_1956-11-01,3,1.0000000000000007,1.218528311576729,0.2744288020392876,dual persistent load below admissibility threshold,True,9.988384945843445e-17
4.0,0.16666666666666666,0.009809571707192452,0.9901904282928076,enso-pacific-sst,,4,0.009809571707192452,0.9901904282928076,-1.2186469381368537,1.593314086028708,0.7602517908942178,0.007531626488408141,4,,True,False,0.9926048610069053,1.2977764579795503,0.0,59,0.8099054538506868,-2.004068677703354,0.07159786400717506,4.0,True,24,59,enso_1956-12-01,3,1.0000000000000002,1.2186469381368537,0.32545474113643164,dual persistent load below admissibility threshold,True,2.653084857718706e-16
4.0,0.16666666666666666,0.00996441359849127,0.9900355864015088,enso-pacific-sst,,4,0.00996441359849127,0.9900355864015088,-1.2152415992169419,1.593718599650273,0.7767040421143219,0.007817295080652154,4,,True,False,0.9900790733323171,1.2984310570926534,0.0,60,0.7950170789856599,-1.9971990596629858,0.06878345455456054,4.0,True,24,60,enso_1957-01-01,3,1.0000000000000002,1.2152415992169427,0.3127027946788791,dual persistent load below admissibility threshold,True,5.847324215489164e-16
4.0,0.16666666666666666,0.01004093490090534,0.9899590650990946,enso-pacific-sst,,4,0.01004093490090534,0.9899590650990946,-1.2122151419930614,1.5922606644268307,0.770827905467768,0.007818336223658216,4,,True,False,0.9876001177744543,1.2972258514525055,0.0,61,0.8046728493695403,-1.993843085456137,0.07213135862999179,4.0,True,24,61,enso_1957-02-01,3,1.0000000000000009,1.2122151419930618,0.30095863833571357,dual persistent load below admissibility threshold,True,2.514166150199209e-16
4.0,0.16666666666666666,0.009502470468073686,0.9904975295319263,enso-pacific-sst,,4,0.009502470468073686,0.9904975295319263,-1.2113678051829189,1.5081197723965825,0.7735946419506894,0.007421583618558152,4,,True,False,0.9865683163524009,1.2282505596938762,0.0,62,0.7618667142650841,-2.0180168681020962,0.0610671980059049,4.0,True,24,62,enso_1957-03-01,3,1.0000000000000009,1.2113678051829186,0.2922968192957443,dual persistent load below admissibility threshold,True,7.000304698301555e-17
4.0,0.16666666666666666,0.008387267063451796,0.9916127329365482,enso-pacific-sst,,4,0.008387267063451796,0.9916127329365482,-1.204163152409893,1.4302720321004874,0.7913324909722079,0.006693255055444275,4,,True,False,0.9776235489618698,1.1611944919628452,0.0,63,0.7104568321052062,-2.0727216229079795,0.04795886208214907,4.0,True,24,63,enso_1957-04-01,3,1.0000000000000002,1.2041631524098928,0.0777254221043746,dual persistent load below admissibility threshold,True,3.417528681833493e-16
4.0,0.16666666666666666,0.007546442567447077,0.992453557432553,enso-pacific-sst,,4,0.007546442567447077,0.992453557432553,-1.2034437754185567,1.4194700748431706,0.8002024186845536,0.006084598669339357,4,,True,False,0.9744721756956597,1.1493965238934554,0.0,64,0.7165648444320747,-2.1189679216170365,0.045264863231812134,4.0,True,24,64,enso_1957-05-01,3,1.0000000000000004,1.203443775418557,0.06070345780581876,dual persistent load below admissibility threshold,True,3.0391345609269523e-16
4.0,0.16666666666666666,0.0065937850425639615,0.9934062149574361,enso-pacific-sst,,4,0.0065937850425639615,0.9934062149574361,-1.213100175674009,1.4233413169951055,0.8343392499605722,0.005537969849574349,4,,True,False,0.9796627300064754,1.1494470681810756,0.0,65,0.7236644121015249,-2.177992087670064,0.04135757125066196,4.0,True,24,65,enso_1957-06-01,3,1.0000000000000002,1.213100175674008,0.05081668447384475,dual persistent load below admissibility threshold,True,2.992044889793548e-16
4.0,0.16666666666666666,0.005841696301854286,0.9941583036981456,enso-pacific-sst,,4,0.005841696301854286,0.9941583036981456,-1.2203816050946128,1.4289567953079596,0.8458639431621164,0.0049703153413908725,4,,True,False,0.9840612387222109,1.1522469596403446,0.0,66,0.7527299123663252,-2.2309165691853137,0.0402015691109829,4.0,True,24,66,enso_1957-07-01,3,1.0000000000000002,1.2203816050946128,0.07167570119421629,dual persistent load below admissibility threshold,True,1.1345893992611168e-16
4.0,0.16666666666666666,0.0052207848973953065,0.9947792151026047,enso-pacific-sst,,4,0.0052207848973953065,0.9947792151026047,-1.2245398375608776,1.4323409635538946,0.8594677131355551,0.004510645164690312,4,,True,False,0.9864778221186336,1.153880462617212,0.0,67,0.7779202548693575,-2.279990902426965,0.03952237415459774,4.0,True,24,67,enso_1957-08-01,3,1.0000000000000007,1.224539837560878,0.11692328240623437,dual persistent load below admissibility threshold,True,2.4095800127598384e-16
4.0,0.16666666666666666,0.004693597277547052,0.995306402722453,enso-pacific-sst,,4,0.004693597277547052,0.995306402722453,-1.2275165268121326,1.4361064867555398,0.8389139580867266,0.003956092575112353,4,,True,False,0.9883906529849769,1.1563463278873707,0.0,68,0.7969787091659776,-2.326450974556157,0.03860613555147673,4.0,True,24,68,enso_1957-09-01,3,1.0000000000000002,1.2275165268121324,0.1562469978361019,dual persistent load below admissibility threshold,True,2.477410120347913e-16
4.0,0.16666666666666666,0.00419213615774299,0.9958078638422571,enso-pacific-sst,,4,0.00419213615774299,0.9958078638422571,-1.2308092726651254,1.4406483947632835,0.8468458738851463,0.0035650383340533063,4,,True,False,0.9907328792761296,1.1596416795575253,0.0,69,0.8090613253766166,-2.375740171758273,0.036715983691627006,4.0,True,24,69,enso_1957-10-01,3,1.0,1.2308092726651245,0.1722112128490371,dual persistent load below admissibility threshold,True,2.6102348473452174e-16
4.0,0.16666666666666666,0.003740040621054491,0.9962599593789455,enso-pacific-sst,,4,0.003740040621054491,0.9962599593789455,-1.232459023364084,1.4437789419423064,0.8570357011799313,0.0032173814735112216,4,,True,False,0.9917575582110949,1.161806316407085,0.0,70,0.814296303466939,-2.4254963568133037,0.03424957688065417,4.0,True,24,70,enso_1957-11-01,3,1.0000000000000007,1.2324590233640837,0.20124135276555433,dual persistent load below admissibility threshold,True,3.4765320029747087e-16
4.0,0.16666666666666666,0.0033038863234105473,0.9966961136765895,enso-pacific-sst,,4,0.0033038863234105473,0.9966961136765895,-1.2342093054925412,1.4468308695257979,0.8720287067777189,0.002890634044229005,4,,True,False,0.9928416135637633,1.1638819191049579,0.0,71,0.8139135809128891,-2.479537668695576,0.031707740912956896,4.0,True,24,71,enso_1957-12-01,3,1.0000000000000013,1.2342093054925403,0.259886678708432,dual persistent load below admissibility threshold,True,2.490974339931293e-16
4.0,0.16666666666666666,0.002877365278599276,0.9971226347214007,enso-pacific-sst,,4,0.002877365278599276,0.9971226347214007,-1.236200491868474,1.4499225389558157,0.8784345276326592,0.002534870758439039,4,,True,False,0.9940872489753284,1.1659512493797513,0.0,72,0.8041527527180198,-2.5397535762353303,0.028760322987253298,4.0,True,24,72,enso_1958-01-01,3,1.0,1.2362004918684748,0.32665863585800653,dual persistent load below admissibility threshold,True,2.2316549647172386e-16
4.0,0.16666666666666666,0.0028694975325497182,0.9971305024674503,enso-pacific-sst,,4,0.0028694975325497182,0.9971305024674503,-1.2366553999859025,1.4524526456424698,0.8789113302383722,0.002529291689711726,4,,True,False,0.994708239920167,1.168285534297494,0.0,73,0.7921032278806103,-2.5409461459961444,0.027710983687436217,4.0,True,24,73,enso_1958-02-01,3,1.0000000000000002,1.236655399985903,0.38637315207949896,dual persistent load below admissibility threshold,True,1.1170857837564002e-16
4.0,0.16666666666666666,0.002417548048765513,0.9975824519512345,enso-pacific-sst,,4,0.002417548048765513,0.9975824519512345,-1.2370905914299883,1.4547498342423244,0.8722040033081304,0.002113705069890419,4,,True,False,0.9950503239717314,1.1701239213107133,0.0,74,0.7720720066779436,-2.6155736866048036,0.02491226721266893,4.0,True,24,74,enso_1958-03-01,3,1.0,1.237090591429989,0.4850523972790814,dual persistent load below admissibility threshold,True,2.3282088001210393e-16
4.0,0.16666666666666666,0.0022770960054991343,0.9977229039945008,enso-pacific-sst,,4,0.0022770960054991343,0.9977229039945008,-1.2383574994976931,1.4564645645664072,0.8865338077002918,0.0020233299087071962,4,,True,False,0.9958427576459026,1.171236649335648,0.0,75,0.7533749257658013,-2.6416286006595646,0.02302541347303338,4.0,True,24,75,enso_1958-04-01,3,1.000000000000001,1.2383574994976931,0.5217520547093069,dual persistent load below admissibility threshold,True,2.257547962020564e-16
4.0,0.16666666666666666,0.0019123613056159449,0.9980876386943841,enso-pacific-sst,,4,0.0019123613056159449,0.9980876386943841,-1.2392453064468862,1.456534998182824,0.8904602320191763,0.0017061444565437546,4,,True,False,0.995998956823073,1.1706377512340946,0.0,76,0.7783238236901697,-2.7175987292148003,0.02135841985238924,4.0,True,24,76,enso_1958-05-01,2,1.0000000000000007,1.2392453064468858,0.49221029409291167,numerical successor admissibility boundary: reduced closure requires Y positive definite,True,7.49706507706406e-17
4.0,0.16666666666666666,0.001654671226413541,0.9983453287735864,enso-pacific-sst,,4,0.001654671226413541,0.9983453287735864,-1.2404327222326161,1.4577986250818058,0.8826787467884972,0.0014629638486633567,4,,True,False,0.9966037647677887,1.1712425607532335,0.0,77,0.7932178812792346,-2.780569075338968,0.019218254180701225,4.0,True,24,77,enso_1958-06-01,2,1.0000000000000004,1.2404327222326166,0.4590870449692236,numerical successor admissibility boundary: reduced closure requires Y positive definite,True,8.297222092703202e-17
4.0,0.16666666666666666,0.0013016691541355451,0.9986983308458645,enso-pacific-sst,,4,0.0013016691541355451,0.9986983308458645,-1.2417651874726479,1.459128283416227,0.8765288216008926,0.0011424376055803685,4,,True,False,0.9975016804166956,1.1721080034571951,0.0,78,0.7969166524214436,-2.8849337106034505,0.015811977361463694,4.0,True,24,78,enso_1958-07-01,2,1.0000000000000007,1.241765187472649,0.39771966338766856,numerical successor admissibility boundary: reduced closure requires Y positive definite,True,2.2585071505700544e-16
4.0,0.16666666666666666,0.0011649901153728947,0.9988350098846271,enso-pacific-sst,,4,0.0011649901153728947,0.9988350098846271,-1.2423281528143963,1.4565675718265347,0.8695391878686225,0.0010141860755494836,4,,True,False,0.9974413621709898,1.169450068120451,0.0,79,0.7889972680106133,-2.9331715157736116,0.013814417328027826,4.0,True,24,79,enso_1958-08-01,2,1.0000000000000007,1.2423281528143968,0.36105049414765616,numerical successor admissibility boundary: reduced closure requires Y positive definite,True,3.6967582442564145e-16
4.0,0.16666666666666666,0.0012884983078788278,0.9987115016921212,enso-pacific-sst,,4,0.0012884983078788278,0.9987115016921212,-1.2410635120777491,1.4509013278239218,0.8708635921757206,0.001123553962290916,4,,True,False,0.9965658187766209,1.1650642015139272,0.0,80,0.7820714087858535,-2.88935619892125,0.013572941714375888,4.0,True,24,80,enso_1958-09-01,2,1.0000000000000009,1.24106351207775,0.31291037516462206,numerical successor admissibility boundary: reduced closure requires Y positive definite,True,5.940850346081117e-17
4.0,0.16666666666666666,0.0011371114229707414,0.9988628885770292,enso-pacific-sst,,4,0.0011371114229707414,0.9988628885770292,-1.240345868253482,1.4477559952906918,0.8059951705602927,0.0009175496715159838,4,,True,False,0.9960723298574586,1.1626351360567406,0.0,81,0.7758272555062774,-2.943702855489762,0.011955340418011997,4.0,True,24,81,enso_1958-10-01,2,1.0000000000000009,1.240345868253482,0.2887897895513978,dual persistent load below admissibility threshold,True,2.2204952695700635e-16
4.0,0.16666666666666666,0.0009430634566383647,0.9990569365433617,enso-pacific-sst,,4,0.0009430634566383647,0.9990569365433617,-1.2398994741210139,1.4478184023880525,0.7907453532219222,0.0007464269741325441,4,,True,False,0.9957526852780378,1.162730602006978,0.0,82,0.7673823483144693,-3.025049323070844,0.009989302027553708,4.0,True,24,82,enso_1958-11-01,2,1.0000000000000002,1.2398994741210136,0.2902306241670034,dual persistent load below admissibility threshold,True,2.2834080645124067e-16
4.0,0.16666666666666666,0.0007870681091438532,0.9992129318908561,enso-pacific-sst,,4,0.0007870681091438532,0.9992129318908561,-1.2391737658856998,1.4452447704646991,0.7511167154082582,0.0005916456783880915,4,,True,False,0.9952555364723782,1.1607636466824771,0.0,83,0.7456310518777468,-3.1036457303037857,0.007754443673062917,4.0,True,24,83,enso_1958-12-01,2,1.000000000000002,1.2391737658856998,0.20404358075355455,dual persistent load below admissibility threshold,True,1.2737116659020677e-16
4.0,0.16666666666666666,0.0007637649014255338,0.9992362350985745,enso-pacific-sst,,4,0.0007637649014255338,0.9992362350985745,-1.2384241181210132,1.4431143589989197,0.7537696045392632,0.0005761428053614379,4,,True,False,0.994866405197574,1.1593007384292282,0.0,84,0.7332188926248995,-3.116708477753008,0.007244250266543118,4.0,True,24,84,enso_1959-01-01,2,1.0000000000000004,1.238424118121013,0.2716277676977993,dual persistent load below admissibility threshold,True,2.459126904274326e-16
4.0,0.16666666666666666,0.0009583699187275351,0.9990416300812726,enso-pacific-sst,,4,0.0009583699187275351,0.9990416300812726,-1.241461628015038,1.5539293877316782,0.8154218725556235,0.0007822254550755947,4,,True,False,0.9976515501198367,1.2487539102807446,0.0,85,0.7552155947147645,-3.018050412018052,0.009898038452004815,4.0,True,24,85,enso_1959-02-01,2,1.0000000000000007,1.2414616280150383,0.4486176338591907,dual persistent load below admissibility threshold,True,4.960750588336709e-16
4.0,0.16666666666666666,0.001106956629275233,0.9988930433707247,enso-pacific-sst,,4,0.001106956629275233,0.9988930433707247,-1.2418319084015708,1.5479098841376238,0.7975945571507885,0.000883881000444842,4,,True,False,0.9978928492555024,1.2438464450966222,0.0,86,0.7656509886280285,-2.9553883830757597,0.013633014976929,4.0,True,24,86,enso_1959-03-01,2,0.9999999999999996,1.2418319084015708,0.6249457558340668,dual persistent load below admissibility threshold,True,1.956511820746764e-16
4.0,0.16666666666666666,0.0010249235842879623,0.998975076415712,enso-pacific-sst,,4,0.0010249235842879623,0.998975076415712,-1.2382931469333252,1.5336143378321976,0.7418488398949041,0.0007611184602452941,4,,True,False,0.9952296386128914,1.2325824841978787,0.0,87,0.7674989654858004,-2.988863166380819,0.01278972011132989,4.0,True,24,87,enso_1959-04-01,2,0.9999999999999999,1.2382931469333254,0.5785382418399603,dual persistent load below admissibility threshold,True,1.9557399329246157e-16
4.0,0.16666666666666666,0.000917790559956955,0.9990822094400431,enso-pacific-sst,,4,0.000917790559956955,0.9990822094400431,-1.2367969423802403,1.5196892816351584,0.7135329947903037,0.0006554754360038038,4,,True,False,0.9941105114627969,1.2214932275975798,0.0,88,0.7545711058295854,-3.036857639206073,0.010882917733223462,4.0,True,24,88,enso_1959-05-01,2,1.0000000000000004,1.23679694238024,0.49104248124376254,dual persistent load below admissibility threshold,True,2.23936118859859e-16
4.0,0.16666666666666666,0.0010429570534800884,0.9989570429465199,enso-pacific-sst,,4,0.0010429570534800884,0.9989570429465199,-1.2363349379137625,1.543976889678094,0.6791681622032382,0.0007090827681435124,4,,True,False,0.9940186447919699,1.2413641064432914,0.0,89,0.7468738708309557,-2.9812803875697003,0.011782320715493759,4.0,True,24,89,enso_1959-06-01,2,1.0000000000000009,1.236334937913762,0.47745782646677326,dual persistent load below admissibility threshold,True,2.22048044042106e-16
4.0,0.16666666666666666,0.001497327152675656,0.9985026728473244,enso-pacific-sst,,4,0.001497327152675656,0.9985026728473244,-1.235576027149541,1.5635564055086613,0.6653083946158138,0.0009976781747820414,4,,True,False,0.993803665756249,1.2576062122182208,0.0,90,0.762139411668147,-2.824032531556424,0.0187507407232691,4.0,True,24,90,enso_1959-07-01,2,1.000000000000001,1.2355760271495406,0.7153595858798738,numerical successor admissibility boundary: reduced closure requires Y positive definite,True,1.2056349773432205e-16
4.0,0.16666666666666666,0.0023169344885915193,0.9976830655114085,enso-pacific-sst,,4,0.0023169344885915193,0.9976830655114085,-1.2351113364555757,1.6054777418523116,0.6519444110413054,0.0015140203766130914,4,,True,False,0.9936997366465368,1.2916753026077503,0.0,91,0.7957972494612018,-2.6340788463753233,0.029644855039070026,4.0,True,24,91,enso_1959-08-01,2,1.0000000000000002,1.2351113364555752,0.7256819002472839,numerical successor admissibility boundary: reduced closure requires Y positive definite,True,2.2213955857384216e-16
4.0,0.16666666666666666,0.002014604023248543,0.9979853959767514,enso-pacific-sst,,4,0.002014604023248543,0.9979853959767514,-1.2343273395298264,1.6055140083843729,0.6176103966590456,0.0012467521017095393,4,,True,False,0.9935888499430139,1.29238068871234,0.0,92,0.7927246402042921,-2.6949344891638836,0.028116361002395333,4.0,True,24,92,enso_1959-09-01,2,1.0000000000000007,1.2343273395298264,0.7343835256149388,numerical successor admissibility boundary: reduced closure requires Y positive definite,True,2.220596259477509e-16
4.0,0.16666666666666666,0.0024008224734635747,0.9975991775265365,enso-pacific-sst,,4,0.0024008224734635747,0.9975991775265365,-1.233621889834618,1.608527847147586,0.5862170158779167,0.0014107900424857943,4,,True,False,0.9932493366760462,1.2951044646414918,0.0,93,0.8090208516752543,-2.6185960346638275,0.03332639757302248,4.0,True,24,93,enso_1959-10-01,3,1.0,1.2336218898346183,0.7177275548940477,dual persistent load below admissibility threshold,True,1.2413764867294884e-16
4.0,0.16666666666666666,0.003742028088851165,0.996257971911149,enso-pacific-sst,,4,0.003742028088851165,0.996257971911149,-1.2333164206813771,1.6124374201843614,0.5510480812722508,0.0020697825829916715,4,,True,False,0.9931767369897966,1.298478888892273,0.0,94,0.8193709023013082,-2.4252647664507223,0.039802779997881926,4.0,True,24,94,enso_1959-11-01,3,1.0000000000000002,1.2333164206813771,0.6099696171521544,dual persistent load below admissibility threshold,True,2.755804054926132e-16
4.0,0.16666666666666666,0.004874814869996208,0.9951251851300039,enso-pacific-sst,,4,0.004874814869996208,0.9951251851300039,-1.2323697048092201,1.616433310142657,0.522093287683619,0.0025575758310175003,4,,True,False,0.9927000206907624,1.3020714272364087,0.0,95,0.8100366814779899,-2.309919590500918,0.03980770450623933,4.0,True,24,95,enso_1959-12-01,3,1.0000000000000007,1.2323697048092208,0.44216204425999306,dual persistent load below admissibility threshold,True,1.1921915162076766e-16
4.0,0.16666666666666666,0.007010104370654407,0.9929898956293456,enso-pacific-sst,,4,0.007010104370654407,0.9929898956293456,-1.2322849985728148,1.621956735728546,0.48157665566173724,0.003399735116659841,4,,True,False,0.9926334850382355,1.3065228977323566,0.0,96,0.8287812309599751,-2.1512203452135163,0.05142479183771076,4.0,True,24,96,enso_1960-01-01,3,1.0000000000000002,1.2322849985728157,0.4260040607724452,dual persistent load below admissibility threshold,True,4.479197086511679e-17
4.0,0.16666666666666666,0.004225937354036863,0.9957740626459632,enso-pacific-sst,,4,0.004225937354036863,0.9957740626459632,-1.2281362684368642,1.6152464618404094,0.3644847163337286,0.001546826369063468,4,,True,False,0.9893166893762079,1.301150632240885,0.0,97,0.8324332469954238,-2.3722377551181686,0.04400074697432957,4.0,True,24,97,enso_1960-02-01,3,1.0000000000000004,1.2281362684368626,0.5916768923626314,dual persistent load below admissibility threshold,True,3.342705200740783e-16
4.0,0.16666666666666666,0.0032569447789645082,0.9967430552210355,enso-pacific-sst,,4,0.0032569447789645082,0.9967430552210355,-1.2272497625647634,1.6146606809662263,0.32319734024817826,0.0010560754693827185,4,,True,False,0.988665035724848,1.300760944125047,0.0,98,0.8112430420614531,-2.4857728231843654,0.03538343930655863,4.0,True,24,98,enso_1960-03-01,3,0.9999999999999999,1.2272497625647634,0.5383363436588291,dual persistent load below admissibility threshold,True,2.23174200732015e-16
4.0,0.16666666666666666,0.0037360398544984113,0.9962639601455017,enso-pacific-sst,,4,0.0037360398544984113,0.9962639601455017,-1.2267804417194046,1.6190698217052895,0.28934800478644385,0.0010850695407508988,4,,True,False,0.9881843510590862,1.3041775094154444,0.0,99,0.808934320507361,-2.425962919543579,0.03835830709511031,4.0,True,24,99,enso_1960-04-01,3,1.0000000000000002,1.2267804417194055,0.591085634214821,dual persistent load below admissibility threshold,True,2.221546755580134e-16
4.0,0.16666666666666666,0.005302762072932623,0.9946972379270673,enso-pacific-sst,,4,0.005302762072932623,0.9946972379270673,-1.2255000521258448,1.6314913966977689,0.26069463883428123,0.0013897712698068782,4,,True,False,0.9874810153266317,1.3146199203444335,0.0,100,0.8121981674287991,-2.2731887705889178,0.04462828435529119,4.0,True,24,100,enso_1960-05-01,3,1.0000000000000004,1.225500052125845,0.4812584242680441,dual persistent load below admissibility threshold,True,2.240603727786104e-16
4.0,0.16666666666666666,0.00459425819864067,0.9954057418013594,enso-pacific-sst,,4,0.00459425819864067,0.9954057418013594,-1.222872450276775,1.6301117928568623,0.20273484640716596,0.0009357151472430931,4,,True,False,0.9857081653044795,1.3139673759225339,0.0,101,0.8209874874712227,-2.3357847425366596,0.04631907643215343,4.0,True,24,101,enso_1960-06-01,3,1.0000000000000004,1.2228724502767743,0.5596469102184538,dual persistent load below admissibility threshold,True,1.1103441831569746e-16
4.0,0.16666666666666666,0.005614615190821126,0.9943853848091788,enso-pacific-sst,,4,0.005614615190821126,0.9943853848091788,-1.2224315946721407,1.6158377960919286,0.20615566504623847,0.0011640202544454755,4,,True,False,0.9861119240059717,1.3034650977040019,0.0,102,0.7946036214180229,-2.2482347361914004,0.042385824454429975,4.0,True,24,102,enso_1960-07-01,3,1.000000000000001,1.222431594672141,0.39649185508637524,dual persistent load below admissibility threshold,True,2.5329289909610374e-16
4.0,0.16666666666666666,0.006183527821609017,0.993816472178391,enso-pacific-sst,,4,0.006183527821609017,0.993816472178391,-1.2228012727923723,1.6089993848441673,0.17876850113703707,0.001112297925576935,4,,True,False,0.986852220319755,1.2985303914515938,0.0,103,0.8044606879415089,-2.206069871601857,0.047127737534031225,4.0,True,24,103,enso_1960-08-01,3,1.0000000000000004,1.222801272792371,0.39978670322229093,dual persistent load below admissibility threshold,True,2.222716420499595e-16
4.0,0.16666666666666666,0.013166436762115727,0.9868335632378843,enso-pacific-sst,,4,0.013166436762115727,0.9868335632378843,-1.226550909697878,1.613506881510637,0.31399302853594624,0.004189327874499096,4,,True,False,0.9903753293496922,1.3028219183969325,0.0,104,0.8236751576594898,-1.8747756542978227,0.07250776632871969,4.0,True,24,104,enso_1960-09-01,3,1.0000000000000007,1.226550909697878,0.31415144942211337,dual persistent load below admissibility threshold,True,2.604318573929767e-16
4.0,0.16666666666666666,0.007302708541082497,0.9926972914589176,enso-pacific-sst,,4,0.007302708541082497,0.9926972914589176,-1.2207076222159947,1.6148178570844298,0.24499276487353974,0.0018022722253186044,4,,True,False,0.9861698206928217,1.304558608130605,0.0,105,0.808171712423092,-2.1333328690937594,0.05171427328775333,4.0,True,24,105,enso_1960-10-01,3,1.0000000000000007,1.2207076222159936,0.357744097720945,dual persistent load below admissibility threshold,True,2.2211716458977425e-16
4.0,0.16666666666666666,0.01228206344509326,0.9877179365549067,enso-pacific-sst,,4,0.01228206344509326,0.9877179365549067,-1.226409237691949,1.621443908495506,0.36832113364543484,0.004579995324758823,4,,True,False,0.991069818344462,1.3103000780331815,0.0,106,0.820620009531563,-1.9053616039767345,0.06908395427617307,4.0,True,24,106,enso_1960-11-01,3,1.0000000000000009,1.2264092376919487,0.27306341092663583,dual persistent load below admissibility threshold,True,2.285359509726545e-16
4.0,0.16666666666666666,0.010510212694878743,0.9894897873051212,enso-pacific-sst,,4,0.010510212694878743,0.9894897873051212,-1.221116411803385,1.614060868310812,0.3873063960365628,0.0041139106766505465,4,,True,False,0.9869882679937245,1.3045923594605147,0.0,107,0.8145364052447205,-1.9737998112148507,0.06305839861895096,4.0,True,24,107,enso_1960-12-01,3,1.0000000000000002,1.221116411803384,0.3126376678727715,dual persistent load below admissibility threshold,True,2.543862529963013e-16
4.0,0.16666666666666666,0.009817733956376055,0.9901822660436239,enso-pacific-sst,,4,0.009817733956376055,0.9901822660436239,-1.2198354316750413,1.610468762710218,0.4002142836385273,0.003968155658860871,4,,True,False,0.986217391537704,1.3020381775040402,0.0,108,0.7984369516771502,-2.00370388464882,0.05636148072503892,4.0,True,24,108,enso_1961-01-01,3,1.0,1.2198354316750408,0.23873969511285265,dual persistent load below admissibility threshold,True,3.337863551269546e-16
4.0,0.16666666666666666,0.008905061891169175,0.9910949381088308,enso-pacific-sst,,4,0.008905061891169175,0.9910949381088308,-1.2227582486092796,1.6074409961895646,0.41815978669589804,0.0037571968514243125,4,,True,False,0.9885360213304369,1.299531881059851,0.0,109,0.796677363261483,-2.046478315834563,0.05259673828896677,4.0,True,24,109,enso_1961-02-01,3,1.0000000000000007,1.2227582486092787,0.25557405164363983,dual persistent load below admissibility threshold,True,2.6995094584012834e-16
4.0,0.16666666666666666,0.00581690950651563,0.9941830904934843,enso-pacific-sst,,4,0.00581690950651563,0.9941830904934843,-1.217818298861101,1.5539455610113024,0.5140675537448552,0.0030077804269285956,4,,True,False,0.9847858233844085,1.2565943213582815,0.0,110,0.7686298903334973,-2.23277406464795,0.037609090768017286,4.0,True,24,110,enso_1961-03-01,3,1.0000000000000004,1.2178182988611004,0.2367657398028194,dual persistent load below admissibility threshold,True,2.6174549895891146e-16
4.0,0.16666666666666666,0.007060577507028992,0.992939422492971,enso-pacific-sst,,4,0.007060577507028992,0.992939422492971,-1.2189691401743892,1.5707085266183654,0.4044796802327967,0.002876167536113896,4,,True,False,0.9856337213146303,1.270043054551814,0.0,111,0.7787884260392675,-2.148082528924859,0.044054233562580467,4.0,True,24,111,enso_1961-04-01,3,1.0000000000000007,1.2189691401743892,0.2690503183348561,dual persistent load below admissibility threshold,True,2.593021043387162e-16
4.0,0.16666666666666666,0.005803838942181079,0.9941961610578189,enso-pacific-sst,,4,0.005803838942181079,0.9941961610578189,-1.2204931718081697,1.5870854687723688,0.3559673290420045,0.002078037642229461,4,,True,False,0.98672824235154,1.2831059535903475,0.0,112,0.7882683878058305,-2.2337567296773404,0.043078195463003906,4.0,True,24,112,enso_1961-05-01,3,1.0000000000000007,1.22049317180817,0.37207371438144143,dual persistent load below admissibility threshold,True,2.271262254582515e-16
4.0,0.16666666666666666,0.005554982433119139,0.9944450175668809,enso-pacific-sst,,4,0.005554982433119139,0.9944450175668809,-1.2140437750431798,1.591563200482442,0.3201061120623223,0.0017881167865780735,4,,True,False,0.9819661971204859,1.2873187075969044,0.0,113,0.7860280223371906,-2.2528980862894716,0.04329636418795971,4.0,True,24,113,enso_1961-06-01,3,1.000000000000001,1.2140437750431787,0.40607026440370153,dual persistent load below admissibility threshold,True,2.249887760118345e-16
4.0,0.16666666666666666,0.006396956108806488,0.9936030438911935,enso-pacific-sst,,4,0.006396956108806488,0.9936030438911935,-1.2137815223345712,1.60298796657868,0.3382812105915918,0.0021779020000922086,4,,True,False,0.9822093454928701,1.2971607595886596,0.0,114,0.7804698380248385,-2.1912395423711124,0.04571381052474992,4.0,True,24,114,enso_1961-07-01,3,1.0000000000000004,1.2137815223345707,0.4005943558007765,dual persistent load below admissibility threshold,True,2.3473453286407547e-16
4.0,0.16666666666666666,0.006613576844643488,0.9933864231553565,enso-pacific-sst,,4,0.006613576844643488,0.9933864231553565,-1.2066142098405497,1.5973244375444633,0.32467270736667664,0.002161543433125977,4,,True,False,0.9776644650798715,1.294239143758535,0.0,115,0.7456915858250489,-2.17668181601846,0.03949279173983358,4.0,True,24,115,enso_1961-08-01,3,1.0000000000000004,1.2066142098405497,0.20576175737745508,dual persistent load below admissibility threshold,True,4.450649765618969e-16
4.0,0.16666666666666666,0.007053589504352047,0.992946410495648,enso-pacific-sst,,4,0.007053589504352047,0.992946410495648,-1.2091106882184692,1.6015277938065695,0.3477479496676348,0.0024702957400401654,4,,True,False,0.9796599824516122,1.2976088175087122,0.0,116,0.7618387547676337,-2.1485156286128166,0.04331282228509354,4.0,True,24,116,enso_1961-09-01,3,1.000000000000001,1.2091106882184697,0.24686466688217146,dual persistent load below admissibility threshold,True,1.2681111934741793e-16
4.0,0.16666666666666666,0.00792060251420804,0.992079397485792,enso-pacific-sst,,4,0.00792060251420804,0.992079397485792,-1.2113566617283678,1.6006581667692386,0.41444573029973536,0.0033088681225858065,4,,True,False,0.981790741697019,1.2973151660498763,0.0,117,0.7739979061707338,-2.097788211435956,0.04775353875367668,4.0,True,24,117,enso_1961-10-01,3,1.0000000000000002,1.211356661728367,0.24073549200708497,dual persistent load below admissibility threshold,True,2.325930116367764e-16
4.0,0.16666666666666666,0.007489698297623941,0.9925103017023761,enso-pacific-sst,,4,0.007489698297623941,0.9925103017023761,-1.2121889967058004,1.6004503175532823,0.5504065800819056,0.004153487594808503,4,,True,False,0.982730474741216,1.2974967638240245,0.0,118,0.7721577430089014,-2.1222706995273386,0.046157464414163546,4.0,True,24,118,enso_1961-11-01,3,1.0000000000000009,1.2121889967058006,0.2158877828978746,dual persistent load below admissibility threshold,True,2.4750187178321593e-17
4.0,0.16666666666666666,0.006459561768733615,0.9935404382312664,enso-pacific-sst,,4,0.006459561768733615,0.9935404382312664,-1.2093362423203675,1.6086191508508219,0.47506860086518055,0.0030886865331194303,4,,True,False,0.9801645187131282,1.3037824887817488,0.0,119,0.7882033016792084,-2.1869824926118038,0.04819176309903355,4.0,True,24,119,enso_1961-12-01,3,0.9999999999999999,1.2093362423203677,0.36991386167490425,dual persistent load below admissibility threshold,True,2.334389825775737e-16
4.0,0.16666666666666666,0.008201681538664882,0.9917983184613351,enso-pacific-sst,,4,0.008201681538664882,0.9917983184613351,-1.210625253660524,1.612000711814419,0.579847401525502,0.004795051211331442,4,,True,False,0.9813244454160172,1.3066766117329773,0.0,120,0.7789865865637391,-2.0825204654822116,0.051694682143307434,4.0,True,24,120,enso_1962-01-01,3,1.0,1.2106252536605238,0.31087260893960544,dual persistent load below admissibility threshold,True,2.250943043694809e-16
4.0,0.16666666666666666,0.007057177202662802,0.9929428227973371,enso-pacific-sst,,4,0.007057177202662802,0.9929428227973371,-1.209063899171063,1.6151373722425015,0.5865774800278087,0.004169002609823535,4,,True,False,0.9799473661354239,1.3090702773948224,0.0,121,0.7823179922511893,-2.1482932184668844,0.05137840515335389,4.0,True,24,121,enso_1962-02-01,3,1.0000000000000002,1.2090638991710623,0.4237098494256494,dual persistent load below admissibility threshold,True,2.2968890110086036e-16
4.0,0.16666666666666666,0.008534734757595478,0.9914652652424045,enso-pacific-sst,,4,0.008534734757595478,0.9914652652424045,-1.2100026351880402,1.6101991617956377,0.6206937745024668,0.005343058316595844,4,,True,False,0.9802874520206599,1.3045079305278935,0.0,122,0.7872293744940596,-2.065087475177797,0.055788027493662296,4.0,True,24,122,enso_1962-03-01,3,1.0000000000000002,1.2100026351880397,0.37454714966065455,dual persistent load below admissibility threshold,True,2.2248455733283035e-16
4.0,0.16666666666666666,0.006655645627056625,0.9933443543729433,enso-pacific-sst,,4,0.006655645627056625,0.9933443543729433,-1.211767155361425,1.545055343831817,0.5680467780579762,0.0038060497728723526,4,,True,False,0.9825817064340723,1.2528340197705254,0.0,123,0.739589426574818,-2.173909637490568,0.04043929824138368,4.0,True,24,123,enso_1962-04-01,3,1.0000000000000016,1.2117671553614258,0.1003823870110323,dual persistent load below admissibility threshold,True,7.367741827149192e-17
4.0,0.16666666666666666,0.007068087289109609,0.9929319127108903,enso-pacific-sst,,4,0.007068087289109609,0.9929319127108903,-1.210785468117603,1.5114232446913367,0.5447301170507688,0.0038776072830713645,4,,True,False,0.9824755415047592,1.2264240114143576,0.0,124,0.7522808298547567,-2.1476175647957594,0.04381491182683555,4.0,True,24,124,enso_1962-05-01,3,1.0000000000000007,1.210785468117602,0.10441850541711226,dual persistent load below admissibility threshold,True,1.557119602807353e-16
4.0,0.16666666666666666,0.007237499407854586,0.9927625005921453,enso-pacific-sst,,4,0.007237499407854586,0.9927625005921453,-1.2111676088935335,1.5337229962851793,0.5491467742964429,0.004003424234321051,4,,True,False,0.98342667334878,1.2453306156801647,0.0,125,0.7621528157089977,-2.137256823083798,0.045687540095992206,4.0,True,24,125,enso_1962-06-01,3,1.0000000000000004,1.211167608893534,0.1106949341364804,dual persistent load below admissibility threshold,True,1.2634610710502115e-16
4.0,0.16666666666666666,0.007321996531669361,0.9926780034683306,enso-pacific-sst,,4,0.007321996531669361,0.9926780034683306,-1.2128464284593528,1.5476186355526207,0.565297110303913,0.00416963352320319,4,,True,False,0.9846862744866672,1.256481276450015,0.0,126,0.7655925771113875,-2.1321788797249086,0.04639473045032322,4.0,True,24,126,enso_1962-07-01,3,1.000000000000001,1.2128464284593536,0.13002463080744886,dual persistent load below admissibility threshold,True,2.2226455103744553e-16
4.0,0.16666666666666666,0.007642614783034187,0.9923573852169658,enso-pacific-sst,,4,0.007642614783034187,0.9923573852169658,-1.2150493159727225,1.5552290048413222,0.5789658138463332,0.0044588902684550265,4,,True,False,0.9863057197618166,1.2624436250033741,0.0,127,0.7671416887963375,-2.1134261360649544,0.047891570545817296,4.0,True,24,127,enso_1962-08-01,3,1.0000000000000007,1.2150493159727227,0.16391022161391738,dual persistent load below admissibility threshold,True,4.771973015493811e-16
4.0,0.16666666666666666,0.0072632771802529274,0.9927367228197471,enso-pacific-sst,,4,0.0072632771802529274,0.9927367228197471,-1.2169046863166217,1.5595804519997052,0.5307508408520074,0.003883195193798019,4,,True,False,0.9875455290804862,1.2656346219484484,0.0,128,0.7646921142332886,-2.1357014694126644,0.04644276668953748,4.0,True,24,128,enso_1962-09-01,3,1.000000000000001,1.2169046863166213,0.1736487692501683,dual persistent load below admissibility threshold,True,2.558152701499185e-16
4.0,0.16666666666666666,0.006985551439931307,0.9930144485600687,enso-pacific-sst,,4,0.006985551439931307,0.9930144485600687,-1.2159674343898343,1.556238831517129,0.600784666553567,0.004226335476404752,4,,True,False,0.9866714204739035,1.2627775506670185,0.0,129,0.7650981418796693,-2.1527548725725074,0.04581553535088804,4.0,True,24,129,enso_1962-10-01,3,1.0,1.215967434389834,0.1631561923569979,dual persistent load below admissibility threshold,True,1.1395990422314805e-16
4.0,0.16666666666666666,0.006987212340838863,0.9930127876591611,enso-pacific-sst,,4,0.006987212340838863,0.9930127876591611,-1.2174039627629927,1.552556603982862,0.6121331009947468,0.0043071992734241785,4,,True,False,0.9875655979169293,1.2594434861476704,0.0,130,0.7643426798232709,-2.15265089958812,0.04578467065687129,4.0,True,24,130,enso_1962-11-01,3,1.0000000000000009,1.2174039627629918,0.16242473402277144,dual persistent load below admissibility threshold,True,2.227402849197647e-16
4.0,0.16666666666666666,0.006704121691947653,0.9932958783080523,enso-pacific-sst,,4,0.006704121691947653,0.9932958783080523,-1.2194217470323885,1.547672827928157,0.6145319551934452,0.004147703721699799,4,,True,False,0.9888234919234261,1.2550007852420861,0.0,131,0.7605791053329773,-2.17073674444086,0.04437804231885565,4.0,True,24,131,enso_1962-12-01,3,1.0000000000000002,1.219421747032389,0.15706050820431022,dual persistent load below admissibility threshold,True,6.394672839090284e-17
4.0,0.16666666666666666,0.006616170120084056,0.9933838298799159,enso-pacific-sst,,4,0.006616170120084056,0.9933838298799159,-1.2192461665780905,1.5301014240440196,0.6848412946616815,0.004561204213771051,4,,True,False,0.9884081092894578,1.240409604735544,0.0,132,0.7495067696049169,-2.1765104227469627,0.04339807397703234,4.0,True,24,132,enso_1963-01-01,3,1.0000000000000004,1.219246166578091,0.15979164951966066,dual persistent load below admissibility threshold,True,1.147260371978087e-16
4.0,0.16666666666666666,0.006592426907569469,0.9934075730924304,enso-pacific-sst,,4,0.006592426907569469,0.9934075730924304,-1.2199134514805108,1.4997118232812396,0.8172983162223602,0.00542373498784893,4,,True,False,0.9881319380636887,1.2147690876573587,0.0,133,0.7324035952078088,-2.178082143125394,0.04185454250754923,4.0,True,24,133,enso_1963-02-01,3,1.0000000000000009,1.2199134514805112,0.15401341425270126,dual persistent load below admissibility threshold,True,1.1315213013482593e-16
4.0,0.16666666666666666,0.006870662745849067,0.9931293372541509,enso-pacific-sst,,4,0.006870662745849067,0.9931293372541509,-1.2214642814588061,1.6319645224545343,0.8192562730297311,0.00566777492443369,4,,True,False,0.9892854446842084,1.3217568231934698,0.0,134,0.7709493367108127,-2.160007179997941,0.05142803430410655,4.0,True,24,134,enso_1963-03-01,3,1.0000000000000002,1.221464281458807,0.3563771429890219,dual persistent load below admissibility threshold,True,2.4665173036747577e-16
4.0,0.16666666666666666,0.006916144529237241,0.9930838554707627,enso-pacific-sst,,4,0.006916144529237241,0.9930838554707627,-1.2219531301825952,1.6371722168514649,0.7951505404930048,0.005537675424140088,4,,True,False,0.9901055704158374,1.3265429676443157,0.0,135,0.7616583022056749,-2.157121861328438,0.05019823370050012,4.0,True,24,135,enso_1963-04-01,3,1.0000000000000004,1.2219531301825952,0.3538424257909846,dual persistent load below admissibility threshold,True,2.226116257131908e-16
4.0,0.16666666666666666,0.00688890818326644,0.9931110918167335,enso-pacific-sst,,4,0.00688890818326644,0.9931110918167335,-1.2200217127089623,1.6323813516968242,0.7976687991354782,0.005533184719393666,4,,True,False,0.9877816952063571,1.3216456740118545,0.0,136,0.7724661141780762,-2.158847436019653,0.051985911211402926,4.0,True,24,136,enso_1963-05-01,3,1.0000000000000007,1.2200217127089636,0.35608355396681524,dual persistent load below admissibility threshold,True,2.242582881887737e-16
4.0,0.16666666666666666,0.006764529464707203,0.9932354705352928,enso-pacific-sst,,4,0.006764529464707203,0.9932354705352928,-1.219761380073045,1.6212078835426844,0.739255207319182,0.005034771491954231,4,,True,False,0.9877077743031005,1.3127810541441254,0.0,137,0.7805828519985136,-2.1668146279268896,0.052115566838346075,4.0,True,24,137,enso_1963-06-01,3,1.0000000000000009,1.219761380073045,0.34314732813294146,dual persistent load below admissibility threshold,True,2.2362373899598403e-16
4.0,0.16666666666666666,0.0067386635672378,0.9932613364327623,enso-pacific-sst,,4,0.0067386635672378,0.9932613364327623,-1.2190617005774083,1.613262271156914,0.7974852439500717,0.00541044392014335,4,,True,False,0.9867064268276572,1.3057716851863579,0.0,138,0.783173214632784,-2.168489756068017,0.05217810522689368,4.0,True,24,138,enso_1963-07-01,3,1.0000000000000004,1.2190617005774078,0.33521885533875123,dual persistent load below admissibility threshold,True,2.443916459594429e-16
4.0,0.16666666666666666,0.006897444749186828,0.9931025552508131,enso-pacific-sst,,4,0.006897444749186828,0.9931025552508131,-1.2232529736322755,1.6083730469243114,0.7529765614546579,0.005229685698225304,4,,True,False,0.98986311186717,1.3015044178019515,0.0,139,0.7786062414838625,-2.1583058690081924,0.05014519467516426,4.0,True,24,139,enso_1963-08-01,3,1.0000000000000004,1.2232529736322757,0.3005173421391081,dual persistent load below admissibility threshold,True,2.2299373466920924e-16
4.0,0.16666666666666666,0.007196988962102024,0.992803011037898,enso-pacific-sst,,4,0.007196988962102024,0.992803011037898,-1.2225434962242225,1.5822193072893254,0.7701844106820928,0.005583190865494345,4,,True,False,0.9899039266302757,1.2811365075461318,0.0,140,0.7606471159044105,-2.1397122490313376,0.04581277842054914,4.0,True,24,140,enso_1963-09-01,3,1.0,1.2225434962242223,0.16248250212837714,dual persistent load below admissibility threshold,True,2.571389413791582e-16
4.0,0.16666666666666666,0.008033537181729724,0.9919664628182703,enso-pacific-sst,,4,0.008033537181729724,0.9919664628182703,-1.2258591541951573,1.5741985537045633,0.7419680967191598,0.006008901022435676,4,,True,False,0.9927794431005511,1.274887052177371,0.0,141,0.7695626388159421,-2.0915901813568105,0.04870984741037447,4.0,True,24,141,enso_1963-10-01,3,1.0000000000000004,1.2258591541951582,0.18288830986790788,dual persistent load below admissibility threshold,True,2.5236781513374737e-16
4.0,0.16666666666666666,0.00851339923215963,0.9914866007678403,enso-pacific-sst,,4,0.00851339923215963,0.9914866007678403,-1.2289063060028094,1.572178187209516,0.6905455660337754,0.005929369178655941,4,,True,False,0.9952412251584587,1.2732431574016403,0.0,142,0.7729515923439806,-2.0661838494806952,0.050157663036389515,4.0,True,24,142,enso_1963-11-01,3,1.0000000000000004,1.2289063060028094,0.20214540145749407,dual persistent load below admissibility threshold,True,2.6405529071931937e-16
4.0,0.16666666666666666,0.006815865629219771,0.9931841343707802,enso-pacific-sst,,4,0.006815865629219771,0.9931841343707802,-1.2181437205127683,1.5581472466046737,0.4849209190238791,0.003327837920969673,4,,True,False,0.9865165512478921,1.2618692048995621,0.0,143,0.7667273031929629,-2.163508753313807,0.04510032774613053,4.0,True,24,143,enso_1963-12-01,3,1.0000000000000004,1.218143720512768,0.24844063923342158,dual persistent load below admissibility threshold,True,1.3918022120737162e-16
4.0,0.16666666666666666,0.006660184457909687,0.9933398155420903,enso-pacific-sst,,4,0.006660184457909687,0.9933398155420903,-1.2180070240790846,1.5545478357455835,0.39262725814242955,0.0026325029174480937,4,,True,False,0.9863442114478109,1.2588755474260886,0.0,144,0.7590023606015252,-2.173611586038748,0.043282614684092675,4.0,True,24,144,enso_1964-01-01,3,1.0000000000000004,1.218007024079086,0.23533535391629778,dual persistent load below admissibility threshold,True,2.526886086332892e-16
4.0,0.16666666666666666,0.006739237911689057,0.993260762088311,enso-pacific-sst,,4,0.006739237911689057,0.993260762088311,-1.2203503100252495,1.5523170533883652,0.3091454109277382,0.002097540296637299,4,,True,False,0.9881028795198468,1.2568923347502337,0.0,145,0.7542970650900154,-2.1684524910741105,0.042792694140374524,4.0,True,24,145,enso_1964-02-01,3,1.0000000000000007,1.2203503100252495,0.22659034159228755,dual persistent load below admissibility threshold,True,1.3878828125408925e-16
4.0,0.16666666666666666,0.007043239736179029,0.992956760263821,enso-pacific-sst,,4,0.007043239736179029,0.992956760263821,-1.20955055583949,1.5362310624315079,0.3271592265081349,0.0023206054446796524,4,,True,False,0.9800940188980686,1.2448019379310256,0.0,146,0.7488659746295431,-2.149157865866808,0.0435706503258423,4.0,True,24,146,enso_1964-03-01,3,1.0000000000000004,1.2095505558394897,0.20800507789212838,dual persistent load below admissibility threshold,True,2.800276989754496e-16
4.0,0.16666666666666666,0.00805625943054288,0.9919437405694571,enso-pacific-sst,,4,0.00805625943054288,0.9919437405694571,-1.224405439038193,1.551755979114596,0.4256821157796874,0.0034572581280615704,4,,True,False,0.9921738548995148,1.2574361911287413,0.0,147,0.7399418934608041,-2.0903535981771406,0.04373087133633625,4.0,True,24,147,enso_1964-04-01,3,1.0,1.2244054390381927,0.1554048910987232,dual persistent load below admissibility threshold,True,2.218037494881197e-16
4.0,0.16666666666666666,0.00803231549695554,0.9919676845030444,enso-pacific-sst,,4,0.00803231549695554,0.9919676845030444,-1.226755107302802,1.6021309722493944,0.4311532280939643,0.0034912011849625195,4,,True,False,0.9937716133664146,1.2978566558546143,0.0,148,0.7848016022058633,-2.091656765747824,0.051976014700900214,4.0,True,24,148,enso_1964-05-01,3,1.0000000000000002,1.2267551073028016,0.3353677796034898,dual persistent load below admissibility threshold,True,2.4073029363660175e-16
4.0,0.16666666666666666,0.00890880341357801,0.991091196586422,enso-pacific-sst,,4,0.00890880341357801,0.991091196586422,-1.2268285192917778,1.4568562183240148,0.44565759062613824,0.004005964212306358,4,,True,False,0.9938937426160691,1.1802466738541626,0.0,149,0.7351959833513847,-2.046294242846838,0.0463578198475351,4.0,True,24,149,enso_1964-06-01,3,1.000000000000001,1.226828519291777,0.1757444810369543,dual persistent load below admissibility threshold,True,1.749551262783123e-16
4.0,0.16666666666666666,0.007531579199139964,0.9924684208008601,enso-pacific-sst,,4,0.007531579199139964,0.9924684208008601,-1.2113879974848405,1.4696204975036378,0.33816761490287317,0.002566264196265343,4,,True,False,0.9819529661768527,1.191276626212452,0.0,150,0.7279542217717531,-2.1198306495811803,0.04165203198259248,4.0,True,24,150,enso_1964-07-01,3,1.0000000000000016,1.2113879974848394,0.13381362046806136,dual persistent load below admissibility threshold,True,1.5834461775793995e-16
4.0,0.16666666666666666,0.00862505611896627,0.9913749438810338,enso-pacific-sst,,4,0.00862505611896627,0.9913749438810338,-1.2154333673926032,1.492624387178752,0.3766181220690131,0.0032766134128307495,4,,True,False,0.9852709685189515,1.2099712868221568,0.0,151,0.7441452106592246,-2.0604760088080174,0.04684923376699389,4.0,True,24,151,enso_1964-08-01,3,1.0000000000000004,1.215433367392604,0.14467681864761278,dual persistent load below admissibility threshold,True,2.6028722036980176e-16
4.0,0.16666666666666666,0.01006958949899013,0.9899304105010098,enso-pacific-sst,,4,0.01006958949899013,0.9899304105010098,-1.2200359926384656,1.507629024986049,0.39723028852338993,0.004040633462276959,4,,True,False,0.9898978447372218,1.223241553119665,0.0,152,0.7593650204432735,-1.9925928996252893,0.05341978854458824,4.0,True,24,152,enso_1964-09-01,3,1.0000000000000007,1.220035992638466,0.1534836009172345,dual persistent load below admissibility threshold,True,8.471898091368812e-17
4.0,0.16666666666666666,0.01164065904607447,0.9883593409539255,enso-pacific-sst,,4,0.01164065904607447,0.9883593409539255,-1.2219538193969788,1.5193942903143647,0.4160490219309533,0.004900125500990998,4,,True,False,0.9923628811463467,1.233917740261044,0.0,153,0.7635035279600629,-1.9289373021553164,0.058915391910616045,4.0,True,24,153,enso_1964-10-01,3,1.0000000000000009,1.2219538193969788,0.16182321338093245,dual persistent load below admissibility threshold,True,2.40723405661996e-16
4.0,0.16666666666666666,0.012903286083126315,0.9870967139168737,enso-pacific-sst,,4,0.012903286083126315,0.9870967139168737,-1.2215748265921935,1.526058587810476,0.4080123236018406,0.005333519666968536,4,,True,False,0.9926419979733073,1.2400630830404469,0.0,154,0.7599537752819349,-1.8836593798567256,0.0623311948726453,4.0,True,24,154,enso_1964-11-01,3,1.0000000000000002,1.2215748265921924,0.17661212639374158,dual persistent load below admissibility threshold,True,2.8844750930936863e-16
4.0,0.16666666666666666,0.013641981839374082,0.986358018160626,enso-pacific-sst,,4,0.013641981839374082,0.986358018160626,-1.2172590108225272,1.5317816538753724,0.39537861939307767,0.005468347036399114,4,,True,False,0.9901061158081703,1.2459356390879737,0.0,155,0.745772066997878,-1.859157112283283,0.062304750538262774,4.0,True,24,155,enso_1964-12-01,3,1.0,1.2172590108225279,0.1847570624182351,dual persistent load below admissibility threshold,True,1.5325697037694595e-16
4.0,0.16666666666666666,0.018114905440466157,0.9818850945595339,enso-pacific-sst,,4,0.018114905440466157,0.9818850945595339,-1.2174885221800558,1.5374716374143913,0.46735656711623597,0.008622312393986718,4,,True,False,0.990066616986102,1.2502781874619016,0.0,156,0.7422626094350059,-1.734024595933799,0.07366340104145891,4.0,True,24,156,enso_1965-01-01,3,1.0000000000000009,1.2174885221800553,0.20968449326650532,dual persistent load below admissibility threshold,True,1.1367849550469778e-16
4.0,0.16666666666666666,0.008208749282062217,0.9917912507179378,enso-pacific-sst,,4,0.008208749282062217,0.9917912507179378,-1.2026526260049517,1.5269492788157941,0.22593895245652926,0.0018700267948773101,4,,True,False,0.9783432955097238,1.2421546814189464,0.0,157,0.7267574135417172,-2.0821432814453646,0.04535648948135595,4.0,True,24,157,enso_1965-02-01,3,1.0000000000000002,1.2026526260049526,0.22982662888084038,dual persistent load below admissibility threshold,True,2.4416734189378753e-16
4.0,0.16666666666666666,0.007055015042772429,0.9929449849572276,enso-pacific-sst,,4,0.007055015042772429,0.9929449849572276,-1.2045048615046827,1.5318028475705279,0.29028189137002536,0.002062494036714611,4,,True,False,0.9800826834535222,1.2463988260647074,0.0,158,0.7106198569395211,-2.1484272425729096,0.03862974787910694,4.0,True,24,158,enso_1965-03-01,3,1.0000000000000002,1.2045048615046832,0.12764689410025018,dual persistent load below admissibility threshold,True,1.488454795974154e-16
4.0,0.16666666666666666,0.0073935051462438684,0.9926064948537561,enso-pacific-sst,,4,0.0073935051462438684,0.9926064948537561,-1.2077666823869542,1.5306059002325574,0.33921865916403376,0.0025266960424238836,4,,True,False,0.9829243129242142,1.2456625727334152,0.0,159,0.7221845770735295,-2.127926733058924,0.04049257336728504,4.0,True,24,159,enso_1965-04-01,3,1.0000000000000002,1.2077666823869533,0.12981610902500573,dual persistent load below admissibility threshold,True,3.1411315452092173e-16
4.0,0.16666666666666666,0.005145332972591223,0.9948546670274088,enso-pacific-sst,,4,0.005145332972591223,0.9948546670274088,-1.214006922958772,1.4508807313427874,0.39191288831987314,0.0020269516478029935,4,,True,False,0.9856506296748118,1.177968164255382,0.0,160,0.7072687313342502,-2.286346156901039,0.031216532449491498,4.0,True,24,160,enso_1965-05-01,3,1.0000000000000004,1.2140069229587716,0.06888276760787215,dual persistent load below admissibility threshold,True,1.850553278313688e-16
4.0,0.16666666666666666,0.0047521319661616365,0.9952478680338384,enso-pacific-sst,,4,0.0047521319661616365,0.9952478680338384,-1.2186438247009084,1.4428586773875902,0.4837383779549723,0.002309764916834612,4,,True,False,0.9878096224652737,1.1695539389704646,0.0,161,0.7296430062631214,-2.3210427634862496,0.03120101260041862,4.0,True,24,161,enso_1965-06-01,3,1.0000000000000013,1.218643824700909,0.07444555564726481,dual persistent load below admissibility threshold,True,1.2899262496519863e-16
4.0,0.16666666666666666,0.004408771214688664,0.9955912287853113,enso-pacific-sst,,4,0.004408771214688664,0.9955912287853113,-1.2263488760041859,1.449209007218809,0.5771946132879391,0.002555987761605685,4,,True,False,0.9925441989672297,1.172915816494928,0.0,162,0.7434057602172116,-2.3537634993203578,0.030304905396354612,4.0,True,24,162,enso_1965-07-01,3,0.9999999999999997,1.2263488760041852,0.08738643258113192,dual persistent load below admissibility threshold,True,2.3211638886839015e-16
4.0,0.16666666666666666,0.0042596633869302295,0.9957403366130697,enso-pacific-sst,,4,0.0042596633869302295,0.9957403366130697,-1.2291419480737518,1.4539278270253524,0.7086381353091796,0.0030314729739948166,4,,True,False,0.9940671843701172,1.1758625141330974,0.0,163,0.7621466172662197,-2.368770819359431,0.03096375450182876,4.0,True,24,163,enso_1965-08-01,3,1.000000000000001,1.229141948073752,0.10508560690761704,dual persistent load below admissibility threshold,True,2.468416916449169e-16
4.0,0.16666666666666666,0.0040834182004038455,0.9959165817995962,enso-pacific-sst,,4,0.0040834182004038455,0.9959165817995962,-1.23048617248398,1.4536519008653601,0.7638727714433742,0.0031320012486070505,4,,True,False,0.9941700914964922,1.174476622008672,0.0,164,0.7690119264667459,-2.3871991031773097,0.030757879682522214,4.0,True,24,164,enso_1965-09-01,3,1.0,1.230486172483979,0.11554585128301506,dual persistent load below admissibility threshold,True,1.189225413989488e-16
4.0,0.16666666666666666,0.003908000972961141,0.9960919990270389,enso-pacific-sst,,4,0.003908000972961141,0.9960919990270389,-1.2306017098195086,1.4598644888552725,0.6803459267100447,0.00266922387302584,4,,True,False,0.9942178248972069,1.1794419633686686,0.0,165,0.7799634066043248,-2.4063447885299247,0.03109206732995078,4.0,True,24,165,enso_1965-10-01,3,1.0000000000000002,1.2306017098195083,0.12736147978337076,dual persistent load below admissibility threshold,True,2.7805659369971347e-16
4.0,0.16666666666666666,0.003763816127956277,0.9962361838720437,enso-pacific-sst,,4,0.003763816127956277,0.9962361838720437,-1.2305901118315017,1.46303776172784,0.7561031810028229,0.002856585007780632,4,,True,False,0.9939474653950373,1.1816954004955704,0.0,166,0.7857946339054805,-2.4227339126312697,0.03126220552287656,4.0,True,24,166,enso_1965-11-01,3,1.0000000000000002,1.2305901118315021,0.15350767329874804,dual persistent load below admissibility threshold,True,2.837362707840233e-16
4.0,0.16666666666666666,0.0035579668009741838,0.9964420331990259,enso-pacific-sst,,4,0.0035579668009741838,0.9964420331990259,-1.2308531499523392,1.4647398361711403,0.7989610179503063,0.0028528270410406727,4,,True,False,0.9937158010740812,1.1825416539107723,0.0,167,0.7843784246378009,-2.447250147809873,0.03069622529504023,4.0,True,24,167,enso_1965-12-01,3,1.0000000000000007,1.2308531499523394,0.19466906383308177,dual persistent load below admissibility threshold,True,1.222229251223671e-16
4.0,0.16666666666666666,0.00334434401493352,0.9966556559850666,enso-pacific-sst,,4,0.00334434401493352,0.9966556559850666,-1.233239558210809,1.468481960028327,0.7871788865047681,0.0026414308512224,4,,True,False,0.9952509178455522,1.1850966090304402,0.0,168,0.7744784028035249,-2.4742341910720382,0.029048941746157672,4.0,True,24,168,enso_1966-01-01,3,1.0000000000000004,1.233239558210809,0.21928665864233915,dual persistent load below admissibility threshold,True,2.683178666632616e-16
4.0,0.16666666666666666,0.003199346996522102,0.9968006530034779,enso-pacific-sst,,4,0.003199346996522102,0.9968006530034779,-1.236233443225831,1.4723128421648055,0.8239716926267582,0.0026446324569326437,4,,True,False,0.9971810957103965,1.1876094609990175,0.0,169,0.7548044205814136,-2.49354696823471,0.02698608334764714,4.0,True,24,169,enso_1966-02-01,3,1.0000000000000002,1.2362334432258317,0.25428271864088436,dual persistent load below admissibility threshold,True,2.9041925496792657e-16
4.0,0.16666666666666666,0.0032252101363237887,0.9967747898636763,enso-pacific-sst,,4,0.0032252101363237887,0.9967747898636763,-1.235474099155236,1.4758261528451797,0.7678243126085827,0.002484407492167544,4,,True,False,0.997407457868463,1.191445464030039,0.0,170,0.7341812686310771,-2.490039029356918,0.024843921673540114,4.0,True,24,170,enso_1966-03-01,3,1.0000000000000004,1.2354740991552362,0.22956648793574977,dual persistent load below admissibility threshold,True,2.925093955290695e-16
4.0,0.16666666666666666,0.003076734898341482,0.9969232651016585,enso-pacific-sst,,4,0.003076734898341482,0.9969232651016585,-1.2279959928029482,1.4718926404119166,0.7474400346910043,0.0023067721655757305,4,,True,False,0.9918766772695335,1.1888768286099143,0.0,171,0.723149844478661,-2.5105716535948615,0.022430070344434283,4.0,True,24,171,enso_1966-04-01,3,1.0000000000000002,1.2279959928029478,0.18123772769301777,dual persistent load below admissibility threshold,True,2.253717665799017e-16
4.0,0.16666666666666666,0.003174078485817333,0.9968259215141827,enso-pacific-sst,,4,0.003174078485817333,0.9968259215141827,-1.2302650237690833,1.4756073940337375,0.767175135947766,0.0024428278210972924,4,,True,False,0.9937564853890654,1.1919337617325632,0.0,172,0.7434029466704082,-2.4970016614756374,0.024150173871688496,4.0,True,24,172,enso_1966-05-01,3,1.0000000000000007,1.2302650237690829,0.16578032740396018,dual persistent load below admissibility threshold,True,2.6059467713422547e-16
4.0,0.16666666666666666,0.00298197355673764,0.9970180264432624,enso-pacific-sst,,4,0.00298197355673764,0.9970180264432624,-1.235505015713561,1.4873992043805853,0.7695879769420052,0.0023017547686785705,4,,True,False,0.9978636251854457,1.2013075975445977,0.0,173,0.7581299404066479,-2.5241992226439076,0.024951906500386076,4.0,True,24,173,enso_1966-06-01,3,1.0000000000000002,1.2355050157135614,0.26387552674042125,dual persistent load below admissibility threshold,True,1.1576824107961132e-16
4.0,0.16666666666666666,0.002900166977548361,0.9970998330224516,enso-pacific-sst,,4,0.002900166977548361,0.9970998330224516,-1.2359795456259974,1.4882094597324902,0.7721954929305368,0.0022460096718904927,4,,True,False,0.9982338301008626,1.201946289676407,0.0,174,0.7732460138546734,-2.5363156403387865,0.025649489713831648,4.0,True,24,174,enso_1966-07-01,3,1.0000000000000004,1.2359795456259977,0.2756562578151539,dual persistent load below admissibility threshold,True,1.873135937292931e-16
4.0,0.16666666666666666,0.002779415495601481,0.9972205845043984,enso-pacific-sst,,4,0.002779415495601481,0.9972205845043984,-1.2367220558933454,1.4889279814345797,0.7794494921811811,0.0021724521437588963,4,,True,False,0.9987435702405355,1.2024183129287132,0.0,175,0.7737150038475148,-2.554837760143082,0.025042855980269618,4.0,True,24,175,enso_1966-08-01,3,0.9999999999999999,1.2367220558933456,0.2931404611522537,dual persistent load below admissibility threshold,True,1.9264190671500729e-16
4.0,0.16666666666666666,0.0026598778262909395,0.997340122173709,enso-pacific-sst,,4,0.0026598778262909395,0.997340122173709,-1.2369277143022253,1.4914326871044166,0.7809779291175272,0.002082845992352966,4,,True,False,0.9989112465338168,1.204442965721067,0.0,176,0.7681596106538593,-2.573981601659657,0.02401128968742478,4.0,True,24,176,enso_1966-09-01,3,1.0000000000000002,1.2369277143022241,0.31538774423495153,dual persistent load below admissibility threshold,True,3.9633847789340624e-16
4.0,0.16666666666666666,0.0026121861272210456,0.9973878138727789,enso-pacific-sst,,4,0.0026121861272210456,0.9973878138727789,-1.2363157942441128,1.4928918436390837,0.785796973903569,0.0020580238955125283,4,,True,False,0.9984996953633952,1.2057211094641977,0.0,177,0.7575634825549616,-2.5818599390091257,0.022761276120638673,4.0,True,24,177,enso_1966-10-01,3,1.0000000000000004,1.236315794244113,0.31010952102893313,dual persistent load below admissibility threshold,True,2.248141829305718e-16
4.0,0.16666666666666666,0.0025162535712103095,0.9974837464287897,enso-pacific-sst,,4,0.0025162535712103095,0.9974837464287897,-1.2350722242578072,1.4941358617214393,0.7774936529940477,0.0019613063249841003,4,,True,False,0.997540579199026,1.206780562002602,0.0,178,0.7432302513605006,-2.598151423500925,0.021256261809862023,4.0,True,24,178,enso_1966-11-01,3,1.0000000000000004,1.235072224257807,0.32808729418824506,dual persistent load below admissibility threshold,True,2.614258354939401e-16
4.0,0.16666666666666666,0.0025267076875607544,0.9974732923124393,enso-pacific-sst,,4,0.0025267076875607544,0.9974732923124393,-1.2346498672566582,1.492618816758124,0.7995560349400814,0.0020253618775447836,4,,True,False,0.9969078037162975,1.205202694190737,0.0,179,0.7129363988054049,-2.5963462744263377,0.018558368402771308,4.0,True,24,179,enso_1966-12-01,3,1.0,1.2346498672566577,0.25373579653946987,dual persistent load below admissibility threshold,True,2.2327287193850947e-16
4.0,0.16666666666666666,0.002648232864498826,0.9973517671355012,enso-pacific-sst,,4,0.002648232864498826,0.9973517671355012,-1.2349091859392316,1.4864824168937028,0.8368063601941336,0.0022219423249757687,4,,True,False,0.9961164486907587,1.1990433005251568,0.0,180,0.7489685777120618,-2.5758921906594177,0.02244892448141555,4.0,True,24,180,enso_1967-01-01,3,1.0000000000000007,1.2349091859392316,0.3535178487177725,dual persistent load below admissibility threshold,True,3.5149487610651274e-16
4.0,0.16666666666666666,0.002685600906846294,0.9973143990931538,enso-pacific-sst,,4,0.002685600906846294,0.9973143990931538,-1.2359045312625019,1.481122275989122,0.8521851184890281,0.0022947920225518392,4,,True,False,0.9960542769880952,1.19368295885628,0.0,181,0.7761788746762118,-2.5697906144836313,0.02584199419697166,4.0,True,24,181,enso_1967-02-01,3,1.0000000000000004,1.2359045312625025,0.3927656896906446,dual persistent load below admissibility threshold,True,2.270902689616041e-16
4.0,0.16666666666666666,0.0031602045714145175,0.9968397954285855,enso-pacific-sst,,4,0.0031602045714145175,0.9968397954285855,-1.234770410875882,1.4770349042885447,0.861242223817946,0.002730330014197014,4,,True,False,0.9948282043500998,1.190015543499687,0.0,182,0.7853256019290167,-2.4989101704138865,0.028256855796903905,4.0,True,24,182,enso_1967-03-01,3,1.0000000000000007,1.234770410875882,0.3472666468446138,dual persistent load below admissibility threshold,True,2.2211194937141435e-16
4.0,0.16666666666666666,0.002658072683630838,0.9973419273163692,enso-pacific-sst,,4,0.002658072683630838,0.9973419273163692,-1.238948508732975,1.4774976967284446,0.8830357329584015,0.0023534287451069027,4,,True,False,0.997803711184494,1.1899224823877834,0.0,183,0.8133796801291833,-2.5742772244271226,0.03306665557355223,4.0,True,24,183,enso_1967-04-01,3,1.0000000000000004,1.238948508732975,0.5510726736339685,dual persistent load below admissibility threshold,True,9.04574532410958e-17
4.0,0.16666666666666666,0.002845270787353104,0.9971547292126469,enso-pacific-sst,,4,0.002845270787353104,0.9971547292126469,-1.2336578167683663,1.4722745299117617,0.875195017721784,0.002497272232893093,4,,True,False,0.9936367007093986,1.1858280201816136,0.0,184,0.8009429831035111,-2.5446389483746388,0.030960668697112087,4.0,True,24,184,enso_1967-05-01,3,0.9999999999999998,1.2336578167683663,0.4384972675395809,dual persistent load below admissibility threshold,True,2.7098910344365066e-16
4.0,0.16666666666666666,0.0031131643416392593,0.9968868356583608,enso-pacific-sst,,4,0.0031131643416392593,0.9968868356583608,-1.2315548469322037,1.4724675411419643,0.8712648516809547,0.002720861156307133,4,,True,False,0.9921585675519039,1.1862413517556545,0.0,185,0.7885348474360694,-2.505443813609517,0.030471370091710585,4.0,True,24,185,enso_1967-06-01,3,1.0000000000000002,1.2315548469322046,0.35777966764238944,dual persistent load below admissibility threshold,True,2.287365970398823e-16
4.0,0.16666666666666666,0.003568739760392103,0.9964312602396079,enso-pacific-sst,,4,0.003568739760392103,0.9964312602396079,-1.2300294792979196,1.4737988528935713,0.8549379695281063,0.003061978529045918,4,,True,False,0.9912417869822538,1.1876878019447727,0.0,186,0.773618051773591,-2.44593246435892,0.030600941676592913,4.0,True,24,186,enso_1967-07-01,3,1.0000000000000007,1.2300294792979196,0.26296536496687034,dual persistent load below admissibility threshold,True,2.3521153827883453e-16
4.0,0.16666666666666666,0.0038736763521523415,0.9961263236478477,enso-pacific-sst,,4,0.0038736763521523415,0.9961263236478477,-1.2355260232290697,1.4823738867440828,0.8453731789272882,0.003287436557205334,4,,True,False,0.995706520762545,1.1946404345103345,0.0,187,0.7678982101545597,-2.410191084572573,0.032114809324358326,4.0,True,24,187,enso_1967-08-01,3,1.0000000000000004,1.23552602322907,0.29048408321693797,dual persistent load below admissibility threshold,True,1.3903441957070585e-16
4.0,0.16666666666666666,0.004484908229776532,0.9955150917702235,enso-pacific-sst,,4,0.004484908229776532,0.9955150917702235,-1.2307822219608335,1.4870930034715906,0.8460089707992923,0.003811366223344289,4,,True,False,0.9925164356415144,1.1992082928542869,0.0,188,0.8007607932719197,-2.3462942872792922,0.04218621789517058,4.0,True,24,188,enso_1967-09-01,3,1.0000000000000007,1.230782221960833,0.3851188804945231,dual persistent load below admissibility threshold,True,2.2211942900852994e-16
4.0,0.16666666666666666,0.004976194358289194,0.9950238056417109,enso-pacific-sst,,4,0.004976194358289194,0.9950238056417109,-1.2294770977503886,1.4877915162662139,0.8335872963807371,0.004168837346274523,4,,True,False,0.9926173464081189,1.201167284520257,0.0,189,0.7764244275078641,-2.3009361367121173,0.03951411852618359,4.0,True,24,189,enso_1967-10-01,3,1.0000000000000007,1.2294770977503893,0.27616345694475253,dual persistent load below admissibility threshold,True,2.3298167761046733e-16
4.0,0.16666666666666666,0.00545915202731282,0.9945408479726872,enso-pacific-sst,,4,0.00545915202731282,0.9945408479726872,-1.2143315056179482,1.4760495780586482,0.8258811584399561,0.004533359096921442,4,,True,False,0.9814460267057248,1.192971595403948,0.0,190,0.7561637002169528,-2.2604974364786394,0.039431459854625414,4.0,True,24,190,enso_1967-11-01,3,1.0000000000000002,1.2143315056179491,0.18889304750001484,dual persistent load below admissibility threshold,True,1.1224400484369352e-16
4.0,0.16666666666666666,0.006052145843654565,0.9939478541563453,enso-pacific-sst,,4,0.006052145843654565,0.9939478541563453,-1.2082855409933,1.4776149958923523,0.8089139126506052,0.0049254746653466155,4,,True,False,0.9775416493768748,1.1954377928260118,0.0,191,0.7364682574632406,-2.215454215410336,0.03980395831505524,4.0,True,24,191,enso_1967-12-01,3,1.0000000000000007,1.2082855409933002,0.11520792837612445,dual persistent load below admissibility threshold,True,1.2598130730265598e-16
4.0,0.16666666666666666,0.006985113384439008,0.9930148866155609,enso-pacific-sst,,4,0.006985113384439008,0.9930148866155609,-1.2023582520920864,1.472948450266293,0.855169661611999,0.006015475830026237,4,,True,False,0.9735499128349226,1.1926468944442836,0.0,192,0.7356775376694735,-2.152782299092143,0.044430000684024515,4.0,True,24,192,enso_1968-01-01,3,1.0000000000000004,1.2023582520920861,0.17543469886867707,dual persistent load below admissibility threshold,True,2.361692589758292e-16
4.0,0.16666666666666666,0.008001631840157564,0.9919983681598424,enso-pacific-sst,,4,0.008001631840157564,0.9919983681598424,-1.2252298077017554,1.5951553289499394,0.8616542445571658,0.006950253407417486,4,,True,False,0.9928081403303138,1.2925601268576699,0.0,193,0.7749108650405226,-2.0933323923839846,0.05399441086104115,4.0,True,24,193,enso_1968-02-01,3,1.0000000000000007,1.2252298077017552,0.27790020294825885,dual persistent load below admissibility threshold,True,2.750208961129757e-16
4.0,0.16666666666666666,0.007785801716013791,0.9922141982839863,enso-pacific-sst,,4,0.007785801716013791,0.9922141982839863,-1.2264797076778218,1.6060168418815886,0.8706498864147465,0.006831899192149013,4,,True,False,0.9931579493276327,1.3004930968558266,0.0,194,0.817381541064501,-2.105302098187312,0.06558415755302963,4.0,True,24,194,enso_1968-03-01,3,1.0000000000000009,1.2264797076778224,0.4168098804266357,dual persistent load below admissibility threshold,True,3.012484154119181e-16
4.0,0.16666666666666666,0.0076675750209843395,0.9923324249790156,enso-pacific-sst,,4,0.0076675750209843395,0.9923324249790156,-1.2221300168848446,1.6016101812638992,0.8697775290648826,0.00672061527749877,4,,True,False,0.9898165182763564,1.2971616696687125,0.0,195,0.8095868755155367,-2.111999148492261,0.06410430825178845,4.0,True,24,195,enso_1968-04-01,3,1.0000000000000004,1.222130016884846,0.41517619723398863,dual persistent load below admissibility threshold,True,1.3350768418684841e-16
4.0,0.16666666666666666,0.007735161220084222,0.9922648387799158,enso-pacific-sst,,4,0.007735161220084222,0.9922648387799158,-1.221590113577344,1.5991432879760996,0.8707525453992897,0.006787916953445656,4,,True,False,0.9893120036057492,1.295075682666905,0.0,196,0.8009468744906065,-2.1081582323533663,0.06318423967827928,4.0,True,24,196,enso_1968-05-01,3,1.000000000000001,1.2215901135773446,0.42374123536993713,dual persistent load below admissibility threshold,True,2.370782078679244e-16
4.0,0.16666666666666666,0.00786915447449172,0.9921308455255083,enso-pacific-sst,,4,0.00786915447449172,0.9921308455255083,-1.2239978341870832,1.596881057494875,0.8709687727757562,0.006908149107893742,4,,True,False,0.9911653419516563,1.2931176144271754,0.0,197,0.7926601395649755,-2.1006408813770565,0.061867034699436455,4.0,True,24,197,enso_1968-06-01,3,1.0000000000000004,1.2239978341870823,0.3713193907977886,dual persistent load below admissibility threshold,True,3.313482593500821e-16
4.0,0.16666666666666666,0.008066131551066134,0.9919338684489338,enso-pacific-sst,,4,0.008066131551066134,0.9919338684489338,-1.221668292982184,1.5975120531244575,0.8689716320389744,0.007066236692906961,4,,True,False,0.9888921330415493,1.2931227820585403,0.0,198,0.8027603234014853,-2.089817418337479,0.0671311343117291,4.0,True,24,198,enso_1968-07-01,3,1.0000000000000002,1.2216682929821836,0.42771134925515025,dual persistent load below admissibility threshold,True,4.588123465969782e-16
4.0,0.16666666666666666,0.008065965180326684,0.9919340348196733,enso-pacific-sst,,4,0.008065965180326684,0.9919340348196733,-1.2239921994861214,1.6011009755462369,0.8709676591941402,0.007082320563310145,4,,True,False,0.9914070525882156,1.2968569568734494,0.0,199,0.7747927721098301,-2.0898264489598293,0.05896709175490258,4.0,True,24,199,enso_1968-08-01,3,1.0000000000000007,1.2239921994861216,0.4108269321108127,dual persistent load below admissibility threshold,True,2.3492603819355214e-16
4.0,0.16666666666666666,0.007713002387694357,0.9922869976123057,enso-pacific-sst,,4,0.007713002387694357,0.9922869976123057,-1.2254032221487503,1.5398655508102839,0.8715602145753922,0.00677459851052677,4,,True,False,0.9934432553161076,1.248380139611223,0.0,200,0.7322044128640729,-2.1094138348287266,0.04760322033373579,4.0,True,24,200,enso_1968-09-01,3,1.0000000000000004,1.2254032221487514,0.25785204479268853,dual persistent load below admissibility threshold,True,2.228903102779738e-16
4.0,0.16666666666666666,0.007102680854531893,0.9928973191454681,enso-pacific-sst,,4,0.007102680854531893,0.9928973191454681,-1.2208723829947064,1.4794211266837631,0.868635184224298,0.006213772938648452,4,,True,False,0.9895299903819013,1.1990864840985704,0.0,201,0.7086440218293135,-2.145482037175117,0.04117756498349601,4.0,True,24,201,enso_1968-10-01,3,1.0000000000000004,1.2208723829947061,0.10266208786446909,dual persistent load below admissibility threshold,True,2.61625158504168e-16
4.0,0.16666666666666666,0.007020539877432027,0.9929794601225679,enso-pacific-sst,,4,0.007020539877432027,0.9929794601225679,-1.222297181081113,1.4862644709693045,0.7117874095637615,0.00503246249673645,4,,True,False,0.9909958040310601,1.2050112502986146,0.0,202,0.7304760928585241,-2.1505697546336853,0.043288387322685785,4.0,True,24,202,enso_1968-11-01,3,1.0,1.2222971810811132,0.1291154366559236,dual persistent load below admissibility threshold,True,3.1059970879243407e-16
4.0,0.16666666666666666,0.006948036203359016,0.993051963796641,enso-pacific-sst,,4,0.006948036203359016,0.993051963796641,-1.2248813967034087,1.4922213231177377,0.6923228418275797,0.004843940040196608,4,,True,False,0.993489293439555,1.2103260870396348,0.0,203,0.7510691301944592,-2.155109901866753,0.04572672776677085,4.0,True,24,203,enso_1968-12-01,3,1.0000000000000007,1.2248813967034098,0.1838249192118282,dual persistent load below admissibility threshold,True,2.916894987772322e-16
4.0,0.16666666666666666,0.0068019668576971455,0.9931980331423029,enso-pacific-sst,,4,0.0068019668576971455,0.9931980331423029,-1.226583220285147,1.4867831687868884,0.7117000963427478,0.004874114030036178,4,,True,False,0.9943943454592902,1.2053391498556685,0.0,204,0.7798084877836109,-2.164401339318018,0.04983208426450115,4.0,True,24,204,enso_1969-01-01,3,1.0,1.226583220285148,0.2729562631682708,dual persistent load below admissibility threshold,True,2.269395280077096e-16
4.0,0.16666666666666666,0.006680429780142429,0.9933195702198576,enso-pacific-sst,,4,0.006680429780142429,0.9933195702198576,-1.2292176393040588,1.487798422515651,0.6636518238049189,0.004463296143869316,4,,True,False,0.9961181527295797,1.205663642371211,0.0,205,0.8010646080368066,-2.172284588590149,0.053308057509815036,4.0,True,24,205,enso_1969-02-01,3,1.0000000000000004,1.2292176393040588,0.3512502555131164,dual persistent load below admissibility threshold,True,3.5213394635322215e-16
4.0,0.16666666666666666,0.00911174235781028,0.9908882576421898,enso-pacific-sst,,4,0.00911174235781028,0.9908882576421898,-1.2287289703817734,1.4924332255512407,0.6348864519864796,0.0058381171967162694,4,,True,False,0.9961908846252806,1.2099888673936854,0.0,206,0.8019643899596249,-2.0364232507040816,0.059566763757026076,4.0,True,24,206,enso_1969-03-01,3,1.0000000000000002,1.2287289703817723,0.25890550871306844,dual persistent load below admissibility threshold,True,1.489354658656832e-16
4.0,0.16666666666666666,0.006493577128141685,0.9935064228718584,enso-pacific-sst,,4,0.006493577128141685,0.9935064228718584,-1.2281606219557086,1.4870210514423037,0.5481094212069232,0.0035824537409430667,4,,True,False,0.995380099697497,1.2051771860914589,0.0,207,0.7963652891527502,-2.1846866758267875,0.0496366329596076,4.0,True,24,207,enso_1969-04-01,3,1.0000000000000007,1.2281606219557086,0.2556833088175471,dual persistent load below admissibility threshold,True,2.2248965582223254e-16
4.0,0.16666666666666666,0.005848339273623852,0.9941516607263762,enso-pacific-sst,,4,0.005848339273623852,0.9941516607263762,-1.229037575282769,1.4820743308789934,0.5903288508026021,0.0034727532416729736,4,,True,False,0.9952837346137225,1.2001947740881729,0.0,208,0.7808444684519497,-2.2304200833825862,0.04371523066056411,4.0,True,24,208,enso_1969-05-01,3,1.0000000000000002,1.22903757528277,0.22961667061686733,dual persistent load below admissibility threshold,True,2.290600814817793e-16
4.0,0.16666666666666666,0.005164734054581123,0.9948352659454188,enso-pacific-sst,,4,0.005164734054581123,0.9948352659454188,-1.2261386941002066,1.470129938879362,0.6300558764536262,0.0032709647042081565,4,,True,False,0.9913880283681511,1.1886658732519284,0.0,209,0.7596113866680287,-2.284703208695704,0.037810596730978946,4.0,True,24,209,enso_1969-06-01,3,1.0000000000000007,1.2261386941002055,0.20229626584192967,dual persistent load below admissibility threshold,True,2.4174105664524857e-16
4.0,0.16666666666666666,0.004653238897456222,0.9953467611025437,enso-pacific-sst,,4,0.004653238897456222,0.9953467611025437,-1.2293064605655963,1.4729251353007284,0.6414630851424322,0.0029988352760204804,4,,True,False,0.9934951595171718,1.190381763371823,0.0,210,0.7653023494507647,-2.3302190577773274,0.035868374526595595,4.0,True,24,210,enso_1969-07-01,3,1.0000000000000004,1.2293064605655952,0.2308816483438726,dual persistent load below admissibility threshold,True,1.7057613105666701e-16
4.0,0.16666666666666666,0.004732341881114159,0.9952676581188858,enso-pacific-sst,,4,0.004732341881114159,0.9952676581188858,-1.2331582856944587,1.4792120794461334,0.6163626005954381,0.0029307076593478648,4,,True,False,0.9964758169105163,1.195304027349498,0.0,211,0.7612743862966499,-2.3228637795535487,0.03585014257308125,4.0,True,24,211,enso_1969-08-01,3,1.0000000000000009,1.2331582856944574,0.286903141831534,dual persistent load below admissibility threshold,True,3.7191749220533756e-17
4.0,0.16666666666666666,0.004784268989918255,0.9952157310100818,enso-pacific-sst,,4,0.004784268989918255,0.9952157310100818,-1.2318312662683462,1.4827964711734423,0.5930888648369812,0.002851137271941539,4,,True,False,0.9959896098977875,1.1989059860087452,0.0,212,0.749589427862189,-2.3181016427694106,0.035321540000169044,4.0,True,24,212,enso_1969-09-01,3,1.0000000000000007,1.2318312662683457,0.34747860396344127,dual persistent load below admissibility threshold,True,8.778398793382776e-17
4.0,0.16666666666666666,0.004393020342256,0.9956069796577439,enso-pacific-sst,,4,0.004393020342256,0.9956069796577439,-1.2306968875865933,1.4864624741432035,0.6260595461337419,0.0027624277228094005,4,,True,False,0.995152508266273,1.2019668486268245,0.0,213,0.7517325052695699,-2.3553247182413917,0.03421111775694202,4.0,True,24,213,enso_1969-10-01,3,0.9999999999999999,1.2306968875865931,0.3988748104987924,dual persistent load below admissibility threshold,True,2.550582852409389e-16
4.0,0.16666666666666666,0.0033635963086695105,0.9966364036913306,enso-pacific-sst,,4,0.0033635963086695105,0.9966364036913306,-1.2311176262928971,1.4881219065351532,0.5913695344761517,0.0019958415886237747,4,,True,False,0.9949739381194113,1.2026815977003857,0.0,214,0.7738618750299061,-2.4717328792067694,0.03157073988675138,4.0,True,24,214,enso_1969-11-01,3,1.0000000000000002,1.231117626292897,0.4159282864883244,dual persistent load below admissibility threshold,True,1.4222537898621036e-16
4.0,0.16666666666666666,0.0030138434569329095,0.9969861565430671,enso-pacific-sst,,4,0.0030138434569329095,0.9969861565430671,-1.2316980981355878,1.490378240652925,0.6266457984873215,0.0018943215281283894,4,,True,False,0.9949205957580805,1.2038729371587107,0.0,215,0.7858779416097179,-2.5195684373149723,0.02979331307374666,4.0,True,24,215,enso_1969-12-01,3,1.0,1.2316980981355898,0.40520428400608477,dual persistent load below admissibility threshold,True,1.228034378436013e-16
4.0,0.16666666666666666,0.0026199022413409575,0.9973800977586591,enso-pacific-sst,,4,0.0026199022413409575,0.9973800977586591,-1.2323897196170912,1.4943675487260433,0.6484752186503084,0.0017034044318850162,4,,True,False,0.9948976566209692,1.2063901123906646,0.0,216,0.7861905606998821,-2.5805756114111387,0.026815141299862587,4.0,True,24,216,enso_1970-01-01,3,1.0000000000000004,1.2323897196170912,0.40269052864272425,dual persistent load below admissibility threshold,True,2.2212046500617024e-16
4.0,0.16666666666666666,0.0023457767956182912,0.9976542232043817,enso-pacific-sst,,4,0.0023457767956182912,0.9976542232043817,-1.2330970162860857,1.4959641319132404,0.6567971952151439,0.0015443222552742406,4,,True,False,0.9947802174624328,1.2068438288357615,0.0,217,0.7845662331150529,-2.6286933593838193,0.023782206164719794,4.0,True,24,217,enso_1970-02-01,3,1.0000000000000002,1.2330970162860868,0.3688437387394172,dual persistent load below admissibility threshold,True,2.3095720194002656e-16
4.0,0.16666666666666666,0.0024133738446325045,0.9975866261553675,enso-pacific-sst,,4,0.0024133738446325045,0.9975866261553675,-1.231842494731711,1.4899757591917764,0.6232176022945917,0.0015076956942465093,4,,True,False,0.9936349149222407,1.2018516515320938,0.0,218,0.7835365857898493,-2.616326016592477,0.02205430024317614,4.0,True,24,218,enso_1970-03-01,3,1.0000000000000004,1.2318424947317113,0.2659798578209966,dual persistent load below admissibility threshold,True,2.7157234809833085e-16
4.0,0.16666666666666666,0.0021769761673798424,0.9978230238326202,enso-pacific-sst,,4,0.0021769761673798424,0.9978230238326202,-1.231103748607303,1.4856707619628877,0.6132030607735213,0.0013378408968164443,4,,True,False,0.9931860448536602,1.1985565552033044,0.0,219,0.7657498907104704,-2.6611998460639277,0.018257624239397634,4.0,True,24,219,enso_1970-04-01,3,1.0000000000000004,1.231103748607303,0.20512542500549483,dual persistent load below admissibility threshold,True,2.2767944137896745e-16
4.0,0.16666666666666666,0.0020487534377036706,0.9979512465622963,enso-pacific-sst,,4,0.0020487534377036706,0.9979512465622963,-1.2274260221377258,1.482776315116383,0.6046937501977008,0.0012414117460578058,4,,True,False,0.9903497505567008,1.1963793559218852,0.0,220,0.7569480357309408,-2.687619629685482,0.016563345286416703,4.0,True,24,220,enso_1970-05-01,3,0.9999999999999997,1.2274260221377262,0.15651872152727048,dual persistent load below admissibility threshold,True,3.776861621609569e-16
4.0,0.16666666666666666,0.0019368063866610629,0.998063193613339,enso-pacific-sst,,4,0.0019368063866610629,0.998063193613339,-1.231782402193863,1.5160153793355646,0.5990921626807661,0.0011625772138514705,4,,True,False,0.99399540109499,1.2233591845158247,0.0,221,0.7649134214960636,-2.712071831522094,0.016676254038593238,4.0,True,24,221,enso_1970-06-01,2,0.9999999999999996,1.2317824021938628,0.23217007755144456,numerical successor admissibility boundary: reduced closure requires Y positive definite,True,2.404649335050509e-16
4.0,0.16666666666666666,0.0022187829769464143,0.9977812170230536,enso-pacific-sst,,4,0.0022187829769464143,0.9977812170230536,-1.2330148436050352,1.4958404161405907,0.6281354886243805,0.001396795515487733,4,,True,False,0.9947218038772003,1.2067535802775913,0.0,222,0.7762785460693573,-2.6529204989927035,0.019071657129075128,4.0,True,24,222,enso_1970-07-01,3,1.0000000000000009,1.2330148436050357,0.21234909382264258,dual persistent load below admissibility threshold,True,1.3308942700476739e-16
4.0,0.16666666666666666,0.0022642496285725645,0.9977357503714275,enso-pacific-sst,,4,0.0022642496285725645,0.9977357503714275,-1.2328128890417822,1.4781970791275112,0.6108892806843815,0.0013863448577177329,4,,True,False,0.9941266978454231,1.1920017985697566,0.0,223,0.7806286773369887,-2.644091228747956,0.02012972185482401,4.0,True,24,223,enso_1970-08-01,3,1.0000000000000002,1.232812889041781,0.21354240937780836,dual persistent load below admissibility threshold,True,1.465105593288744e-16
4.0,0.16666666666666666,0.0025928120287832227,0.9974071879712169,enso-pacific-sst,,4,0.0025928120287832227,0.9974071879712169,-1.2324632434298934,1.4750629022299582,0.6294378924962396,0.001636256644947407,4,,True,False,0.9941724074134995,1.1898665898669607,0.0,224,0.804633337124567,-2.5851014608619645,0.02472172876631692,4.0,True,24,224,enso_1970-09-01,3,1.0000000000000004,1.2324632434298943,0.2189520954628153,dual persistent load below admissibility threshold,True,5.587796045285966e-17
4.0,0.16666666666666666,0.0029291510119352476,0.9970708489880646,enso-pacific-sst,,4,0.0029291510119352476,0.9970708489880646,-1.2327981364714415,1.4772750716924112,0.6330326322640292,0.0018596955043526807,4,,True,False,0.9950770411211475,1.192411363850053,0.0,225,0.8119326261713842,-2.531984256880661,0.0281590427724501,4.0,True,24,225,enso_1970-10-01,3,1.0000000000000002,1.232798136471442,0.23768618792794421,dual persistent load below admissibility threshold,True,1.6065615927668896e-16
4.0,0.16666666666666666,0.003252510438807882,0.9967474895611922,enso-pacific-sst,,4,0.003252510438807882,0.9967474895611922,-1.2322777507947518,1.4801647781123626,0.6149373046651556,0.002006616543891493,4,,True,False,0.9952904743598235,1.1955047497920228,0.0,226,0.812993215543302,-2.4863664514210093,0.03039645950396048,4.0,True,24,226,enso_1970-11-01,3,1.0000000000000007,1.2322777507947527,0.24154334807767278,dual persistent load below admissibility threshold,True,5.976065101550161e-17
4.0,0.16666666666666666,0.003465167644487658,0.9965348323555124,enso-pacific-sst,,4,0.003465167644487658,0.9965348323555124,-1.232801499616477,1.4815674369451395,0.6494240462706034,0.0022581881933519173,4,,True,False,0.9961210016783825,1.1971273881504785,0.0,227,0.803826170440328,-2.4587682328205434,0.03182502370056679,4.0,True,24,227,enso_1970-12-01,3,1.000000000000001,1.2328014996164762,0.27784389428211487,dual persistent load below admissibility threshold,True,2.568743329144137e-16
4.0,0.16666666666666666,0.0040019356245836165,0.9959980643754164,enso-pacific-sst,,4,0.0040019356245836165,0.9959980643754164,-1.2319933294019494,1.4825516165595138,0.667897754938107,0.0026836235075842,4,,True,False,0.9961888890201581,1.1987901334923612,0.0,228,0.774667221112891,-2.395988396150807,0.0322798655923665,4.0,True,24,228,enso_1971-01-01,3,1.0000000000000009,1.2319933294019494,0.2915718861427971,dual persistent load below admissibility threshold,True,2.3256474805570415e-16
4.0,0.16666666666666666,0.0040244834463243305,0.9959755165536757,enso-pacific-sst,,4,0.0040244834463243305,0.9959755165536757,-1.229899414456753,1.4803661978053053,0.7121612007143275,0.0028776620667409847,4,,True,False,0.9948016964052636,1.197391256201392,0.0,229,0.7348124628187581,-2.393538517191084,0.02913535421500142,4.0,True,24,229,enso_1971-02-01,3,0.9999999999999999,1.2298994144567523,0.27206221358177723,dual persistent load below admissibility threshold,True,3.129727551885457e-16
4.0,0.16666666666666666,0.003987375183418572,0.9960126248165815,enso-pacific-sst,,4,0.003987375183418572,0.9960126248165815,-1.2332582130866094,1.4763251982485772,0.7403944614036959,0.0029640492778746836,4,,True,False,0.9963159272028005,1.1926831649185148,0.0,230,0.7765837175183783,-2.397577741714384,0.03547074405216049,4.0,True,24,230,enso_1971-03-01,3,1.0000000000000007,1.233258213086609,0.3677445056040568,dual persistent load below admissibility threshold,True,1.341087076283207e-16
4.0,0.16666666666666666,0.004276202863102603,0.9957237971368974,enso-pacific-sst,,4,0.004276202863102603,0.9957237971368974,-1.2335668640661575,1.473383652522355,0.7409488730023657,0.003182054804008815,4,,True,False,0.9962810310651274,1.1899672626183238,0.0,231,0.7901691589946422,-2.3670805866421243,0.037590723853687766,4.0,True,24,231,enso_1971-04-01,3,1.0000000000000004,1.233566864066157,0.32786292691285074,dual persistent load below admissibility threshold,True,1.1871719290057163e-16
4.0,0.16666666666666666,0.004434611476518547,0.9955653885234814,enso-pacific-sst,,4,0.004434611476518547,0.9955653885234814,-1.2314393579910554,1.47131852626536,0.7320084450359254,0.0032606326904144342,4,,True,False,0.995043595130582,1.1888738706108073,0.0,232,0.7887464856469671,-2.351214213076943,0.03757245863101151,4.0,True,24,232,enso_1971-05-01,3,1.0000000000000009,1.231439357991056,0.2770830110494664,dual persistent load below admissibility threshold,True,1.1185443357712794e-16
4.0,0.16666666666666666,0.004923306967478541,0.9950766930325214,enso-pacific-sst,,4,0.004923306967478541,0.9950766930325214,-1.2305681524780028,1.4726133127894998,0.7151209173741802,0.0035381793380853317,4,,True,False,0.994757808534476,1.1904205296547878,0.0,233,0.7944325504539648,-2.305599639375009,0.0410031825715248,4.0,True,24,233,enso_1971-06-01,3,1.0000000000000004,1.2305681524780019,0.24337090546511375,dual persistent load below admissibility threshold,True,1.2448253175476366e-16
4.0,0.16666666666666666,0.00648273582821297,0.993517264171787,enso-pacific-sst,,4,0.00648273582821297,0.993517264171787,-1.2284481321524772,1.472649267507061,0.7427863366980227,0.0048467075221218636,4,,True,False,0.9934527688669719,1.1909395717109663,0.0,234,0.8221213942805562,-2.185417093725822,0.05312311081214062,4.0,True,24,234,enso_1971-07-01,3,1.0000000000000004,1.2284481321524776,0.2964808737535263,dual persistent load below admissibility threshold,True,2.0401788960999434e-16
4.0,0.16666666666666666,0.006236819810159191,0.9937631801898408,enso-pacific-sst,,4,0.006236819810159191,0.9937631801898408,-1.2286292990718413,1.473311822338287,0.7268302526756331,0.004561558939670545,4,,True,False,0.9937950531760538,1.1917101455513741,0.0,235,0.8180451417795164,-2.202319704810957,0.05104400030624367,4.0,True,24,235,enso_1971-08-01,3,1.0000000000000007,1.2286292990718417,0.24052406724481562,dual persistent load below admissibility threshold,True,2.3555236565523873e-16
4.0,0.16666666666666666,0.006594752346382213,0.9934052476536178,enso-pacific-sst,,4,0.006594752346382213,0.9934052476536178,-1.2287197571680246,1.4682399109037896,0.729720407503347,0.004844272144678313,4,,True,False,0.9932360104599677,1.1868522036833806,0.0,236,0.8085617598343288,-2.177927958751884,0.05075410469957796,4.0,True,24,236,enso_1971-09-01,3,1.0000000000000007,1.228719757168025,0.19824379465176656,dual persistent load below admissibility threshold,True,2.362997028921049e-16
4.0,0.16666666666666666,0.00698679062674333,0.9930132093732567,enso-pacific-sst,,4,0.00698679062674333,0.9930132093732567,-1.2300062665927165,1.4632116563445885,0.8791406704514321,0.006185589212630604,4,,True,False,0.9935942809686206,1.1819766883122762,0.0,237,0.7948927219718666,-2.1526772967149936,0.05025852495398617,4.0,True,24,237,enso_1971-10-01,3,1.0000000000000002,1.230006266592718,0.16509792026197384,dual persistent load below admissibility threshold,True,2.4707834403067377e-16
4.0,0.16666666666666666,0.007080049989897599,0.9929199500101025,enso-pacific-sst,,4,0.007080049989897599,0.9929199500101025,-1.2182258511209858,1.453961403263122,0.85036623947608,0.006063565834436727,4,,True,False,0.9845399183734338,1.1750555448889686,0.0,238,0.7698067011964559,-2.146877912632183,0.04844332696743885,4.0,True,24,238,enso_1971-11-01,3,1.0000000000000013,1.218225851120985,0.1278755799864184,dual persistent load below admissibility threshold,True,2.433235760600733e-16
4.0,0.16666666666666666,0.007364172986277252,0.9926358270137228,enso-pacific-sst,,4,0.007364172986277252,0.9926358270137228,-1.2100407027859288,1.4531940743161147,0.8436526732128793,0.006258895817377128,4,,True,False,0.9787790714463458,1.1754612414406453,0.0,239,0.7422619479716199,-2.129665964412772,0.04674057438679548,4.0,True,24,239,enso_1971-12-01,3,0.9999999999999999,1.2100407027859286,0.0992200332399217,dual persistent load below admissibility threshold,True,3.2816915237707957e-16
4.0,0.16666666666666666,0.00788660335902851,0.9921133966409715,enso-pacific-sst,,4,0.00788660335902851,0.9921133966409715,-1.2232654759003299,1.4870838227146845,0.8648166606523398,0.006874683885871132,4,,True,False,0.9901642177139434,1.2037102485129891,0.0,240,0.742040791418297,-2.099671314608614,0.048316987968493506,4.0,True,24,240,enso_1972-01-01,3,1.0000000000000004,1.2232654759003303,0.11302413453674358,dual persistent load below admissibility threshold,True,2.6475312805758216e-16
4.0,0.16666666666666666,0.008601215968062577,0.9913987840319374,enso-pacific-sst,,4,0.008601215968062577,0.9913987840319374,-1.2200531441280702,1.5794093203146784,0.8605879417912452,0.00746632219655669,4,,True,False,0.9891757685645942,1.2805289964781712,0.0,241,0.7486346847936234,-2.061688529389826,0.051158619370251505,4.0,True,24,241,enso_1972-02-01,3,1.0000000000000004,1.220053144128071,0.11726855869889638,dual persistent load below admissibility threshold,True,1.2312653704012463e-16
4.0,0.16666666666666666,0.00808857638832361,0.9919114236116765,enso-pacific-sst,,4,0.00808857638832361,0.9919114236116765,-1.2096015724509654,1.469130173055444,0.8668121128386841,0.00706844968423786,4,,True,False,0.9792997130451666,1.1894154155107257,0.0,242,0.7410533526907613,-2.0886008006428654,0.049519600825104156,4.0,True,24,242,enso_1972-03-01,3,1.000000000000001,1.2096015724509652,0.14049160588122522,dual persistent load below admissibility threshold,True,7.915833673809109e-17
4.0,0.16666666666666666,0.007449952568601604,0.9925500474313983,enso-pacific-sst,,4,0.007449952568601604,0.9925500474313983,-1.2196554377688944,1.4703360992128003,0.825523854924663,0.0061962755221801205,4,,True,False,0.9866467611756775,1.1894362171514168,0.0,243,0.7449916470822876,-2.1245989067061584,0.04658545916124427,4.0,True,24,243,enso_1972-04-01,3,1.000000000000001,1.219655437768894,0.09176163432437028,dual persistent load below admissibility threshold,True,2.2873586762953417e-16
4.0,0.16666666666666666,0.007023670771632861,0.9929763292283672,enso-pacific-sst,,4,0.007023670771632861,0.9929763292283672,-1.2298265496859784,1.4748259664135766,0.8368442778374061,0.005919293865969917,4,,True,False,0.9939520244360849,1.1919617895564065,0.0,244,0.7660482957040606,-2.1503747496139267,0.04720728521618874,4.0,True,24,244,enso_1972-05-01,3,1.0000000000000007,1.2298265496859788,0.15673909053902338,dual persistent load below admissibility threshold,True,5.760856758345469e-17
4.0,0.16666666666666666,0.00624205503650538,0.9937579449634946,enso-pacific-sst,,4,0.00624205503650538,0.9937579449634946,-1.2324466693743017,1.4688430026060435,0.8506958237688044,0.005343444224222251,4,,True,False,0.995057710474384,1.1859203254299981,0.0,245,0.7678685754555906,-2.201953020263478,0.04346654765242457,4.0,True,24,245,enso_1972-06-01,3,1.0000000000000002,1.2324466693743015,0.13707015687163637,dual persistent load below admissibility threshold,True,2.2220386324636565e-16
4.0,0.16666666666666666,0.005413152849350228,0.9945868471506497,enso-pacific-sst,,4,0.005413152849350228,0.9945868471506497,-1.2349938061529935,1.4613749783144678,0.8604971832871536,0.0046833544932885635,4,,True,False,0.9955840115182061,1.1780800486560583,0.0,246,0.7487935604946387,-2.2641924213456135,0.03676245032056918,4.0,True,24,246,enso_1972-07-01,3,1.0000000000000007,1.2349938061529937,0.0755853034503856,dual persistent load below admissibility threshold,True,2.3861569720927267e-16
4.0,0.16666666666666666,0.0045729465489762955,0.9954270534510237,enso-pacific-sst,,4,0.0045729465489762955,0.9954270534510237,-1.2356807874171973,1.456918959903175,0.8701500810118641,0.003997429843060245,4,,True,False,0.9947334875010503,1.1728320879861553,0.0,247,0.7554810660098787,-2.337813314561827,0.03312258157378012,4.0,True,24,247,enso_1972-08-01,3,1.0000000000000007,1.2356807874171971,0.10555803887762735,dual persistent load below admissibility threshold,True,4.555901492989943e-16
4.0,0.16666666666666666,0.003934189114900953,0.996065810885099,enso-pacific-sst,,4,0.003934189114900953,0.996065810885099,-1.2395468867331372,1.4575848012044723,0.8862874092289732,0.003500594277966453,4,,True,False,0.9967795294880121,1.1721143491091397,0.0,248,0.7699318570093728,-2.4034328011167445,0.03097348291517768,4.0,True,24,248,enso_1972-09-01,3,1.0000000000000002,1.2395468867331376,0.15981547255322043,dual persistent load below admissibility threshold,True,2.6069207565434846e-16
4.0,0.16666666666666666,0.0035252880075584054,0.9964747119924415,enso-pacific-sst,,4,0.0035252880075584054,0.9964747119924415,-1.240034667566077,1.4603417702314543,0.8439785206368051,0.0029857931381808926,4,,True,False,0.9970948317895415,1.1742407448996444,0.0,249,0.7857425889971984,-2.451271678288629,0.03010119340186417,4.0,True,24,249,enso_1972-10-01,3,1.0000000000000004,1.240034667566078,0.20914516827131077,dual persistent load below admissibility threshold,True,2.237998634601254e-16
4.0,0.16666666666666666,0.003155303192628487,0.9968446968073715,enso-pacific-sst,,4,0.003155303192628487,0.9968446968073715,-1.240714502018083,1.4618498014997006,0.8833981661789647,0.002796211950601637,4,,True,False,0.9975449021422973,1.1753395441189918,0.0,250,0.795403993816334,-2.4995864058924,0.02936856200001905,4.0,True,24,250,enso_1972-11-01,3,1.0000000000000002,1.2407145020180834,0.271704439374124,dual persistent load below admissibility threshold,True,2.4509059052772827e-16
4.0,0.16666666666666666,0.002794500402940107,0.99720549959706,enso-pacific-sst,,4,0.002794500402940107,0.99720549959706,-1.2410007592749253,1.4630538878539845,0.8929155246777059,0.002502245319055682,4,,True,False,0.997725383362939,1.1762490798092853,0.0,251,0.8010503389727557,-2.5524804884031904,0.028722783396993145,4.0,True,24,251,enso_1972-12-01,3,1.000000000000001,1.2410007592749257,0.3589245365882876,dual persistent load below admissibility threshold,True,3.1657445501519023e-16
4.0,0.16666666666666666,0.002431816698284501,0.9975681833017155,enso-pacific-sst,,4,0.002431816698284501,0.9975681833017155,-1.2416063870502057,1.4643150899430295,0.8987472102133225,0.002190916380371701,4,,True,False,0.9980751066206034,1.177101257503398,0.0,252,0.8109635495786095,-2.6130117529335077,0.029814002950641592,4.0,True,24,252,enso_1973-01-01,3,1.0000000000000007,1.2416063870502063,0.5150875302645794,dual persistent load below admissibility threshold,True,3.654989312708228e-16
4.0,0.16666666666666666,0.0021855376770555037,0.9978144623229445,enso-pacific-sst,,4,0.0021855376770555037,0.9978144623229445,-1.241855996092554,1.4663458783070313,0.9047324862764418,0.0019816579244702304,4,,True,False,0.9981993905419771,1.178643551792885,0.0,253,0.8031283814974801,-2.6594914965067145,0.0286202287301107,4.0,True,24,253,enso_1973-02-01,3,1.0000000000000004,1.2418559960925546,0.5950604647350698,dual persistent load below admissibility threshold,True,2.2241604483730655e-16
4.0,0.16666666666666666,0.0020081751895054878,0.9979918248104945,enso-pacific-sst,,4,0.0020081751895054878,0.9979918248104945,-1.2416568872260565,1.4697133543742136,0.9027754153242638,0.0018165792000289687,4,,True,False,0.9982389724981124,1.1815866072429426,0.0,254,0.7561420643018285,-2.6963253865414734,0.018264684170325736,4.0,True,24,254,enso_1973-03-01,3,0.9999999999999997,1.241656887226057,0.2776046224802955,dual persistent load below admissibility threshold,True,3.0551201524928467e-16
4.0,0.16666666666666666,0.0017210003782629898,0.9982789996217369,enso-pacific-sst,,4,0.0017210003782629898,0.9982789996217369,-1.2410208531315972,1.474366020277852,0.8720271194248237,0.0015033462618710474,4,,True,False,0.9982258701644227,1.18591907607265,0.0,255,0.7338369134500865,-2.7634709693553705,0.01518889532632854,4.0,True,24,255,enso_1973-04-01,2,1.0000000000000004,1.241020853131597,0.3222095657984157,numerical successor admissibility boundary: reduced closure requires Y positive definite,True,9.013869705585431e-17
4.0,0.16666666666666666,0.0016593215377305919,0.9983406784622694,enso-pacific-sst,,4,0.0016593215377305919,0.9983406784622694,-1.241316091405813,1.47826620649944,0.8601203116200951,0.001429588304774973,4,,True,False,0.9987675011788146,1.1894184369030707,0.0,256,0.7207883452620564,-2.7793482169693755,0.013936275912122027,4.0,True,24,256,enso_1973-05-01,2,1.0000000000000004,1.2413160914058132,0.2812629492094435,numerical successor admissibility boundary: reduced closure requires Y positive definite,True,2.987678702075929e-16
4.0,0.16666666666666666,0.0016187292603868908,0.9983812707396131,enso-pacific-sst,,4,0.0016187292603868908,0.9983812707396131,-1.2412257085702398,1.481339757341968,0.8534912626431439,0.0013838112961609595,4,,True,False,0.9988374589414971,1.1920617087095524,0.0,257,0.7553011283773227,-2.7901222080539037,0.015599137816528094,4.0,True,24,257,enso_1973-06-01,2,1.0000000000000002,1.2412257085702396,0.3183868002955337,numerical successor admissibility boundary: reduced closure requires Y positive definite,True,1.3945295051106607e-16
4.0,0.16666666666666666,0.0016083224515422297,0.9983916775484578,enso-pacific-sst,,4,0.0016083224515422297,0.9983916775484578,-1.2411063161275695,1.4849475505535858,0.8520622368477834,0.001372598406467656,4,,True,False,0.9987288767603144,1.194950005443308,0.0,258,0.7735961664202761,-2.7929278275705287,0.016173006855892482,4.0,True,24,258,enso_1973-07-01,2,1.0000000000000007,1.2411063161275693,0.30119307357068914,numerical successor admissibility boundary: reduced closure requires Y positive definite,True,2.2209452478063775e-16
4.0,0.16666666666666666,0.0016142145481603785,0.9983857854518396,enso-pacific-sst,,4,0.0016142145481603785,0.9983857854518396,-1.2410429895324313,1.48045700764805,0.8424559330332373,0.0013621033503304787,4,,True,False,0.9987165603856151,1.1913825249793273,0.0,259,0.7929896918772275,-2.791337132017875,0.017514942913045322,4.0,True,24,259,enso_1973-08-01,2,1.0000000000000009,1.2410429895324315,0.32177069624563653,numerical successor admissibility boundary: reduced closure requires Y positive definite,True,7.030914651483081e-16
4.0,0.16666666666666666,0.0016902252875169567,0.9983097747124831,enso-pacific-sst,,4,0.0016902252875169567,0.9983097747124831,-1.2400674561880427,1.473370674626105,0.8409361073365602,0.0014237779793508363,4,,True,False,0.9980349813710377,1.1858028097304705,0.0,260,0.8016607490113106,-2.771320728512676,0.018422140194608794,4.0,True,24,260,enso_1973-09-01,2,1.0000000000000004,1.2400674561880427,0.30013022392979205,numerical successor admissibility boundary: reduced closure requires Y positive definite,True,2.8611671884828566e-16
4.0,0.16666666666666666,0.0017409115672067242,0.9982590884327933,enso-pacific-sst,,4,0.0017409115672067242,0.9982590884327933,-1.239993417076871,1.4696237656102054,0.8413284231375904,0.0014672327060497705,4,,True,False,0.9979161895592465,1.1827170435474423,0.0,261,0.790443370101149,-2.7584665619304762,0.018069303231659777,4.0,True,24,261,enso_1973-10-01,2,1.0000000000000002,1.2399934170768712,0.28410443856341205,numerical successor admissibility boundary: reduced closure requires Y positive definite,True,3.416913055931299e-16
4.0,0.16666666666666666,0.0017688228155122016,0.9982311771844878,enso-pacific-sst,,4,0.0017688228155122016,0.9982311771844878,-1.2400532876928398,1.4667412680182819,0.8391656486002657,0.0014869655237825913,4,,True,False,0.9978160666918096,1.180221864200304,0.0,262,0.7666815433623151,-2.7515467983731816,0.017072775475490125,4.0,True,24,262,enso_1973-11-01,2,1.0000000000000009,1.2400532876928392,0.2877825366717111,numerical successor admissibility boundary: reduced closure requires Y positive definite,True,2.4587952987000844e-16
4.0,0.16666666666666666,0.0018204008415209846,0.9981795991584791,enso-pacific-sst,,4,0.0018204008415209846,0.9981795991584791,-1.2401767686060579,1.4645842337887853,0.84784212993112,0.0015462272802456967,4,,True,False,0.9976527881137228,1.1781760320418608,0.0,263,0.7306097819402222,-2.739041661893058,0.015099974505669246,4.0,True,24,263,enso_1973-12-01,2,1.0000000000000007,1.2401767686060579,0.22246860483460973,numerical successor admissibility boundary: reduced closure requires Y positive definite,True,8.266166912113851e-17
4.0,0.16666666666666666,0.0022305668075147775,0.9977694331924852,enso-pacific-sst,,4,0.0022305668075147775,0.9977694331924852,-1.2410659069386991,1.4620173119411317,0.9071000265457067,0.002027870510960313,4,,True,False,0.9978687532192222,1.1755228985785655,0.0,264,0.7434014599193989,-2.650614959845018,0.0192780462711411,4.0,True,24,264,enso_1974-01-01,3,1.0000000000000004,1.2410659069386987,0.3667377628361663,dual persistent load below admissibility threshold,True,2.9443318803736327e-16
4.0,0.16666666666666666,0.0022862822084209395,0.997713717791579,enso-pacific-sst,,4,0.0022862822084209395,0.997713717791579,-1.2421610876487323,1.459260828124946,0.9132109193302504,0.002092642248140996,4,,True,False,0.998046738713428,1.1724811901805552,0.0,265,0.7584142377837368,-2.639876106741508,0.02100629242037602,4.0,True,24,265,enso_1974-02-01,3,1.0000000000000009,1.2421610876487326,0.3244730770791018,dual persistent load below admissibility threshold,True,2.015658036492899e-16
4.0,0.16666666666666666,0.0025200649105588187,0.9974799350894412,enso-pacific-sst,,4,0.0025200649105588187,0.9974799350894412,-1.2423715158077382,1.4570027727677564,0.9090329543139661,0.002296609656115872,4,,True,False,0.9978910945209204,1.1702860804016,0.0,266,0.7714369893886581,-2.5974924410877174,0.022824650585902505,4.0,True,24,266,enso_1974-03-01,3,1.0000000000000009,1.242371515807739,0.25797023949815623,dual persistent load below admissibility threshold,True,2.006587144132114e-16
4.0,0.16666666666666666,0.002776158595687591,0.9972238414043124,enso-pacific-sst,,4,0.002776158595687591,0.9972238414043124,-1.241155075979797,1.4540107409577938,0.9041304063046405,0.0025169969818917407,4,,True,False,0.9968469545678879,1.1678042551520516,0.0,267,0.7764448228729441,-2.555348380214012,0.024406152664011697,4.0,True,24,267,enso_1974-04-01,3,1.0000000000000007,1.241155075979797,0.21656968758732856,dual persistent load below admissibility threshold,True,2.7773849305879236e-16
4.0,0.16666666666666666,0.003052849760541471,0.9969471502394586,enso-pacific-sst,,4,0.003052849760541471,0.9969471502394586,-1.2362963383922163,1.4477320324809604,0.8912477642945954,0.002729177292052394,4,,True,False,0.9933037863871645,1.1631820501931345,0.0,268,0.7922858034867707,-2.513966704325475,0.02849651841448861,4.0,True,24,268,enso_1974-05-01,3,1.0000000000000013,1.2362963383922156,0.31684853717417366,dual persistent load below admissibility threshold,True,1.711380485589404e-16
4.0,0.16666666666666666,0.0030731236057818753,0.9969268763942181,enso-pacific-sst,,4,0.0030731236057818753,0.9969268763942181,-1.2376003847028922,1.4485441070786158,0.9026506059882775,0.0027825078756718914,4,,True,False,0.994954947649659,1.164540787188443,0.0,269,0.7804306367303395,-2.5110832758037236,0.025974464082597033,4.0,True,24,269,enso_1974-06-01,3,1.0000000000000004,1.2376003847028918,0.16177742638276557,dual persistent load below admissibility threshold,True,1.9051243639469752e-16
4.0,0.16666666666666666,0.0033114911964197487,0.9966885088035803,enso-pacific-sst,,4,0.0033114911964197487,0.9966885088035803,-1.2343045589011785,1.4455068108585267,0.8287327681333603,0.0027534593221632347,4,,True,False,0.9928926465578297,1.1627868281782787,0.0,270,0.7957861203731748,-2.4785358463304306,0.02912654314368964,4.0,True,24,270,enso_1974-07-01,3,1.0000000000000007,1.2343045589011774,0.19328655114148552,dual persistent load below admissibility threshold,True,1.8101869131996757e-16
4.0,0.16666666666666666,0.003414772136414172,0.9965852278635858,enso-pacific-sst,,4,0.003414772136414172,0.9965852278635858,-1.2181986283316784,1.4302615122766333,0.7689587781293954,0.0026348163069167757,4,,True,False,0.9806519234555825,1.15136289800245,0.0,271,0.7838268443012353,-2.4651527164004734,0.029425315234707712,4.0,True,24,271,enso_1974-08-01,3,1.0000000000000002,1.2181986283316781,0.15988574905608308,dual persistent load below admissibility threshold,True,2.3516896057334334e-16
4.0,0.16666666666666666,0.0036937805186499717,0.9963062194813501,enso-pacific-sst,,4,0.0036937805186499717,0.9963062194813501,-1.2301410047590264,1.4438276015361637,0.7590092377429427,0.0028140078632749393,4,,True,False,0.991083243477173,1.1632433491903957,0.0,272,0.7832560030021968,-2.4309217549712896,0.030872222447861603,4.0,True,24,272,enso_1974-09-01,3,1.0000000000000002,1.2301410047590267,0.17400406982311925,dual persistent load below admissibility threshold,True,2.387926218243476e-16
4.0,0.16666666666666666,0.0039060337859974643,0.9960939662140025,enso-pacific-sst,,4,0.0039060337859974643,0.9960939662140025,-1.2254222929526062,1.4385537241481967,0.7108498870839939,0.0027874917125298923,4,,True,False,0.9878455980039518,1.159656529887324,0.0,273,0.7685716181167225,-2.4065643139083734,0.031085709383859465,4.0,True,24,273,enso_1974-10-01,3,1.0000000000000002,1.2254222929526066,0.1613613222071075,dual persistent load below admissibility threshold,True,1.0438128715223242e-16
4.0,0.16666666666666666,0.00428866487900942,0.9957113351209905,enso-pacific-sst,,4,0.00428866487900942,0.9957113351209905,-1.2020211993530663,1.4152786955170222,0.6605949621671898,0.0028452728351764044,4,,True,False,0.9701661142455948,1.1422888659062826,0.0,274,0.7446199406889756,-2.3658113398235616,0.03192717870620964,4.0,True,24,274,enso_1974-11-01,3,1.0000000000000004,1.2020211993530667,0.11416396941512935,dual persistent load below admissibility threshold,True,2.2245152648888648e-16
4.0,0.16666666666666666,0.004714597560099692,0.9952854024399004,enso-pacific-sst,,4,0.004714597560099692,0.9952854024399004,-1.1957723238361497,1.409543026908482,0.6473280183724578,0.003066347691347,4,,True,False,0.9664631245654415,1.139239745593967,0.0,275,0.7161813088290939,-2.3245030073380324,0.031871683437684484,4.0,True,24,275,enso_1974-12-01,3,1.0000000000000004,1.19577232383615,0.055545772201196275,dual persistent load below admissibility threshold,True,2.512210451256348e-16
4.0,0.16666666666666666,0.005390841322059038,0.994609158677941,enso-pacific-sst,,4,0.005390841322059038,0.994609158677941,-1.1878342296799174,1.41273982040433,0.5987881769001897,0.003245467849385823,4,,True,False,0.9625168640796702,1.144760664173207,0.0,276,0.7170907138355693,-2.2659959053591514,0.035889409996409334,4.0,True,24,276,enso_1975-01-01,3,1.0000000000000009,1.1878342296799167,0.10788958373292405,dual persistent load below admissibility threshold,True,2.4788695293705904e-16
4.0,0.16666666666666666,0.006470012548723617,0.9935299874512764,enso-pacific-sst,,4,0.006470012548723617,0.9935299874512764,-1.1795883636280355,1.471222802990757,0.5638601534394406,0.0036719397648350446,4,,True,False,0.9580638541298618,1.1949298860339848,0.0,277,0.7363640174769113,-2.1862758568457807,0.04337855321422484,4.0,True,24,277,enso_1975-02-01,3,1.0000000000000004,1.1795883636280353,0.2091556675700826,dual persistent load below admissibility threshold,True,2.2920062857396524e-16
4.0,0.16666666666666666,0.008255249962482664,0.9917447500375174,enso-pacific-sst,,4,0.008255249962482664,0.9917447500375174,-1.2173520361859052,1.6002010584541417,0.5852769818311812,0.004871825923072491,4,,True,False,0.9893928362855493,1.3005502244129012,0.0,278,0.7671244015029802,-2.079669682250058,0.052437017570046617,4.0,True,24,278,enso_1975-03-01,3,1.0000000000000002,1.2173520361859052,0.2533151343945838,dual persistent load below admissibility threshold,True,2.477570597558464e-16
4.0,0.16666666666666666,0.008898146189599858,0.9911018538104001,enso-pacific-sst,,4,0.008898146189599858,0.9911018538104001,-1.2117445037628305,1.6078932294403527,0.5556037426380018,0.004988229319191167,4,,True,False,0.984480801821719,1.3063315004505056,0.0,279,0.7881260477866477,-2.046818751875733,0.06010741953812283,4.0,True,24,279,enso_1975-04-01,3,1.0000000000000004,1.211744503762831,0.2951511349305105,dual persistent load below admissibility threshold,True,3.6154395179912803e-16
4.0,0.16666666666666666,0.00909191674638416,0.9909080832536158,enso-pacific-sst,,4,0.00909191674638416,0.9909080832536158,-1.2184667472529642,1.6076879616556974,0.550692031478184,0.005052785609192925,4,,True,False,0.9902140899208319,1.3065233625920776,0.0,280,0.7759823101170388,-2.037377920860626,0.05687144222300219,4.0,True,24,280,enso_1975-05-01,3,1.0000000000000002,1.2184667472529644,0.29155706077071325,dual persistent load below admissibility threshold,True,2.296429324981728e-16
4.0,0.16666666666666666,0.01049629490211332,0.9895037050978868,enso-pacific-sst,,4,0.01049629490211332,0.9895037050978868,-1.2180648578123678,1.6110951669372597,0.4987908473435955,0.005290991636737173,4,,True,False,0.9901153322075179,1.3095936691703927,0.0,281,0.7852111810432195,-1.9743814006510394,0.06253353665467119,4.0,True,24,281,enso_1975-06-01,3,1.0000000000000007,1.2180648578123674,0.2795181426261977,dual persistent load below admissibility threshold,True,2.47663403213468e-16
4.0,0.16666666666666666,0.00980121902173286,0.9901987809782671,enso-pacific-sst,,4,0.00980121902173286,0.9901987809782671,-1.2128362483508237,1.6095298544316479,0.46784912081583374,0.004630879971101265,4,,True,False,0.9863377472880893,1.3089483868673322,0.0,282,0.7880545962672216,-2.004442293129466,0.06099960186092647,4.0,True,24,282,enso_1975-07-01,3,1.0000000000000009,1.2128362483508253,0.2582489724964488,dual persistent load below admissibility threshold,True,4.758217340770943e-16
4.0,0.16666666666666666,0.01118014122496533,0.9888198587750346,enso-pacific-sst,,4,0.01118014122496533,0.9888198587750346,-1.2139623711895133,1.6094985471592649,0.4924957689711334,0.005568428061928591,4,,True,False,0.9871683590647328,1.308809957724996,0.0,283,0.8008543501617321,-1.946669890409938,0.06678047427046432,4.0,True,24,283,enso_1975-08-01,3,0.9999999999999999,1.2139623711895124,0.2560957874077846,dual persistent load below admissibility threshold,True,2.2318322706528407e-16
4.0,0.16666666666666666,0.010998448778565229,0.9890015512214348,enso-pacific-sst,,4,0.010998448778565229,0.9890015512214348,-1.213653352206017,1.6181028811877387,0.5024506219074248,0.005587632721083326,4,,True,False,0.9863326068632224,1.315027581865794,0.0,284,0.8088786671740531,-1.953865536201536,0.06795297086762035,4.0,True,24,284,enso_1975-09-01,3,1.0000000000000002,1.213653352206017,0.28374655700757107,dual persistent load below admissibility threshold,True,2.762916184069186e-16
4.0,0.16666666666666666,0.007840690127184068,0.992159309872816,enso-pacific-sst,,4,0.007840690127184068,0.992159309872816,-1.2071573815171404,1.6068076110405225,0.3995625231547251,0.0031576037228271394,4,,True,False,0.9817261616294105,1.3067435055412755,0.0,285,0.7973769142711149,-2.1022271215227355,0.056969233415868716,4.0,True,24,285,enso_1975-10-01,3,1.0000000000000007,1.2071573815171412,0.3183814000676291,dual persistent load below admissibility threshold,True,2.891824093612519e-16
4.0,0.16666666666666666,0.008877411420518294,0.9911225885794817,enso-pacific-sst,,4,0.008877411420518294,0.9911225885794817,-1.2078161103855911,1.5859829797576839,0.40862813553528904,0.0036600518633575314,4,,True,False,0.982942086915126,1.2907009655941788,0.0,286,0.7895213243906991,-2.047841026641673,0.05793168030298671,4.0,True,24,286,enso_1975-11-01,3,1.0000000000000002,1.2078161103855904,0.2685443257954521,dual persistent load below admissibility threshold,True,1.340327235314098e-16
4.0,0.16666666666666666,0.007412566592377146,0.9925874334076228,enso-pacific-sst,,4,0.007412566592377146,0.9925874334076228,-1.1953840504539472,1.5263917703063763,0.34751403630077593,0.002595208088643416,4,,True,False,0.9736594283329157,1.2432705103637565,0.0,287,0.7692813542787814,-2.126800164570239,0.05102668097700904,4.0,True,24,287,enso_1975-12-01,3,1.0000000000000004,1.195384050453946,0.22454635124991182,dual persistent load below admissibility threshold,True,2.6400239386442133e-16
4.0,0.16666666666666666,0.0080762125210525,0.9919237874789475,enso-pacific-sst,,4,0.0080762125210525,0.9919237874789475,-1.2010486793984199,1.5377436003112799,0.3463820089333739,0.0028202315066210735,4,,True,False,0.9786778017921783,1.2530345791033501,0.0,288,0.7824408336533466,-2.0892705666299087,0.055219754787604235,4.0,True,24,288,enso_1976-01-01,3,1.0000000000000002,1.2010486793984196,0.23079487904807608,dual persistent load below admissibility threshold,True,2.299842846012692e-16
4.0,0.16666666666666666,0.009247814572094717,0.9907521854279053,enso-pacific-sst,,4,0.009247814572094717,0.9907521854279053,-1.2003758039269123,1.5466105009319076,0.3569508059441401,0.003331826982854916,4,,True,False,0.9775380494583957,1.2594977401301426,0.0,289,0.7903117477771736,-2.0299259258595126,0.06004015219097004,4.0,True,24,289,enso_1976-02-01,3,1.0000000000000007,1.2003758039269135,0.24480249650736244,dual persistent load below admissibility threshold,True,2.3760693624741474e-16
4.0,0.16666666666666666,0.007547434713593303,0.9924525652864068,enso-pacific-sst,,4,0.007547434713593303,0.9924525652864068,-1.201482334865138,1.5546242820732206,0.3291427305783094,0.002503075066138524,4,,True,False,0.9778618993296558,1.2652769076149255,0.0,290,0.7846389395869551,-2.1189103936314435,0.05369239183025781,4.0,True,24,290,enso_1976-03-01,3,1.000000000000001,1.201482334865138,0.25818347694691646,dual persistent load below admissibility threshold,True,2.2634438501814434e-16
4.0,0.16666666666666666,0.007124207922388373,0.9928757920776117,enso-pacific-sst,,4,0.007124207922388373,0.9928757920776117,-1.2067621348465172,1.5664028537190828,0.3645920851772235,0.0026160672285346995,4,,True,False,0.9823214820323917,1.2750741246292079,0.0,291,0.7843247397019144,-2.1441583360150758,0.05161712988584321,4.0,True,24,291,enso_1976-04-01,3,1.0000000000000018,1.2067621348465178,0.24847031949770917,dual persistent load below admissibility threshold,True,2.621988087104823e-16
4.0,0.16666666666666666,0.007391477367513373,0.9926085226324867,enso-pacific-sst,,4,0.007391477367513373,0.9926085226324867,-1.2010510610874308,1.542625200569675,0.5216981186809785,0.0038848345032117828,4,,True,False,0.9780463818538666,1.256198878512073,0.0,292,0.7651078524988776,-2.128046748327591,0.048601082450482606,4.0,True,24,292,enso_1976-05-01,3,1.0000000000000004,1.2010510610874292,0.16803336840921188,dual persistent load below admissibility threshold,True,1.560652780088243e-16
4.0,0.16666666666666666,0.00633688970703401,0.993663110292966,enso-pacific-sst,,4,0.00633688970703401,0.993663110292966,-1.206457904324516,1.4721691561009567,0.563082838215632,0.0035909492912986466,4,,True,False,0.9811231540078376,1.1972065005247912,0.0,293,0.7552856671340207,-2.1953630186158084,0.04322302246578447,4.0,True,24,293,enso_1976-06-01,3,1.0000000000000002,1.2064579043245163,0.10042458797278181,dual persistent load below admissibility threshold,True,2.6703071885516294e-16
4.0,0.16666666666666666,0.0058162552527305,0.9941837447472696,enso-pacific-sst,,4,0.0058162552527305,0.9941837447472696,-1.2055946256941321,1.4390629655549025,0.6235310525166738,0.0036478324842885053,4,,True,False,0.9786463977920676,1.1681652832729033,0.0,294,0.7537714179492281,-2.23282320023591,0.04068798681887189,4.0,True,24,294,enso_1976-07-01,3,1.0000000000000002,1.2055946256941323,0.08952267332872864,dual persistent load below admissibility threshold,True,2.443094462137906e-16
4.0,0.16666666666666666,0.0057783226591432806,0.9942216773408568,enso-pacific-sst,,4,0.0057783226591432806,0.9942216773408568,-1.2151714573744892,1.4423951838657225,0.6812173423527013,0.003959170972459565,4,,True,False,0.984740150022149,1.1688757509331669,0.0,295,0.7794612905472565,-2.2356814389618194,0.04236746733390697,4.0,True,24,295,enso_1976-08-01,3,1.0,1.2151714573744896,0.10234577907156327,dual persistent load below admissibility threshold,True,2.1621890255852874e-17
4.0,0.16666666666666666,0.005584899709026915,0.9944151002909731,enso-pacific-sst,,4,0.005584899709026915,0.9944151002909731,-1.2194598485386245,1.4480747678289,0.6592804621540154,0.0037026944383424048,4,,True,False,0.9871492767242297,1.1722124032357015,0.0,296,0.7997529484534392,-2.250552331820153,0.04367945080327999,4.0,True,24,296,enso_1976-09-01,3,1.0000000000000007,1.2194598485386234,0.13111924798957258,dual persistent load below admissibility threshold,True,3.0774213784238743e-16
4.0,0.16666666666666666,0.005336722899195506,0.9946632771008046,enso-pacific-sst,,4,0.005336722899195506,0.9946632771008046,-1.222098414113101,1.4518277473418655,0.6981192205328111,0.0037456583713891254,4,,True,False,0.9886804515556922,1.1745320149725667,0.0,297,0.816602102226428,-2.2704014307732048,0.044638004211510596,4.0,True,24,297,enso_1976-10-01,3,1.0000000000000004,1.2220984141131013,0.18349103888813137,dual persistent load below admissibility threshold,True,2.221392574266885e-16
4.0,0.16666666666666666,0.0051044891353768254,0.9948955108646231,enso-pacific-sst,,4,0.0051044891353768254,0.9948955108646231,-1.2247129604743545,1.4567970664567556,0.706706597337782,0.0036258844357180877,4,,True,False,0.9905777022792198,1.1782929856632791,0.0,298,0.8254275548500829,-2.2898251874798388,0.04465901575737994,4.0,True,24,298,enso_1976-11-01,3,1.000000000000001,1.2247129604743556,0.2406795083787345,dual persistent load below admissibility threshold,True,2.3827753170538736e-16
4.0,0.16666666666666666,0.0046975456429486145,0.9953024543570514,enso-pacific-sst,,4,0.0046975456429486145,0.9953024543570514,-1.2264270981720702,1.4618979054377275,0.6943015520628966,0.0032769066493384697,4,,True,False,0.9920145599316452,1.1824787706413935,0.0,299,0.8265492925975151,-2.326084066469535,0.04335876686183873,4.0,True,24,299,enso_1976-12-01,3,1.0000000000000007,1.2264270981720702,0.29345594031695865,dual persistent load below admissibility threshold,True,2.220694311829278e-16
4.0,0.16666666666666666,0.004624880444425291,0.9953751195555747,enso-pacific-sst,,4,0.004624880444425291,0.9953751195555747,-1.2311306494933498,1.469860619273978,0.7285068488048552,0.003384911891480478,4,,True,False,0.9955123104166829,1.1885532552423375,0.0,300,0.8112687521599806,-2.3328862704168896,0.041037564773624975,4.0,True,24,300,enso_1977-01-01,3,1.0000000000000004,1.23113064949335,0.34141401636405105,dual persistent load below admissibility threshold,True,3.1002418848981863e-16
4.0,0.16666666666666666,0.004879085274432398,0.9951209147255676,enso-pacific-sst,,4,0.004879085274432398,0.9951209147255676,-1.231641464011746,1.4742395808414013,0.7596280150051475,0.00372446182892261,4,,True,False,0.9960532895198732,1.1922472788911178,0.0,301,0.7828669012349344,-2.3095374454397772,0.03882396449517653,4.0,True,24,301,enso_1977-02-01,3,1.0000000000000004,1.231641464011745,0.37063405267428584,dual persistent load below admissibility threshold,True,4.167749167456556e-16
4.0,0.16666666666666666,0.004599287715873674,0.9954007122841263,enso-pacific-sst,,4,0.004599287715873674,0.9954007122841263,-1.23287119434869,1.4802650681491023,0.6816226721832255,0.0031494640744625588,4,,True,False,0.9975989655766121,1.1977819804159386,0.0,302,0.7682330854083388,-2.3353073687617,0.03435406357428434,4.0,True,24,302,enso_1977-03-01,3,1.0000000000000009,1.23287119434869,0.3039218092775751,dual persistent load below admissibility threshold,True,1.6973955283131727e-16
4.0,0.16666666666666666,0.00527133495115345,0.9947286650488466,enso-pacific-sst,,4,0.00527133495115345,0.9947286650488466,-1.2324917906634631,1.4796354036333317,0.709349528522916,0.003759034090068624,4,,True,False,0.9972344934972865,1.1972034811758367,0.0,303,0.7755128178330019,-2.2757840201348527,0.03616360893886069,4.0,True,24,303,enso_1977-04-01,3,1.0000000000000004,1.2324917906634627,0.22484076354229124,dual persistent load below admissibility threshold,True,2.389574751003681e-16
4.0,0.16666666666666666,0.005616533230235094,0.9943834667697649,enso-pacific-sst,,4,0.005616533230235094,0.9943834667697649,-1.2329674385000173,1.4772217757293808,0.6887973166187888,0.0038905041636034376,4,,True,False,0.9971942085289369,1.1947412019755055,0.0,304,0.78474589054049,-2.248085562114799,0.03864329114289399,4.0,True,24,304,enso_1977-05-01,3,1.0000000000000002,1.2329674385000178,0.1912259895720766,dual persistent load below admissibility threshold,True,3.2603799148350617e-16
4.0,0.16666666666666666,0.005515955197476556,0.9944840448025234,enso-pacific-sst,,4,0.005515955197476556,0.9944840448025234,-1.2335843549974925,1.4766247540651802,0.7296560276143316,0.004047073433630172,4,,True,False,0.9976107227744689,1.1941596715310412,0.0,305,0.7910077747452942,-2.2559770898026934,0.038541061206622707,4.0,True,24,305,enso_1977-06-01,3,1.0000000000000002,1.233584354997493,0.19752954308755233,dual persistent load below admissibility threshold,True,3.306359551669903e-16
4.0,0.16666666666666666,0.0052511155000649085,0.994748884499935,enso-pacific-sst,,4,0.0052511155000649085,0.994748884499935,-1.2341536474532198,1.4768742155637347,0.6696601785976932,0.0035350257722363007,4,,True,False,0.9977004948743178,1.1939179038004746,0.0,306,0.7915154867224623,-2.2774618899594,0.03647638924711638,4.0,True,24,306,enso_1977-07-01,3,1.0000000000000004,1.2341536474532202,0.15940319699372246,dual persistent load below admissibility threshold,True,2.2733735011124013e-16
4.0,0.16666666666666666,0.005181776624769283,0.9948182233752307,enso-pacific-sst,,4,0.005181776624769283,0.9948182233752307,-1.2347382473357493,1.474730805235169,0.6701134414715093,0.003490464976787057,4,,True,False,0.9976663069073838,1.1915798666771609,0.0,307,0.7836349286238194,-2.283265044652369,0.03486110895904495,4.0,True,24,307,enso_1977-08-01,3,1.0000000000000009,1.234738247335749,0.15094551129152456,dual persistent load below admissibility threshold,True,1.6142001491435748e-16
4.0,0.16666666666666666,0.004785688084231428,0.9952143119157686,enso-pacific-sst,,4,0.004785688084231428,0.9952143119157686,-1.2347801732446564,1.471802720671859,0.696192901946056,0.00334778352288379,4,,True,False,0.9978227975635208,1.189360130672758,0.0,308,0.7694046303109316,-2.3179722235853153,0.0316115617677876,4.0,True,24,308,enso_1977-09-01,3,1.0000000000000002,1.2347801732446562,0.13683978784291,dual persistent load below admissibility threshold,True,1.4124080834425014e-16
4.0,0.16666666666666666,0.004333852822887853,0.9956661471771121,enso-pacific-sst,,4,0.004333852822887853,0.9956661471771121,-1.2343309363799473,1.4713336632890157,0.6915455931383485,0.003010102160724724,4,,True,False,0.9977863301933554,1.1893703488374652,0.0,309,0.7517259699784465,-2.361239582644354,0.027775089755753945,4.0,True,24,309,enso_1977-10-01,3,1.000000000000001,1.2343309363799477,0.10613638303231694,dual persistent load below admissibility threshold,True,1.8825945401511313e-16
4.0,0.16666666666666666,0.0038099106801747946,0.9961900893198252,enso-pacific-sst,,4,0.0038099106801747946,0.9961900893198252,-1.2333813100001976,1.4710687406771765,0.6344272579803923,0.0024263553832620964,4,,True,False,0.9965644361294484,1.1886144034891963,0.0,310,0.7301394668110557,-2.4174274226396832,0.02347477765550813,4.0,True,24,310,enso_1977-11-01,3,1.0,1.2333813100001982,0.09248599818474502,dual persistent load below admissibility threshold,True,1.6416768604073037e-16
4.0,0.16666666666666666,0.003282476557680938,0.996717523442319,enso-pacific-sst,,4,0.003282476557680938,0.996717523442319,-1.2348656384188028,1.491685179136289,0.673110496574461,0.0022167458419953302,4,,True,False,0.9971503168853503,1.2045313293951014,0.0,311,0.7279490907218342,-2.482370460534665,0.020647857624824476,4.0,True,24,311,enso_1977-12-01,3,1.0000000000000004,1.234865638418804,0.09439649052771919,dual persistent load below admissibility threshold,True,3.125530711067295e-16
4.0,0.16666666666666666,0.0029054399364461313,0.9970945600635539,enso-pacific-sst,,4,0.0029054399364461313,0.9970945600635539,-1.235587877702787,1.535455958439588,0.6899615221969491,0.0020104830990898253,4,,True,False,0.9970414639762715,1.2390160864316504,0.0,312,0.7450076040097016,-2.5355244450553567,0.02096890041226949,4.0,True,24,312,enso_1978-01-01,3,0.9999999999999998,1.2355878777027856,0.26997637236833655,dual persistent load below admissibility threshold,True,1.2458267990317145e-16
4.0,0.16666666666666666,0.0026370492951923305,0.9973629507048076,enso-pacific-sst,,4,0.0026370492951923305,0.9973629507048076,-1.2357226016956109,1.5612633128624027,0.6591646069259467,0.0017428455316907715,4,,True,False,0.9964201039941798,1.2589185877396893,0.0,313,0.7510702096385682,-2.5777349830616734,0.020499589723755277,4.0,True,24,313,enso_1978-02-01,3,1.0000000000000018,1.2357226016956102,0.32565201223298,dual persistent load below admissibility threshold,True,2.4864627665516674e-16
4.0,0.16666666666666666,0.0024276689389840663,0.997572331061016,enso-pacific-sst,,4,0.0024276689389840663,0.997572331061016,-1.2357871288205047,1.560004459519603,0.6876119478322409,0.0016733565234825685,4,,True,False,0.9957848428271029,1.2570359079682076,0.0,314,0.759620165800337,-2.6137549331891354,0.021284631347918505,4.0,True,24,314,enso_1978-03-01,3,1.0000000000000009,1.2357871288205038,0.42380398004286335,dual persistent load below admissibility threshold,True,1.2504099928805717e-16
4.0,0.16666666666666666,0.0024871763859564268,0.9975128236140436,enso-pacific-sst,,4,0.0024871763859564268,0.9975128236140436,-1.2361208672793504,1.5520865861384785,0.646261597224811,0.0016113743560152503,4,,True,False,0.9960855548054622,1.250695679672949,0.0,315,0.7874354249600765,-2.6032119017808872,0.02642196869902046,4.0,True,24,315,enso_1978-04-01,3,1.0000000000000004,1.2361208672793509,0.4768138772301655,dual persistent load below admissibility threshold,True,2.234869848958284e-16
4.0,0.16666666666666666,0.002539755516689006,0.9974602444833109,enso-pacific-sst,,4,0.002539755516689006,0.9974602444833109,-1.2360760568156723,1.5437713980981347,0.6833564148819073,0.001739977341613422,4,,True,False,0.9960746293047369,1.2440266232914852,0.0,316,0.7956458586388586,-2.5941036827970527,0.02915165555972017,4.0,True,24,316,enso_1978-05-01,3,1.0000000000000002,1.2360760568156721,0.5279851538164354,dual persistent load below admissibility threshold,True,5.098122401638203e-16
4.0,0.16666666666666666,0.0028739322886416436,0.9971260677113585,enso-pacific-sst,,4,0.0028739322886416436,0.9971260677113585,-1.2353067649939933,1.5378391260991595,0.6993459092209724,0.0020156656761092773,4,,True,False,0.9961070747144964,1.240058321292833,0.0,317,0.778991843737376,-2.5402735383851565,0.02696808840077335,4.0,True,24,317,enso_1978-06-01,3,1.000000000000001,1.2353067649939933,0.39055445070239664,dual persistent load below admissibility threshold,True,1.533795173890769e-16
4.0,0.16666666666666666,0.0038218687805147296,0.9961781312194852,enso-pacific-sst,,4,0.0038218687805147296,0.9961781312194852,-1.2339225035461256,1.5472824088036894,0.70583836341992,0.0027079711155091023,4,,True,False,0.9956670143455602,1.2485209175580831,0.0,318,0.771714789620364,-2.416061231601318,0.03026724420955548,4.0,True,24,318,enso_1978-07-01,3,1.0000000000000018,1.2339225035461254,0.34105723177397546,dual persistent load below admissibility threshold,True,1.1849930518782562e-16
4.0,0.16666666666666666,0.004561884733440618,0.9954381152665593,enso-pacific-sst,,4,0.004561884733440618,0.9954381152665593,-1.2324644995424683,1.564923448624729,0.6851705075183965,0.003139993164934154,4,,True,False,0.9948509126835637,1.2632132785343366,0.0,319,0.7965267973170668,-2.338869958210792,0.039366589364729955,4.0,True,24,319,enso_1978-08-01,3,1.0000000000000007,1.2324644995424685,0.440751956851071,dual persistent load below admissibility threshold,True,2.220448533650733e-16
4.0,0.16666666666666666,0.0053339023167210085,0.994666097683279,enso-pacific-sst,,4,0.0053339023167210085,0.994666097683279,-1.2311892402836841,1.5705712983365985,0.660016379787172,0.0035393413985057662,4,,True,False,0.9944747974063057,1.268605607181528,0.0,320,0.7884215626923431,-2.270632257744828,0.04084368329988356,4.0,True,24,320,enso_1978-09-01,3,1.0,1.231189240283684,0.3804506831958396,dual persistent load below admissibility threshold,True,8.376265188928347e-17
4.0,0.16666666666666666,0.006483296968523425,0.9935167030314765,enso-pacific-sst,,4,0.006483296968523425,0.9935167030314765,-1.2291999906772042,1.581926574596846,0.6501687569052692,0.004242744100638466,4,,True,False,0.992961930222042,1.277898533106748,0.0,321,0.7925097986268356,-2.1853792578872366,0.046166122495514605,4.0,True,24,321,enso_1978-10-01,3,1.0000000000000009,1.229199990677204,0.36791757358195204,dual persistent load below admissibility threshold,True,6.93915351164207e-16
4.0,0.16666666666666666,0.0070519692903114545,0.9929480307096885,enso-pacific-sst,,4,0.0070519692903114545,0.9929480307096885,-1.2278910935393572,1.5946566587621507,0.6425669614516463,0.004563544454473673,4,,True,False,0.9918426946501735,1.2881016612877627,0.0,322,0.7930983862273387,-2.14861610644123,0.04915265263858282,4.0,True,24,322,enso_1978-11-01,3,1.0000000000000009,1.2278910935393572,0.3640027617613934,dual persistent load below admissibility threshold,True,2.2207354049598144e-16
4.0,0.16666666666666666,0.006926478771731074,0.993073521228269,enso-pacific-sst,,4,0.006926478771731074,0.993073521228269,-1.2282018041227623,1.603975367925034,0.6453053930906252,0.004500869282062332,4,,True,False,0.9924072486419253,1.2960384656891435,0.0,323,0.7676155088717898,-2.1564688947202653,0.04285386809777186,4.0,True,24,323,enso_1978-12-01,3,1.000000000000001,1.2282018041227618,0.2395073661838371,dual persistent load below admissibility threshold,True,1.1263784354839684e-16
4.0,0.16666666666666666,0.006260383945188101,0.993739616054812,enso-pacific-sst,,4,0.006260383945188101,0.993739616054812,-1.22571162503261,1.6043501436038317,0.6559781393132937,0.004132546338501609,4,,True,False,0.9904860424798745,1.2964602701291177,0.0,324,0.7636234486641664,-2.200671634568635,0.04054411494092746,4.0,True,24,324,enso_1979-01-01,3,1.0000000000000009,1.2257116250326099,0.2537189246182449,dual persistent load below admissibility threshold,True,2.2548991460880546e-16
4.0,0.16666666666666666,0.005299120773677351,0.9947008792263227,enso-pacific-sst,,4,0.005299120773677351,0.9947008792263227,-1.2276500678649387,1.599010248450829,0.6703302664848981,0.0035710846492039558,4,,True,False,0.9918664454478646,1.2919028417633067,0.0,325,0.772026837704901,-2.273488684070552,0.039768887853687554,4.0,True,24,325,enso_1979-02-01,3,1.0000000000000007,1.227650067864938,0.32219931994380563,dual persistent load below admissibility threshold,True,1.3162633240351605e-16
4.0,0.16666666666666666,0.005929695754979026,0.994070304245021,enso-pacific-sst,,4,0.005929695754979026,0.994070304245021,-1.2263988648726831,1.6109747381231785,0.5589162388776225,0.0033339726927851055,4,,True,False,0.9915161524197593,1.3024371758164874,0.0,326,0.7889953322560759,-2.2243846895113726,0.0460625807201532,4.0,True,24,326,enso_1979-03-01,3,1.0000000000000002,1.2263988648726838,0.39257083698572237,dual persistent load below admissibility threshold,True,2.221003729050031e-16
4.0,0.16666666666666666,0.008552952456793876,0.991447047543206,enso-pacific-sst,,4,0.008552952456793876,0.991447047543206,-1.2241943814050353,1.617730270903067,0.5296498861955419,0.004569150018250815,4,,True,False,0.9903286679058988,1.3086848694532764,0.0,327,0.7987219572133065,-2.06415346588452,0.05638901649572106,4.0,True,24,327,enso_1979-04-01,3,1.0000000000000002,1.2241943814050347,0.37020632850141705,dual persistent load below admissibility threshold,True,3.3307210624288376e-16
4.0,0.16666666666666666,0.008361521232622083,0.9916384787673779,enso-pacific-sst,,4,0.008361521232622083,0.9916384787673779,-1.2239439089556463,1.6100994972635927,0.5041083727687486,0.004250654802834911,4,,True,False,0.9904034219773816,1.3028767414469085,0.0,328,0.8113761105289153,-2.074068073531153,0.0588118045342925,4.0,True,24,328,enso_1979-05-01,3,1.0000000000000002,1.2239439089556463,0.40950203350602143,dual persistent load below admissibility threshold,True,1.273237530827281e-16
4.0,0.16666666666666666,0.006025051724653719,0.9939749482753463,enso-pacific-sst,,4,0.006025051724653719,0.9939749482753463,-1.2234345214889082,1.6002805774717936,0.4871811615984677,0.002953084182856618,4,,True,False,0.9902850381289199,1.295315674720392,0.0,329,0.8130120796430632,-2.2174146591095107,0.052261468348912335,4.0,True,24,329,enso_1979-06-01,3,1.0000000000000009,1.223434521488907,0.4682045852265277,dual persistent load below admissibility threshold,True,2.314586270741235e-16
4.0,0.16666666666666666,0.0065918936300531925,0.9934081063699468,enso-pacific-sst,,4,0.0065918936300531925,0.9934081063699468,-1.223149324578751,1.5920617460505444,0.4991957068218199,0.0033124805191827316,4,,True,False,0.990204784912681,1.28885911731065,0.0,330,0.8156401066496494,-2.178117508824266,0.05453570276540669,4.0,True,24,330,enso_1979-07-01,3,1.0,1.2231493245787513,0.4626886078198518,dual persistent load below admissibility threshold,True,2.414925040465636e-16
4.0,0.16666666666666666,0.00741317387835081,0.9925868261216492,enso-pacific-sst,,4,0.00741317387835081,0.9925868261216492,-1.220238924060837,1.5911642791335046,0.4466326348993802,0.003335693457863096,4,,True,False,0.9878558939079952,1.288142002622703,0.0,331,0.8292234790322798,-2.1267643200704165,0.06289507709429162,4.0,True,24,331,enso_1979-08-01,3,1.0000000000000004,1.2202389240608367,0.5348197182359591,dual persistent load below admissibility threshold,True,1.3731730504220958e-16
4.0,0.16666666666666666,0.006151908138407853,0.9938480918615922,enso-pacific-sst,,4,0.006151908138407853,0.9938480918615922,-1.2260025967982653,1.5989871121199293,0.4439301919073574,0.0027479227286781025,4,,True,False,0.9923958233045772,1.2943105795450227,0.0,332,0.8118653990003307,-2.208310166367562,0.055672549684070365,4.0,True,24,332,enso_1979-09-01,3,1.0000000000000013,1.2260025967982666,0.5481557695004461,dual persistent load below admissibility threshold,True,1.8128047005394416e-16
4.0,0.16666666666666666,0.00540139443364785,0.9945986055663522,enso-pacific-sst,,4,0.00540139443364785,0.9945986055663522,-1.2268340298535567,1.5970851361066118,0.468985639447683,0.0025469334143405835,4,,True,False,0.9927197435678271,1.2923165711021196,0.0,333,0.7970380371595518,-2.26514195347497,0.04981463466987756,4.0,True,24,333,enso_1979-10-01,3,1.0000000000000007,1.226834029853556,0.5588047225043529,dual persistent load below admissibility threshold,True,2.715585309926506e-16
4.0,0.16666666666666666,0.005228446269280931,0.994771553730719,enso-pacific-sst,,4,0.005228446269280931,0.994771553730719,-1.2280424727253636,1.5952559564770665,0.4902608264482976,0.002576774918226164,4,,True,False,0.9936299159090669,1.2907485507158287,0.0,334,0.7926264803405952,-2.279350708484158,0.04880672605515992,4.0,True,24,334,enso_1979-11-01,3,1.0000000000000004,1.228042472725364,0.5805579324099828,dual persistent load below admissibility threshold,True,2.3998848090337896e-16
4.0,0.16666666666666666,0.005331760667890854,0.9946682393321091,enso-pacific-sst,,4,0.005331760667890854,0.9946682393321091,-1.2301048986228529,1.589695180143376,0.49180782315647625,0.00263625750172485,4,,True,False,0.9946285526084218,1.2853832367343243,0.0,335,0.7999058982076173,-2.270807604176861,0.048808268116949376,4.0,True,24,335,enso_1979-12-01,3,1.000000000000001,1.230104898622852,0.5674533077264915,dual persistent load below admissibility threshold,True,4.441054773379603e-16
4.0,0.16666666666666666,0.004968733639957422,0.9950312663600426,enso-pacific-sst,,4,0.004968733639957422,0.9950312663600426,-1.2317263247178847,1.583770931774913,0.517429705667498,0.0025838086417809946,4,,True,False,0.9951343773719463,1.2795576975693834,0.0,336,0.797492929127559,-2.3015910115284157,0.04465964329309201,4.0,True,24,336,enso_1980-01-01,3,1.0000000000000002,1.2317263247178847,0.5278397556110394,dual persistent load below admissibility threshold,True,1.4264771973463607e-16
4.0,0.16666666666666666,0.00772481299830059,0.9922751870016995,enso-pacific-sst,,4,0.00772481299830059,0.9922751870016995,-1.2316052334339587,1.5774039648328364,0.5080511645916208,0.0039551530577901905,4,,True,False,0.9945538514248844,1.2737954872952426,0.0,337,0.7958388434820198,-2.1087441565956775,0.050854080519915044,4.0,True,24,337,enso_1980-02-01,3,1.0000000000000002,1.2316052334339593,0.39228802088673037,dual persistent load below admissibility threshold,True,1.2782506615012037e-16
4.0,0.16666666666666666,0.008316778578150387,0.9916832214218496,enso-pacific-sst,,4,0.008316778578150387,0.9916832214218496,-1.2324664344899654,1.5711606036662396,0.43854685962705664,0.0036778852852143956,4,,True,False,0.9947948035053192,1.2681744185968589,0.0,338,0.8220578901402776,-2.076417826147155,0.05995691463472343,4.0,True,24,338,enso_1980-03-01,3,1.0000000000000007,1.232466434489965,0.46182748627591935,dual persistent load below admissibility threshold,True,3.033899579875409e-16
4.0,0.16666666666666666,0.004602464066159718,0.9953975359338403,enso-pacific-sst,,4,0.004602464066159718,0.9953975359338403,-1.2322662368918467,1.5708489180188225,0.32878704773089906,0.0015202273644173263,4,,True,False,0.9939491722212118,1.2670508490824053,0.0,339,0.8174237033544236,-2.335006154905501,0.04569290448456959,4.0,True,24,339,enso_1980-04-01,3,1.0000000000000002,1.232266236891847,0.5232588636048834,dual persistent load below admissibility threshold,True,2.764214626730073e-16
4.0,0.16666666666666666,0.003171910772596849,0.9968280892274032,enso-pacific-sst,,4,0.003171910772596849,0.9968280892274032,-1.2330840383619301,1.5663926803166006,0.33650583518616206,0.0010707628478807767,4,,True,False,0.9938922937315536,1.2625462381236574,0.0,340,0.8078383925810996,-2.4972993054002655,0.03645705799844273,4.0,True,24,340,enso_1980-05-01,3,1.0000000000000009,1.2330840383619313,0.5108913981208838,dual persistent load below admissibility threshold,True,2.36006597794624e-16
4.0,0.16666666666666666,0.0029247664087052373,0.9970752335912948,enso-pacific-sst,,4,0.0029247664087052373,0.9970752335912948,-1.233807022735692,1.572208820130974,0.361202002362623,0.0010595303620792823,4,,True,False,0.9936790458757804,1.2662198638173132,0.0,341,0.7926223984674432,-2.532636742766432,0.030701090089174057,4.0,True,24,341,enso_1980-06-01,3,1.0000000000000009,1.2338070227356923,0.435487140048688,dual persistent load below admissibility threshold,True,2.463035192474972e-16
4.0,0.16666666666666666,0.003734909884163222,0.9962650901158367,enso-pacific-sst,,4,0.003734909884163222,0.9962650901158367,-1.2342184038222237,1.5772922422625681,0.35039882174431425,0.0013136142535917037,4,,True,False,0.9933503420115033,1.2694704466011955,0.0,342,0.779377824966658,-2.4260947849481393,0.030246102726484175,4.0,True,24,342,enso_1980-07-01,3,1.0000000000000007,1.2342184038222235,0.38113678568562753,dual persistent load below admissibility threshold,True,4.456535457930682e-16
4.0,0.16666666666666666,0.004886609514283635,0.9951133904857163,enso-pacific-sst,,4,0.004886609514283635,0.9951133904857163,-1.235013271676028,1.5683441600166699,0.3845050127524168,0.0018881525176629407,4,,True,False,0.994086681398755,1.2623913257274442,0.0,343,0.764033424834734,-2.3088649340182483,0.030971111318624324,4.0,True,24,343,enso_1980-08-01,3,1.000000000000001,1.2350132716760283,0.27467276772134086,dual persistent load below admissibility threshold,True,1.0307134658188932e-16
4.0,0.16666666666666666,0.005874089536485845,0.9941259104635141,enso-pacific-sst,,4,0.005874089536485845,0.9941259104635141,-1.2347556726968754,1.6230682947518635,0.35346329661955406,0.0020885433428011607,4,,True,False,0.9934578691650036,1.3058858568283804,0.0,344,0.7873748866265384,-2.228500831185809,0.03817820058453957,4.0,True,24,344,enso_1980-09-01,3,1.0000000000000007,1.2347556726968756,0.33525077317610436,dual persistent load below admissibility threshold,True,4.675692848315584e-16
4.0,0.16666666666666666,0.008800000774788853,0.9911999992252111,enso-pacific-sst,,4,0.008800000774788853,0.9911999992252111,-1.2356949285358079,1.6333605466631118,0.37203592887005466,0.0033029827127369713,4,,True,False,0.993719689349199,1.3135139568376655,0.0,345,0.7923359945728119,-2.0516785826412614,0.0493468841316453,4.0,True,24,345,enso_1980-10-01,3,1.000000000000001,1.235694928535808,0.35043191922111516,dual persistent load below admissibility threshold,True,2.252734115261886e-16
4.0,0.16666666666666666,0.008039599893042688,0.9919604001069573,enso-pacific-sst,,4,0.008039599893042688,0.9919604001069573,-1.2349526538371232,1.6445875629252804,0.3604195646476618,0.0029211136786099524,4,,True,False,0.9927668843741461,1.3220685553027969,0.0,346,0.8184244785036288,-2.091259899356893,0.05417337790289944,4.0,True,24,346,enso_1980-11-01,3,1.0000000000000009,1.2349526538371234,0.4493416579141379,dual persistent load below admissibility threshold,True,2.3057550511255316e-16
4.0,0.16666666666666666,0.012201481555172422,0.9877985184448276,enso-pacific-sst,,4,0.012201481555172422,0.9877985184448276,-1.2368041578073978,1.644598903037458,0.46957671760415076,0.005800303960372332,4,,True,False,0.9944520392481149,1.3223392907816358,0.0,347,0.8234594252587103,-1.908255802709099,0.06749055417207567,4.0,True,24,347,enso_1980-12-01,3,1.0000000000000007,1.2368041578073978,0.34989238211420887,dual persistent load below admissibility threshold,True,2.2299598404268545e-16
4.0,0.16666666666666666,0.01116558134321417,0.9888344186567859,enso-pacific-sst,,4,0.01116558134321417,0.9888344186567859,-1.2367395087992301,1.641609678960203,0.46503148980839026,0.0052509771389883855,4,,True,False,0.9946204862533409,1.3202283953157432,0.0,348,0.8145326243804121,-1.9472422348071672,0.06227490979152375,4.0,True,24,348,enso_1981-01-01,3,1.0000000000000002,1.2367395087992306,0.3414868660867981,dual persistent load below admissibility threshold,True,3.35320779310851e-16
4.0,0.16666666666666666,0.011163090338431535,0.9888369096615685,enso-pacific-sst,,4,0.011163090338431535,0.9888369096615685,-1.2360378110376065,1.5453075674857644,0.46662860717434046,0.005267822474553909,4,,True,False,0.9949062400246526,1.2438423225566904,0.0,349,0.7565865324437439,-1.9473402293430857,0.05151007210287271,4.0,True,24,349,enso_1981-02-01,3,1.0000000000000002,1.2360378110376073,0.23180683499926297,dual persistent load below admissibility threshold,True,2.339328984140567e-16
4.0,0.16666666666666666,0.004816299652613254,0.9951837003473868,enso-pacific-sst,,4,0.004816299652613254,0.9951837003473868,-1.2324237178067283,1.5674523636059152,0.3235320312401399,0.0015657684195663764,4,,True,False,0.9924684201660272,1.2622663362580857,0.0,350,0.7488565182640395,-2.315189754986548,0.030588581218868264,4.0,True,24,350,enso_1981-03-01,3,1.0000000000000009,1.2324237178067288,0.2967938741582562,dual persistent load below admissibility threshold,True,2.22190202143076e-16
4.0,0.16666666666666666,0.00476343661739129,0.9952365633826087,enso-pacific-sst,,4,0.00476343661739129,0.9952365633826087,-1.2362039488971301,1.5847483399714644,0.4277354436787879,0.002047242585271011,4,,True,False,0.9951977405163424,1.2757910768960552,0.0,351,0.7582602997044418,-2.3200059320766884,0.03288827817125673,4.0,True,24,351,enso_1981-04-01,3,1.0000000000000002,1.2362039488971295,0.3997611508615468,dual persistent load below admissibility threshold,True,2.2885852628313073e-16
4.0,0.16666666666666666,0.005056967332085097,0.994943032667915,enso-pacific-sst,,4,0.005056967332085097,0.994943032667915,-1.2356821187764926,1.5956794716156455,0.46784766746784345,0.0023779154113306566,4,,True,False,0.995229701503978,1.2851748682780044,0.0,352,0.7704481894510395,-2.2939080670039775,0.03712516901928208,4.0,True,24,352,enso_1981-05-01,3,1.0000000000000002,1.2356821187764913,0.4661596757564989,dual persistent load below admissibility threshold,True,2.2208225514004183e-16
4.0,0.16666666666666666,0.005029606118834275,0.9949703938811657,enso-pacific-sst,,4,0.005029606118834275,0.9949703938811657,-1.2342918418288034,1.6030661597027656,0.4330816812483387,0.0021892412953765095,4,,True,False,0.9944439485660566,1.2915579505941135,0.0,353,0.7741593410405785,-2.296276182478314,0.03864145906084338,4.0,True,24,353,enso_1981-06-01,3,1.0000000000000016,1.234291841828804,0.49868100384977876,dual persistent load below admissibility threshold,True,2.220796578750167e-16
4.0,0.16666666666666666,0.006820683674106494,0.9931793163258935,enso-pacific-sst,,4,0.006820683674106494,0.9931793163258935,-1.2331224881028242,1.608524519864287,0.45895843426634325,0.003151908470339851,4,,True,False,0.9936839058494732,1.2961931543495728,0.0,354,0.7776294438577542,-2.163199757952529,0.04468467253862497,4.0,True,24,354,enso_1981-07-01,3,1.0000000000000004,1.233122488102823,0.44245071547765086,dual persistent load below admissibility threshold,True,2.2260324446513457e-16
4.0,0.16666666666666666,0.006432792936222365,0.9935672070637775,enso-pacific-sst,,4,0.006432792936222365,0.9935672070637775,-1.2339229255562731,1.6110269546885778,0.46401109849325683,0.0030042127955664313,4,,True,False,0.9946702000507143,1.2986552645375105,0.0,355,0.7784080588790586,-2.188797676855754,0.04384319475371617,4.0,True,24,355,enso_1981-08-01,3,1.000000000000001,1.2339229255562727,0.43968398982166434,dual persistent load below admissibility threshold,True,9.064024331373719e-17
4.0,0.16666666666666666,0.006551086612557014,0.993448913387443,enso-pacific-sst,,4,0.006551086612557014,0.993448913387443,-1.233374243736244,1.6088254921401302,0.519880603373181,0.0034282415683290005,4,,True,False,0.9947853245663827,1.2976077597673115,0.0,356,0.7790516898030151,-2.1808321977613527,0.04378530259080975,4.0,True,24,356,enso_1981-09-01,3,1.0000000000000002,1.233374243736243,0.3791167032729813,dual persistent load below admissibility threshold,True,2.224448307043585e-16
4.0,0.16666666666666666,0.006692611947636498,0.9933073880523635,enso-pacific-sst,,4,0.006692611947636498,0.9933073880523635,-1.233168433563867,1.6132697873041055,0.48909419386611686,0.003295372293370537,4,,True,False,0.9945807452627761,1.3011418583994572,0.0,357,0.7828470813959527,-2.171488021308591,0.04527984266793451,4.0,True,24,357,enso_1981-10-01,3,1.0000000000000007,1.2331684335638657,0.37729507082893016,dual persistent load below admissibility threshold,True,4.509645654716245e-16
4.0,0.16666666666666666,0.007362650166655164,0.9926373498333448,enso-pacific-sst,,4,0.007362650166655164,0.9926373498333448,-1.2326398829887049,1.6192667635647995,0.4719133398629081,0.003500304346770529,4,,True,False,0.9939469710269412,1.3057060031413723,0.0,358,0.7905254423203012,-2.1297564466690995,0.04916550533349525,4.0,True,24,358,enso_1981-11-01,3,1.0000000000000013,1.2326398829887046,0.3901015154169293,dual persistent load below admissibility threshold,True,4.602628969477142e-16
4.0,0.16666666666666666,0.006492796546141341,0.9935072034538586,enso-pacific-sst,,4,0.006492796546141341,0.9935072034538586,-1.2320708115893768,1.624977789259409,0.4509163341381953,0.0029468412576307613,4,,True,False,0.993340849395353,1.3101169204302916,0.0,359,0.7954668534082869,-2.1847392259931273,0.04839823325529228,4.0,True,24,359,enso_1981-12-01,3,1.0,1.2320708115893775,0.44050441887540714,dual persistent load below admissibility threshold,True,4.45619164486254e-16
4.0,0.16666666666666666,0.0067258653929876495,0.9932741346070124,enso-pacific-sst,,4,0.0067258653929876495,0.9932741346070124,-1.2314675358467142,1.6298574068531297,0.4356915600923641,0.0029502457417774604,4,,True,False,0.9929366509551267,1.314159819879,0.0,360,0.7941461139384943,-2.169320954973295,0.048770618384170954,4.0,True,24,360,enso_1982-01-01,3,0.9999999999999997,1.2314675358467135,0.42479330539207144,dual persistent load below admissibility threshold,True,2.2604375366474424e-16
4.0,0.16666666666666666,0.00915927009021389,0.9908407299097861,enso-pacific-sst,,4,0.00915927009021389,0.9908407299097861,-1.232150517795783,1.6301699278878157,0.5702264994551313,0.005271138300483753,4,,True,False,0.9936487955388821,1.3146254146507637,0.0,361,0.7922055061015427,-2.0341429848083146,0.054395196364400475,4.0,True,24,361,enso_1982-02-01,3,1.0000000000000002,1.2321505177957832,0.3369869426298147,dual persistent load below admissibility threshold,True,3.942216812468158e-17
4.0,0.16666666666666666,0.009162032048293767,0.9908379679517063,enso-pacific-sst,,4,0.009162032048293767,0.9908379679517063,-1.2322151322212178,1.6275916334893528,0.5850451800033822,0.005409767148882654,4,,True,False,0.9936149624833864,1.3124326731263216,0.0,362,0.7908586251834293,-2.034010833395376,0.05384496263481409,4.0,True,24,362,enso_1982-03-01,3,1.0000000000000009,1.232215132221219,0.3165927239859402,dual persistent load below admissibility threshold,True,2.2523427588874843e-16
4.0,0.16666666666666666,0.007159661417851762,0.9928403385821483,enso-pacific-sst,,4,0.007159661417851762,0.9928403385821483,-1.226815160619884,1.6237969680076536,0.5788272267408248,0.004174092048694013,4,,True,False,0.98968959765863,1.3099405839872298,0.0,363,0.7829012369168671,-2.1419869291054585,0.046710640278833204,4.0,True,24,363,enso_1982-04-01,3,1.0000000000000007,1.2268151606198847,0.29907331320917663,dual persistent load below admissibility threshold,True,2.296161606371982e-16
4.0,0.16666666666666666,0.006496979015958399,0.9935030209840415,enso-pacific-sst,,4,0.006496979015958399,0.9935030209840415,-1.227764321026168,1.6349580540867013,0.6195918206135667,0.004051799513401242,4,,True,False,0.9900329632374646,1.3183819885754087,0.0,364,0.7783028226976834,-2.184457727947585,0.04457566974291856,4.0,True,24,364,enso_1982-05-01,3,1.0000000000000004,1.2277643210261677,0.30918187952262627,dual persistent load below admissibility threshold,True,2.220592873477339e-16
4.0,0.16666666666666666,0.006048039045988066,0.993951960954012,enso-pacific-sst,,4,0.006048039045988066,0.993951960954012,-1.2291052023659959,1.6456292000126214,0.5977606077110424,0.0036372778943158713,4,,True,False,0.9908583966637856,1.3266443812041306,0.0,365,0.7845047952360331,-2.215750808566898,0.04544164064929889,4.0,True,24,365,enso_1982-06-01,3,1.000000000000001,1.2291052023659954,0.3748075394769722,dual persistent load below admissibility threshold,True,1.387682746829245e-16
4.0,0.16666666666666666,0.005122227697629112,0.994877772302371,enso-pacific-sst,,4,0.005122227697629112,0.994877772302371,-1.2284859651446034,1.6222434749455388,0.6301944004573855,0.0032446188896584514,4,,True,False,0.9908909852255953,1.3084939354397633,0.0,366,0.7605323324142201,-2.288310847716455,0.03713061428199917,4.0,True,24,366,enso_1982-07-01,3,1.000000000000001,1.2284859651446032,0.24895886756285351,dual persistent load below admissibility threshold,True,2.3528617260102303e-16
4.0,0.16666666666666666,0.0046931657836518925,0.9953068342163481,enso-pacific-sst,,4,0.0046931657836518925,0.9953068342163481,-1.226933488684912,1.582618268195069,0.6352252554166153,0.0029952747546238296,4,,True,False,0.9901427174278296,1.2771824774309475,0.0,367,0.7578075539938546,-2.326491090426158,0.03447360077756622,4.0,True,24,367,enso_1982-08-01,3,1.0000000000000004,1.226933488684912,0.2460230869910345,dual persistent load below admissibility threshold,True,2.274220788470461e-16
4.0,0.16666666666666666,0.004463159445363184,0.9955368405546368,enso-pacific-sst,,4,0.004463159445363184,0.9955368405546368,-1.2227487030636168,1.5390649984334726,0.6475163391246322,0.0029029248815955664,4,,True,False,0.9868971053931052,1.2422002887103558,0.0,368,0.7597224678795261,-2.3484149338495635,0.03314079170583446,4.0,True,24,368,enso_1982-09-01,3,1.0000000000000004,1.2227487030636166,0.2372411338876797,dual persistent load below admissibility threshold,True,2.2239260832975706e-16
4.0,0.16666666666666666,0.003882085336957309,0.9961179146630428,enso-pacific-sst,,4,0.003882085336957309,0.9961179146630428,-1.2273972012214123,1.5086591569895862,0.6894386711461853,0.002686890494177394,4,,True,False,0.9902643151609135,1.217186519099805,0.0,369,0.7588722274847315,-2.409245672803658,0.02976462892985788,4.0,True,24,369,enso_1982-10-01,3,1.0000000000000009,1.2273972012214127,0.21009513894098475,dual persistent load below admissibility threshold,True,8.993089729351961e-17
4.0,0.16666666666666666,0.0033528624918921597,0.996647137508108,enso-pacific-sst,,4,0.0033528624918921597,0.996647137508108,-1.2308406426893697,1.483082194870419,0.6954238753894417,0.0023395046652011056,4,,True,False,0.9924017716544034,1.1957790039193157,0.0,370,0.7565232266962597,-2.4731256813071623,0.026141461407510863,4.0,True,24,370,enso_1982-11-01,3,1.0000000000000004,1.2308406426893708,0.18026015756764552,dual persistent load below admissibility threshold,True,2.1523482202662604e-16
4.0,0.16666666666666666,0.00302078822904794,0.9969792117709522,enso-pacific-sst,,4,0.00302078822904794,0.9969792117709522,-1.231454735019637,1.4524395065639768,0.7085313478505337,0.0021468082084645165,4,,True,False,0.9920137212194069,1.1700307601883833,0.0,371,0.7449500258337126,-2.5185658225099234,0.022731841859625505,4.0,True,24,371,enso_1982-12-01,3,0.9999999999999999,1.231454735019637,0.09964555637117571,dual persistent load below admissibility threshold,True,3.109604185788508e-16
4.0,0.16666666666666666,0.0026586436383553113,0.9973413563616447,enso-pacific-sst,,4,0.0026586436383553113,0.9973413563616447,-1.23021978820903,1.4460109972297703,0.7336777160638689,0.001955787333969694,4,,True,False,0.9902949060537105,1.1640012121240375,0.0,372,0.7588520843639784,-2.5741836992502125,0.02158805299456395,4.0,True,24,372,enso_1983-01-01,3,1.0000000000000007,1.2302197882090296,0.11244062789461765,dual persistent load below admissibility threshold,True,2.7966570648476067e-16
4.0,0.16666666666666666,0.00229416402958727,0.9977058359704127,enso-pacific-sst,,4,0.00229416402958727,0.9977058359704127,-1.237817886095601,1.4538390873823732,0.7940202341436426,0.0018258013477139043,4,,True,False,0.9952833805592878,1.1689780038995192,0.0,373,0.7738890965384309,-2.6383780464472424,0.019922835177123656,4.0,True,24,373,enso_1983-02-01,3,1.0000000000000002,1.2378178860956008,0.17088391131074257,dual persistent load below admissibility threshold,True,1.2242302270510726e-16
4.0,0.16666666666666666,0.001993701597568481,0.9980062984024315,enso-pacific-sst,,4,0.001993701597568481,0.9980062984024315,-1.2399269171058815,1.45851824698673,0.8080818395651601,0.0016142924719874808,4,,True,False,0.9963419615682091,1.1719907932780944,0.0,374,0.7894289841679659,-2.6994731252511497,0.01891774955246321,4.0,True,24,374,enso_1983-03-01,3,1.0000000000000002,1.2399269171058815,0.2263997760084427,dual persistent load below admissibility threshold,True,2.3286882333680185e-16
4.0,0.16666666666666666,0.0018020050566455103,0.9981979949433545,enso-pacific-sst,,4,0.0018020050566455103,0.9981979949433545,-1.2408266802373622,1.4597815693288034,0.8311026846042674,0.0015003548873423023,4,,True,False,0.9968922447098901,1.1728027359598183,0.0,375,0.8043154469846193,-2.7434606878460226,0.019315275950171126,4.0,True,24,375,enso_1983-04-01,2,1.0000000000000007,1.240826680237363,0.33083890493049695,numerical successor admissibility boundary: reduced closure requires Y positive definite,True,2.7903325721328113e-16
4.0,0.16666666666666666,0.0015674281143446176,0.9984325718856554,enso-pacific-sst,,4,0.0015674281143446176,0.9984325718856554,-1.2411279351130347,1.4592478318807,0.8382147375917716,0.0013159039303755862,4,,True,False,0.9969061589146769,1.1721057191837925,0.0,376,0.8066294216199301,-2.804131108295068,0.017545070016194805,4.0,True,24,376,enso_1983-05-01,2,1.0000000000000004,1.2411279351130342,0.34379029491696605,numerical successor admissibility boundary: reduced closure requires Y positive definite,True,2.6124026269408047e-16
4.0,0.16666666666666666,0.0013255723837430813,0.9986744276162569,enso-pacific-sst,,4,0.0013255723837430813,0.9986744276162569,-1.2409687130777312,1.4584637940120129,0.8321271251616695,0.0011045088432981077,4,,True,False,0.9966070832313205,1.1712747730310853,0.0,377,0.7828284431301994,-2.877020481682714,0.012847946005734459,4.0,True,24,377,enso_1983-06-01,2,1.0000000000000004,1.2409687130777303,0.1578218506322465,numerical successor admissibility boundary: reduced closure requires Y positive definite,True,1.2661967794165922e-16
4.0,0.16666666666666666,0.0011601925893953073,0.9988398074106046,enso-pacific-sst,,4,0.0011601925893953073,0.9988398074106046,-1.2414471345127815,1.4586587495169752,0.8555031507846798,0.0009937013006297848,4,,True,False,0.9968542813192444,1.1712703497522965,0.0,378,0.7800678518218755,-2.9349657551124477,0.011434054043625507,4.0,True,24,378,enso_1983-07-01,2,1.0000000000000002,1.2414471345127818,0.1888764693406637,dual persistent load below admissibility threshold,True,1.5639865466055834e-16
4.0,0.16666666666666666,0.0009748779130158894,0.9990251220869841,enso-pacific-sst,,4,0.0009748779130158894,0.9990251220869841,-1.2423239965642767,1.4604202536445154,0.8665135118529137,0.0008455692107827561,4,,True,False,0.9973280744378654,1.172414059026014,0.0,379,0.7822159342541035,-3.0106261783345776,0.010276913345506462,4.0,True,24,379,enso_1983-08-01,2,1.0000000000000004,1.2423239965642765,0.25687141123495455,dual persistent load below admissibility threshold,True,1.1149797461448662e-16
4.0,0.16666666666666666,0.0007946639311426878,0.9992053360688573,enso-pacific-sst,,4,0.0007946639311426878,0.9992053360688573,-1.2433600056069118,1.4629193655068669,0.8683076289277907,0.0006905615181756737,4,,True,False,0.9977683576457927,1.1739597912975508,0.0,380,0.7758049410824017,-3.0994712432899543,0.008768205059697921,4.0,True,24,380,enso_1983-09-01,2,1.0,1.2433600056069123,0.32009682815151524,dual persistent load below admissibility threshold,True,1.5926826249399373e-16
4.0,0.16666666666666666,0.0005694231336733309,0.9994305768663267,enso-pacific-sst,,4,0.0005694231336733309,0.9994305768663267,-1.239981387201862,1.4637758375523657,0.8076725710754491,0.0004601694775497055,4,,True,False,0.9950503652617543,1.1746391493057926,0.0,381,0.7588418620795969,-3.244317525202561,0.006343697881192412,4.0,True,24,381,enso_1983-10-01,2,1.0000000000000002,1.2399813872018626,0.27886030181840604,dual persistent load below admissibility threshold,True,1.4727055810064273e-16
4.0,0.16666666666666666,0.00046223039945560325,0.9995377696005443,enso-pacific-sst,,4,0.00046223039945560325,0.9995377696005443,-1.240505428895064,1.4700903271315526,0.8237105483239965,0.00038092012865082185,4,,True,False,0.9956120934857721,1.1798736822234734,0.0,382,0.7352843066501261,-3.3349407051992754,0.005052407780052354,4.0,True,24,382,enso_1983-11-01,2,0.9999999999999998,1.2405054288950637,0.32826711397748065,dual persistent load below admissibility threshold,True,2.234388656408589e-16
4.0,0.16666666666666666,0.00040819369974754116,0.9995918063002525,enso-pacific-sst,,4,0.00040819369974754116,0.9995918063002525,-1.240972770050649,1.4749000115090927,0.8363064723354408,0.0003415144371070182,4,,True,False,0.9960041278547931,1.1837540154698012,0.0,383,0.7478695261808187,-3.3889563902096307,0.0045657664615126265,4.0,True,24,383,enso_1983-12-01,2,1.0000000000000004,1.2409727700506492,0.31865446487817567,dual persistent load below admissibility threshold,True,2.6355131610283353e-16
4.0,0.16666666666666666,0.00036686049125095305,0.9996331395087491,enso-pacific-sst,,4,0.00036686049125095305,0.9996331395087491,-1.2418817193906886,1.4784139990965524,0.8544872867180323,0.00031359267053423617,4,,True,False,0.9965853044205386,1.186397740094048,0.0,384,0.7791289911346563,-3.4353397020055865,0.004602679370294266,4.0,True,24,384,enso_1984-01-01,2,1.0000000000000002,1.2418817193906886,0.3227455060055417,dual persistent load below admissibility threshold,True,2.237527110396322e-16
4.0,0.16666666666666666,0.00038278296537843363,0.9996172170346215,enso-pacific-sst,,4,0.00038278296537843363,0.9996172170346215,-1.2436630437814462,1.4821898041030148,0.8920646203833562,0.00034159789855610416,4,,True,False,0.9979412773076209,1.1893401462034838,0.0,385,0.8042599130254581,-3.4168811250993523,0.00489560940717494,4.0,True,24,385,enso_1984-02-01,2,1.000000000000001,1.243663043781447,0.2747406000641348,dual persistent load below admissibility threshold,True,2.361892540467084e-16
4.0,0.16666666666666666,0.00039570557991574156,0.9996042944200844,enso-pacific-sst,,4,0.00039570557991574156,0.9996042944200844,-1.2451853621177502,1.4838880655466498,0.9178907977455241,0.00036335829332539277,4,,True,False,0.9991429208638707,1.1906791560123686,0.0,386,0.8204974242772118,-3.402455938865652,0.005051594926597778,4.0,True,24,386,enso_1984-03-01,2,1.0000000000000002,1.24518536211775,0.1911825015409885,dual persistent load below admissibility threshold,True,1.1960655622341902e-16
4.0,0.16666666666666666,0.00038363257393887333,0.9996163674260612,enso-pacific-sst,,4,0.00038363257393887333,0.9996163674260612,-1.2445414086407247,1.4777559646498064,0.90344029704413,0.00034672214046232704,4,,True,False,0.9985773591727853,1.1857007235247634,0.0,387,0.816867637217658,-3.4159178828577454,0.004972824639776107,4.0,True,24,387,enso_1984-04-01,2,0.9999999999999999,1.244541408640724,0.2490231376453559,dual persistent load below admissibility threshold,True,1.6644096415053562e-16
4.0,0.16666666666666666,0.00034304750848847715,0.9996569524915115,enso-pacific-sst,,4,0.00034304750848847715,0.9996569524915115,-1.2426045789781335,1.4738870549689458,0.8617157846800354,0.00029571089584573193,4,,True,False,0.9969542447864608,1.1825145188145678,0.0,388,0.8008930222528575,-3.4644967213530475,0.004596362013284231,4.0,True,24,388,enso_1984-05-01,2,1.0000000000000007,1.2426045789781335,0.3250157103570444,dual persistent load below admissibility threshold,True,1.1334756501943929e-16
4.0,0.16666666666666666,0.00037545089464363976,0.9996245491053564,enso-pacific-sst,,4,0.00037545089464363976,0.9996245491053564,-1.2423723202172514,1.4700338285185137,0.888595448476041,0.0003337492625658129,4,,True,False,0.9967437362162999,1.1793944430005248,0.0,389,0.7847486260204249,-3.4252837696064655,0.004866023568777302,4.0,True,24,389,enso_1984-06-01,2,1.0,1.2423723202172519,0.33122209603706015,dual persistent load below admissibility threshold,True,2.2231441008860575e-16
4.0,0.16666666666666666,0.0004531162992310822,0.9995468837007689,enso-pacific-sst,,4,0.0004531162992310822,0.9995468837007689,-1.241847180801562,1.466564404993613,0.8704649038405345,0.00039460063581853915,4,,True,False,0.9964074521219541,1.1767113737853223,0.0,390,0.7611714328222724,-3.343593484850672,0.005303558495316632,4.0,True,24,390,enso_1984-07-01,2,1.0000000000000002,1.2418471808015625,0.32052328761071464,dual persistent load below admissibility threshold,True,2.6163016277153795e-16
4.0,0.16666666666666666,0.000523357786605492,0.9994766422133945,enso-pacific-sst,,4,0.000523357786605492,0.9994766422133945,-1.2411404040916232,1.4633248413422437,0.8387757751174786,0.000439209696938635,4,,True,False,0.9959200515501808,1.1742060339183373,0.0,391,0.7342387510733944,-3.280973959044623,0.0055938277392622625,4.0,True,24,391,enso_1984-08-01,2,1.0000000000000004,1.2411404040916227,0.33254826507112656,dual persistent load below admissibility threshold,True,1.5659431658904565e-16
4.0,0.16666666666666666,0.0006776622433535224,0.9993223377566465,enso-pacific-sst,,4,0.0006776622433535224,0.9993223377566465,-1.2434448609592479,1.4613170939904374,0.8689169614133552,0.0005892315173111761,4,,True,False,0.9976105149513296,1.172408479390353,0.0,392,0.752340781521196,-3.168692306110476,0.007100995006745758,4.0,True,24,392,enso_1984-09-01,2,1.0000000000000007,1.2434448609592477,0.3234787503160361,dual persistent load below admissibility threshold,True,3.219657449891757e-16
4.0,0.16666666666666666,0.000710796810788528,0.9992892031892114,enso-pacific-sst,,4,0.000710796810788528,0.9992892031892114,-1.2421300922066012,1.4566169312024726,0.816195019913246,0.0005805614783831157,4,,True,False,0.9966052895725761,1.1686957329393026,0.0,393,0.766239608167407,-3.1479457245654894,0.007638942507303955,4.0,True,24,393,enso_1984-10-01,2,1.0000000000000004,1.2421300922066012,0.25736595368445947,dual persistent load below admissibility threshold,True,1.7622179670971683e-16
4.0,0.16666666666666666,0.0007898480031118707,0.9992101519968881,enso-pacific-sst,,4,0.0007898480031118707,0.9992101519968881,-1.2421193922541196,1.453757544323888,0.8074499148450609,0.0006382668366395937,4,,True,False,0.9965426751848688,1.1663383096061697,0.0,394,0.7764366349624044,-3.102113313325428,0.00846350117837519,4.0,True,24,394,enso_1984-11-01,2,1.0000000000000007,1.24211939225412,0.18742997617483872,dual persistent load below admissibility threshold,True,2.23751017762935e-16
4.0,0.16666666666666666,0.000879825817989783,0.9991201741820102,enso-pacific-sst,,4,0.000879825817989783,0.9991201741820102,-1.2407534899023,1.451543865770193,0.765205659973082,0.0006738405580363977,4,,True,False,0.9956431775047803,1.164792006280641,0.0,395,0.7976888541601724,-3.0552210263581236,0.009661277642027719,4.0,True,24,395,enso_1984-12-01,2,1.0,1.2407534899022998,0.15445043806829115,dual persistent load below admissibility threshold,True,4.800209556500361e-16
4.0,0.16666666666666666,0.0010071060179164698,0.9989928939820836,enso-pacific-sst,,4,0.0010071060179164698,0.9989928939820836,-1.2403616715190415,1.4503860934468913,0.736639363394313,0.0007426218348274608,4,,True,False,0.9953978587826099,1.1639437471951475,0.0,396,0.8038998135394089,-2.9964872079389657,0.010830151394457971,4.0,True,24,396,enso_1985-01-01,2,1.0000000000000004,1.240361671519041,0.12018407755525035,dual persistent load below admissibility threshold,True,2.2419155413435445e-16
4.0,0.16666666666666666,0.0012003648767296778,0.9987996351232703,enso-pacific-sst,,4,0.0012003648767296778,0.9987996351232703,-1.2392556294686827,1.4482391921176307,0.7151261041356132,0.0008594439041129366,4,,True,False,0.9947793932856694,1.162535372532445,0.0,397,0.8041777599448042,-2.9201650957576795,0.012439298637659952,4.0,True,24,397,enso_1985-02-01,2,1.0000000000000002,1.2392556294686818,0.09545451156721022,numerical successor admissibility boundary: reduced closure requires Y positive definite,True,3.6287783173775066e-16
4.0,0.16666666666666666,0.0014717729256216432,0.9985282270743783,enso-pacific-sst,,4,0.0014717729256216432,0.9985282270743783,-1.235666154336178,1.4420938514581167,0.6892485406751234,0.0010159125337518503,4,,True,False,0.992514910857495,1.1583222906975341,0.0,398,0.7991423402626942,-2.8315195368243637,0.014555618495596986,4.0,True,24,398,enso_1985-03-01,2,1.0000000000000009,1.2356661543361778,0.06479334254430581,numerical successor admissibility boundary: reduced closure requires Y positive definite,True,4.949428614091829e-16
4.0,0.16666666666666666,0.0017121474789163198,0.9982878525210837,enso-pacific-sst,,4,0.0017121474789163198,0.9982878525210837,-1.233729572033147,1.4370501778784184,0.668444708724301,0.0011464387951300795,4,,True,False,0.9913623149411914,1.1547404093430644,0.0,399,0.7872311118432839,-2.765714615821951,0.01609861592480265,4.0,True,24,399,enso_1985-04-01,2,1.0000000000000002,1.2337295720331463,0.06442335246552779,numerical successor admissibility boundary: reduced closure requires Y positive definite,True,2.6773955981020413e-16
4.0,0.16666666666666666,0.0020655074757266845,0.9979344925242734,enso-pacific-sst,,4,0.0020655074757266845,0.9979344925242734,-1.2289050682663567,1.432093197813288,0.6558795613204067,0.0013575281215672448,4,,True,False,0.9883396418007699,1.151752494721852,0.0,400,0.7709801095024179,-2.6840752626385074,0.01803839525169009,4.0,True,24,400,enso_1985-05-01,3,1.0000000000000004,1.2289050682663565,0.028493230077484548,dual persistent load below admissibility threshold,True,2.292912516999825e-16
4.0,0.16666666666666666,0.002529899056186263,0.9974701009438136,enso-pacific-sst,,4,0.002529899056186263,0.9974701009438136,-1.2212378949653828,1.4251524624240666,0.623090202735682,0.0015803534505228279,4,,True,False,0.9832825923350741,1.1474648907490481,0.0,401,0.7590167717824302,-2.5957966935974754,0.02089513097710519,4.0,True,24,401,enso_1985-06-01,3,1.0000000000000009,1.221237894965383,0.020563856203548263,dual persistent load below admissibility threshold,True,2.322558766244069e-16
4.0,0.16666666666666666,0.0029475790377168484,0.9970524209622832,enso-pacific-sst,,4,0.0029475790377168484,0.9970524209622832,-1.2153145788610984,1.421286306351179,0.574252143962003,0.0016976575617485893,4,,True,False,0.9796939051688368,1.145732599650911,0.0,402,0.7400688789433758,-2.5292525330581066,0.022724057044312036,4.0,True,24,402,enso_1985-07-01,3,1.000000000000001,1.2153145788610988,0.019643287642242283,dual persistent load below admissibility threshold,True,2.253362277033333e-16
4.0,0.16666666666666666,0.0035311572658148992,0.9964688427341851,enso-pacific-sst,,4,0.0035311572658148992,0.9964688427341851,-1.2273981659281874,1.4399239045294179,0.5532019532204546,0.0019603654552985323,4,,True,False,0.99087039223374,1.1624410103210798,0.0,403,0.7456306614036037,-2.4505466638664406,0.026308529276762967,4.0,True,24,403,enso_1985-08-01,3,1.0,1.2273981659281876,0.11133761822488165,dual persistent load below admissibility threshold,True,5.066990946668059e-16
4.0,0.16666666666666666,0.00410553336784686,0.9958944666321531,enso-pacific-sst,,4,0.00410553336784686,0.9958944666321531,-1.2237534139784692,1.483081417508167,0.4968159273366698,0.002048102922246547,4,,True,False,0.9895718758751603,1.1992740070304473,0.0,404,0.7502552350542374,-2.3848437331381027,0.030221842241308177,4.0,True,24,404,enso_1985-09-01,3,1.0000000000000007,1.2237534139784696,0.14615569271198545,dual persistent load below admissibility threshold,True,2.329319741961794e-16
4.0,0.16666666666666666,0.005378966053026541,0.9946210339469735,enso-pacific-sst,,4,0.005378966053026541,0.9946210339469735,-1.2193883844669373,1.5070255509390915,0.48583869820682246,0.0026274427904773518,4,,True,False,0.9871235937003909,1.219972649068352,0.0,405,0.7482446113030663,-2.2669588358903328,0.03611399760415888,4.0,True,24,405,enso_1985-10-01,3,1.000000000000001,1.2193883844669378,0.220012048464243,dual persistent load below admissibility threshold,True,2.5624371178241245e-16
4.0,0.16666666666666666,0.006831278128785974,0.9931687218712141,enso-pacific-sst,,4,0.006831278128785974,0.9931687218712141,-1.214362619984258,1.5691644233051103,0.44250613592690846,0.0030436746764595205,4,,True,False,0.9838143198767596,1.2712565460131973,0.0,406,0.770040492475996,-2.162521066176905,0.04615065364343291,4.0,True,24,406,enso_1985-11-01,3,1.0000000000000002,1.2143626199842585,0.31937856144717547,dual persistent load below admissibility threshold,True,2.301838158395048e-16
4.0,0.16666666666666666,0.006782678682561071,0.993217321317439,enso-pacific-sst,,4,0.006782678682561071,0.993217321317439,-1.215718818572924,1.5883236671729057,0.4056098423248453,0.002769908631199162,4,,True,False,0.9847855638594343,1.2866118334865027,0.0,407,0.7814261864095544,-2.165643041255361,0.0507666425658335,4.0,True,24,407,enso_1985-12-01,3,1.0000000000000007,1.2157188185729235,0.41691960585004456,dual persistent load below admissibility threshold,True,2.619030568852758e-16
4.0,0.16666666666666666,0.009353555225792315,0.9906464447742077,enso-pacific-sst,,4,0.009353555225792315,0.9906464447742077,-1.221327115181151,1.60408572204791,0.40357820634717495,0.003810533072528107,4,,True,False,0.9891758681107224,1.2991792836724245,0.0,408,0.8023031593606496,-2.024941970508931,0.06247504982346441,4.0,True,24,408,enso_1986-01-01,3,1.0000000000000009,1.2213271151811502,0.3885869704269456,dual persistent load below admissibility threshold,True,2.685867608686621e-16
4.0,0.16666666666666666,0.010107101942189618,0.9898928980578103,enso-pacific-sst,,4,0.010107101942189618,0.9898928980578103,-1.2227820812860664,1.6047991475424161,0.4778089969502256,0.004878572470361603,4,,True,False,0.9908266137446748,1.300377008655068,0.0,409,0.7980156267838975,-1.99096156233604,0.06223644678640386,4.0,True,24,409,enso_1986-02-01,3,0.9999999999999999,1.2227820812860657,0.3353486699760728,dual persistent load below admissibility threshold,True,2.2338161680807363e-16
4.0,0.16666666666666666,0.008034070511961418,0.9919659294880385,enso-pacific-sst,,4,0.008034070511961418,0.9919659294880385,-1.2180259916844038,1.5954443992371625,0.42335464261875466,0.0034288083383274257,4,,True,False,0.9869926423059628,1.2928228904850385,0.0,410,0.7958935793423506,-2.091561116886184,0.055892593330735554,4.0,True,24,410,enso_1986-03-01,3,1.0000000000000002,1.2180259916844043,0.37854132860553535,dual persistent load below admissibility threshold,True,2.5870496117450615e-16
4.0,0.16666666666666666,0.009612084633258541,0.9903879153667415,enso-pacific-sst,,4,0.009612084633258541,0.9903879153667415,-1.2198549122488649,1.599602827603813,0.35450178817134304,0.0034405722623166704,4,,True,False,0.9885632817865566,1.2963087699469584,0.0,411,0.8077799881230706,-2.0129877464224206,0.06331675984956679,4.0,True,24,411,enso_1986-04-01,3,1.0000000000000009,1.2198549122488653,0.38828820841206324,dual persistent load below admissibility threshold,True,1.2369995407862676e-16
4.0,0.16666666666666666,0.012902499726756292,0.9870975002732437,enso-pacific-sst,,4,0.012902499726756292,0.9870975002732437,-1.2244705810821352,1.6101627311915927,0.46047458818258946,0.006018932523443167,4,,True,False,0.9924485515847907,1.3050568099191562,0.0,412,0.8092745847929679,-1.8836861935569034,0.07259179274364815,4.0,True,24,412,enso_1986-05-01,3,1.0000000000000004,1.2244705810821344,0.3347158188939596,dual persistent load below admissibility threshold,True,1.469234501686296e-16
4.0,0.16666666666666666,0.00787430942165072,0.9921256905783493,enso-pacific-sst,,4,0.00787430942165072,0.9921256905783493,-1.2230335092704077,1.606932490261467,0.3837336798599696,0.0030456198840739905,4,,True,False,0.9913920110785861,1.3025808541731527,0.0,413,0.8091273764852654,-2.1003542191808307,0.05926563570029187,4.0,True,24,413,enso_1986-06-01,3,1.0000000000000013,1.223033509270408,0.4108711010553492,dual persistent load below admissibility threshold,True,2.308149978266808e-16
4.0,0.16666666666666666,0.007592625554864503,0.9924073744451355,enso-pacific-sst,,4,0.007592625554864503,0.9924073744451355,-1.2252287794043148,1.6021399951657846,0.40244085979776306,0.0030789601479236733,4,,True,False,0.9929734038872811,1.298437019474176,0.0,414,0.8175129175002271,-2.1162980004690377,0.059203284672106414,4.0,True,24,414,enso_1986-07-01,3,1.0000000000000004,1.2252287794043137,0.4066629095386028,dual persistent load below admissibility threshold,True,1.265974456865684e-16
4.0,0.16666666666666666,0.010189167180024722,0.9898108328199753,enso-pacific-sst,,4,0.010189167180024722,0.9898108328199753,-1.2178599168702182,1.5922927680471939,0.4768620586167964,0.004908844272005457,4,,True,False,0.9870789682848566,1.2905578719846755,0.0,415,0.8162392850496719,-1.9874135145251286,0.06558275171114095,4.0,True,24,415,enso_1986-08-01,3,1.0000000000000009,1.217859916870218,0.34186716697004305,dual persistent load below admissibility threshold,True,2.226193313650728e-16
4.0,0.16666666666666666,0.008161434791270435,0.9918385652087296,enso-pacific-sst,,4,0.008161434791270435,0.9918385652087296,-1.218174604766636,1.5872069262251238,0.5333633802575087,0.00438882959456931,4,,True,False,0.9876275157456953,1.2868181846742546,0.0,416,0.7938555454322633,-2.0846744757357016,0.053368430432086666,4.0,True,24,416,enso_1986-09-01,3,1.0000000000000004,1.2181746047666362,0.2689412521803776,dual persistent load below admissibility threshold,True,2.9569064127329167e-16
4.0,0.16666666666666666,0.007559756296598062,0.992440243703402,enso-pacific-sst,,4,0.007559756296598062,0.992440243703402,-1.218359262977202,1.5800700755603678,0.5496854820329673,0.004187142057481059,4,,True,False,0.9878292897207929,1.2810995474649944,0.0,417,0.7776298225575398,-2.1181965713063664,0.04789524738745991,4.0,True,24,417,enso_1986-10-01,3,1.0,1.2183592629772024,0.20982687823708573,dual persistent load below admissibility threshold,True,2.3639145113107746e-16
4.0,0.16666666666666666,0.006758639198141247,0.9932413608018588,enso-pacific-sst,,4,0.006758639198141247,0.9932413608018588,-1.2188164108941748,1.5659895929785916,0.6502619379431234,0.004424791391383084,4,,True,False,0.9880961168386282,1.2695498862676544,0.0,418,0.7737063260067728,-2.1671955334855344,0.04435768401625776,4.0,True,24,418,enso_1986-11-01,3,1.0000000000000002,1.2188164108941757,0.21564739062651608,dual persistent load below admissibility threshold,True,1.4064334435358925e-16
4.0,0.16666666666666666,0.006595521219111162,0.9934044787808889,enso-pacific-sst,,4,0.006595521219111162,0.9934044787808889,-1.2240219187896018,1.5617617775076655,0.6664447783396834,0.004424734104580905,4,,True,False,0.9917466560228226,1.2653956571947007,0.0,419,0.7951921700178284,-2.1778769917977714,0.048069402640389516,4.0,True,24,419,enso_1986-12-01,3,1.0000000000000004,1.2240219187896026,0.2972711797685706,dual persistent load below admissibility threshold,True,1.2264033946977022e-16
4.0,0.16666666666666666,0.006159221020370285,0.9938407789796297,enso-pacific-sst,,4,0.006159221020370285,0.9938407789796297,-1.2229876199231675,1.5468953733233337,0.6930533708121983,0.004295123504720333,4,,True,False,0.9903892024143665,1.2526933634049522,0.0,420,0.7993070491101424,-2.207791023820924,0.048074409711506415,4.0,True,24,420,enso_1987-01-01,3,1.0000000000000007,1.2229876199231677,0.358174884384442,dual persistent load below admissibility threshold,True,3.376818741248375e-16
4.0,0.16666666666666666,0.005395188723279244,0.9946048112767208,enso-pacific-sst,,4,0.005395188723279244,0.9946048112767208,-1.226935667733289,1.534026950873954,0.7163242166663186,0.0038856682494920235,4,,True,False,0.9932495960001397,1.2418512961024264,0.0,421,0.7837304043024913,-2.265643914875056,0.04124257930150845,4.0,True,24,421,enso_1987-02-01,3,1.0000000000000004,1.226935667733289,0.30547476571557974,dual persistent load below admissibility threshold,True,2.6052550464129537e-16
4.0,0.16666666666666666,0.004724172948927641,0.9952758270510723,enso-pacific-sst,,4,0.004724172948927641,0.9952758270510723,-1.2285688979767542,1.5288981265156707,0.7236014655696648,0.0034346443232496898,4,,True,False,0.9941356467257405,1.2371566057748176,0.0,422,0.7978021953921881,-2.3236176677148856,0.0414237902270038,4.0,True,24,422,enso_1987-03-01,3,1.0000000000000009,1.2285688979767537,0.4015454983657065,dual persistent load below admissibility threshold,True,1.110226611896062e-16
4.0,0.16666666666666666,0.004092442427781787,0.9959075575722182,enso-pacific-sst,,4,0.004092442427781787,0.9959075575722182,-1.2312229996131423,1.5203560420555826,0.7526024209569129,0.0030926385238842957,4,,True,False,0.995886939304598,1.229755069432367,0.0,423,0.7702193003787349,-2.386236449582863,0.03290953393264821,4.0,True,24,423,enso_1987-04-01,3,1.0000000000000002,1.231222999613142,0.305262652530396,dual persistent load below admissibility threshold,True,2.2264196632222125e-16
4.0,0.16666666666666666,0.0037105001668902445,0.9962894998331098,enso-pacific-sst,,4,0.0037105001668902445,0.9962894998331098,-1.2326434457483675,1.517501238010908,0.7820973102788538,0.002912780071254603,4,,True,False,0.9963450321808214,1.2265954319843646,0.0,424,0.7766808699742983,-2.428953097735557,0.03185006198565549,4.0,True,24,424,enso_1987-05-01,3,1.0000000000000004,1.232643445748368,0.3584655501967765,dual persistent load below admissibility threshold,True,6.284690819933268e-17
4.0,0.16666666666666666,0.002886566745615278,0.9971134332543846,enso-pacific-sst,,4,0.002886566745615278,0.9971134332543846,-1.234276648377187,1.5148680536545633,0.7951382953946653,0.002301864246438148,4,,True,False,0.9965338434421895,1.2230785422384833,0.0,425,0.7933764333798836,-2.538362963100722,0.03198014519016453,4.0,True,24,425,enso_1987-06-01,3,1.0000000000000002,1.2342766483771876,0.518507856456862,dual persistent load below admissibility threshold,True,2.1559953697299228e-16
4.0,0.16666666666666666,0.0027040909113517806,0.9972959090886482,enso-pacific-sst,,4,0.0027040909113517806,0.9972959090886482,-1.2350323093378477,1.5187412077945541,0.7916567506459801,0.0021465161992776137,4,,True,False,0.9966701762058697,1.2256230511048434,0.0,426,0.8025956971728535,-2.5668027491005674,0.03394955659003266,4.0,True,24,426,enso_1987-07-01,3,1.0000000000000009,1.235032309337848,0.6131340193178488,dual persistent load below admissibility threshold,True,1.627401980496755e-16
4.0,0.16666666666666666,0.0025659963712499705,0.99743400362875,enso-pacific-sst,,4,0.0025659963712499705,0.99743400362875,-1.235776532169864,1.5230741160558026,0.8239643827403775,0.002119728832643628,4,,True,False,0.9967469452239129,1.228474107582065,0.0,427,0.8040083673501781,-2.5896281318401404,0.036122354763334356,4.0,True,24,427,enso_1987-08-01,3,1.000000000000001,1.2357765321698635,0.7199432309219288,dual persistent load below admissibility threshold,True,2.5008735167874997e-16
4.0,0.16666666666666666,0.0024492283853996483,0.9975507716146004,enso-pacific-sst,,4,0.0024492283853996483,0.9975507716146004,-1.2362519128126614,1.5296797477851798,0.8341370469185796,0.0020480081723757365,4,,True,False,0.9967108555219698,1.2332829533268752,0.0,428,0.8045013193993426,-2.6099057248303486,0.04065281547965644,4.0,True,24,428,enso_1987-09-01,3,1.0000000000000004,1.2362519128126621,0.8686942367878606,dual persistent load below admissibility threshold,True,1.1448356935940423e-16
4.0,0.16666666666666666,0.0020759269983859165,0.9979240730016141,enso-pacific-sst,,4,0.0020759269983859165,0.9979240730016141,-1.2378897711794397,1.532356656749916,0.8416390850976139,0.001750815865575509,4,,True,False,0.9974183329820712,1.2346823260792015,0.0,429,0.8028609472468684,-2.6818854221363635,0.03878531359681978,4.0,True,24,429,enso_1987-10-01,2,1.0000000000000004,1.2378897711794397,0.9189856100124201,numerical successor admissibility boundary: reduced closure requires Y positive definite,True,3.551725708692957e-16
4.0,0.16666666666666666,0.00163363936091647,0.9983663606390836,enso-pacific-sst,,4,0.00163363936091647,0.9983663606390836,-1.2393423616151928,1.5314221511376542,0.8476878178699112,0.0013870821770829871,4,,True,False,0.9978798502250895,1.233053395203088,0.0,430,0.8061470318924118,-2.7861337505278034,0.03340370348287025,4.0,True,24,430,enso_1987-11-01,2,1.0000000000000009,1.239342361615193,0.9114661907532405,numerical successor admissibility boundary: reduced closure requires Y positive definite,True,2.3554574166322425e-16
4.0,0.16666666666666666,0.0015150555614667697,0.9984849444385333,enso-pacific-sst,,4,0.0015150555614667697,0.9984849444385333,-1.2406270649746025,1.5313648401581892,0.8631198906098867,0.0013096587963240935,4,,True,False,0.9981776079965247,1.2320979738986864,0.0,431,0.806013162501115,-2.8189129608231602,0.02850923299053511,4.0,True,24,431,enso_1987-12-01,2,1.000000000000001,1.2406270649746023,0.8383049964822111,numerical successor admissibility boundary: reduced closure requires Y positive definite,True,3.4297408955529045e-16
4.0,0.16666666666666666,0.0014505929151762183,0.9985494070848239,enso-pacific-sst,,4,0.0014505929151762183,0.9985494070848239,-1.2398113076148425,1.5268119536309868,0.8724772995593862,0.0012674479403956174,4,,True,False,0.9971030198966349,1.227919765233082,0.0,432,0.8143662377102207,-2.8378240061352287,0.02453910705064887,4.0,True,24,432,enso_1988-01-01,2,1.0000000000000002,1.239811307614843,0.7519733940160186,numerical successor admissibility boundary: reduced closure requires Y positive definite,True,2.2205380453920676e-16
4.0,0.16666666666666666,0.0010737177398936028,0.9989262822601064,enso-pacific-sst,,4,0.0010737177398936028,0.9989262822601064,-1.2402412730713248,1.5234200396369877,0.8721255756788071,0.0009374232299730665,4,,True,False,0.9973882664805113,1.2251174875776172,0.0,433,0.7932223777580972,-2.9686433112349095,0.015302098996921623,4.0,True,24,433,enso_1988-02-01,2,1.0000000000000004,1.240241273071326,0.5906213171696787,dual persistent load below admissibility threshold,True,2.542913321456612e-16
4.0,0.16666666666666666,0.0011225060037141868,0.9988774939962858,enso-pacific-sst,,4,0.0011225060037141868,0.9988774939962858,-1.2398367522970066,1.5151395185620937,0.9270542849681421,0.0010417934200142981,4,,True,False,0.9970652598588943,1.2184612006369229,0.0,434,0.7818851462798376,-2.9493235555198916,0.012973814555919772,4.0,True,24,434,enso_1988-03-01,2,1.0000000000000007,1.2398367522970057,0.4950865208998662,dual persistent load below admissibility threshold,True,2.915775145241338e-16
4.0,0.16666666666666666,0.0009784722227351085,0.9990215277772649,enso-pacific-sst,,4,0.0009784722227351085,0.9990215277772649,-1.2395855196432353,1.507553280172757,0.9014885477433632,0.0008829454406685784,4,,True,False,0.996839095046001,1.2123310765791764,0.0,435,0.7720278579740112,-3.0090263456370225,0.01016926197901176,4.0,True,24,435,enso_1988-04-01,2,1.0000000000000004,1.2395855196432353,0.322328071272589,dual persistent load below admissibility threshold,True,2.394588820556816e-16
4.0,0.16666666666666666,0.0010234610598496097,0.9989765389401504,enso-pacific-sst,,4,0.0010234610598496097,0.9989765389401504,-1.2381413252393885,1.4951297900408038,0.9173258432777548,0.0009398091378447627,4,,True,False,0.9955459963993573,1.2021814038754788,0.0,436,0.7777260532471626,-2.9894839654112855,0.01078097117610557,4.0,True,24,436,enso_1988-05-01,2,1.0000000000000004,1.238141325239388,0.33868147739804144,dual persistent load below admissibility threshold,True,1.2455140241671972e-16
4.0,0.16666666666666666,0.0010194571195303748,0.9989805428804696,enso-pacific-sst,,4,0.0010194571195303748,0.9989805428804696,-1.2389994511884754,1.4857752309600125,0.9106617955801608,0.0009293280610967743,4,,True,False,0.9960986651644937,1.1944950604087095,0.0,437,0.7737088282887303,-2.991188066388931,0.010369761667050751,4.0,True,24,437,enso_1988-06-01,2,1.0000000000000009,1.2389994511884757,0.28781169546796787,dual persistent load below admissibility threshold,True,2.5889716747588703e-16
4.0,0.16666666666666666,0.0011544496168786919,0.9988455503831214,enso-pacific-sst,,4,0.0011544496168786919,0.9988455503831214,-1.240613022345023,1.4795910961497627,0.9323953772451136,0.0010776475758711795,4,,True,False,0.997193800008191,1.1892822669545837,0.0,438,0.7896037740083007,-2.9371233553254177,0.012751520479778648,4.0,True,24,438,enso_1988-07-01,2,1.0000000000000007,1.2406130223450238,0.34898467413811807,dual persistent load below admissibility threshold,True,2.2304435718467792e-16
4.0,0.16666666666666666,0.0012907272302702122,0.9987092727697298,enso-pacific-sst,,4,0.0012907272302702122,0.9987092727697298,-1.240899403545066,1.475046641947453,0.9424107377153744,0.001217967264782505,4,,True,False,0.9971867071711383,1.1853474178529628,0.0,439,0.8031571531082191,-2.8886046098181217,0.01573566942046524,4.0,True,24,439,enso_1988-08-01,2,1.0000000000000002,1.2408994035450658,0.3986998722022517,numerical successor admissibility boundary: reduced closure requires Y positive definite,True,2.3848060592273097e-16
4.0,0.16666666666666666,0.0014480785186874348,0.9985519214813126,enso-pacific-sst,,4,0.0014480785186874348,0.9985519214813126,-1.2408926238202738,1.471631427760507,0.9405142036108336,0.001363913468564445,4,,True,False,0.997086958028378,1.1824911160542182,0.0,440,0.814407879767314,-2.83857854059995,0.019259025713207548,4.0,True,24,440,enso_1988-09-01,2,1.0000000000000004,1.2408926238202729,0.4470385005211979,numerical successor admissibility boundary: reduced closure requires Y positive definite,True,2.2252240306178796e-16
4.0,0.16666666666666666,0.0017398502304035227,0.9982601497695964,enso-pacific-sst,,4,0.0017398502304035227,0.9982601497695964,-1.2409779100129992,1.4697586472050692,0.9389690640836488,0.0016365128297115483,4,,True,False,0.9972469574670904,1.1810946249001713,0.0,441,0.8173032470402715,-2.758731869558671,0.022821525351378952,4.0,True,24,441,enso_1988-10-01,2,1.000000000000001,1.2409779100130003,0.46662964131488127,numerical successor admissibility boundary: reduced closure requires Y positive definite,True,1.4322701118645147e-16
4.0,0.16666666666666666,0.0020814532900094267,0.9979185467099906,enso-pacific-sst,,4,0.0020814532900094267,0.9979185467099906,-1.2411250553340007,1.4688373301676432,0.9388788380043045,0.0019583085741087195,4,,True,False,0.9974314971749932,1.1804327138826205,0.0,442,0.8127246738134571,-2.680728424925842,0.026418157993253866,4.0,True,24,442,enso_1988-11-01,3,1.0000000000000004,1.2411250553340007,0.5003365514479664,dual persistent load below admissibility threshold,True,2.6832675839867395e-16
4.0,0.16666666666666666,0.0024519139710327716,0.9975480860289673,enso-pacific-sst,,4,0.0024519139710327716,0.9975480860289673,-1.2400159522875114,1.4683212897681042,0.9313266878462543,0.002289145705863845,4,,True,False,0.9967894435789783,1.1803131715548791,0.0,443,0.8181247954247789,-2.6094286114305616,0.03310397847769909,4.0,True,24,443,enso_1988-12-01,3,1.0000000000000007,1.2400159522875112,0.627006932405476,dual persistent load below admissibility threshold,True,2.505430776433324e-16
4.0,0.16666666666666666,0.0025889277581348166,0.9974110722418652,enso-pacific-sst,,4,0.0025889277581348166,0.9974110722418652,-1.2397666689833517,1.4693941688347711,0.9300746533369606,0.0024141461371082274,4,,True,False,0.9970852085493026,1.1817636559588949,0.0,444,0.806016444175081,-2.5857542530246866,0.03514673043723475,4.0,True,24,444,enso_1989-01-01,3,1.0000000000000004,1.2397666689833524,0.6622820792162397,dual persistent load below admissibility threshold,True,2.3432938884811094e-16
4.0,0.16666666666666666,0.003256866154966525,0.9967431338450334,enso-pacific-sst,,4,0.003256866154966525,0.9967431338450334,-1.2380944158188607,1.4712028020574164,0.9194060173085006,0.003004166508670596,4,,True,False,0.9968978057928004,1.1845937002124678,0.0,445,0.7640320731265912,-2.485783341617398,0.029867722415274283,4.0,True,24,445,enso_1989-02-01,3,1.0000000000000002,1.23809441581886,0.4537123845084088,dual persistent load below admissibility threshold,True,2.353092789603605e-16
4.0,0.16666666666666666,0.003630374544543966,0.996369625455456,enso-pacific-sst,,4,0.003630374544543966,0.996369625455456,-1.2361560402284413,1.4737389488801451,0.9093877307917527,0.003313447123077292,4,,True,False,0.9966751575912547,1.1882310576681303,0.0,446,0.7352634531538006,-2.4384690461386263,0.029016701276838072,4.0,True,24,446,enso_1989-03-01,3,1.0000000000000002,1.2361560402284413,0.49426458673184187,dual persistent load below admissibility threshold,True,2.280792752304368e-16
4.0,0.16666666666666666,0.0037867255697818206,0.9962132744302182,enso-pacific-sst,,4,0.0037867255697818206,0.9962132744302182,-1.2349931921410753,1.4741475575792369,0.8192475736296705,0.0031140578174081463,4,,True,False,0.996518480886079,1.189492617472645,0.0,447,0.7508744419593358,-2.4200884921329777,0.03159273396739266,4.0,True,24,447,enso_1989-04-01,3,1.0000000000000002,1.2349931921410746,0.4865049709622443,dual persistent load below admissibility threshold,True,2.0703036753975343e-16
4.0,0.16666666666666666,0.0035912971002266206,0.9964087028997735,enso-pacific-sst,,4,0.0035912971002266206,0.9964087028997735,-1.23400111685289,1.4744708618066096,0.7793596804807832,0.002809000114509958,4,,True,False,0.9963250737863021,1.1904788983755468,0.0,448,0.7631523000288611,-2.4431861772714063,0.031443699156669315,4.0,True,24,448,enso_1989-05-01,3,1.0000000000000009,1.2340011168528895,0.46022261024698646,dual persistent load below admissibility threshold,True,2.2217069542771786e-16
4.0,0.16666666666666666,0.004236055073332046,0.995763944926668,enso-pacific-sst,,4,0.004236055073332046,0.995763944926668,-1.2322538215448116,1.4728201938371435,0.7457979964464483,0.003172681038135511,4,,True,False,0.9954882533027518,1.1898321405519294,0.0,449,0.7913559310154547,-2.371194799318534,0.0368992663469751,4.0,True,24,449,enso_1989-06-01,3,1.0000000000000004,1.2322538215448118,0.4085402173132351,dual persistent load below admissibility threshold,True,2.2221805284156553e-16
4.0,0.16666666666666666,0.004365126108658069,0.995634873891342,enso-pacific-sst,,4,0.004365126108658069,0.995634873891342,-1.2284381183335378,1.4680662057165996,0.7221617680500172,0.0031661478229154816,4,,True,False,0.9928934667856223,1.1865744987156135,0.0,450,0.8059392153555605,-2.358103305136778,0.0383447570106698,4.0,True,24,450,enso_1989-07-01,3,1.0000000000000002,1.2284381183335373,0.33282539001629163,dual persistent load below admissibility threshold,True,2.2666697243467876e-16
4.0,0.16666666666666666,0.004179366130220076,0.9958206338697799,enso-pacific-sst,,4,0.004179366130220076,0.9958206338697799,-1.2230431264386281,1.4629547126166995,0.6484227482697857,0.0027213696724196802,4,,True,False,0.9889820833383742,1.18298036122928,0.0,451,0.8018990971132404,-2.377070701966671,0.03671159557341877,4.0,True,24,451,enso_1989-08-01,3,1.0000000000000002,1.2230431264386288,0.26528182469950573,dual persistent load below admissibility threshold,True,2.6926894787276525e-16
4.0,0.16666666666666666,0.004374003659263373,0.9956259963407367,enso-pacific-sst,,4,0.004374003659263373,0.9956259963407367,-1.2201822628581007,1.458890353830567,0.6284715684891957,0.0027610136240094267,4,,True,False,0.9870757891725626,1.1801805280716597,0.0,452,0.7852151009435805,-2.3572170857219326,0.03500694701377187,4.0,True,24,452,enso_1989-09-01,3,0.9999999999999999,1.2201822628581007,0.19725062581934713,dual persistent load below admissibility threshold,True,2.862426687728114e-16
4.0,0.16666666666666666,0.004330620066080456,0.9956693799339195,enso-pacific-sst,,4,0.004330620066080456,0.9956693799339195,-1.2064978670922561,1.4482809923792992,0.536037830981012,0.0023314729103938894,4,,True,False,0.9766972760827622,1.1724281814674253,0.0,453,0.7564925009559196,-2.361565067486646,0.032669335972076725,4.0,True,24,453,enso_1989-10-01,3,0.9999999999999999,1.2064978670922564,0.14959109668610165,dual persistent load below admissibility threshold,True,1.1105394574188853e-16
4.0,0.16666666666666666,0.004762868960767484,0.9952371310392325,enso-pacific-sst,,4,0.004762868960767484,0.9952371310392325,-1.2104291620492118,1.4700757608866133,0.49745890741920495,0.0023806704106087424,4,,True,False,0.9808810762707372,1.191287800846423,0.0,454,0.7450600308884863,-2.3200579375510597,0.03359132239506664,4.0,True,24,454,enso_1989-11-01,3,1.0000000000000007,1.2104291620492127,0.14192524489289932,dual persistent load below admissibility threshold,True,2.3210467312887465e-16
4.0,0.16666666666666666,0.005541308468345797,0.9944586915316542,enso-pacific-sst,,4,0.005541308468345797,0.9944586915316542,-1.2137817349354818,1.513022832058407,0.45814049729793643,0.002552843912962474,4,,True,False,0.9843730109364093,1.2270565604515664,0.0,455,0.7448010749765295,-2.2539744211006267,0.03687853919028323,4.0,True,24,455,enso_1989-12-01,3,1.0000000000000007,1.2137817349354831,0.18617681237003803,dual persistent load below admissibility threshold,True,2.4710791758069e-16
4.0,0.16666666666666666,0.006213846851371367,0.9937861531486287,enso-pacific-sst,,4,0.006213846851371367,0.9937861531486287,-1.2160981953694232,1.57568937122748,0.4144498162264269,0.002591430437474473,4,,True,False,0.986312184820188,1.2779573493744203,0.0,456,0.7624578724245252,-2.203932395961069,0.04373287293181415,4.0,True,24,456,enso_1990-01-01,3,1.0000000000000004,1.2160981953694234,0.34239069126653643,dual persistent load below admissibility threshold,True,1.1360961201605477e-16
4.0,0.16666666666666666,0.012141593669358484,0.9878584063306415,enso-pacific-sst,,4,0.012141593669358484,0.9878584063306415,-1.217598903551779,1.6008836611099462,0.4402182633845938,0.005410645134559281,4,,True,False,0.9868897708573234,1.2975502071112386,0.0,457,0.7885568241970929,-1.9104190052166437,0.066962781218238,4.0,True,24,457,enso_1990-02-01,3,1.000000000000001,1.2175989035517791,0.35970101811092314,dual persistent load below admissibility threshold,True,2.280666123823173e-16
4.0,0.16666666666666666,0.006878913780666724,0.9931210862193333,enso-pacific-sst,,4,0.006878913780666724,0.9931210862193333,-1.2170768453956249,1.5951077269671525,0.34594595736966843,0.0023962157752338625,4,,True,False,0.9862043756428017,1.292524975647938,0.0,458,0.7931385270517654,-2.1594823369501257,0.055838566534396256,4.0,True,24,458,enso_1990-03-01,3,1.0000000000000009,1.2170768453956249,0.471011272534515,dual persistent load below admissibility threshold,True,4.465228016417453e-16
4.0,0.16666666666666666,0.006028015917592533,0.9939719840824075,enso-pacific-sst,,4,0.006028015917592533,0.9939719840824075,-1.2201574426708834,1.590474913222657,0.2305984922213398,0.0013984814501248849,4,,True,False,0.987863081089077,1.2876792725468076,0.0,459,0.8128963147140918,-2.2171997531796768,0.057665637329956124,4.0,True,24,459,enso_1990-04-01,3,1.000000000000001,1.2201574426708839,0.5367633291983454,dual persistent load below admissibility threshold,True,4.592180394470875e-16
4.0,0.16666666666666666,0.00620666014710673,0.9937933398528933,enso-pacific-sst,,4,0.00620666014710673,0.9937933398528933,-1.2217047077010814,1.5860723745669498,0.223270111218632,0.001394416369852004,4,,True,False,0.988408209131324,1.28319629564852,0.0,460,0.8212710638233939,-2.204438116152369,0.05893824615751468,4.0,True,24,460,enso_1990-05-01,3,1.0000000000000002,1.221704707701082,0.5480074557420125,dual persistent load below admissibility threshold,True,2.3056218766644043e-16
4.0,0.16666666666666666,0.004804999288754909,0.995195000711245,enso-pacific-sst,,4,0.004804999288754909,0.995195000711245,-1.2230495912682304,1.585844140789952,0.20845268484720259,0.001006450998763083,4,,True,False,0.9887197598342843,1.2820047929459433,0.0,461,0.8091392617989709,-2.316214857986417,0.04967972409776131,4.0,True,24,461,enso_1990-06-01,3,1.0000000000000007,1.22304959126823,0.5237586954443217,dual persistent load below admissibility threshold,True,2.2227295185795693e-16
4.0,0.16666666666666666,0.004725967655302165,0.9952740323446978,enso-pacific-sst,,4,0.004725967655302165,0.9952740323446978,-1.224363371386865,1.590823931160043,0.20836411465201518,0.0009893979289816862,4,,True,False,0.9888071708625756,1.284764104735548,0.0,462,0.7985659825136585,-2.3234519280781316,0.04461984841709632,4.0,True,24,462,enso_1990-07-01,3,1.0000000000000004,1.224363371386865,0.45172089735121423,dual persistent load below admissibility threshold,True,2.296227704789055e-16
4.0,0.16666666666666666,0.0049106557197398865,0.9950893442802601,enso-pacific-sst,,4,0.0049106557197398865,0.9950893442802601,-1.2246385869708758,1.596310236016988,0.19654216160164764,0.0009699138028025591,4,,True,False,0.9883408975437648,1.2882973868443437,0.0,463,0.7870337207066213,-2.30672258837967,0.04106877651410523,4.0,True,24,463,enso_1990-08-01,3,1.0000000000000007,1.2246385869708758,0.37626835795976893,dual persistent load below admissibility threshold,True,2.2219477133163497e-16
4.0,0.16666666666666666,0.004373367908374793,0.9956266320916252,enso-pacific-sst,,4,0.004373367908374793,0.9956266320916252,-1.2262455179015601,1.6113783510052757,0.19895012462128378,0.0008739039940685483,4,,True,False,0.9886085370013666,1.2991055795001765,0.0,464,0.7820698727281873,-2.3572804912819105,0.03777535474344934,4.0,True,24,464,enso_1990-09-01,3,1.0000000000000004,1.2262455179015597,0.38407451425381983,dual persistent load below admissibility threshold,True,2.2232467637552895e-16
4.0,0.16666666666666666,0.006405524028617243,0.9935944759713827,enso-pacific-sst,,4,0.006405524028617243,0.9935944759713827,-1.2268165054007956,1.6295020575787134,0.24595633221075314,0.0015856360256293544,4,,True,False,0.9881448595555916,1.3124897445894936,0.0,465,0.8021803164669935,-2.1906545036473273,0.04887970158501855,4.0,True,24,465,enso_1990-10-01,3,1.0000000000000004,1.226816505400795,0.4662972915379755,dual persistent load below admissibility threshold,True,2.522121416446643e-16
4.0,0.16666666666666666,0.007126020217427847,0.9928739797825721,enso-pacific-sst,,4,0.007126020217427847,0.9928739797825721,-1.2270640104304071,1.6461372722766767,0.27016396552595595,0.0019390113141851467,4,,True,False,0.9876338608985251,1.324935696889455,0.0,466,0.8231458364513018,-2.144047079137299,0.05576725106971324,4.0,True,24,466,enso_1990-11-01,3,1.0000000000000007,1.227064010430407,0.44736747954883327,dual persistent load below admissibility threshold,True,2.444936810160039e-16
4.0,0.16666666666666666,0.008703854425001958,0.9912961455749981,enso-pacific-sst,,4,0.008703854425001958,0.9912961455749981,-1.2312279379706226,1.6498626583595353,0.31554972059674324,0.0027706138515559316,4,,True,False,0.9905574008190355,1.327360772260189,0.0,467,0.8242423364241847,-2.0564917988399936,0.05967042818986497,4.0,True,24,467,enso_1990-12-01,3,1.0000000000000004,1.231227937970623,0.3779105737005371,dual persistent load below admissibility threshold,True,3.4429860869565103e-16
4.0,0.16666666666666666,0.007783135684677174,0.9922168643153229,enso-pacific-sst,,4,0.007783135684677174,0.9922168643153229,-1.2351396700451545,1.6523923290491305,0.3361211957820691,0.002636597872253465,4,,True,False,0.9934409500810512,1.3290433827756474,0.0,468,0.820392815871004,-2.1054520026519477,0.05599287565045454,4.0,True,24,468,enso_1991-01-01,3,1.0000000000000007,1.235139670045155,0.4137339984583547,dual persistent load below admissibility threshold,True,2.244127341657701e-16
4.0,0.16666666666666666,0.006970874640771068,0.9930291253592289,enso-pacific-sst,,4,0.006970874640771068,0.9930291253592289,-1.2355058908596728,1.6518976479456928,0.40367856835696664,0.0028337463860029135,4,,True,False,0.9936704475776927,1.3285585178753043,0.0,469,0.8065156179036584,-2.153674713693354,0.05054936093927014,4.0,True,24,469,enso_1991-02-01,3,1.0000000000000002,1.2355058908596737,0.4080555590578159,dual persistent load below admissibility threshold,True,2.248575310662085e-16
4.0,0.16666666666666666,0.005244838361212696,0.9947551616387873,enso-pacific-sst,,4,0.005244838361212696,0.9947551616387873,-1.2358939088742344,1.6534189212561776,0.37464250626149814,0.0019752995152536603,4,,True,False,0.9936182692062794,1.3292947194051234,0.0,470,0.8049154375553421,-2.2779840929443487,0.045990779495160956,4.0,True,24,470,enso_1991-03-01,3,1.0000000000000002,1.2358939088742342,0.4411871436815631,dual persistent load below admissibility threshold,True,2.2250490225642443e-16
4.0,0.16666666666666666,0.004880826537954138,0.9951191734620459,enso-pacific-sst,,4,0.004880826537954138,0.9951191734620459,-1.2339117599640268,1.6481247269514117,0.35223332168523147,0.0017276219671779694,4,,True,False,0.9920272136735558,1.3250417361382187,0.0,471,0.7890637466041686,-2.309381720760207,0.040812325396932386,4.0,True,24,471,enso_1991-04-01,3,1.0000000000000009,1.2339117599640268,0.3960845741781196,dual persistent load below admissibility threshold,True,1.1156210732000284e-16
4.0,0.16666666666666666,0.003603090817476789,0.9963969091825232,enso-pacific-sst,,4,0.003603090817476789,0.9963969091825232,-1.2356150949042033,1.6485339114668542,0.30307278531602133,0.001095947568419479,4,,True,False,0.9929566378099145,1.3247836618349704,0.0,472,0.7975682152790327,-2.4417571628450636,0.04102476994255638,4.0,True,24,472,enso_1991-05-01,3,1.0000000000000002,1.235615094904203,0.5536139841885547,dual persistent load below admissibility threshold,True,2.2766173299473685e-16
4.0,0.16666666666666666,0.007592563964908171,0.9924074360350919,enso-pacific-sst,,4,0.007592563964908171,0.9924074360350919,-1.2362588736045828,1.653819106984726,0.37312196919905394,0.002854626351022363,4,,True,False,0.9933343153948246,1.3288440677749187,0.0,473,0.7866368682295078,-2.1163015503516363,0.04818385999864825,4.0,True,24,473,enso_1991-06-01,3,1.0000000000000007,1.2362588736045828,0.3582209417393573,dual persistent load below admissibility threshold,True,2.2791607621636295e-16
4.0,0.16666666666666666,0.0076436095626475605,0.9923563904373525,enso-pacific-sst,,4,0.0076436095626475605,0.9923563904373525,-1.2342188527161957,1.6450539879574642,0.3762653982600866,0.0028981783399073644,4,,True,False,0.9917173928844516,1.3218309285269747,0.0,474,0.7883933316572578,-2.113369175660234,0.04824082555794432,4.0,True,24,474,enso_1991-07-01,3,1.0000000000000004,1.234218852716195,0.38071236745009784,dual persistent load below admissibility threshold,True,2.25596416953539e-16
4.0,0.16666666666666666,0.006378938979241811,0.9936210610207582,enso-pacific-sst,,4,0.006378938979241811,0.9936210610207582,-1.236024396044544,1.6259640624017975,0.41921603195540214,0.002691321261061241,4,,True,False,0.9934874472061028,1.3069118140174727,0.0,475,0.780677012360949,-2.1924723406148536,0.041707607057635016,4.0,True,24,475,enso_1991-08-01,3,1.0000000000000002,1.2360243960445447,0.36407729166165914,dual persistent load below admissibility threshold,True,1.1660470369713678e-16
4.0,0.16666666666666666,0.005120393087762736,0.9948796069122372,enso-pacific-sst,,4,0.005120393087762736,0.9948796069122372,-1.234781716516728,1.6181502481526093,0.437492778952316,0.0022516644081650794,4,,True,False,0.9928361496687423,1.3010866944915538,0.0,476,0.7890801318207218,-2.2884672261339865,0.0392065896982432,4.0,True,24,476,enso_1991-09-01,3,0.9999999999999997,1.2347817165167283,0.39199489339381416,dual persistent load below admissibility threshold,True,2.242173738529695e-16
4.0,0.16666666666666666,0.005655525917341247,0.9943444740826587,enso-pacific-sst,,4,0.005655525917341247,0.9943444740826587,-1.2360743597515584,1.6115071620669685,0.48418480178232337,0.0027538944165088515,4,,True,False,0.9940068818964293,1.2959165414950526,0.0,477,0.8009671687273331,-2.245063867604667,0.04319064292378772,4.0,True,24,477,enso_1991-10-01,3,1.0000000000000002,1.2360743597515578,0.4305502570789751,dual persistent load below admissibility threshold,True,3.3840048243777943e-16
4.0,0.16666666666666666,0.005083598564156024,0.9949164014358439,enso-pacific-sst,,4,0.005083598564156024,0.9949164014358439,-1.237515560887904,1.5999472486602049,0.535793743992232,0.002737677561362757,4,,True,False,0.9953724320405433,1.2868875627655552,0.0,478,0.79746733082524,-2.2916153420114163,0.04023256372625468,4.0,True,24,478,enso_1991-11-01,3,1.0000000000000002,1.2375155608879052,0.44579687197763956,dual persistent load below admissibility threshold,True,6.220746650695589e-17
4.0,0.16666666666666666,0.004802416727442129,0.9951975832725579,enso-pacific-sst,,4,0.004802416727442129,0.9951975832725579,-1.2371359981401449,1.592484701238071,0.5502772707639944,0.002655413170476374,4,,True,False,0.9953433636269244,1.2812407701640254,0.0,479,0.8016978217670966,-2.3164494696572064,0.04070158156895958,4.0,True,24,479,enso_1991-12-01,3,1.0000000000000004,1.237135998140144,0.48616856552510296,dual persistent load below admissibility threshold,True,2.3824340300933567e-16
4.0,0.16666666666666666,0.0059613332780842285,0.9940386667219158,enso-pacific-sst,,4,0.0059613332780842285,0.9940386667219158,-1.2382418512323312,1.5858479033751993,0.6377884597661474,0.0038248708997611408,4,,True,False,0.9964986978611835,1.2762412844845472,0.0,480,0.7955572049511052,-2.222059875726014,0.04287778551904007,4.0,True,24,480,enso_1992-01-01,3,1.000000000000001,1.2382418512323299,0.43578069159439337,dual persistent load below admissibility threshold,True,2.434850258854206e-16
4.0,0.16666666666666666,0.005538237197621653,0.9944617628023784,enso-pacific-sst,,4,0.005538237197621653,0.9944617628023784,-1.2378180128845773,1.58907625500777,0.6864826382317708,0.003823076788656945,4,,True,False,0.9962803301399966,1.2789969118864293,0.0,481,0.7956604522618943,-2.254216536853889,0.04344639075669015,4.0,True,24,481,enso_1992-02-01,3,1.0000000000000002,1.2378180128845773,0.5264395411788194,dual persistent load below admissibility threshold,True,2.2941753999047745e-16
4.0,0.16666666666666666,0.003696923667022184,0.9963030763329778,enso-pacific-sst,,4,0.003696923667022184,0.9963030763329778,-1.239113316071358,1.5901827588421646,0.728938188880883,0.002704828386346742,4,,True,False,0.997003698590374,1.279477890712121,0.0,482,0.8162386122003353,-2.4305509878294167,0.04726962107585935,4.0,True,24,482,enso_1992-03-01,3,1.0000000000000002,1.239113316071356,0.7497733449144639,dual persistent load below admissibility threshold,True,2.4420750474417826e-16
4.0,0.16666666666666666,0.0026842854626363518,0.9973157145373637,enso-pacific-sst,,4,0.0026842854626363518,0.9973157145373637,-1.2387935070630607,1.582490084007437,0.7245051313309041,0.0019500129831395803,4,,True,False,0.9970769373807186,1.2737105557957773,0.0,483,0.7738534931659226,-2.57000396282836,0.033048814760707944,4.0,True,24,483,enso_1992-04-01,3,1.0000000000000007,1.2387935070630598,0.7702919010467831,dual persistent load below admissibility threshold,True,2.2914020490986783e-16
4.0,0.16666666666666666,0.0023618266634991723,0.9976381733365008,enso-pacific-sst,,4,0.0023618266634991723,0.9976381733365008,-1.2384583212113518,1.5263036120081137,0.7552722723036698,0.0017880452438609083,4,,True,False,0.9967254251241823,1.2283866081656698,0.0,484,0.718504811538182,-2.6257250373064576,0.019237224583712544,4.0,True,24,484,enso_1992-05-01,3,1.0000000000000002,1.2384583212113518,0.5186061711383874,dual persistent load below admissibility threshold,True,2.3043741150394944e-16
4.0,0.16666666666666666,0.002030032185300503,0.9979699678146995,enso-pacific-sst,,4,0.002030032185300503,0.9979699678146995,-1.2397594510434062,1.514485952053059,0.7804721346458051,0.0015876064452426052,4,,True,False,0.997569633520617,1.218627690145995,0.0,485,0.7034727791500308,-2.6916145486176055,0.013979621629180452,4.0,True,24,485,enso_1992-06-01,2,1.0000000000000009,1.239759451043406,0.2695583079167551,numerical successor admissibility boundary: reduced closure requires Y positive definite,True,1.7002704339352689e-16
4.0,0.16666666666666666,0.001864788702952812,0.9981352112970472,enso-pacific-sst,,4,0.001864788702952812,0.9981352112970472,-1.2402475095144139,1.5290346940600514,0.7495437387203913,0.0014003520570309079,4,,True,False,0.9979960265057902,1.2303758220477148,0.0,486,0.7064468110700679,-2.728559746972591,0.01364715506966497,4.0,True,24,486,enso_1992-07-01,2,1.0000000000000009,1.2402475095144145,0.3295999563917993,numerical successor admissibility boundary: reduced closure requires Y positive definite,True,2.3972813846843803e-16
4.0,0.16666666666666666,0.0021494612546357015,0.9978505387453643,enso-pacific-sst,,4,0.0021494612546357015,0.9978505387453643,-1.2379494738855001,1.5300751752752775,0.7273562893162349,0.0015667919207285248,4,,True,False,0.9963427302491553,1.2314551682270243,0.0,487,0.7183530214383043,-2.6667358750401458,0.014599422305327864,4.0,True,24,487,enso_1992-08-01,2,1.0000000000000002,1.2379494738855006,0.28330008816251856,numerical successor admissibility boundary: reduced closure requires Y positive definite,True,6.553822744420763e-17
4.0,0.16666666666666666,0.0021448920806017764,0.9978551079193981,enso-pacific-sst,,4,0.0021448920806017764,0.9978551079193981,-1.2372782180428705,1.5316331921800048,0.7464938403194927,0.0016045903995599129,4,,True,False,0.9959752510257263,1.2329229843501202,0.0,488,0.7344141984701025,-2.6676620390599144,0.015122077268208927,4.0,True,24,488,enso_1992-09-01,2,1.0000000000000004,1.237278218042869,0.27358942082918103,numerical successor admissibility boundary: reduced closure requires Y positive definite,True,2.3018911495898945e-16
4.0,0.16666666666666666,0.0014866977501926221,0.9985133022498075,enso-pacific-sst,,4,0.0014866977501926221,0.9985133022498075,-1.228122461705367,1.5254983741054051,0.5922198423740226,0.0008817628220806795,4,,True,False,0.9885474859093538,1.2279130375863843,0.0,489,0.747496098993379,-2.827131170726517,0.013504571381309517,4.0,True,24,489,enso_1992-10-01,2,1.0000000000000007,1.2281224617053672,0.3554962108380244,numerical successor admissibility boundary: reduced closure requires Y positive definite,True,4.800194623511935e-16
4.0,0.16666666666666666,0.0012388293640058542,0.9987611706359941,enso-pacific-sst,,4,0.0012388293640058542,0.9987611706359941,-1.2264428220182437,1.527354238321203,0.5954924013907172,0.00073862850756945,4,,True,False,0.9869548075145035,1.229107122831969,0.0,490,0.7545777523932132,-2.9064501588116483,0.0125988364114087,4.0,True,24,490,enso_1992-11-01,2,1.000000000000001,1.2264428220182428,0.3898793794361915,dual persistent load below admissibility threshold,True,3.5785430701390564e-16
4.0,0.16666666666666666,0.0011059916747075524,0.9988940083252925,enso-pacific-sst,,4,0.0011059916747075524,0.9988940083252925,-1.2270023060805846,1.5314436272814202,0.6238736835943157,0.0006907630783382844,4,,True,False,0.9871635559485343,1.232096573372341,0.0,491,0.7566443334475993,-2.9557675502515237,0.011922410591729774,4.0,True,24,491,enso_1992-12-01,2,1.0000000000000004,1.2270023060805848,0.4148729535099657,dual persistent load below admissibility threshold,True,2.249918027118247e-16
4.0,0.16666666666666666,0.00103344460283195,0.998966555397168,enso-pacific-sst,,4,0.00103344460283195,0.998966555397168,-1.227792846721151,1.5350252248949843,0.6230159464123886,0.0006445185415062672,4,,True,False,0.9875072265016493,1.2346125867195143,0.0,492,0.7526786473995009,-2.9852637471405545,0.011296778910128718,4.0,True,24,492,enso_1993-01-01,2,1.0,1.22779284672115,0.43235096161603237,dual persistent load below admissibility threshold,True,1.2700449878857165e-16
4.0,0.16666666666666666,0.0008580610078717517,0.9991419389921283,enso-pacific-sst,,4,0.0008580610078717517,0.9991419389921283,-1.2301710501989727,1.538862177650492,0.6707116818217961,0.000576005789803907,4,,True,False,0.9889208911743728,1.2370742718018901,0.0,493,0.7473207543498946,-3.0661090217193627,0.010158891622035418,4.0,True,24,493,enso_1993-02-01,2,1.0000000000000004,1.2301710501989722,0.46698355666499697,dual persistent load below admissibility threshold,True,2.26340825592517e-16
4.0,0.16666666666666666,0.0007659812415819107,0.999234018758418,enso-pacific-sst,,4,0.0007659812415819107,0.999234018758418,-1.2327405918961687,1.543190142561318,0.6650125289926958,0.0005097776027064032,4,,True,False,0.9905897616102749,1.2400568014782292,0.0,494,0.7447256632330979,-3.115449076949029,0.009430727440984905,4.0,True,24,494,enso_1993-03-01,2,1.0000000000000009,1.2327405918961691,0.49304020659507275,dual persistent load below admissibility threshold,True,2.5164635176616976e-16
4.0,0.16666666666666666,0.000703611078685379,0.9992963889213147,enso-pacific-sst,,4,0.000703611078685379,0.9992963889213147,-1.2337033812322715,1.5471255642821815,0.740496930709575,0.0005213886990447257,4,,True,False,0.9912550358508306,1.2430832483870267,0.0,495,0.7432314287837594,-3.152361649028984,0.008994733759492583,4.0,True,24,495,enso_1993-04-01,2,1.0000000000000013,1.2337033812322715,0.5205595019035366,dual persistent load below admissibility threshold,True,1.126247709421746e-16
4.0,0.16666666666666666,0.0005986685699240662,0.9994013314300759,enso-pacific-sst,,4,0.0005986685699240662,0.9994013314300759,-1.2379974703711367,1.5606905040480328,0.8050041574975741,0.0004822193773370205,4,,True,False,0.994371092033971,1.253561140453743,0.0,496,0.7381987808009801,-3.2225534653847894,0.007239568152008711,4.0,True,24,496,enso_1993-05-01,2,1.0000000000000007,1.2379974703711356,0.43735329209870727,dual persistent load below admissibility threshold,True,2.2292615395332743e-16
4.0,0.16666666666666666,0.0005742097316344414,0.9994257902683655,enso-pacific-sst,,4,0.0005742097316344414,0.9994257902683655,-1.2389885718951728,1.5696387818453323,0.8156992861989114,0.00046865157251636705,4,,True,False,0.995267564768299,1.260875687968216,0.0,497,0.7427908967794916,-3.240680003666365,0.007421606235321472,4.0,True,24,497,enso_1993-06-01,2,1.0000000000000007,1.2389885718951736,0.5151151475381873,dual persistent load below admissibility threshold,True,2.26290489563937e-16
4.0,0.16666666666666666,0.000596752636444208,0.9994032473635558,enso-pacific-sst,,4,0.000596752636444208,0.9994032473635558,-1.2389405793040515,1.5746953465789397,0.8207340604120903,0.0004900676635407287,4,,True,False,0.9954461497449573,1.2652135590343083,0.0,498,0.7417807606675518,-3.223946409873498,0.008199831196023572,4.0,True,24,498,enso_1993-07-01,2,1.0000000000000007,1.238940579304052,0.6265865967662286,dual persistent load below admissibility threshold,True,2.2930161835702564e-16
4.0,0.16666666666666666,0.0005015931955394302,0.9994984068044607,enso-pacific-sst,,4,0.0005015931955394302,0.9994984068044607,-1.230809728846737,1.562813754800904,0.7920471032149279,0.00039748481319695436,4,,True,False,0.9890443616986656,1.2558335349032879,0.0,499,0.7499764526530891,-3.299430469835512,0.008617625312958722,4.0,True,24,499,enso_1993-08-01,2,1.0000000000000004,1.2308097288467366,0.7150412992955983,dual persistent load below admissibility threshold,True,2.230255801179547e-16
4.0,0.16666666666666666,0.00048646947098924474,0.9995135305290107,enso-pacific-sst,,4,0.00048646947098924474,0.9995135305290107,-1.230418450045018,1.5564388485116325,0.7958211713673466,0.0003873311290065397,4,,True,False,0.988705625536016,1.2506800798297093,0.0,500,0.7573338202065603,-3.312733086831394,0.008581211673491195,4.0,True,24,500,enso_1993-09-01,2,0.9999999999999998,1.2304184500450184,0.705096585340388,dual persistent load below admissibility threshold,True,4.178403842521493e-17
4.0,0.16666666666666666,0.0004888677695782477,0.9995111322304218,enso-pacific-sst,,4,0.0004888677695782477,0.9995111322304218,-1.230127674925728,1.5489598420537964,0.7876122572877227,0.0003852265723679537,4,,True,False,0.9884941350044297,1.2446982133948103,0.0,501,0.7647135742765108,-3.3105962297795966,0.008662124654033135,4.0,True,24,501,enso_1993-10-01,2,1.0000000000000004,1.2301276749257266,0.6796785382319559,dual persistent load below admissibility threshold,True,1.1113987211755692e-16
4.0,0.16666666666666666,0.0004888566209125202,0.9995111433790875,enso-pacific-sst,,4,0.0004888566209125202,0.9995111433790875,-1.2305546467518973,1.539165274468333,0.7929630569494884,0.00038783483615626466,4,,True,False,0.9887372113985171,1.2367024783305556,0.0,502,0.7705370573107305,-3.310606138854559,0.008422201296552507,4.0,True,24,502,enso_1993-11-01,2,1.0,1.2305546467518966,0.632885854103241,dual persistent load below admissibility threshold,True,2.259700128096585e-16
4.0,0.16666666666666666,0.000503042382369675,0.9994969576176304,enso-pacific-sst,,4,0.000503042382369675,0.9994969576176304,-1.2309554595499441,1.5283303877400733,0.7841576274327726,0.00039466305329969914,4,,True,False,0.9889712434152333,1.2278874854376973,0.0,503,0.7746062823238706,-3.298176899688153,0.008292642682038068,4.0,True,24,503,enso_1993-12-01,2,1.0,1.230955459549945,0.5763278527023484,dual persistent load below admissibility threshold,True,3.465719802855226e-16
4.0,0.16666666666666666,0.0005675365526989636,0.9994324634473011,enso-pacific-sst,,4,0.0005675365526989636,0.9994324634473011,-1.2299895885093415,1.5133951132784995,0.7700169529269376,0.0004372609285439301,4,,True,False,0.9883260780999886,1.2160492014692104,0.0,504,0.7736683640405555,-3.2457596141475262,0.00840234064407957,4.0,True,24,504,enso_1994-01-01,2,1.0000000000000007,1.2299895885093406,0.4942226798411215,dual persistent load below admissibility threshold,True,2.226104196052924e-16
4.0,0.16666666666666666,0.0006099752355304006,0.9993900247644695,enso-pacific-sst,,4,0.0006099752355304006,0.9993900247644695,-1.2284690719002047,1.504071700524252,0.7797480268936303,0.0004759172841162792,4,,True,False,0.9872250479032709,1.208705445309438,0.0,505,0.7707612685278712,-3.214422806907833,0.008628703864914876,4.0,True,24,505,enso_1994-02-01,2,1.0000000000000002,1.228469071900205,0.4628225037766025,dual persistent load below admissibility threshold,True,3.3601091919864545e-16
4.0,0.16666666666666666,0.0006489437913136493,0.9993510562086863,enso-pacific-sst,,4,0.0006489437913136493,0.9993510562086863,-1.2267637005343675,1.4913065770227267,0.7607917992198703,0.0004940317133991977,4,,True,False,0.9859887602079511,1.198610231398356,0.0,506,0.7613885925640983,-3.187510994074158,0.008708645192367363,4.0,True,24,506,enso_1994-03-01,2,1.0000000000000004,1.2267637005343672,0.4253442297419984,dual persistent load below admissibility threshold,True,2.2234085425263577e-16
4.0,0.16666666666666666,0.000782796733955283,0.9992172032660448,enso-pacific-sst,,4,0.000782796733955283,0.9992172032660448,-1.2219074857831265,1.4637353370038841,0.7171547518483421,0.0005618261931964784,4,,True,False,0.982587820544819,1.1770518892592774,0.0,507,0.7384054616169117,-3.106010897574121,0.0082737789363644,4.0,True,24,507,enso_1994-04-01,2,1.0000000000000004,1.2219074857831258,0.2835602285339474,dual persistent load below admissibility threshold,True,1.3104077663636417e-16
4.0,0.16666666666666666,0.0010537991072267347,0.9989462008927733,enso-pacific-sst,,4,0.0010537991072267347,0.9989462008927733,-1.2242981950225333,1.4648690687330432,0.7151315128011883,0.0007543999357183483,4,,True,False,0.9853143674524474,1.1789256455064765,0.0,508,0.733879174300759,-2.9767842732479184,0.010159453275213046,4.0,True,24,508,enso_1994-05-01,2,1.0000000000000007,1.224298195022533,0.32428464247701044,dual persistent load below admissibility threshold,True,3.49715942421917e-17
4.0,0.16666666666666666,0.0016632141459855191,0.9983367858540145,enso-pacific-sst,,4,0.0016632141459855191,0.9983367858540145,-1.2284472943421498,1.5451013279568542,0.7334603685233032,0.0012219339983592415,4,,True,False,0.9895374944237152,1.244608298409698,0.0,509,0.776228190319612,-2.778328903812067,0.018581733752801904,4.0,True,24,509,enso_1994-06-01,2,1.0000000000000018,1.2284472943421505,0.486835557374415,numerical successor admissibility boundary: reduced closure requires Y positive definite,True,2.3112621734879973e-16
4.0,0.16666666666666666,0.0020513274683916748,0.9979486725316082,enso-pacific-sst,,4,0.0020513274683916748,0.9979486725316082,-1.2354451989973736,1.5557295141884708,0.8022050183756366,0.001648967762340974,4,,True,False,0.9956324141796218,1.2537462068564404,0.0,510,0.7790757571373101,-2.687073209300829,0.02309204973224133,4.0,True,24,510,enso_1994-07-01,2,1.0000000000000004,1.2354451989973732,0.5767743503641339,numerical successor admissibility boundary: reduced closure requires Y positive definite,True,2.2861014414671855e-16
4.0,0.16666666666666666,0.0026612534667841852,0.9973387465332159,enso-pacific-sst,,4,0.0026612534667841852,0.9973387465332159,-1.2354726950431258,1.5537937825472743,0.839339703341679,0.002239655987589028,4,,True,False,0.9960606699165033,1.2526969492450921,0.0,511,0.7962477927589448,-2.5737564514779345,0.029598166286621822,4.0,True,24,511,enso_1994-08-01,3,1.0000000000000004,1.2354726950431252,0.6310364206374833,dual persistent load below admissibility threshold,True,2.5426165242753934e-16
4.0,0.16666666666666666,0.0027108565210446234,0.9972891434789554,enso-pacific-sst,,4,0.0027108565210446234,0.9972891434789554,-1.2356969326313898,1.5504515951683446,0.8600978210010886,0.002337939605622783,4,,True,False,0.9964208669934822,1.2502275290100733,0.0,512,0.804785008616523,-2.565714559270547,0.03259584768166092,4.0,True,24,512,enso_1994-09-01,3,1.0000000000000004,1.2356969326313907,0.6667641160570426,dual persistent load below admissibility threshold,True,1.0473234102196769e-16
4.0,0.16666666666666666,0.002592418902486733,0.9974075810975133,enso-pacific-sst,,4,0.002592418902486733,0.9974075810975133,-1.2345897155005516,1.5554723004124822,0.7868427144049452,0.0020451277539547024,4,,True,False,0.9959714435978817,1.2548346815688711,0.0,513,0.8036671355503887,-2.585167485453105,0.0316039503471445,4.0,True,24,513,enso_1994-10-01,3,1.0,1.234589715500551,0.6363741574290376,dual persistent load below admissibility threshold,True,2.268371651009995e-16
4.0,0.16666666666666666,0.002105084640066928,0.9978949153599331,enso-pacific-sst,,4,0.002105084640066928,0.9978949153599331,-1.2344768405660491,1.5450860310563383,0.7626495751004178,0.0016088286267280836,4,,True,False,0.9959169959027184,1.2465016660460813,0.0,514,0.7566090847517797,-2.675815247349485,0.019623186454341315,4.0,True,24,514,enso_1994-11-01,2,1.0000000000000002,1.2344768405660496,0.47434238439657833,numerical successor admissibility boundary: reduced closure requires Y positive definite,True,2.328084995153251e-16
4.0,0.16666666666666666,0.0020127500608368826,0.9979872499391631,enso-pacific-sst,,4,0.0020127500608368826,0.9979872499391631,-1.2257970264442615,1.5533894171605753,0.7106425284833249,0.0014332305272690424,4,,True,False,0.9892347123512633,1.253606184469083,0.0,515,0.7519156308306194,-2.695335144432874,0.0175776478605682,4.0,True,24,515,enso_1994-12-01,2,1.0,1.2257970264442615,0.3670187367950123,numerical successor admissibility boundary: reduced closure requires Y positive definite,True,2.452657577857335e-16
4.0,0.16666666666666666,0.0018604573703866199,0.9981395426296135,enso-pacific-sst,,4,0.0018604573703866199,0.9981395426296135,-1.2320618551001115,1.5559326294322242,0.7596512566362869,0.0014159330624344177,4,,True,False,0.9941077643724594,1.2554278028787347,0.0,516,0.7621044090821381,-2.7295715378251146,0.018685470995724342,4.0,True,24,516,enso_1995-01-01,2,1.0000000000000002,1.2320618551001103,0.4992845640738755,numerical successor admissibility boundary: reduced closure requires Y positive definite,True,1.979489364102542e-16
4.0,0.16666666666666666,0.0018532739920017521,0.9981467260079983,enso-pacific-sst,,4,0.0018532739920017521,0.9981467260079983,-1.235477093598621,1.5545575414330626,0.8066966405613221,0.0014978057478249986,4,,True,False,0.996803944521473,1.254243479960064,0.0,517,0.7728757738484234,-2.7312547554965656,0.02235227943894614,4.0,True,24,517,enso_1995-02-01,2,1.000000000000001,1.2354770935986215,0.6804072352350415,numerical successor admissibility boundary: reduced closure requires Y positive definite,True,2.2205581972578975e-16
4.0,0.16666666666666666,0.0022915789511544745,0.9977084210488455,enso-pacific-sst,,4,0.0022915789511544745,0.9977084210488455,-1.2353014760303558,1.5630647653539145,0.772417485530004,0.0017741211901202997,4,,True,False,0.9972140163725217,1.2618054157256162,0.0,518,0.7774848474456086,-2.6388688133791116,0.024850954015644473,4.0,True,24,518,enso_1995-03-01,2,1.0000000000000004,1.2353014760303545,0.6551618172314785,numerical successor admissibility boundary: reduced closure requires Y positive definite,True,2.675646639724126e-16
4.0,0.16666666666666666,0.002488526951232047,0.997511473048768,enso-pacific-sst,,4,0.002488526951232047,0.997511473048768,-1.2344063760964874,1.5664042234059756,0.7826954649962059,0.0019526179015235574,4,,True,False,0.99711538631642,1.2652930044708683,0.0,519,0.7710928247367239,-2.6029755509003327,0.02229854289966405,4.0,True,24,519,enso_1995-04-01,3,1.0000000000000004,1.2344063760964865,0.4711745596195091,dual persistent load below admissibility threshold,True,2.379856036892038e-16
4.0,0.16666666666666666,0.002828653169616794,0.9971713468303831,enso-pacific-sst,,4,0.002828653169616794,0.9971713468303831,-1.2335164928319071,1.57068398732531,0.7491884240279691,0.0021252056800498864,4,,True,False,0.9971650626555356,1.2697286219801858,0.0,520,0.7500575263856029,-2.5471900903386024,0.019902582839237334,4.0,True,24,520,enso_1995-05-01,3,1.0000000000000009,1.2335164928319073,0.1949109005775947,dual persistent load below admissibility threshold,True,4.641597941235252e-16
4.0,0.16666666666666666,0.0034100490888796776,0.9965899509111203,enso-pacific-sst,,4,0.0034100490888796776,0.9965899509111203,-1.2324020800045385,1.579911733122299,0.7359576511640816,0.0025182390365382328,4,,True,False,0.9969692088510255,1.2780920903830268,0.0,521,0.7607621968792935,-2.4657558727976636,0.024035934000429866,4.0,True,24,521,enso_1995-06-01,3,1.0,1.2324020800045403,0.2314700528418288,dual persistent load below admissibility threshold,True,2.518208321500297e-16
4.0,0.16666666666666666,0.004243112441683197,0.9957568875583168,enso-pacific-sst,,4,0.004243112441683197,0.9957568875583168,-1.23084449165892,1.5927163648107006,0.7198017132583074,0.003067214139548028,4,,True,False,0.9963895768404392,1.289331020705694,0.0,522,0.7666699633481816,-2.370468778425175,0.02878260564956895,4.0,True,24,522,enso_1995-07-01,3,1.0000000000000002,1.23084449165892,0.2625516369016011,dual persistent load below admissibility threshold,True,4.551504319742945e-16
4.0,0.16666666666666666,0.004696177193954316,0.9953038228060457,enso-pacific-sst,,4,0.004696177193954316,0.9953038228060457,-1.2292265524394335,1.600405398470452,0.700704710936493,0.0033061597954271637,4,,True,False,0.9957708148940415,1.2964550632534984,0.0,523,0.7683819109706665,-2.3262111969853483,0.03141070794832895,4.0,True,24,523,enso_1995-08-01,3,1.0000000000000007,1.2292265524394332,0.27510560563809283,dual persistent load below admissibility threshold,True,2.394028415916143e-16
4.0,0.16666666666666666,0.005120276197935816,0.9948797238020641,enso-pacific-sst,,4,0.005120276197935816,0.9948797238020641,-1.2281358102217157,1.6040195336373508,0.6572786622083575,0.0033827690011160785,4,,True,False,0.9952110653123106,1.2998057507701826,0.0,524,0.7706052803898574,-2.2884771914741346,0.03375534626997224,4.0,True,24,524,enso_1995-09-01,3,1.0000000000000007,1.228135810221716,0.27511911469162886,dual persistent load below admissibility threshold,True,4.55181791731728e-16
4.0,0.16666666666666666,0.005000224445001014,0.994999775554999,enso-pacific-sst,,4,0.005000224445001014,0.994999775554999,-1.2255878530173567,1.6048587405685244,0.6494174784908768,0.0032635516416571397,4,,True,False,0.9934472326411294,1.3008797946818014,0.0,525,0.7618844854032157,-2.298833483837102,0.03243748590315887,4.0,True,24,525,enso_1995-10-01,3,1.0000000000000004,1.2255878530173563,0.24430517864342421,dual persistent load below admissibility threshold,True,3.4111780291299423e-16
4.0,0.16666666666666666,0.006034267903447036,0.993965732096553,enso-pacific-sst,,4,0.006034267903447036,0.993965732096553,-1.2254474741608028,1.6140619818804038,0.6531630094759809,0.003965288195083292,4,,True,False,0.9933650736340619,1.3083814959744051,0.0,526,0.75877373935836,-2.216746824301619,0.037229927894755405,4.0,True,24,526,enso_1995-11-01,3,1.0000000000000007,1.2254474741608035,0.31405574767036054,dual persistent load below admissibility threshold,True,2.5874209913713207e-16
4.0,0.16666666666666666,0.007252586630478905,0.9927474133695211,enso-pacific-sst,,4,0.007252586630478905,0.9927474133695211,-1.2275627638913464,1.6143451114881764,0.6286836141722478,0.004592892727336306,4,,True,False,0.9946551664934974,1.308052633133926,0.0,527,0.7738726524363191,-2.136345839117905,0.0448994783054552,4.0,True,24,527,enso_1995-12-01,3,1.0000000000000009,1.2275627638913467,0.3839277922236837,dual persistent load below admissibility threshold,True,2.227042174990949e-16
4.0,0.16666666666666666,0.006630075238362627,0.9933699247616373,enso-pacific-sst,,4,0.006630075238362627,0.9933699247616373,-1.2263389436498435,1.601385461304962,0.6379394066026962,0.004257815903080807,4,,True,False,0.993402438376995,1.2972108814445718,0.0,528,0.7826760900361841,-2.1755925503472726,0.043924266729989496,4.0,True,24,528,enso_1996-01-01,3,1.0000000000000009,1.2263389436498429,0.3762178654038221,dual persistent load below admissibility threshold,True,7.87231992498631e-17
4.0,0.16666666666666666,0.005417205745387803,0.9945827942546123,enso-pacific-sst,,4,0.005417205745387803,0.9945827942546123,-1.2274630373311657,1.583631710091868,0.6559950013195058,0.0035730156510067005,4,,True,False,0.9935720089042824,1.281873336879951,0.0,529,0.7977599195143166,-2.2638656115031837,0.0424330945265133,4.0,True,24,529,enso_1996-02-01,3,1.0,1.227463037331166,0.42273811296295144,dual persistent load below admissibility threshold,True,1.7797615473499545e-16
4.0,0.16666666666666666,0.0045716297689644084,0.9954283702310356,enso-pacific-sst,,4,0.0045716297689644084,0.9954283702310356,-1.228125524133281,1.56785712908315,0.6671723145962096,0.0030640726200409675,4,,True,False,0.9931082279716413,1.2678279089389684,0.0,530,0.8014708083692685,-2.33793896216826,0.039594513271398145,4.0,True,24,530,enso_1996-03-01,3,1.0000000000000002,1.2281255241332802,0.42822857718267493,dual persistent load below admissibility threshold,True,2.438665968269817e-16
4.0,0.16666666666666666,0.004385318420962445,0.9956146815790374,enso-pacific-sst,,4,0.004385318420962445,0.9956146815790374,-1.227067461254658,1.560012080863325,0.6253383462307327,0.002754386631493364,4,,True,False,0.9919110593709154,1.2610498482115897,0.0,531,0.808269190956215,-2.3560901589314387,0.038674705116984724,4.0,True,24,531,enso_1996-04-01,3,1.0000000000000002,1.227067461254659,0.4092444768243471,dual persistent load below admissibility threshold,True,1.1153643249221043e-16
4.0,0.16666666666666666,0.004163672491572583,0.9958363275084273,enso-pacific-sst,,4,0.004163672491572583,0.9958363275084273,-1.226696915748974,1.5480483564017635,0.6080995237790929,0.0025425134526195227,4,,True,False,0.992092586959261,1.2519859460989617,0.0,532,0.7786027227341836,-2.3787114038199633,0.03090056669019095,4.0,True,24,532,enso_1996-05-01,3,1.0000000000000002,1.226696915748974,0.12739025082778746,dual persistent load below admissibility threshold,True,1.4505685282433497e-16
4.0,0.16666666666666666,0.004219642685343272,0.9957803573146567,enso-pacific-sst,,4,0.004219642685343272,0.9957803573146567,-1.2257427731353414,1.5398905466891235,0.6028321381769357,0.002554515364420224,4,,True,False,0.9916880389991755,1.245849512629262,0.0,533,0.7935105365937875,-2.3728878782208014,0.03324791942527988,4.0,True,24,533,enso_1996-06-01,3,1.0000000000000002,1.2257427731353425,0.1850208611206245,dual persistent load below admissibility threshold,True,2.234827030831298e-16
4.0,0.16666666666666666,0.004315413441908086,0.995684586558092,enso-pacific-sst,,4,0.004315413441908086,0.995684586558092,-1.2249377645880537,1.5304529596668293,0.6046672084462026,0.0026206983962963454,4,,True,False,0.9913716507653951,1.2386324602817183,0.0,534,0.7964409732495646,-2.3630993741930326,0.034561618550319376,4.0,True,24,534,enso_1996-07-01,3,1.0000000000000002,1.2249377645880541,0.20251896674608183,dual persistent load below admissibility threshold,True,1.7805691433278324e-16
4.0,0.16666666666666666,0.004439799475594537,0.9955602005244055,enso-pacific-sst,,4,0.004439799475594537,0.9955602005244055,-1.2231088184504049,1.521194616798403,0.6112374881845328,0.002725874214413099,4,,True,False,0.989972280832351,1.2312400022507668,0.0,535,0.7905212934803142,-2.350704170945192,0.03510495531753288,4.0,True,24,535,enso_1996-08-01,3,1.0000000000000009,1.2231088184504049,0.21182306100058826,dual persistent load below admissibility threshold,True,2.3824336175748387e-16
4.0,0.16666666666666666,0.004594533714038158,0.9954054662859618,enso-pacific-sst,,4,0.004594533714038158,0.9954054662859618,-1.219514473245222,1.5109237429550397,0.6167859625055869,0.002846924188241581,4,,True,False,0.9867917663795909,1.2225907456496914,0.0,536,0.797650655812039,-2.3357585786846577,0.03826455751314353,4.0,True,24,536,enso_1996-09-01,3,1.0000000000000007,1.2195144732452219,0.29012842793292465,dual persistent load below admissibility threshold,True,2.2211602360191944e-16
4.0,0.16666666666666666,0.004259351872687517,0.9957406481273124,enso-pacific-sst,,4,0.004259351872687517,0.9957406481273124,-1.2145847923728237,1.4936253146764153,0.6443886624738208,0.002756418613027783,4,,True,False,0.9825730673352091,1.208310869777987,0.0,537,0.7987882661615614,-2.36880271685975,0.03832302791595291,4.0,True,24,537,enso_1996-10-01,3,1.0000000000000004,1.2145847923728232,0.33517007998508497,dual persistent load below admissibility threshold,True,2.5089244406878197e-16
4.0,0.16666666666666666,0.004512212308345622,0.9954877876916544,enso-pacific-sst,,4,0.004512212308345622,0.9954877876916544,-1.208753392822732,1.499029465172434,0.6050756436803215,0.0027426049828550656,4,,True,False,0.9784713622982248,1.2134463585555835,0.0,538,0.7833973601131149,-2.343646410763699,0.037540223709449067,4.0,True,24,538,enso_1996-11-01,3,1.000000000000001,1.208753392822732,0.2780593533739826,dual persistent load below admissibility threshold,True,2.2204467992420043e-16
4.0,0.16666666666666666,0.004474104999406881,0.9955258950005932,enso-pacific-sst,,4,0.004474104999406881,0.9955258950005932,-1.2052490337755675,1.4864610582797166,0.5827545613511239,0.002619022879727979,4,,True,False,0.975781623142479,1.2034536793135178,0.0,539,0.757413624413827,-2.347346389097454,0.034275408434318956,4.0,True,24,539,enso_1996-12-01,3,0.9999999999999999,1.2052490337755672,0.1711497936991072,dual persistent load below admissibility threshold,True,1.404840565418449e-16
4.0,0.16666666666666666,0.0057336365280508846,0.9942663634719491,enso-pacific-sst,,4,0.0057336365280508846,0.9942663634719491,-1.20466455287193,1.492406842694376,0.5962805997542817,0.0034385717482996138,4,,True,False,0.9760868403072473,1.2092317949138949,0.0,540,0.7595490599382198,-2.2390725889751657,0.0406010458823039,4.0,True,24,540,enso_1997-01-01,3,1.0000000000000007,1.2046645528719302,0.24940429597522618,dual persistent load below admissibility threshold,True,2.225508079661816e-16
4.0,0.16666666666666666,0.006341750867301984,0.9936582491326981,enso-pacific-sst,,4,0.006341750867301984,0.9936582491326981,-1.2090713319676238,1.5972273013396765,0.5563626740210786,0.0035508319621834466,4,,True,False,0.9801460440713312,1.2948086514822212,0.0,541,0.7901921023158701,-2.1950278653367072,0.04935219130005113,4.0,True,24,541,enso_1997-02-01,3,1.0000000000000007,1.2090713319676247,0.349126942050369,dual persistent load below admissibility threshold,True,4.549345393808668e-17
4.0,0.16666666666666666,0.005745698837464161,0.9942543011625359,enso-pacific-sst,,4,0.005745698837464161,0.9942543011625359,-1.2140638671603317,1.603525381263491,0.5395583945619111,0.0031180554479407836,4,,True,False,0.9842916163013591,1.3000441179390247,0.0,542,0.7847361992774203,-2.238154619851699,0.046259574862906896,4.0,True,24,542,enso_1997-03-01,3,1.0000000000000009,1.2140638671603314,0.34582355331017195,dual persistent load below admissibility threshold,True,2.35549462499903e-16
4.0,0.16666666666666666,0.005462943124724889,0.9945370568752752,enso-pacific-sst,,4,0.005462943124724889,0.9945370568752752,-1.199682824748457,1.4832098328255374,0.6257666012153628,0.0034373051543524786,4,,True,False,0.9724198439950628,1.2022366616364342,0.0,543,0.7484479602601524,-2.260194290707101,0.038832399261872784,4.0,True,24,543,enso_1997-04-01,3,1.0,1.199682824748457,0.2187517701065588,dual persistent load below admissibility threshold,True,2.387344329598989e-16
4.0,0.16666666666666666,0.004409237118188563,0.9955907628818115,enso-pacific-sst,,4,0.004409237118188563,0.9955907628818115,-1.2065281140110409,1.456113985425683,0.6304125103674081,0.002791948603898793,4,,True,False,0.976276935877365,1.1782323871870881,0.0,544,0.7342140615834443,-2.3537174037901023,0.03187212988028944,4.0,True,24,544,enso_1997-05-01,3,1.0000000000000007,1.2065281140110404,0.14833559550534206,dual persistent load below admissibility threshold,True,5.742377351155337e-17
4.0,0.16666666666666666,0.003946290574226914,0.9960537094257731,enso-pacific-sst,,4,0.003946290574226914,0.9960537094257731,-1.2059004633135177,1.4204017396248947,0.685474452505853,0.002715798701614883,4,,True,False,0.9739991004512708,1.1472505888857796,0.0,545,0.713780399778358,-2.4020936970066447,0.02746328923950231,4.0,True,24,545,enso_1997-06-01,3,1.0000000000000004,1.2059004633135175,0.1181203020969943,dual persistent load below admissibility threshold,True,2.382797209057494e-16
4.0,0.16666666666666666,0.0035569221406350922,0.9964430778593648,enso-pacific-sst,,4,0.0035569221406350922,0.9964430778593648,-1.2117117673152094,1.4195127275228352,0.7058233810687423,0.0025195205499291577,4,,True,False,0.9776498708225506,1.1453106853691666,0.0,546,0.7095497204949623,-2.4473781357426794,0.024537939728402156,4.0,True,24,546,enso_1997-07-01,3,1.0000000000000004,1.2117117673152082,0.039003690778179,dual persistent load below admissibility threshold,True,1.572700698475858e-16
4.0,0.16666666666666666,0.003262463448591416,0.9967375365514086,enso-pacific-sst,,4,0.003262463448591416,0.9967375365514086,-1.2167459772456166,1.4221160716086847,0.7324596477235474,0.002397444403001039,4,,True,False,0.9807943397046033,1.1463390218837637,0.0,547,0.7236059700272804,-2.485035159142343,0.023588884179170558,4.0,True,24,547,enso_1997-08-01,3,1.0000000000000009,1.2167459772456166,0.03437426303645164,dual persistent load below admissibility threshold,True,4.0441916778773364e-16
4.0,0.16666666666666666,0.0029724998597535305,0.9970275001402464,enso-pacific-sst,,4,0.0029724998597535305,0.9970275001402464,-1.22066405162129,1.4248188700573319,0.7564031340687072,0.002255111528638971,4,,True,False,0.9830458033754196,1.1474592119917049,0.0,548,0.7485203763851268,-2.5255852944427573,0.0233175040668894,4.0,True,24,548,enso_1997-09-01,3,1.0,1.220664051621291,0.03615042171885517,dual persistent load below admissibility threshold,True,1.7231596671790542e-16
4.0,0.16666666666666666,0.0027508263474139544,0.997249173652586,enso-pacific-sst,,4,0.0027508263474139544,0.997249173652586,-1.225728797021154,1.4292149831464527,0.7864257287943084,0.0021692879494982116,4,,True,False,0.9862864726324605,1.1500222624994336,0.0,549,0.7683294701107555,-2.559340509751643,0.023011069532853336,4.0,True,24,549,enso_1997-10-01,3,1.0000000000000004,1.2257287970211528,0.042283945421863776,dual persistent load below admissibility threshold,True,2.9947171540955035e-16
4.0,0.16666666666666666,0.0025149317091626724,0.9974850682908374,enso-pacific-sst,,4,0.0025149317091626724,0.9974850682908374,-1.2289826556063304,1.4321486935581507,0.80615828114963,0.0020325447350718045,4,,True,False,0.9882517037480003,1.151621937032994,0.0,550,0.7818977522503947,-2.598380206644924,0.022213705372559407,4.0,True,24,550,enso_1997-11-01,3,1.0000000000000007,1.2289826556063301,0.061176908219231246,dual persistent load below admissibility threshold,True,1.0986549770697625e-16
4.0,0.16666666666666666,0.0023199964840439355,0.997680003515956,enso-pacific-sst,,4,0.0023199964840439355,0.997680003515956,-1.2335719619835421,1.4364798870844453,0.8516764516270446,0.0019804810824657947,4,,True,False,0.9912160203218553,1.1542592737424981,0.0,551,0.7839552483970071,-2.6335039410304817,0.020851212541175154,4.0,True,24,551,enso_1997-12-01,3,1.0000000000000004,1.233571961983542,0.06572629149922667,dual persistent load below admissibility threshold,True,2.2468400479321506e-16
4.0,0.16666666666666666,0.002026957195738361,0.9979730428042617,enso-pacific-sst,,4,0.002026957195738361,0.9979730428042617,-1.2349451580515818,1.4377785384658401,0.8630159237935209,0.001752849287245894,4,,True,False,0.9919126404229034,1.15482918179389,0.0,552,0.780241171940986,-2.692274232728324,0.0184967321045689,4.0,True,24,552,enso_1998-01-01,3,1.0000000000000007,1.234945158051582,0.07605206469164306,dual persistent load below admissibility threshold,True,3.114110315948436e-16
4.0,0.16666666666666666,0.0017715790368242796,0.9982284209631757,enso-pacific-sst,,4,0.0017715790368242796,0.9982284209631757,-1.2361858553157146,1.4390827800992778,0.8691900781422186,0.0015425717091551495,4,,True,False,0.9925668702011136,1.1554782679815214,0.0,553,0.76391687475032,-2.750869398062465,0.01588347733603953,4.0,True,24,553,enso_1998-02-01,2,1.000000000000001,1.2361858553157141,0.10671976488055293,numerical successor admissibility boundary: reduced closure requires Y positive definite,True,2.39913783455131e-16
4.0,0.16666666666666666,0.0015776519623787136,0.9984223480376213,enso-pacific-sst,,4,0.0015776519623787136,0.9984223480376213,-1.237990556874665,1.4412214328939217,0.8776323324906772,0.0013867862376301214,4,,True,False,0.9936760105455643,1.156799747621808,0.0,554,0.7564097665068923,-2.801303091427609,0.014383436282405938,4.0,True,24,554,enso_1998-03-01,2,1.0000000000000004,1.2379905568746652,0.17539177547307733,numerical successor admissibility boundary: reduced closure requires Y positive definite,True,1.185700746435173e-16
4.0,0.16666666666666666,0.0014394879928668054,0.9985605120071331,enso-pacific-sst,,4,0.0014394879928668054,0.9985605120071331,-1.241881903773874,1.4453575100641385,0.9171420812445613,0.0013221181869596975,4,,True,False,0.9962791239151215,1.1595140483929924,0.0,555,0.7389052520063448,-2.841166341250123,0.013028384623581371,4.0,True,24,555,enso_1998-04-01,2,1.0000000000000002,1.2418819037738744,0.24876351163906546,numerical successor admissibility boundary: reduced closure requires Y positive definite,True,2.5147898354825226e-16
4.0,0.16666666666666666,0.0011180385746587414,0.9988819614253412,enso-pacific-sst,,4,0.0011180385746587414,0.9988819614253412,-1.2435017176804246,1.4472192883573842,0.9240710190664105,0.0010343034361800117,4,,True,False,0.9971927886804851,1.1605586204426723,0.0,556,0.7378480603024995,-2.951057382504916,0.011053967710389925,4.0,True,24,556,enso_1998-05-01,2,0.9999999999999999,1.2435017176804237,0.33794191389565664,dual persistent load below admissibility threshold,True,2.2491350474446207e-16
4.0,0.16666666666666666,0.0008681897247452802,0.9991318102752547,enso-pacific-sst,,4,0.0008681897247452802,0.9991318102752547,-1.244504599052849,1.4481975232022692,0.9311910877054773,0.0008091530324688123,4,,True,False,0.997591926990541,1.1608716905777618,0.0,557,0.7664245666167466,-3.061008144679844,0.01006093447502297,4.0,True,24,557,enso_1998-06-01,2,1.0000000000000009,1.2445045990528503,0.3818909475368504,dual persistent load below admissibility threshold,True,1.1388379019831344e-16
4.0,0.16666666666666666,0.0006426582673156919,0.9993573417326843,enso-pacific-sst,,4,0.0006426582673156919,0.9993573417326843,-1.245462448405108,1.4496599038560707,0.9303186811418999,0.0005982614693533694,4,,True,False,0.9980514258668552,1.1616850720134693,0.0,558,0.7780880684583149,-3.1917407085529033,0.008004549259315838,4.0,True,24,558,enso_1998-07-01,2,1.0000000000000004,1.2454624484051093,0.379229900420601,dual persistent load below admissibility threshold,True,1.6530066772764285e-16
4.0,0.16666666666666666,0.00046284687439955823,0.9995371531256005,enso-pacific-sst,,4,0.00046284687439955823,0.9995371531256005,-1.2461884546999271,1.4512594801669652,0.936681871451537,0.00043374103218912026,4,,True,False,0.9984058444166979,1.1627021108237856,0.0,559,0.7817836677800553,-3.3343616063344785,0.005346761208413301,4.0,True,24,559,enso_1998-08-01,2,1.0000000000000007,1.2461884546999276,0.18624881713857017,dual persistent load below admissibility threshold,True,2.7196697034791395e-16
4.0,0.16666666666666666,0.00035257233714003176,0.99964742766286,enso-pacific-sst,,4,0.00035257233714003176,0.99964742766286,-1.2466396295246822,1.4527328424106467,0.9373722091342216,0.0003306080738058262,4,,True,False,0.9986446643269675,1.16373959836259,0.0,560,0.797518336164023,-3.452598618267615,0.004198207111867456,4.0,True,24,560,enso_1998-09-01,2,1.0,1.2466396295246829,0.10030433934292804,dual persistent load below admissibility threshold,True,1.6082493093627322e-16
4.0,0.16666666666666666,0.0003010418662592525,0.9996989581337407,enso-pacific-sst,,4,0.0003010418662592525,0.9996989581337407,-1.2476593446030526,1.454560364467382,0.9499600467188036,0.0002860638625350022,4,,True,False,0.9993016383584132,1.165017167218762,0.0,561,0.8089725463116534,-3.521242341838527,0.003645092445392378,4.0,True,24,561,enso_1998-10-01,2,1.0000000000000002,1.247659344603053,0.07530310593347798,dual persistent load below admissibility threshold,True,3.397506711621616e-16
4.0,0.16666666666666666,0.0002503429809252393,0.9997496570190747,enso-pacific-sst,,4,0.0002503429809252393,0.9997496570190747,-1.248276695984233,1.4559926285473934,0.9624936159450803,0.0002410138570646257,4,,True,False,0.9996704178813667,1.1660177299589247,0.0,562,0.8157969322563354,-3.6013558445842095,0.0031048248472609788,4.0,True,24,562,enso_1998-11-01,2,1.0000000000000013,1.2482766959842342,0.05324488567419392,dual persistent load below admissibility threshold,True,9.51446041311115e-17
4.0,0.16666666666666666,0.00020142966012051382,0.9997985703398795,enso-pacific-sst,,4,0.00020142966012051382,0.9997985703398795,-1.2478562073513755,1.4570443032358082,0.9621750521568635,0.00019384964079965542,4,,True,False,0.9993733375146552,1.1669062666460437,0.0,563,0.8173673654617463,-3.6957890914655427,0.0025354941588970246,4.0,True,24,563,enso_1998-12-01,2,1.0000000000000004,1.2478562073513757,0.04633360706930234,dual persistent load below admissibility threshold,True,1.1186709454107426e-16
4.0,0.16666666666666666,0.00014324902303653904,0.9998567509769635,enso-pacific-sst,,4,0.00014324902303653904,0.9998567509769635,-1.2473685233945917,1.4596057084857708,0.9500532964577677,0.00013611370470543955,4,,True,False,0.999007345253739,1.1689863874256994,0.0,564,0.8067661900646753,-3.843846114537782,0.001808938362157569,4.0,True,24,564,enso_1999-01-01,2,1.0000000000000004,1.2473685233945926,0.07015234181519822,dual persistent load below admissibility threshold,True,2.546192212362489e-16
4.0,0.16666666666666666,0.0001208002528173518,0.9998791997471826,enso-pacific-sst,,4,0.0001208002528173518,0.9998791997471826,-1.2468134457452986,1.4644771573640314,0.9519730746473933,0.00011501248162957485,4,,True,False,0.9986058322541459,1.1729384500441482,0.0,565,0.8032299802910051,-3.917879690746547,0.0018720180965218166,4.0,True,24,565,enso_1999-02-01,2,1.0000000000000002,1.2468134457452977,0.3727127072826555,dual persistent load below admissibility threshold,True,2.390462332928557e-16
4.0,0.16666666666666666,0.00014170415205677392,0.9998582958479432,enso-pacific-sst,,4,0.00014170415205677392,0.9998582958479432,-1.2470848829146517,1.4682298189073075,0.9147522281778657,0.00012964255972498534,4,,True,False,0.9988460700809401,1.1759709420610318,0.0,566,0.787036709088005,-3.8485558786622787,0.002227208254447075,4.0,True,24,566,enso_1999-03-01,2,1.0000000000000002,1.2470848829146526,0.4757018521186178,dual persistent load below admissibility threshold,True,1.5198627233006616e-16
4.0,0.16666666666666666,0.00016459800291612395,0.9998354019970839,enso-pacific-sst,,4,0.00016459800291612395,0.9998354019970839,-1.246790410037383,1.4663180291884583,0.8838378476186582,0.00014550189394087982,4,,True,False,0.9987031393872442,1.174548991796241,0.0,567,0.7598447900164422,-3.78350394854165,0.0023223021577443246,4.0,True,24,567,enso_1999-04-01,2,1.0000000000000002,1.2467904100373817,0.4670502889946891,dual persistent load below admissibility threshold,True,2.9734616241085536e-16
4.0,0.16666666666666666,0.00026321415174768934,0.9997367858482523,enso-pacific-sst,,4,0.00026321415174768934,0.9997367858482523,-1.2448246678954225,1.4620171297944742,0.9044891791436322,0.00023813703309041956,4,,True,False,0.9975692877108442,1.1716215338629936,0.0,568,0.7777171294049305,-3.5795764370228507,0.004855155357102011,4.0,True,24,568,enso_1999-05-01,2,1.0000000000000004,1.2448246678954236,0.611064026898055,dual persistent load below admissibility threshold,True,3.135015722237252e-16
4.0,0.16666666666666666,0.00043923647204540355,0.9995607635279546,enso-pacific-sst,,4,0.00043923647204540355,0.9995607635279546,-1.2450866989131688,1.4613977685498027,0.8951717390893992,0.00039336485674427914,4,,True,False,0.9981980867027359,1.1716167699417321,0.0,569,0.767310649517253,-3.3571108054916805,0.007495774907525193,4.0,True,24,569,enso_1999-06-01,2,1.0000000000000002,1.2450866989131688,0.7202292690013075,dual persistent load below admissibility threshold,True,5.717993316100074e-17
4.0,0.16666666666666666,0.0005968784906590123,0.9994031215093411,enso-pacific-sst,,4,0.0005968784906590123,0.9994031215093411,-1.242870594609236,1.4596807052909342,0.8861048257520008,0.0005292127866898782,4,,True,False,0.9970754307073024,1.1710082885826782,0.0,570,0.7319515892442863,-3.2238547728005784,0.008195299847253257,4.0,True,24,570,enso_1999-07-01,2,1.0000000000000009,1.2428705946092373,0.6618740851808111,dual persistent load below admissibility threshold,True,2.248785462244096e-16
4.0,0.16666666666666666,0.0006887355946302905,0.9993112644053698,enso-pacific-sst,,4,0.0006887355946302905,0.9993112644053698,-1.241479128260993,1.4567410195440487,0.8533611005553697,0.0005881452415880559,4,,True,False,0.9961401412045653,1.1688623448223014,0.0,571,0.766201521169864,-3.161648254486498,0.009148484603758094,4.0,True,24,571,enso_1999-08-01,2,1.0000000000000009,1.2414791282609938,0.517062746607799,dual persistent load below admissibility threshold,True,3.992574057414642e-17
4.0,0.16666666666666666,0.0007875460207870465,0.999212453979213,enso-pacific-sst,,4,0.0007875460207870465,0.999212453979213,-1.2404732442287545,1.4548096917727913,0.8217928558234163,0.0006477097947864634,4,,True,False,0.9954970202786457,1.1675049985723327,0.0,572,0.7864075399855479,-3.1033818968607947,0.010043870511351421,4.0,True,24,572,enso_1999-09-01,2,1.0000000000000016,1.2404732442287554,0.4114946054191082,dual persistent load below admissibility threshold,True,4.0828410724198863e-17
4.0,0.16666666666666666,0.0009340598953327229,0.9990659401046672,enso-pacific-sst,,4,0.0009340598953327229,0.9990659401046672,-1.2393292097770188,1.4532527612542903,0.8126929431468973,0.0007598135968221536,4,,True,False,0.9948359030253354,1.1665568854998538,0.0,573,0.7851741507719914,-3.0292194276979214,0.010779806453495092,4.0,True,24,573,enso_1999-10-01,2,1.0000000000000004,1.2393292097770185,0.30899240692232305,dual persistent load below admissibility threshold,True,2.247775132737928e-16
4.0,0.16666666666666666,0.0010958899310478864,0.9989041100689521,enso-pacific-sst,,4,0.0010958899310478864,0.9989041100689521,-1.2383196200590825,1.4520532465171538,0.7916915222845641,0.0008685586124054874,4,,True,False,0.9942523558232895,1.1658600394796734,0.0,574,0.7708350859673958,-2.959756863385408,0.011034515840020534,4.0,True,24,574,enso_1999-11-01,2,1.0000000000000002,1.2383196200590836,0.20948916368894965,dual persistent load below admissibility threshold,True,1.1798487177140985e-16
4.0,0.16666666666666666,0.0013431261653527402,0.9986568738346473,enso-pacific-sst,,4,0.0013431261653527402,0.9986568738346473,-1.2355032857124613,1.4496619801479098,0.7797089125509633,0.0010486559190092037,4,,True,False,0.9925501265147234,1.1645959977918332,0.0,575,0.7584492136728224,-2.8712994859879397,0.012378355531905728,4.0,True,24,575,enso_1999-12-01,2,1.0000000000000016,1.2355032857124617,0.15555689616288063,numerical successor admissibility boundary: reduced closure requires Y positive definite,True,1.4171153528974191e-16
4.0,0.16666666666666666,0.0016397443613255561,0.9983602556386744,enso-pacific-sst,,4,0.0016397443613255561,0.9983602556386744,-1.236287136715978,1.4510398326447593,0.7627572001847469,0.0012527810587404523,4,,True,False,0.9934076084872316,1.1659702403734582,0.0,576,0.7800083046677027,-2.7845111374303926,0.016482317156426094,4.0,True,24,576,enso_2000-01-01,2,1.0,1.236287136715977,0.292428116812576,numerical successor admissibility boundary: reduced closure requires Y positive definite,True,2.6128745673646263e-16
4.0,0.16666666666666666,0.0020788758157853264,0.9979211241842146,enso-pacific-sst,,4,0.0020788758157853264,0.9979211241842146,-1.238432213248036,1.4540593703203302,0.7968668432015722,0.001660038222046037,4,,True,False,0.9953635066070522,1.1686692401685888,0.0,577,0.7849432731989341,-2.6812676689624153,0.01944382538307043,4.0,True,24,577,enso_2000-02-01,3,1.0000000000000004,1.2384322132480357,0.2868436576412451,dual persistent load below admissibility threshold,True,5.677420656748103e-17
4.0,0.16666666666666666,0.002253190761889017,0.997746809238111,enso-pacific-sst,,4,0.002253190761889017,0.997746809238111,-1.2370435407993927,1.4533382527204344,0.7704544117866726,0.001739901092161827,4,,True,False,0.9945112963476379,1.1683997062953821,0.0,578,0.7766511221421891,-2.6462223856446094,0.019824296474381095,4.0,True,24,578,enso_2000-03-01,3,1.000000000000001,1.2370435407993936,0.22412662869474403,dual persistent load below admissibility threshold,True,6.157081446489939e-17
4.0,0.16666666666666666,0.002356131321476686,0.9976438686785233,enso-pacific-sst,,4,0.002356131321476686,0.9976438686785233,-1.2324207781603187,1.45012812154261,0.703857217945649,0.0016622966261957508,4,,True,False,0.9911827433714838,1.166275346230624,0.0,579,0.7576287252134147,-2.6267760451572713,0.019536881969654682,4.0,True,24,579,enso_2000-04-01,3,1.0000000000000007,1.2324207781603174,0.16144567981845545,dual persistent load below admissibility threshold,True,2.282689198352255e-16
4.0,0.16666666666666666,0.002511431216393156,0.9974885687836068,enso-pacific-sst,,4,0.002511431216393156,0.9974885687836068,-1.227642374864489,1.4486715901786698,0.6139924982248881,0.0015458823037477053,4,,True,False,0.988205149033423,1.1661252120195194,0.0,580,0.7412897201649891,-2.59898663926392,0.0194795975326203,4.0,True,24,580,enso_2000-05-01,3,1.0000000000000009,1.2276423748644896,0.11595056645313777,dual persistent load below admissibility threshold,True,2.5680674283826594e-16
4.0,0.16666666666666666,0.002891518048520301,0.9971084819514797,enso-pacific-sst,,4,0.002891518048520301,0.9971084819514797,-1.2244913202951535,1.4596502530272866,0.532196971073337,0.0015433196839471602,4,,True,False,0.9866033379379309,1.176076782244192,0.0,581,0.7465614323995428,-2.537616503154665,0.02219915018786929,4.0,True,24,581,enso_2000-06-01,3,1.0,1.2244913202951528,0.15643490068058133,dual persistent load below admissibility threshold,True,2.4349283721677273e-16
4.0,0.16666666666666666,0.003179191946545941,0.9968208080534541,enso-pacific-sst,,4,0.003179191946545941,0.9968208080534541,-1.218685397024974,1.4733312265045813,0.4065637401423292,0.0012966665201763904,4,,True,False,0.9827532891856503,1.1881008112856166,0.0,582,0.7411309242900818,-2.4963003454313384,0.023813411246006718,4.0,True,24,582,enso_2000-07-01,3,1.0000000000000002,1.2186853970249734,0.1768120866067405,dual persistent load below admissibility threshold,True,4.4965186844643e-16
4.0,0.16666666666666666,0.005863357347585895,0.9941366426524141,enso-pacific-sst,,4,0.005863357347585895,0.9941366426524141,-1.2259288918336964,1.5173143661421857,0.4733176096847506,0.0027915984236154905,4,,True,False,0.9890643396106402,1.2241505535328707,0.0,583,0.7636693366431421,-2.229299718193156,0.03679767742623795,4.0,True,24,583,enso_2000-08-01,3,1.000000000000001,1.2259288918336961,0.26311288578596786,dual persistent load below admissibility threshold,True,2.419184193447359e-16
4.0,0.16666666666666666,0.006537711013247836,0.9934622889867522,enso-pacific-sst,,4,0.006537711013247836,0.9934622889867522,-1.2169020332965712,1.5862615068421837,0.37158444332065943,0.00244529836147755,4,,True,False,0.9823934644211048,1.280573862600124,0.0,584,0.7936052919971319,-2.1817256667676674,0.04529714061653465,4.0,True,24,584,enso_2000-09-01,3,1.0000000000000002,1.2169020332965717,0.3201952912249964,dual persistent load below admissibility threshold,True,2.248856592632648e-16
4.0,0.16666666666666666,0.008819084379542817,0.9911809156204571,enso-pacific-sst,,4,0.008819084379542817,0.9911809156204571,-1.2251190799594696,1.6151427997239791,0.3826743746743504,0.003404865395364585,4,,True,False,0.9887406529467604,1.3035119381653721,0.0,585,0.8051353774729394,-2.050729433581905,0.05455651819239548,4.0,True,24,585,enso_2000-10-01,3,1.0000000000000002,1.22511907995947,0.3035377879312493,dual persistent load below admissibility threshold,True,2.222712062996971e-16
4.0,0.16666666666666666,0.01435595013222071,0.9856440498677792,enso-pacific-sst,,4,0.01435595013222071,0.9856440498677792,-1.2268494431856312,1.6308879710764779,0.3874121216558004,0.005642675060895028,4,,True,False,0.989757862712608,1.3157149816076648,0.0,586,0.8205070422415314,-1.8366881634371037,0.0744565964785622,4.0,True,24,586,enso_2000-11-01,3,1.0000000000000009,1.2268494431856318,0.2478847232404078,dual persistent load below admissibility threshold,True,2.28249628671745e-16
4.0,0.16666666666666666,0.011339886255261177,0.9886601137447388,enso-pacific-sst,,4,0.011339886255261177,0.9886601137447388,-1.2245508982845645,1.6279192365817559,0.3754958071479273,0.004306919722144644,4,,True,False,0.9886063023256809,1.3142542455494934,0.0,587,0.801357582806936,-1.9404383150545275,0.061536519085659415,4.0,True,24,587,enso_2000-12-01,3,1.0000000000000002,1.2245508982845636,0.2391019372426853,dual persistent load below admissibility threshold,True,4.450196119108095e-16
4.0,0.16666666666666666,0.010542859354288251,0.9894571406457118,enso-pacific-sst,,4,0.010542859354288251,0.9894571406457118,-1.2249855472307019,1.6318543660467852,0.3569171755029308,0.0038030223118118676,4,,True,False,0.9891459902566737,1.3176826506296992,0.0,588,0.8172118409090593,-1.9724385741326245,0.06328083463316027,4.0,True,24,588,enso_2001-01-01,3,1.0000000000000004,1.2249855472307014,0.2868781552103059,dual persistent load below admissibility threshold,True,2.672774051402883e-16
4.0,0.16666666666666666,0.01041448751300933,0.9895855124869907,enso-pacific-sst,,4,0.01041448751300933,0.9895855124869907,-1.2235673063029198,1.6308963551097106,0.31511554160088995,0.003316304484803968,4,,True,False,0.9880087711265156,1.3169197111971032,0.0,589,0.8153314372521567,-1.9778154250120583,0.06255456984313534,4.0,True,24,589,enso_2001-02-01,3,1.0000000000000009,1.223567306302919,0.28925171200542404,dual persistent load below admissibility threshold,True,5.32198820606421e-17
4.0,0.16666666666666666,0.007771298861502777,0.9922287011384971,enso-pacific-sst,,4,0.007771298861502777,0.9922287011384971,-1.2176603750037573,1.6211496217740615,0.3792551503604159,0.0029703888980768096,4,,True,False,0.9834038927475376,1.3092688909860362,0.0,590,0.7904382920220738,-2.1061181742726403,0.0493513055344802,4.0,True,24,590,enso_2001-03-01,3,1.0000000000000004,1.2176603750037585,0.26811992005355106,dual persistent load below admissibility threshold,True,2.2802472205177914e-16
4.0,0.16666666666666666,0.0069166624308546025,0.9930833375691455,enso-pacific-sst,,4,0.0069166624308546025,0.9930833375691455,-1.2212636309855553,1.6084069093047884,0.4241944470209509,0.002954444691690004,4,,True,False,0.9862079377072388,1.2988380401858626,0.0,591,0.7947237366482856,-2.1570891147861335,0.04847704813951226,4.0,True,24,591,enso_2001-04-01,3,1.0000000000000007,1.221263630985555,0.3717064531419384,dual persistent load below admissibility threshold,True,2.2633102456677532e-16
4.0,0.16666666666666666,0.005322800686615459,0.9946771993133845,enso-pacific-sst,,4,0.005322800686615459,0.9946771993133845,-1.221970572621802,1.6030870687281318,0.4225227753364841,0.002261039581709696,4,,True,False,0.9866885117388792,1.294423637909283,0.0,592,0.7885399582193927,-2.2715419586243417,0.04120938758023354,4.0,True,24,592,enso_2001-05-01,3,1.0000000000000007,1.2219705726218018,0.35059213606733797,dual persistent load below admissibility threshold,True,2.6747209758084464e-16
4.0,0.16666666666666666,0.007751489481311856,0.9922485105186882,enso-pacific-sst,,4,0.007751489481311856,0.9922485105186882,-1.221024126590523,1.6154809646574644,0.37241413991219163,0.0029093158191914317,4,,True,False,0.9863640735068706,1.3050130216687506,0.0,593,0.7993638043852773,-2.1072352936160192,0.051377815800049506,4.0,True,24,593,enso_2001-06-01,3,1.0000000000000007,1.2210241265905228,0.3537883399381264,dual persistent load below admissibility threshold,True,4.679882904670092e-17
4.0,0.16666666666666666,0.011097355258143074,0.988902644741857,enso-pacific-sst,,4,0.011097355258143074,0.988902644741857,-1.2227816840069465,1.6240514396402619,0.36882412914694107,0.004138903268872616,4,,True,False,0.98758247404299,1.311668926440918,0.0,594,0.8139260276036195,-1.949934049110721,0.06367342394492213,4.0,True,24,594,enso_2001-07-01,3,1.0000000000000007,1.222781684006948,0.3012551749253074,dual persistent load below admissibility threshold,True,1.217952338234405e-16
4.0,0.16666666666666666,0.01346213727479499,0.9865378627252049,enso-pacific-sst,,4,0.01346213727479499,0.9865378627252049,-1.2224857633942459,1.626580610071775,0.36537577121043946,0.004985859108672763,4,,True,False,0.9875758229128261,1.3140207703242044,0.0,595,0.8219589985182773,-1.864999743078353,0.07196918620353496,4.0,True,24,595,enso_2001-08-01,3,1.0000000000000002,1.222485763394246,0.2523771846896458,dual persistent load below admissibility threshold,True,2.8157961024658106e-16
4.0,0.16666666666666666,0.010548217203904189,0.9894517827960958,enso-pacific-sst,,4,0.010548217203904189,0.9894517827960958,-1.221260990610443,1.6261616976112898,0.3160509354618161,0.0033693141724677233,4,,True,False,0.987186560333672,1.3144814950724317,0.0,596,0.8162230955048612,-1.9722155713529002,0.06218944961350768,4.0,True,24,596,enso_2001-09-01,3,1.0000000000000009,1.2212609906104426,0.2970793559007913,dual persistent load below admissibility threshold,True,2.4632065745197825e-16
4.0,0.16666666666666666,0.010545287657483486,0.9894547123425166,enso-pacific-sst,,4,0.010545287657483486,0.9894547123425166,-1.2190391226375936,1.6209368059894653,0.2738278126646314,0.002918368084105348,4,,True,False,0.986156817862704,1.3112769335019294,0.0,597,0.8081316136182528,-1.9723374901497408,0.060620665133286455,4.0,True,24,597,enso_2001-10-01,3,1.0000000000000002,1.2190391226375938,0.2900670278878589,dual persistent load below admissibility threshold,True,2.9158429417660998e-16
4.0,0.16666666666666666,0.010403033627495133,0.9895969663725048,enso-pacific-sst,,4,0.010403033627495133,0.9895969663725048,-1.2197384069073622,1.622121605756213,0.2969376495590408,0.0031215256903579505,4,,True,False,0.9873592480926322,1.3130821821337535,0.0,598,0.8003680080803324,-1.978298352951463,0.05863408541709054,4.0,True,24,598,enso_2001-11-01,3,1.0,1.2197384069073611,0.2629789422998234,dual persistent load below admissibility threshold,True,2.2317344788792477e-16
4.0,0.16666666666666666,0.011928190737312246,0.9880718092626878,enso-pacific-sst,,4,0.011928190737312246,0.9880718092626878,-1.222333877357465,1.622748369850726,0.3335346459369127,0.004026493658599757,4,,True,False,0.9892121077321571,1.3132601206548364,0.0,599,0.8180641776319637,-1.9182139335178783,0.06805456652602548,4.0,True,24,599,enso_2001-12-01,3,0.9999999999999998,1.2223338773574652,0.330938565587626,dual persistent load below admissibility threshold,True,2.2520242323050906e-16
4.0,0.16666666666666666,0.012596413788535807,0.9874035862114642,enso-pacific-sst,,4,0.012596413788535807,0.9874035862114642,-1.2218089681370454,1.6125191775323748,0.34626529847560555,0.004417343668909336,4,,True,False,0.9894431328352511,1.3058473692555144,0.0,600,0.8216109268125564,-1.894247781580586,0.07097878242388249,4.0,True,24,600,enso_2002-01-01,3,1.0000000000000002,1.2218089681370454,0.3168883064381214,dual persistent load below admissibility threshold,True,2.388167287624591e-16
4.0,0.16666666666666666,0.011860088220450022,0.98813991177955,enso-pacific-sst,,4,0.011860088220450022,0.98813991177955,-1.2207552878693009,1.6146167683850465,0.3076035720502406,0.003691992862499929,4,,True,False,0.9887081621048408,1.3077025292759186,0.0,601,0.8309332075047569,-1.9207305216484682,0.0711632991035056,4.0,True,24,601,enso_2002-02-01,3,1.000000000000001,1.2207552878693004,0.3474225366821295,dual persistent load below admissibility threshold,True,2.226828865982959e-16
4.0,0.16666666666666666,0.010495606821384146,0.9895043931786158,enso-pacific-sst,,4,0.010495606821384146,0.9895043931786158,-1.2203591745183655,1.614068620149677,0.33608284949310496,0.0035648082737246853,4,,True,False,0.988566612142786,1.30749567906275,0.0,602,0.7942994246189011,-1.9744101735977784,0.057092399948033334,4.0,True,24,602,enso_2002-03-01,3,1.0000000000000004,1.2203591745183664,0.2207881026608863,dual persistent load below admissibility threshold,True,4.761903769305956e-17
4.0,0.16666666666666666,0.005902620436648145,0.9940973795633519,enso-pacific-sst,,4,0.005902620436648145,0.9940973795633519,-1.2101283496110056,1.5006076478432455,0.357051893642037,0.0021200556883885216,4,,True,False,0.9794913971140069,1.2146085842699414,0.0,603,0.763124272435586,-2.226384071845562,0.037397069560180546,4.0,True,24,603,enso_2002-04-01,3,1.0000000000000002,1.2101283496110065,0.22061191666888696,dual persistent load below admissibility threshold,True,1.432946840032635e-16
4.0,0.16666666666666666,0.00432690717347144,0.9956730928265286,enso-pacific-sst,,4,0.00432690717347144,0.9956730928265286,-1.2056697485185706,1.4935177963734485,0.3415502652051093,0.0014842786284619824,4,,True,False,0.9757692991268196,1.2087296833908288,0.0,604,0.7655203484043863,-2.3619391926277555,0.03151094260184504,4.0,True,24,604,enso_2002-05-01,3,1.0000000000000007,1.2056697485185703,0.18912302056466812,dual persistent load below admissibility threshold,True,2.2838924093700266e-16
4.0,0.16666666666666666,0.003766886341251649,0.9962331136587483,enso-pacific-sst,,4,0.003766886341251649,0.9962331136587483,-1.209801064011917,1.4889969059268267,0.40840172912168005,0.0015442197956280542,4,,True,False,0.9787539777816667,1.2046291641929985,0.0,605,0.7951144270630504,-2.4223784567148368,0.0332464409725385,4.0,True,24,605,enso_2002-06-01,3,1.0000000000000004,1.2098010640119172,0.3113497757715461,dual persistent load below admissibility threshold,True,1.460951345765857e-16
4.0,0.16666666666666666,0.0040829383390005155,0.9959170616609995,enso-pacific-sst,,4,0.0040829383390005155,0.9959170616609995,-1.209749736027574,1.502590637656661,0.3990852122758646,0.0016361204928166321,4,,True,False,0.9789891460435179,1.2159704452946047,0.0,606,0.8124409277325993,-2.3872503513898122,0.036672428638917114,4.0,True,24,606,enso_2002-07-01,3,1.0000000000000002,1.2097497360275737,0.3361535535869235,dual persistent load below admissibility threshold,True,1.1926498282876974e-16
4.0,0.16666666666666666,0.0044889702821112295,0.9955110297178889,enso-pacific-sst,,4,0.0044889702821112295,0.9955110297178889,-1.2074444759106424,1.5154612669052852,0.42184155467020557,0.001902173000745935,4,,True,False,0.9775848840486477,1.2269649300192405,0.0,607,0.8144493820971993,-2.3458993458413877,0.03783190818061919,4.0,True,24,607,enso_2002-08-01,3,1.0000000000000004,1.2074444759106422,0.3002036287461688,dual persistent load below admissibility threshold,True,2.2703687422874317e-16
4.0,0.16666666666666666,0.005592175535388939,0.9944078244646111,enso-pacific-sst,,4,0.005592175535388939,0.9944078244646111,-1.222901760398031,1.5372071203259439,0.4877034098381898,0.0027426605160626935,4,,True,False,0.9897176447263138,1.2440909481480555,0.0,608,0.8262861269788072,-2.2499837376562946,0.04287885752250466,4.0,True,24,608,enso_2002-09-01,3,1.0,1.222901760398032,0.3040592622987631,dual persistent load below admissibility threshold,True,2.4158216798828387e-16
4.0,0.16666666666666666,0.005593645456432559,0.9944063545435675,enso-pacific-sst,,4,0.005593645456432559,0.9944063545435675,-1.2303366042601735,1.5417817382120522,0.5457042937442306,0.0030696468594664608,4,,True,False,0.9956383903115796,1.2476724521809202,0.0,609,0.8297967468953035,-2.249868955008192,0.04332042928917464,4.0,True,24,609,enso_2002-10-01,3,0.9999999999999999,1.2303366042601738,0.3163912810489575,dual persistent load below admissibility threshold,True,8.903446629161931e-17
4.0,0.16666666666666666,0.005095661790712354,0.9949043382092876,enso-pacific-sst,,4,0.005095661790712354,0.9949043382092876,-1.2305138286194457,1.5389481369303282,0.6037657674799628,0.0030923436894699486,4,,True,False,0.9955670167099326,1.2451107577344163,0.0,610,0.8131627355062803,-2.290580729291292,0.03888051237304834,4.0,True,24,610,enso_2002-11-01,3,1.0000000000000009,1.2305138286194457,0.28777687581579586,dual persistent load below admissibility threshold,True,2.2283179662464808e-16
4.0,0.16666666666666666,0.0043474954767056,0.9956525045232943,enso-pacific-sst,,4,0.0043474954767056,0.9956525045232943,-1.2309049762618451,1.5370770580052922,0.617788873034733,0.002697561969538253,4,,True,False,0.9952302189007445,1.2427811784071487,0.0,611,0.8113610892516102,-2.359868651712463,0.037305350732514106,4.0,True,24,611,enso_2002-12-01,3,1.0000000000000002,1.2309049762618458,0.43270844292481414,dual persistent load below admissibility threshold,True,2.3613062859805083e-16
4.0,0.16666666666666666,0.0038154035837755012,0.9961845964162246,enso-pacific-sst,,4,0.0038154035837755012,0.9961845964162246,-1.231827757020011,1.5389440756861923,0.6446104985526608,0.002468868937709945,4,,True,False,0.9955906227824008,1.2438088701997099,0.0,612,0.7913204831678015,-2.416799338838728,0.033872578079917615,4.0,True,24,612,enso_2003-01-01,3,1.0000000000000007,1.2318277570200107,0.5166281991445408,dual persistent load below admissibility threshold,True,2.3137893274595127e-16
4.0,0.16666666666666666,0.004334538582658312,0.9956654614173417,enso-pacific-sst,,4,0.004334538582658312,0.9956654614173417,-1.2305792038952434,1.5457974206324026,0.6426611792333831,0.0027977667046905456,4,,True,False,0.9948148771265399,1.2496410358644856,0.0,613,0.7715575846401791,-2.3611705691198552,0.03672760259299004,4.0,True,24,613,enso_2003-02-01,3,1.000000000000001,1.2305792038952441,0.630745790475125,dual persistent load below admissibility threshold,True,2.447102939641881e-16
4.0,0.16666666666666666,0.0028583883811047098,0.9971416116188954,enso-pacific-sst,,4,0.0028583883811047098,0.9971416116188954,-1.2297081336864055,1.537619383092198,0.6789887271797641,0.0019463769900453084,4,,True,False,0.9933629836009096,1.2420948810448138,0.0,614,0.777876319350909,-2.542635602274653,0.028987971105726366,4.0,True,24,614,enso_2003-03-01,3,1.0000000000000009,1.229708133686404,0.6042415173500004,dual persistent load below admissibility threshold,True,2.2213430063896184e-16
4.0,0.16666666666666666,0.0023844436231455772,0.9976155563768544,enso-pacific-sst,,4,0.0023844436231455772,0.9976155563768544,-1.2315779821606156,1.5283690808600137,0.6986107887231352,0.0016697795353968177,4,,True,False,0.9939102375173118,1.2334271139751376,0.0,615,0.7998531865541618,-2.6215761541177947,0.03035845174532951,4.0,True,24,615,enso_2003-04-01,3,1.0000000000000007,1.2315779821606143,0.6816752448162805,dual persistent load below admissibility threshold,True,1.1412395568734412e-16
4.0,0.16666666666666666,0.0029553300467839495,0.9970446699532161,enso-pacific-sst,,4,0.0029553300467839495,0.9970446699532161,-1.2335531393542039,1.523051080215767,0.7152668311577786,0.0021201151977350346,4,,True,False,0.995316175428829,1.2289031803986368,0.0,616,0.8204167580512205,-2.5281086268890367,0.035607006222754825,4.0,True,24,616,enso_2003-05-01,3,1.0000000000000013,1.2335531393542032,0.6208132315153251,dual persistent load below admissibility threshold,True,4.938927361570174e-17
4.0,0.16666666666666666,0.003055367360647014,0.996944632639353,enso-pacific-sst,,4,0.003055367360647014,0.996944632639353,-1.2318363250879913,1.5118167364406843,0.6968012402320574,0.0021355085293222617,4,,True,False,0.9942521099266965,1.220232712264978,0.0,617,0.7787744630275504,-2.5136076046392093,0.02634958700739595,4.0,True,24,617,enso_2003-06-01,3,1.0000000000000007,1.231836325087991,0.4259339159495648,dual persistent load below admissibility threshold,True,5.074785029875873e-16
4.0,0.16666666666666666,0.002308088533951847,0.9976919114660481,enso-pacific-sst,,4,0.002308088533951847,0.9976919114660481,-1.2304646420239982,1.5123533852237738,0.6452669735311927,0.0014927787685044677,4,,True,False,0.9933771124802077,1.2209511655629994,0.0,618,0.7752362222549177,-2.6357439877744526,0.020901606095094748,4.0,True,24,618,enso_2003-07-01,3,1.0000000000000004,1.2304646420239989,0.2889703176868399,dual persistent load below admissibility threshold,True,1.290804254261985e-16
4.0,0.16666666666666666,0.0025184736980814215,0.9974815263019186,enso-pacific-sst,,4,0.0025184736980814215,0.9974815263019186,-1.2331267683250018,1.5136489332182381,0.6466787341629581,0.0016327554347157285,4,,True,False,0.995663635533006,1.2221656673756685,0.0,619,0.7973417094595353,-2.597767441529474,0.02418160272084726,4.0,True,24,619,enso_2003-08-01,3,1.0000000000000009,1.233126768325001,0.35959942795177274,dual persistent load below admissibility threshold,True,2.2906711134116227e-16
4.0,0.16666666666666666,0.0023636256463279116,0.9976363743536721,enso-pacific-sst,,4,0.0023636256463279116,0.9976363743536721,-1.2330443268905902,1.5138467596875644,0.6209641942168116,0.0014712042710482388,4,,True,False,0.9953715567896247,1.222048529050849,0.0,620,0.8044386901475183,-2.6253935817571694,0.023309055467602893,4.0,True,24,620,enso_2003-09-01,3,0.9999999999999998,1.2330443268905897,0.35879453601182193,dual persistent load below admissibility threshold,True,2.5784509581685e-16
4.0,0.16666666666666666,0.002127688745533056,0.9978723112544668,enso-pacific-sst,,4,0.002127688745533056,0.9978723112544668,-1.2321976196308984,1.5194241997528815,0.595251842708163,0.0012692111327307879,4,,True,False,0.9945422687569273,1.2263711329673441,0.0,621,0.8002483382104215,-2.6711668757087583,0.021347036180011575,4.0,True,24,621,enso_2003-10-01,3,1.0000000000000004,1.232197619630898,0.3612396424586678,dual persistent load below admissibility threshold,True,5.491917428047599e-17
4.0,0.16666666666666666,0.0019109821670944757,0.9980890178329055,enso-pacific-sst,,4,0.0019109821670944757,0.9980890178329055,-1.230098596846248,1.5184149096528727,0.5930411305081689,0.0011354608702290997,4,,True,False,0.992427010496943,1.225036735546442,0.0,622,0.7901683328546651,-2.717912642664146,0.018326287868636257,4.0,True,24,622,enso_2003-11-01,2,1.0000000000000004,1.2300985968462486,0.3075690231241078,numerical successor admissibility boundary: reduced closure requires Y positive definite,True,1.6406196228084578e-16
4.0,0.16666666666666666,0.0017110812178204972,0.9982889187821795,enso-pacific-sst,,4,0.0017110812178204972,0.9982889187821795,-1.2282011077583508,1.5203162714164575,0.5992945544877479,0.0010271992775168059,4,,True,False,0.9904088283686804,1.225967512658903,0.0,623,0.7742667387479242,-2.7659856262186864,0.015476529956352368,4.0,True,24,623,enso_2003-12-01,2,1.0000000000000007,1.2282011077583506,0.26508149200283365,numerical successor admissibility boundary: reduced closure requires Y positive definite,True,4.599643674138607e-16
4.0,0.16666666666666666,0.0016152141538814863,0.9983847858461184,enso-pacific-sst,,4,0.0016152141538814863,0.9983847858461184,-1.230430590042547,1.5856309582402794,0.6533909735019054,0.0010570737488996,4,,True,False,0.9916458865230764,1.2779139514308122,0.0,624,0.7816673751594765,-2.7910678426657944,0.015253727871667053,4.0,True,24,624,enso_2004-01-01,2,1.0000000000000009,1.2304305900425478,0.291017032125046,numerical successor admissibility boundary: reduced closure requires Y positive definite,True,1.340815623068326e-16
4.0,0.16666666666666666,0.0016832674971633444,0.9983167325028366,enso-pacific-sst,,4,0.0016832674971633444,0.9983167325028366,-1.2302957152350078,1.5910436166047788,0.6503144018668937,0.0010964987963843961,4,,True,False,0.9909303503587322,1.2814914243093478,0.0,625,0.7997622288277151,-2.7731152127096097,0.01962352945222171,4.0,True,24,625,enso_2004-02-01,2,1.0000000000000013,1.2302957152350078,0.5772851896996857,numerical successor admissibility boundary: reduced closure requires Y positive definite,True,2.2296225594553683e-16
4.0,0.16666666666666666,0.0021128298015143966,0.9978871701984856,enso-pacific-sst,,4,0.0021128298015143966,0.9978871701984856,-1.2335518185804237,1.5989983482678145,0.7379603736614053,0.0015624859366599395,4,,True,False,0.9934005542951702,1.2877009474269985,0.0,626,0.7946791256778457,-2.6742169249763292,0.02089321085064033,4.0,True,24,626,enso_2004-03-01,2,1.0000000000000007,1.2335518185804233,0.533156708257157,numerical successor admissibility boundary: reduced closure requires Y positive definite,True,1.3330606532642057e-16
4.0,0.16666666666666666,0.002927829050230871,0.9970721709497691,enso-pacific-sst,,4,0.002927829050230871,0.9970721709497691,-1.2326494094343565,1.6043846408639753,0.7048710361993167,0.002069801922648048,4,,True,False,0.9933209662921155,1.2928809193998982,0.0,627,0.8002126835947005,-2.532180879345466,0.025084976708894556,4.0,True,24,627,enso_2004-04-01,3,1.0000000000000009,1.2326494094343574,0.46898090331890824,dual persistent load below admissibility threshold,True,2.4560644837590595e-16
4.0,0.16666666666666666,0.0036999144404429997,0.996300085559557,enso-pacific-sst,,4,0.0036999144404429997,0.996300085559557,-1.2312798144661092,1.6091923989213237,0.6428837197694376,0.002387448112046221,4,,True,False,0.992807167062644,1.2975261415493575,0.0,628,0.797505559535813,-2.4301984863776602,0.027979964294094738,4.0,True,24,628,enso_2004-05-01,3,1.0000000000000009,1.2312798144661101,0.4017246340956787,dual persistent load below admissibility threshold,True,4.502278054428684e-16
4.0,0.16666666666666666,0.0022584501349867596,0.9977415498650133,enso-pacific-sst,,4,0.0022584501349867596,0.9977415498650133,-1.2260837586599722,1.5909105643100196,0.5529410073257108,0.001251616405875267,4,,True,False,0.989365937326211,1.283756277288122,0.0,629,0.7794403245445408,-2.6452075522355156,0.019446856323019693,4.0,True,24,629,enso_2004-06-01,2,1.0000000000000004,1.2260837586599729,0.26375129140656967,numerical successor admissibility boundary: reduced closure requires Y positive definite,True,1.4323528140194994e-16
4.0,0.16666666666666666,0.0028073659218629974,0.9971926340781371,enso-pacific-sst,,4,0.0028073659218629974,0.9971926340781371,-1.2304771509670902,1.5955393718267783,0.6580234625801584,0.0018525133274190212,4,,True,False,0.9932513484640869,1.2879325970002309,0.0,630,0.7980128598746866,-2.550480038077338,0.02350690753416802,4.0,True,24,630,enso_2004-07-01,3,1.000000000000001,1.2304771509670902,0.2885227935319192,dual persistent load below admissibility threshold,True,1.811354160906755e-16
4.0,0.16666666666666666,0.002573544273803263,0.9974264557261967,enso-pacific-sst,,4,0.002573544273803263,0.9974264557261967,-1.229652562943944,1.5852052385699493,0.6769712018261156,0.0017467105970443279,4,,True,False,0.9924787121543212,1.2794528317084535,0.0,631,0.7967477099387624,-2.5883492392486214,0.023263706971122358,4.0,True,24,631,enso_2004-08-01,3,1.0000000000000007,1.2296525629439456,0.34908626789789454,dual persistent load below admissibility threshold,True,1.5994081772490202e-16
4.0,0.16666666666666666,0.0028577354323638966,0.9971422645676361,enso-pacific-sst,,4,0.0028577354323638966,0.9971422645676361,-1.229341412820739,1.5849221834489322,0.6508124328355528,0.0018651799399392063,4,,True,False,0.9924400865334244,1.2794983496746208,0.0,632,0.7981207229005634,-2.542735104956907,0.025047292932122718,4.0,True,24,632,enso_2004-09-01,3,1.0000000000000009,1.2293414128207396,0.3613640111135064,dual persistent load below admissibility threshold,True,1.4464685868388366e-16
4.0,0.16666666666666666,0.003105902436391028,0.9968940975636089,enso-pacific-sst,,4,0.003105902436391028,0.9968940975636089,-1.2266600969968202,1.5857698023117122,0.5840446928711174,0.0018196374509418822,4,,True,False,0.9906266908211319,1.2806366617077658,0.0,633,0.7957127876083809,-2.5064612152154915,0.026140636291354716,4.0,True,24,633,enso_2004-10-01,3,1.0000000000000002,1.2266600969968193,0.35465374446136677,dual persistent load below admissibility threshold,True,2.4821114452815753e-16
4.0,0.16666666666666666,0.0031695465343455327,0.9968304534656546,enso-pacific-sst,,4,0.0031695465343455327,0.9968304534656546,-1.2218496222015929,1.5843080134060903,0.534226247057401,0.0016986388648443777,4,,True,False,0.9871095753113707,1.2799329654477412,0.0,634,0.7885836859266522,-2.4976241650048046,0.02560358047063529,4.0,True,24,634,enso_2004-11-01,3,1.0000000000000002,1.221849622201593,0.3247245036817381,dual persistent load below admissibility threshold,True,1.4414772527680705e-16
4.0,0.16666666666666666,0.002427806344981808,0.9975721936550183,enso-pacific-sst,,4,0.002427806344981808,0.9975721936550183,-1.216158965478792,1.5696167818854163,0.45027879519718644,0.001095850228127491,4,,True,False,0.9826132822571373,1.2681946535888196,0.0,635,0.762924517684461,-2.613730293008669,0.019335832727008194,4.0,True,24,635,enso_2004-12-01,3,1.0000000000000004,1.2161589654787919,0.1997523339879104,dual persistent load below admissibility threshold,True,1.1374218923376427e-16
4.0,0.16666666666666666,0.003778365408929174,0.9962216345910708,enso-pacific-sst,,4,0.003778365408929174,0.9962216345910708,-1.222702317360236,1.5971512056116515,0.5132578138703876,0.001946630651708859,4,,True,False,0.9881372658994125,1.2907513162715898,0.0,636,0.7706223648204982,-2.4210520123123564,0.02574586187692844,4.0,True,24,636,enso_2005-01-01,3,1.0000000000000004,1.2227023173602365,0.19540866515355088,dual persistent load below admissibility threshold,True,1.3856389109972692e-16
4.0,0.16666666666666666,0.004247890076585906,0.9957521099234141,enso-pacific-sst,,4,0.004247890076585906,0.9957521099234141,-1.2209218759574307,1.6036199668463302,0.4527840155972081,0.0019315818741674875,4,,True,False,0.9870723508105587,1.2964702833590207,0.0,637,0.7647708349442803,-2.3699779654169575,0.02750767915053715,4.0,True,24,637,enso_2005-02-01,3,1.0000000000000009,1.2209218759574307,0.2093996712466243,dual persistent load below admissibility threshold,True,2.2414133346101697e-16
4.0,0.16666666666666666,0.003634728140283624,0.9963652718597164,enso-pacific-sst,,4,0.003634728140283624,0.9963652718597164,-1.2186864122895065,1.5960076693569698,0.36797203615257856,0.0013423574189261296,4,,True,False,0.9858427406757623,1.2910725507659448,0.0,638,0.7688915995973178,-2.4379466485416406,0.02555221590603937,4.0,True,24,638,enso_2005-03-01,3,1.0000000000000007,1.2186864122895062,0.19229592298436105,dual persistent load below admissibility threshold,True,1.4229849533225886e-16
4.0,0.16666666666666666,0.003399674334641524,0.9966003256653585,enso-pacific-sst,,4,0.003399674334641524,0.9966003256653585,-1.213812754714842,1.5716253086367176,0.32914590955051704,0.0011228060760506621,4,,True,False,0.9825365450672445,1.272172577599032,0.0,639,0.770309905202663,-2.467083708134108,0.025470246604153795,4.0,True,24,639,enso_2005-04-01,3,1.0000000000000009,1.2138127547148425,0.20295580138893987,dual persistent load below admissibility threshold,True,2.2403025081432885e-16
4.0,0.16666666666666666,0.003659071786820812,0.9963409282131792,enso-pacific-sst,,4,0.003659071786820812,0.9963409282131792,-1.2191131216494775,1.5762989568473906,0.3950223559001906,0.001450723458916879,4,,True,False,0.9869410061275938,1.2761031366178202,0.0,640,0.7740448780273471,-2.4350370409268365,0.026568900325104085,4.0,True,24,640,enso_2005-05-01,3,1.0000000000000018,1.2191131216494788,0.18202963920241375,dual persistent load below admissibility threshold,True,1.180795099326738e-16
4.0,0.16666666666666666,0.003825054352240744,0.9961749456477593,enso-pacific-sst,,4,0.003825054352240744,0.9961749456477593,-1.2198136346156079,1.6008629216944987,0.3971651680645599,0.001525011606948146,4,,True,False,0.9870007653558655,1.2953232232399248,0.0,641,0.7754809879036832,-2.415698004130905,0.027307283095665186,4.0,True,24,641,enso_2005-06-01,3,1.0000000000000009,1.2198136346156074,0.21086865453902137,dual persistent load below admissibility threshold,True,2.2212955352221045e-16
4.0,0.16666666666666666,0.0035382336655609913,0.9964617663344391,enso-pacific-sst,,4,0.0035382336655609913,0.9964617663344391,-1.2165918075704398,1.6000323300925903,0.3693740357668551,0.001311572297793286,4,,True,False,0.9838336403876503,1.2939143780661901,0.0,642,0.791853601636599,-2.4496741293231783,0.029357802494198004,4.0,True,24,642,enso_2005-07-01,3,1.000000000000001,1.2165918075704394,0.3537064886331562,dual persistent load below admissibility threshold,True,2.4745282041750606e-16
4.0,0.16666666666666666,0.003293068529092321,0.9967069314709077,enso-pacific-sst,,4,0.003293068529092321,0.9967069314709077,-1.2195403614110534,1.5984123691292647,0.40370383028319506,0.0013338167284717242,4,,True,False,0.9857899626040569,1.2920432315718176,0.0,643,0.796932170122019,-2.4809667099984276,0.02947178457154454,4.0,True,24,643,enso_2005-08-01,3,1.0000000000000002,1.2195403614110518,0.4032950011187748,dual persistent load below admissibility threshold,True,2.2232761834252227e-16
4.0,0.16666666666666666,0.0048628042821132755,0.9951371957178867,enso-pacific-sst,,4,0.0048628042821132755,0.9951371957178867,-1.223575227779726,1.598895798504838,0.46335048633823456,0.0022641930567768617,4,,True,False,0.9893346988011084,1.292804118058618,0.0,644,0.8023061084990329,-2.3109961689157985,0.03587824100234163,4.0,True,24,644,enso_2005-09-01,3,1.0,1.2235752277797256,0.33899569284987136,dual persistent load below admissibility threshold,True,1.3076422984987674e-16
4.0,0.16666666666666666,0.004363422158315986,0.9956365778416841,enso-pacific-sst,,4,0.004363422158315986,0.9956365778416841,-1.2228121242755492,1.5892608740919347,0.5121079965139506,0.0022443363664719556,4,,True,False,0.9889527002684564,1.2853191440143568,0.0,645,0.7887935990617804,-2.3582736106694178,0.03246953793281324,4.0,True,24,645,enso_2005-10-01,3,1.0000000000000007,1.2228121242755485,0.3083262403020978,dual persistent load below admissibility threshold,True,6.01459125732765e-17
4.0,0.16666666666666666,0.004766502594723028,0.9952334974052769,enso-pacific-sst,,4,0.004766502594723028,0.9952334974052769,-1.2181542153386453,1.581955000199678,0.4740049827651004,0.00227016673589861,4,,True,False,0.9861717671717313,1.2806911789074038,0.0,646,0.7818418160381997,-2.3197251512314607,0.033710563780568775,4.0,True,24,646,enso_2005-11-01,3,1.0000000000000002,1.2181542153386464,0.2645466191996796,dual persistent load below admissibility threshold,True,2.3124143198774097e-16
4.0,0.16666666666666666,0.005149493093401921,0.994850506906598,enso-pacific-sst,,4,0.005149493093401921,0.994850506906598,-1.215634995534459,1.5793988832794685,0.4463438244649589,0.0023103415291124696,4,,True,False,0.9849976418751646,1.27974612554369,0.0,647,0.7687699311712294,-2.2859933455687584,0.034416222883624406,4.0,True,24,647,enso_2005-12-01,3,1.0000000000000002,1.2156349955344588,0.24332971320288665,dual persistent load below admissibility threshold,True,4.62266832568527e-16
4.0,0.16666666666666666,0.0059504411740168356,0.9940495588259831,enso-pacific-sst,,4,0.0059504411740168356,0.9940495588259831,-1.2143551026518185,1.5811435043235842,0.4114118146358703,0.002462736167980959,4,,True,False,0.9839692568731668,1.2811710475475244,0.0,648,0.7715209380594565,-2.222858870778935,0.03836533738165478,4.0,True,24,648,enso_2006-01-01,3,1.0000000000000007,1.2143551026518193,0.26562352420255453,dual persistent load below admissibility threshold,True,2.385857793567234e-16
4.0,0.16666666666666666,0.005863515890017934,0.9941364841099821,enso-pacific-sst,,4,0.005863515890017934,0.9941364841099821,-1.2152754138508737,1.5839238182612023,0.3560435928096106,0.0020999805332033933,4,,True,False,0.9847736601512839,1.283500380351877,0.0,649,0.7755498733934838,-2.2292879059726585,0.03783860790147101,4.0,True,24,649,enso_2006-02-01,3,1.0000000000000007,1.2152754138508737,0.2193720917299895,dual persistent load below admissibility threshold,True,2.295368025053178e-16
4.0,0.16666666666666666,0.005038512672696511,0.9949614873273035,enso-pacific-sst,,4,0.005038512672696511,0.9949614873273035,-1.2125304322418886,1.5769674285808242,0.384093256146553,0.0019450589427237293,4,,True,False,0.9823805266265856,1.2776438856861243,0.0,650,0.7656460158829436,-2.295503915308206,0.0331016152901371,4.0,True,24,650,enso_2006-03-01,3,1.0000000000000007,1.2125304322418888,0.14275761727298567,dual persistent load below admissibility threshold,True,2.2746809782709913e-16
4.0,0.16666666666666666,0.005558892616578543,0.9944411073834215,enso-pacific-sst,,4,0.005558892616578543,0.9944411073834215,-1.2126130437768063,1.5736627712536173,0.3505804048632465,0.001959732768126623,4,,True,False,0.9824886001679164,1.2750198764560765,0.0,651,0.7848898898278249,-2.2525907838365318,0.03711680262028588,4.0,True,24,651,enso_2006-04-01,3,1.0000000000000009,1.2126130437768077,0.17287026664538163,dual persistent load below admissibility threshold,True,2.5955201352642235e-16
4.0,0.16666666666666666,0.005388389414068341,0.9946116105859316,enso-pacific-sst,,4,0.005388389414068341,0.9946116105859316,-1.2143118045479442,1.5667066903274847,0.3898582707194357,0.0021120889365991383,4,,True,False,0.9844436367519401,1.2701304773395945,0.0,652,0.7904306506986926,-2.266194550399214,0.03715797687694086,4.0,True,24,652,enso_2006-05-01,3,1.0,1.2143118045479435,0.1451013177124073,dual persistent load below admissibility threshold,True,2.3258082725986805e-16
4.0,0.16666666666666666,0.005811095898437139,0.9941889041015629,enso-pacific-sst,,4,0.005811095898437139,0.9941889041015629,-1.21724635396984,1.5637627822286013,0.3592788281013337,0.0021000070668276936,4,,True,False,0.9864383469144639,1.2672501082769023,0.0,653,0.7978162865426525,-2.2332108692714585,0.03951384739407163,4.0,True,24,653,enso_2006-06-01,3,0.9999999999999999,1.2172463539698393,0.1706302139404583,dual persistent load below admissibility threshold,True,2.339150016470675e-16
4.0,0.16666666666666666,0.006159878457635399,0.9938401215423646,enso-pacific-sst,,4,0.006159878457635399,0.9938401215423646,-1.2217479712148207,1.5618037549746533,0.37495584657256953,0.00232399798700254,4,,True,False,0.9899184286902526,1.2654478300543057,0.0,654,0.8063782169823747,-2.2077443822688894,0.04180418698493566,4.0,True,24,654,enso_2006-07-01,3,1.0000000000000002,1.2217479712148207,0.1972964348550038,dual persistent load below admissibility threshold,True,5.423555808925639e-17
4.0,0.16666666666666666,0.005884528572142042,0.9941154714278579,enso-pacific-sst,,4,0.005884528572142042,0.9941154714278579,-1.2251127673413116,1.5587442400091152,0.4096697365988071,0.0024249831528072425,4,,True,False,0.9922610483939214,1.262480675249164,0.0,655,0.8032603238662029,-2.2277251568854886,0.039708709617153795,4.0,True,24,655,enso_2006-08-01,3,1.0000000000000004,1.2251127673413114,0.1836810405988377,dual persistent load below admissibility threshold,True,1.2243849663897735e-16
4.0,0.16666666666666666,0.004016858615771835,0.9959831413842282,enso-pacific-sst,,4,0.004016858615771835,0.9959831413842282,-1.2144810236322046,1.5368358659748655,0.4127005347973249,0.0016644455413475235,4,,True,False,0.9834170080182745,1.244441452540864,0.0,656,0.7900731334463187,-2.394365441524574,0.030893750788684938,4.0,True,24,656,enso_2006-09-01,3,1.0,1.2144810236322048,0.19330945095127813,dual persistent load below admissibility threshold,True,1.0357477397573939e-16
4.0,0.16666666666666666,0.0033546314947959332,0.996645368505204,enso-pacific-sst,,4,0.0033546314947959332,0.996645368505204,-1.212598080947112,1.5159800715746594,0.4591794374681498,0.0015455625956538944,4,,True,False,0.9814597405876019,1.2270128339816608,0.0,657,0.7882304780851427,-2.472895832881997,0.027776237630777686,4.0,True,24,657,enso_2006-10-01,3,1.0000000000000007,1.2125980809471124,0.2088120524498684,dual persistent load below admissibility threshold,True,2.793372419997858e-16
4.0,0.16666666666666666,0.0031320117055911954,0.9968679882944087,enso-pacific-sst,,4,0.0031320117055911954,0.9968679882944087,-1.2105137214178128,1.4926975185195996,0.5386248491722355,0.00169227957195824,4,,True,False,0.9791495817214106,1.2073999038880672,0.0,658,0.7840342788220226,-2.502814273512964,0.02641403598958877,4.0,True,24,658,enso_2006-11-01,3,1.0000000000000004,1.2105137214178132,0.21201645531785243,dual persistent load below admissibility threshold,True,2.2205315314577293e-16
4.0,0.16666666666666666,0.0038461303825084972,0.9961538696174915,enso-pacific-sst,,4,0.0038461303825084972,0.9961538696174915,-1.2239802693936708,1.5132889716328675,0.5754860836616151,0.0022219403834988624,4,,True,False,0.9901215712543047,1.2241537644207172,0.0,659,0.8085825860610946,-2.413302423753051,0.032300033697634185,4.0,True,24,659,enso_2006-12-01,3,1.0000000000000009,1.2239802693936719,0.27261519847182264,dual persistent load below admissibility threshold,True,2.426666523425575e-16
4.0,0.16666666666666666,0.0036607324637769256,0.9963392675362231,enso-pacific-sst,,4,0.0036607324637769256,0.9963392675362231,-1.2287932314407193,1.5103233861087189,0.6084030442612751,0.002235383917664358,4,,True,False,0.9933047446474926,1.2208818758017648,0.0,660,0.826577461721841,-2.434839256361283,0.03554047663492649,4.0,True,24,660,enso_2007-01-01,3,1.0000000000000013,1.228793231440719,0.35641077492607076,dual persistent load below admissibility threshold,True,3.0966934736541474e-16
4.0,0.16666666666666666,0.003077168604127813,0.9969228313958722,enso-pacific-sst,,4,0.003077168604127813,0.9969228313958722,-1.229832571682967,1.5079477706514206,0.6438008997862339,0.0019871988620799863,4,,True,False,0.9936293246550629,1.218329355935882,0.0,661,0.8214225569218132,-2.510510249518176,0.03403945351774351,4.0,True,24,661,enso_2007-02-01,3,1.0000000000000002,1.2298325716829677,0.42923824950458667,dual persistent load below admissibility threshold,True,3.6120386344083967e-16
4.0,0.16666666666666666,0.002650247459372458,0.9973497525406275,enso-pacific-sst,,4,0.002650247459372458,0.9973497525406275,-1.2314885202346422,1.5159494593448004,0.6243463311712303,0.0016590692219454525,4,,True,False,0.9948014819357295,1.2245901962679562,0.0,662,0.8048792132851095,-2.5755610574003325,0.031476896291307246,4.0,True,24,662,enso_2007-03-01,3,1.0000000000000004,1.2314885202346426,0.49060205286776776,dual persistent load below admissibility threshold,True,2.631209913870025e-16
4.0,0.16666666666666666,0.0026956519993132522,0.9973043480006867,enso-pacific-sst,,4,0.0026956519993132522,0.9973043480006867,-1.2313210936806516,1.5283052465164144,0.6081864559985852,0.0016438903924909979,4,,True,False,0.9947071661752387,1.23462205643605,0.0,663,0.7782956353176831,-2.568163887110092,0.026969970601049584,4.0,True,24,663,enso_2007-04-01,3,1.0000000000000004,1.2313210936806516,0.48225744970449635,dual persistent load below admissibility threshold,True,1.5081778796331407e-16
4.0,0.16666666666666666,0.0025630081000015074,0.9974369918999986,enso-pacific-sst,,4,0.0025630081000015074,0.9974369918999986,-1.2253888284474195,1.532217536361365,0.622551854053739,0.0015997055027719108,4,,True,False,0.9905781184114903,1.2386118829636916,0.0,664,0.7626271832808545,-2.590135492131783,0.024391218788625206,4.0,True,24,664,enso_2007-05-01,3,1.0000000000000004,1.225388828447419,0.48686355103312795,dual persistent load below admissibility threshold,True,1.1531239280877358e-16
4.0,0.16666666666666666,0.0027698416604366367,0.9972301583395634,enso-pacific-sst,,4,0.0027698416604366367,0.9972301583395634,-1.2280837175812294,1.5204528710487486,0.6722776308454104,0.0018672746443967867,4,,True,False,0.9932071044245205,1.2296593235862945,0.0,665,0.7319215770576567,-2.5563404609252176,0.0201390813684706,4.0,True,24,665,enso_2007-06-01,3,1.0000000000000016,1.2280837175812296,0.22391515735949832,dual persistent load below admissibility threshold,True,5.346465855358087e-16
4.0,0.16666666666666666,0.0030688865725937288,0.9969311134274063,enso-pacific-sst,,4,0.0030688865725937288,0.9969311134274063,-1.2286848576134295,1.505205772055783,0.6554989311353714,0.0020178444037070023,4,,True,False,0.9943278251285524,1.2181056618588637,0.0,666,0.7436490394581068,-2.5116843131832143,0.023303221392899403,4.0,True,24,666,enso_2007-07-01,3,1.0000000000000002,1.2286848576134295,0.2935769767043569,dual persistent load below admissibility threshold,True,1.3717486650963392e-16
4.0,0.16666666666666666,0.0031949575169450137,0.9968050424830549,enso-pacific-sst,,4,0.0031949575169450137,0.9968050424830549,-1.2303276767397524,1.5146690855263376,0.6617486408140338,0.002121035412331278,4,,True,False,0.9962596226511551,1.226505491274122,0.0,667,0.7535586384165882,-2.494145138503151,0.026607306325155785,4.0,True,24,667,enso_2007-08-01,3,1.0000000000000004,1.2303276767397529,0.4122878809767337,dual persistent load below admissibility threshold,True,4.93858158426063e-16
4.0,0.16666666666666666,0.003217112127624595,0.9967828878723753,enso-pacific-sst,,4,0.003217112127624595,0.9967828878723753,-1.2323047752857395,1.511922440543986,0.6750400124610636,0.0021786884959028308,4,,True,False,0.9979473877171964,1.2243878951309126,0.0,668,0.7688714773383714,-2.4911343758412676,0.029736539473336987,4.0,True,24,668,enso_2007-09-01,3,1.000000000000001,1.232304775285739,0.48443605251713845,dual persistent load below admissibility threshold,True,3.7643756489289877e-16
4.0,0.16666666666666666,0.003279342168801423,0.9967206578311987,enso-pacific-sst,,4,0.003279342168801423,0.9967206578311987,-1.232684091519531,1.508720892020686,0.6942309391386635,0.0022841111757007397,4,,True,False,0.9980005242293324,1.2214842809371438,0.0,669,0.7639229406810182,-2.482786725837567,0.02831239252986253,4.0,True,24,669,enso_2007-10-01,3,1.0000000000000002,1.2326840915195314,0.4168885670291135,dual persistent load below admissibility threshold,True,3.0009945294425706e-16
4.0,0.16666666666666666,0.0033944820555169724,0.9966055179444829,enso-pacific-sst,,4,0.0033944820555169724,0.9966055179444829,-1.2322200687773133,1.498128456098196,0.6902330300240953,0.0023509639394475213,4,,True,False,0.9975358794881611,1.2128003145761372,0.0,670,0.7634472135073936,-2.467749770241015,0.028539197288645717,4.0,True,24,670,enso_2007-11-01,3,1.0000000000000007,1.2322200687773133,0.38503594562834903,dual persistent load below admissibility threshold,True,2.222865273805243e-16
4.0,0.16666666666666666,0.003627274517234105,0.9963727254827659,enso-pacific-sst,,4,0.003627274517234105,0.9963727254827659,-1.2313831598258291,1.4891320364540466,0.684899270519848,0.002493361778470163,4,,True,False,0.9966221577476561,1.2052316709868838,0.0,671,0.7531909044977302,-2.438841405891643,0.027795056921926943,4.0,True,24,671,enso_2007-12-01,3,1.0000000000000002,1.2313831598258302,0.2990417195148767,dual persistent load below admissibility threshold,True,4.0860020267967386e-16
4.0,0.16666666666666666,0.0037271241867656143,0.9962728758132343,enso-pacific-sst,,4,0.0037271241867656143,0.9962728758132343,-1.2310746850717338,1.4830667369829467,0.6796081584237521,0.0025424600692022133,4,,True,False,0.9960501008303781,1.1999343263434648,0.0,672,0.7370767024695901,-2.4270044429559134,0.026779406030319135,4.0,True,24,672,enso_2008-01-01,3,1.0000000000000002,1.2310746850717338,0.24381933782380844,dual persistent load below admissibility threshold,True,2.6849433612977263e-16
4.0,0.16666666666666666,0.003938092897785916,0.9960619071022141,enso-pacific-sst,,4,0.003938092897785916,0.9960619071022141,-1.225061476490913,1.479787368702757,0.649136144551139,0.00256646541979508,4,,True,False,0.9918039021962098,1.198028764159692,0.0,673,0.7353229402722032,-2.4030003747448143,0.027822974443074782,4.0,True,24,673,enso_2008-02-01,3,1.0000000000000009,1.2250614764909131,0.2532650496523599,dual persistent load below admissibility threshold,True,1.8362180367730921e-16
4.0,0.16666666666666666,0.003602288058389007,0.9963977119416111,enso-pacific-sst,,4,0.003602288058389007,0.9963977119416111,-1.2300780834697511,1.4900871352122176,0.6585932226415829,0.0023810196198009053,4,,True,False,0.9959678608379349,1.206491617453433,0.0,674,0.7241491095969469,-2.4418542831798753,0.02416207953309894,4.0,True,24,674,enso_2008-03-01,3,1.0000000000000004,1.2300780834697502,0.08387510668811173,dual persistent load below admissibility threshold,True,2.402956828799643e-16
4.0,0.16666666666666666,0.00334924853944193,0.9966507514605581,enso-pacific-sst,,4,0.00334924853944193,0.9966507514605581,-1.2314724692668704,1.492542762404032,0.6964203728629745,0.0023403232408451442,4,,True,False,0.9965351329205671,1.2077990675726642,0.0,675,0.7308437364957665,-2.4735956218925645,0.02330569014318776,4.0,True,24,675,enso_2008-04-01,3,1.0000000000000004,1.2314724692668704,0.06414381968807341,dual persistent load below admissibility threshold,True,4.73314341761544e-16
4.0,0.16666666666666666,0.003462597633096692,0.9965374023669034,enso-pacific-sst,,4,0.003462597633096692,0.9965374023669034,-1.2337562029099738,1.4925612442297889,0.7182115866416665,0.0024955187171714806,4,,True,False,0.997953960993958,1.2072947655233601,0.0,676,0.73920232595977,-2.4590915755997775,0.024065336573992145,4.0,True,24,676,enso_2008-05-01,3,1.0,1.233756202909974,0.14252819962009014,dual persistent load below admissibility threshold,True,3.1780888556492187e-16
4.0,0.16666666666666666,0.0033998795862579144,0.9966001204137421,enso-pacific-sst,,4,0.0033998795862579144,0.9966001204137421,-1.2340947457524192,1.488304676012662,0.7358069769919917,0.002510189462412114,4,,True,False,0.9977120119109251,1.203229701570196,0.0,677,0.7433292221182962,-2.467057399427916,0.02472600665159502,4.0,True,24,677,enso_2008-06-01,3,1.0000000000000004,1.2340947457524185,0.23200557077040826,dual persistent load below admissibility threshold,True,2.797816358419223e-16
4.0,0.16666666666666666,0.00346465458952954,0.9965353454104704,enso-pacific-sst,,4,0.00346465458952954,0.9965353454104704,-1.2339529652430925,1.4827236992747541,0.7483079269875658,0.00260164228550359,4,,True,False,0.9968760798285908,1.1978509962985298,0.0,678,0.7590291257056923,-2.458832763094284,0.029875486162384154,4.0,True,24,678,enso_2008-07-01,3,1.0000000000000013,1.2339529652430927,0.4664792239145842,dual persistent load below admissibility threshold,True,2.4856068866824203e-16
4.0,0.16666666666666666,0.0027549344873086263,0.9972450655126914,enso-pacific-sst,,4,0.0027549344873086263,0.9972450655126914,-1.2355720758065498,1.4812260562434716,0.7550798533326042,0.0020859421626202644,4,,True,False,0.9978354646750447,1.1962231253532294,0.0,679,0.7417192807811999,-2.5586906203136346,0.022788366677598867,4.0,True,24,679,enso_2008-08-01,3,1.0000000000000002,1.2355720758065494,0.317601711158113,dual persistent load below admissibility threshold,True,8.335352156884166e-17
4.0,0.16666666666666666,0.002726598938028745,0.9972734010619713,enso-pacific-sst,,4,0.002726598938028745,0.9972734010619713,-1.2348898983389978,1.4820505202650085,0.7689454392695425,0.0021023380508111006,4,,True,False,0.9975769397634813,1.19723987099535,0.0,680,0.7602303293022716,-2.5631929746161752,0.024514647741738817,4.0,True,24,680,enso_2008-09-01,3,1.0000000000000009,1.2348898983389975,0.3604197918490451,dual persistent load below admissibility threshold,True,2.220582351558129e-16
4.0,0.16666666666666666,0.0030008840369962217,0.9969991159630038,enso-pacific-sst,,4,0.0030008840369962217,0.9969991159630038,-1.233171667675768,1.4845934013903153,0.7765657424615704,0.0023373980005790902,4,,True,False,0.9966376963204111,1.1998343671995162,0.0,681,0.7669550085441613,-2.5214455598935164,0.02721035275982398,4.0,True,24,681,enso_2008-10-01,3,1.0000000000000009,1.233171667675768,0.414228857166963,dual persistent load below admissibility threshold,True,2.3249611401541303e-16
4.0,0.16666666666666666,0.0033358935729742895,0.9966641064270256,enso-pacific-sst,,4,0.0033358935729742895,0.9966641064270256,-1.2314902500447782,1.4915370216315254,0.7306218804719511,0.0024454345447216374,4,,True,False,0.9958156359717774,1.206096343610874,0.0,682,0.7509956288467392,-2.475336631358878,0.02750544658991622,4.0,True,24,682,enso_2008-11-01,3,1.0000000000000009,1.231490250044777,0.40824503049018407,dual persistent load below admissibility threshold,True,2.656803843568188e-16
4.0,0.16666666666666666,0.0032593534485178314,0.9967406465514821,enso-pacific-sst,,4,0.0032593534485178314,0.9967406465514821,-1.226987905895285,1.4835077601834925,0.6737883996290341,0.0022032958638742266,4,,True,False,0.992342369535757,1.199806125954438,0.0,683,0.753545441764214,-2.4854507104430903,0.02626509145527461,4.0,True,24,683,enso_2008-12-01,3,1.0000000000000007,1.2269879058952844,0.3082218261709167,dual persistent load below admissibility threshold,True,4.1480641987025736e-16
4.0,0.16666666666666666,0.003119685044429712,0.9968803149555703,enso-pacific-sst,,4,0.003119685044429712,0.9968803149555703,-1.221515166556194,1.4869388602397344,0.6348053630758943,0.0019865903334643584,4,,True,False,0.9881748146501065,1.2028958565909418,0.0,684,0.7483933012951653,-2.504532269271962,0.02454363043577618,4.0,True,24,684,enso_2009-01-01,3,1.0000000000000004,1.2215151665561939,0.1887297593875288,dual persistent load below admissibility threshold,True,2.0587285415039105e-16
4.0,0.16666666666666666,0.0034000634962636817,0.9965999365037363,enso-pacific-sst,,4,0.0034000634962636817,0.9965999365037363,-1.218753694018028,1.487795874582954,0.5650056224658697,0.0019276089850751668,4,,True,False,0.9862754491064741,1.2039976178823848,0.0,685,0.7627155238044242,-2.4670338275874957,0.028139003009253573,4.0,True,24,685,enso_2009-02-01,3,1.0,1.218753694018029,0.26309089221083615,dual persistent load below admissibility threshold,True,1.7282568002553866e-16
4.0,0.16666666666666666,0.005791569302733045,0.9942084306972668,enso-pacific-sst,,4,0.005791569302733045,0.9942084306972668,-1.2309859039000113,1.4949251464166375,0.6442736864973035,0.0037530919976805368,4,,True,False,0.9966846396720761,1.2103866715065301,0.0,686,0.7876776996431861,-2.2346811840130147,0.039616555880242654,4.0,True,24,686,enso_2009-03-01,3,1.0000000000000002,1.2309859039000104,0.22525027169810372,dual persistent load below admissibility threshold,True,5.000081247770834e-16
4.0,0.16666666666666666,0.005082795237246163,0.9949172047627539,enso-pacific-sst,,4,0.005082795237246163,0.9949172047627539,-1.2267621304368033,1.4854189716051693,0.614186634916003,0.0031377333589036917,4,,True,False,0.9936833008744035,1.2031966020670415,0.0,687,0.7921593430670214,-2.2916843267350906,0.03915528074904967,4.0,True,24,687,enso_2009-04-01,3,1.0000000000000002,1.2267621304368035,0.29627349113937707,dual persistent load below admissibility threshold,True,3.45780924961509e-17
4.0,0.16666666666666666,0.005178609177996953,0.994821390822003,enso-pacific-sst,,4,0.005178609177996953,0.994821390822003,-1.2272806064826793,1.479882678460285,0.5513390033084897,0.0028700319967606067,4,,True,False,0.993325604236706,1.1977744519193165,0.0,688,0.8082339958862267,-2.2835319782834778,0.041688689610864436,4.0,True,24,688,enso_2009-05-01,3,1.0000000000000004,1.2272806064826791,0.33789222224966264,dual persistent load below admissibility threshold,True,4.982288256800253e-16
4.0,0.16666666666666666,0.004542167207971061,0.995457832792029,enso-pacific-sst,,4,0.004542167207971061,0.995457832792029,-1.226667370446674,1.4790498445991878,0.5536490582676066,0.002526241207157759,4,,True,False,0.992270868639988,1.1964270913376154,0.0,689,0.81131189798662,-2.340759750616995,0.03741773083592422,4.0,True,24,689,enso_2009-06-01,3,1.0000000000000004,1.2266673704466737,0.28593309879436013,dual persistent load below admissibility threshold,True,2.383854126445509e-16
4.0,0.16666666666666666,0.0035410249628243474,0.9964589750371756,enso-pacific-sst,,4,0.0035410249628243474,0.9964589750371756,-1.2281630622459279,1.48127497229873,0.5392823565176268,0.0019163983006610108,4,,True,False,0.9927834592352278,1.197386028194055,0.0,690,0.8050376850230653,-2.4493304348021607,0.030018100941682616,4.0,True,24,690,enso_2009-07-01,3,1.0000000000000007,1.2281630622459292,0.19259845504502884,dual persistent load below admissibility threshold,True,2.291386603333511e-16
4.0,0.16666666666666666,0.002979752458101869,0.9970202475418981,enso-pacific-sst,,4,0.002979752458101869,0.9970202475418981,-1.2286408025744104,1.473433241139227,0.5627855973402252,0.0016819736321236475,4,,True,False,0.992299791737961,1.1900040233554714,0.0,691,0.8040809809728316,-2.524523791365486,0.026409029045957672,4.0,True,24,691,enso_2009-08-01,3,1.0000000000000002,1.2286408025744093,0.2021919015564272,dual persistent load below admissibility threshold,True,2.4984138558761675e-16
4.0,0.16666666666666666,0.002468920259968377,0.9975310797400315,enso-pacific-sst,,4,0.002468920259968377,0.9975310797400315,-1.2262497101700638,1.4618810685024202,0.5630375274243148,0.0013935352860811783,4,,True,False,0.9894976886401808,1.179635702543301,0.0,692,0.796095265976591,-2.606419372218128,0.02267581871872946,4.0,True,24,692,enso_2009-09-01,3,1.0,1.2262497101700645,0.20627060481508921,dual persistent load below admissibility threshold,True,2.283000335830794e-16
4.0,0.16666666666666666,0.0023690659760205192,0.9976309340239795,enso-pacific-sst,,4,0.0023690659760205192,0.9976309340239795,-1.2294786169873262,1.4473337432119295,0.6193600813863676,0.0014707892925887103,4,,True,False,0.9911843703539712,1.1668154005580078,0.0,693,0.7873382750027965,-2.6243927515176573,0.02110290794493725,4.0,True,24,693,enso_2009-10-01,3,1.0000000000000004,1.229478616987326,0.2250476647400627,dual persistent load below admissibility threshold,True,2.591882641605124e-16
4.0,0.16666666666666666,0.0015634493485901446,0.9984365506514099,enso-pacific-sst,,4,0.0015634493485901446,0.9984365506514099,-1.213573240567064,1.4311463731966632,0.5383006646541737,0.0008429236919963726,4,,True,False,0.9780431740313958,1.153389753955632,0.0,694,0.7554232799845811,-2.8052366553585193,0.014791773990462437,4.0,True,24,694,enso_2009-11-01,2,1.0000000000000004,1.2135732405670634,0.18425191350358935,numerical successor admissibility boundary: reduced closure requires Y positive definite,True,3.4631013918060207e-16
4.0,0.16666666666666666,0.00166131249997996,0.9983386875000201,enso-pacific-sst,,4,0.00166131249997996,0.9983386875000201,-1.2269582780600503,1.4502199500279482,0.6363440846539226,0.0010589255884404921,4,,True,False,0.9887378684963838,1.1686521113893882,0.0,695,0.753654249214462,-2.778826568382921,0.014452765488576599,4.0,True,24,695,enso_2009-12-01,2,1.0000000000000002,1.2269582780600503,0.27604095914188354,numerical successor admissibility boundary: reduced closure requires Y positive definite,True,2.6643835966135665e-16
4.0,0.16666666666666666,0.001892404461707572,0.9981075955382924,enso-pacific-sst,,4,0.001892404461707572,0.9981075955382924,-1.2308698094318526,1.6180810880254626,0.6927574663158462,0.001313462923233555,4,,True,False,0.9916415625150147,1.3035955924097278,0.0,696,0.7906206651203473,-2.722163397245215,0.020549391529306932,4.0,True,24,696,enso_2010-01-01,2,1.0000000000000002,1.2308698094318533,0.5685658584722915,numerical successor admissibility boundary: reduced closure requires Y positive definite,True,2.3015332716134743e-16
4.0,0.16666666666666666,0.0020461922185514014,0.9979538077814486,enso-pacific-sst,,4,0.0020461922185514014,0.9979538077814486,-1.2336736135774564,1.627737978907518,0.748822476794496,0.0015353764003362004,4,,True,False,0.9937120144229996,1.3111270016406624,0.0,697,0.7942373494981528,-2.6881640108361973,0.023822901035668708,4.0,True,24,697,enso_2010-02-01,2,1.0000000000000007,1.2336736135774562,0.688816131185755,numerical successor admissibility boundary: reduced closure requires Y positive definite,True,4.544804534085229e-16
4.0,0.16666666666666666,0.001881407442503469,0.9981185925574966,enso-pacific-sst,,4,0.001881407442503469,0.9981185925574966,-1.2329367699392195,1.6238651843853613,0.7519649759074901,0.0014174192452915328,4,,True,False,0.993152083252573,1.3080517428912022,0.0,698,0.7977052488353382,-2.7246992878475007,0.022384793970786587,4.0,True,24,698,enso_2010-03-01,2,1.0000000000000002,1.2329367699392193,0.6526821392339948,numerical successor admissibility boundary: reduced closure requires Y positive definite,True,2.2645071823350504e-16
4.0,0.16666666666666666,0.001520661318195053,0.9984793386818049,enso-pacific-sst,,4,0.001520661318195053,0.9984793386818049,-1.2315489443068892,1.6191218017470164,0.7426878241303068,0.0011310966605883042,4,,True,False,0.9919951723065511,1.3041796009278916,0.0,699,0.7912295737524694,-2.8173065838147604,0.01907559224881675,4.0,True,24,699,enso_2010-04-01,2,1.0000000000000004,1.231548944306889,0.6032502927102493,numerical successor admissibility boundary: reduced closure requires Y positive definite,True,2.4140957896100993e-16
4.0,0.16666666666666666,0.0014109494632475815,0.9985890505367525,enso-pacific-sst,,4,0.0014109494632475815,0.9985890505367525,-1.2315682473570981,1.6168624004984882,0.7223950618422004,0.0010207030852291952,4,,True,False,0.991779313119681,1.302055882340776,0.0,700,0.7826811427416528,-2.8498753410660127,0.017480855589468467,4.0,True,24,700,enso_2010-05-01,2,1.0000000000000004,1.2315682473570972,0.5929489555775845,numerical successor admissibility boundary: reduced closure requires Y positive definite,True,1.123301127026631e-16
4.0,0.16666666666666666,0.0013528864703925665,0.9986471135296073,enso-pacific-sst,,4,0.0013528864703925665,0.9986471135296073,-1.23247029595806,1.6099395347862409,0.7451325650831114,0.0010094454310160712,4,,True,False,0.9920390344980407,1.2958712813829276,0.0,701,0.7844236778838052,-2.8681506974489475,0.01636173051419369,4.0,True,24,701,enso_2010-06-01,2,1.0000000000000007,1.2324702959580593,0.5640034926690636,dual persistent load below admissibility threshold,True,2.238201780059561e-16
4.0,0.16666666666666666,0.001275777118636948,0.9987242228813631,enso-pacific-sst,,4,0.001275777118636948,0.9987242228813631,-1.233217066055636,1.602765267754366,0.808601424235129,0.0010329129618587081,4,,True,False,0.9922073198484631,1.2895340767146173,0.0,702,0.7809835053516657,-2.893670774595438,0.015082623374963428,4.0,True,24,702,enso_2010-07-01,2,1.0000000000000007,1.2332170660556365,0.537939586674355,dual persistent load below admissibility threshold,True,1.2493597153236544e-16
4.0,0.16666666666666666,0.001375008297824471,0.9986249917021756,enso-pacific-sst,,4,0.001375008297824471,0.9986249917021756,-1.2329835609747652,1.5718798651050467,0.7529465547588221,0.001036733277470881,4,,True,False,0.9927048461200343,1.2655584461926348,0.0,703,0.7602573165109635,-2.8610971115273496,0.012475712061236268,4.0,True,24,703,enso_2010-08-01,2,1.0000000000000002,1.2329835609747661,0.22672786091825728,numerical successor admissibility boundary: reduced closure requires Y positive definite,True,2.283645735262529e-16
4.0,0.16666666666666666,0.0016822594541781447,0.9983177405458219,enso-pacific-sst,,4,0.0016822594541781447,0.9983177405458219,-1.2285676311565437,1.478740462917614,0.7201082616106069,0.0012134502693139607,4,,True,False,0.9894409112148809,1.19092044587091,0.0,704,0.7536319655336616,-2.773375811100305,0.01425263898691729,4.0,True,24,704,enso_2010-09-01,2,1.0000000000000007,1.2285676311565439,0.2117940203892144,numerical successor admissibility boundary: reduced closure requires Y positive definite,True,2.4989935046492207e-16
4.0,0.16666666666666666,0.0017949228919235517,0.9982050771080765,enso-pacific-sst,,4,0.0017949228919235517,0.9982050771080765,-1.2251042686220341,1.4693775054743055,0.666373540321192,0.0011982398702678086,4,,True,False,0.9868541977546916,1.1836228119543062,0.0,705,0.7631337265137246,-2.745173977998287,0.016388365447988693,4.0,True,24,705,enso_2010-10-01,2,1.0000000000000002,1.225104268622034,0.22780866245358872,numerical successor admissibility boundary: reduced closure requires Y positive definite,True,2.469668681944355e-16
4.0,0.16666666666666666,0.002175420694128806,0.9978245793058713,enso-pacific-sst,,4,0.002175420694128806,0.9978245793058713,-1.232045592566448,1.475917874760455,0.7105054033400402,0.0015490179233623163,4,,True,False,0.9926743805756032,1.1891652962747625,0.0,706,0.7886687704501852,-2.66151094213398,0.02125476765779327,4.0,True,24,706,enso_2010-11-01,3,1.000000000000001,1.2320455925664466,0.3337209286937395,dual persistent load below admissibility threshold,True,2.0222131707911697e-16
4.0,0.16666666666666666,0.0023611539941563587,0.9976388460058436,enso-pacific-sst,,4,0.0023611539941563587,0.9976388460058436,-1.2322502040225678,1.4753542348369202,0.7418325330353602,0.0017557263887470055,4,,True,False,0.9929529029693037,1.1888472532665502,0.0,707,0.7912135979551297,-2.625849038702035,0.02260748314237635,4.0,True,24,707,enso_2010-12-01,3,1.0000000000000002,1.2322502040225682,0.30970311896716923,dual persistent load below admissibility threshold,True,2.689418940108996e-16
