recording,model,fit_until_seconds,horizon_seconds,training_blocks,validation_blocks,relative_increment_rmse,velocity_rmse,a,b,c,d,scaled_design_condition
len1_cond1_1.csv,gravity,20,0.05,399,399,0.34744925684140193,0.2570871238289828,40.37369405182309,0.0,0.0,0.0,1.0
len1_cond1_1.csv,viscous,20,0.05,399,399,0.34727646792250727,0.25695927262391194,40.37408443885736,0.018401871739228567,0.0,0.0,1.00323694948803
len1_cond1_1.csv,quadratic,20,0.05,399,399,0.3434706373534341,0.254143235416988,40.46022176635156,0.0,0.06803502584228358,0.0,1.0506088872352095
len1_cond1_1.csv,dry,20,0.05,399,399,0.34744925684140193,0.2570871238289828,40.37369405182309,0.0,0.0,0.0,1.0675689251771077
len1_cond1_1.csv,mixed,20,0.05,399,399,0.3434706373534341,0.254143235416988,40.46022176635156,0.0,0.06803502584228358,0.0,26.801728924836112
len1_cond1_1.csv,gravity,30,0.05,599,399,0.34743095016447156,0.25707357822246263,40.31101728574812,0.0,0.0,0.0,1.0
len1_cond1_1.csv,viscous,30,0.05,599,399,0.3472910233262367,0.2569700425617008,40.311641915558994,0.01471881976103436,0.0,0.0,1.0065061819823022
len1_cond1_1.csv,quadratic,30,0.05,599,399,0.34349780317161044,0.25416333614227066,40.39249369156318,0.0,0.06670096402112051,0.0,1.0504686889845736
len1_cond1_1.csv,dry,30,0.05,599,399,0.34743095016447156,0.25707357822246263,40.31101728574812,0.0,0.0,0.0,1.0580637473247438
len1_cond1_1.csv,mixed,30,0.05,599,399,0.34349780317161044,0.25416333614227066,40.39249369156318,0.0,0.06670096402112051,0.0,25.20368395888884
len1_cond1_1.csv,gravity,40,0.05,799,399,0.34742361456699217,0.25706815041503345,40.277501607408475,0.0,0.0,0.0,1.0
len1_cond1_1.csv,viscous,40,0.05,799,399,0.3473335435082712,0.25700150439702985,40.27775665256149,0.009299153938699085,0.0,0.0,1.004221533705228
len1_cond1_1.csv,quadratic,40,0.05,799,399,0.3435378392284904,0.2541929599060579,40.34933703598122,0.0,0.06540967106504847,0.0,1.0469242057933952
len1_cond1_1.csv,dry,40,0.05,799,399,0.34742361456699217,0.25706815041503345,40.277501607408475,0.0,0.0,0.0,1.0562704752494478
len1_cond1_1.csv,mixed,40,0.05,799,399,0.3435378392284904,0.2541929599060579,40.34933703598122,0.0,0.06540967106504847,0.0,23.78323015082621
len1_cond1_1.csv,gravity,20,0.1,199,199,0.23276428046605654,0.3277640918156099,40.195466167858704,0.0,0.0,0.0,1.0
len1_cond1_1.csv,viscous,20,0.1,199,199,0.23257768983395105,0.3275013465655616,40.19586781428705,0.014825025128930512,0.0,0.0,1.0041362000618201
len1_cond1_1.csv,quadratic,20,0.1,199,199,0.22924555080691886,0.3228092369351159,40.2602756716382,0.0,0.04999022295933641,0.0,1.0519984607784825
len1_cond1_1.csv,dry,20,0.1,199,199,0.23276428046605654,0.3277640918156099,40.195466167858704,0.0,0.0,0.0,1.067792873357346
len1_cond1_1.csv,mixed,20,0.1,199,199,0.22924555080691886,0.3228092369351159,40.2602756716382,0.0,0.04999022295933641,0.0,42.63154340086817
len1_cond1_1.csv,gravity,30,0.1,299,199,0.23275926857178947,0.32775703437978065,40.148352346410725,0.0,0.0,0.0,1.0
len1_cond1_1.csv,viscous,30,0.1,299,199,0.23263536020699685,0.3275825543754892,40.14878289552377,0.009654817868988903,0.0,0.0,1.0068584846543354
len1_cond1_1.csv,quadratic,30,0.1,299,199,0.22931087566180375,0.3229012233073009,40.20867273883276,0.0,0.048435167559878055,0.0,1.052011865699823
len1_cond1_1.csv,dry,30,0.1,299,199,0.23275926857178947,0.32775703437978065,40.148352346410725,0.0,0.0,0.0,1.0607741801415966
len1_cond1_1.csv,mixed,30,0.1,299,199,0.22931087566180375,0.3229012233073009,40.20867273883276,0.0,0.048435167559878055,0.0,38.16367118972631
len1_cond1_1.csv,gravity,40,0.1,399,199,0.23276096378911496,0.32775942147872045,40.078434922450306,0.0,0.0,0.0,1.0
len1_cond1_1.csv,viscous,40,0.1,399,199,0.23260947288373726,0.3275461014670759,40.07866891506119,0.01189071703998149,0.0,0.0,1.0030319203240077
len1_cond1_1.csv,quadratic,40,0.1,399,199,0.22926879344034543,0.3228419657568286,40.13200085323503,0.0,0.0490390646688832,0.0,1.0470539586418497
len1_cond1_1.csv,dry,40,0.1,399,199,0.23276096378911496,0.32775942147872045,40.078434922450306,0.0,0.0,0.0,1.0605026310511287
len1_cond1_1.csv,mixed,40,0.1,399,199,0.22926879344034543,0.3228419657568286,40.13200085323503,0.0,0.0490390646688832,0.0,34.201494507433644
len1_cond1_1.csv,gravity,20,0.2,99,99,0.10294545351684907,0.26820883262485706,39.99746276617797,0.0,0.0,0.0,1.0
len1_cond1_1.csv,viscous,20,0.2,99,99,0.10280580209810945,0.26784499194306893,39.9980821190633,0.011541975117811668,0.0,0.0,1.0082143027290553
len1_cond1_1.csv,quadratic,20,0.2,99,99,0.10175182762233831,0.26509902061450796,40.02467355007213,0.0,0.019423834675845287,0.0,1.0570477736501727
len1_cond1_1.csv,dry,20,0.2,99,99,0.10294545351684907,0.26820883262485706,39.99746276617797,0.0,0.0,0.0,1.068832553493622
len1_cond1_1.csv,mixed,20,0.2,99,99,0.10175182762233831,0.26509902061450796,40.02467355007213,0.0,0.019423834675845287,0.0,78.6085314884646
len1_cond1_1.csv,gravity,30,0.2,149,99,0.10293947331892507,0.2681932521222776,39.977731897830544,0.0,0.0,0.0,1.0
len1_cond1_1.csv,viscous,30,0.2,149,99,0.10293947331892507,0.2681932521222776,39.977731897830544,0.0,0.0,0.0,1.0047284550734332
len1_cond1_1.csv,quadratic,30,0.2,149,99,0.10188916555754775,0.26545683386433355,39.997897584099526,0.0,0.01653058272702377,0.0,1.0518390888399543
len1_cond1_1.csv,dry,30,0.2,149,99,0.10293947331892507,0.2681932521222776,39.977731897830544,0.0,0.0,0.0,1.0688154755030825
len1_cond1_1.csv,mixed,30,0.2,149,99,0.10188916555754775,0.26545683386433355,39.997897584099526,0.0,0.01653058272702377,0.0,66.52426691460978
len1_cond1_1.csv,gravity,40,0.2,199,99,0.1029297954032484,0.2681680377745118,39.912081717800184,0.0,0.0,0.0,1.0
len1_cond1_1.csv,viscous,40,0.2,199,99,0.10288089973964291,0.268040647507064,39.91212868654885,0.003840982378070491,0.0,0.0,1.001883249233758
len1_cond1_1.csv,quadratic,40,0.2,199,99,0.10180727930859669,0.26524349160890703,39.93186340511718,0.0,0.017738931376183403,0.0,1.0487157597185475
len1_cond1_1.csv,dry,40,0.2,199,99,0.1029297954032484,0.2681680377745118,39.912081717800184,0.0,0.0,0.0,1.0701454366570808
len1_cond1_1.csv,mixed,40,0.2,199,99,0.10180727930859669,0.26524349160890703,39.93186340511718,0.0,0.017738931376183403,0.0,57.48779246872156
len1_cond1_1.csv,gravity,20,0.5,39,39,0.021977758656531447,0.08790843050492117,39.59331154857653,0.0,0.0,0.0,1.0
len1_cond1_1.csv,viscous,20,0.5,39,39,0.021977758656531447,0.08790843050492117,39.59331154857653,0.0,0.0,0.0,1.0282978080934186
len1_cond1_1.csv,quadratic,20,0.5,39,39,0.022185326170145504,0.0887386759649239,39.59628856458857,0.0,0.0026417023572590376,0.0,1.0452867868760989
len1_cond1_1.csv,dry,20,0.5,39,39,0.021977758656531447,0.08790843050492117,39.59331154857653,0.0,0.0,0.0,1.1387769648230126
len1_cond1_1.csv,mixed,20,0.5,39,39,0.022185326170145504,0.0887386759649239,39.59628856458857,0.0,0.0026417023572590376,0.0,96.58117707781793
len1_cond1_1.csv,gravity,30,0.5,59,39,0.027246555068555032,0.10898299185894286,39.19819918942919,0.0,0.0,0.0,1.0
len1_cond1_1.csv,viscous,30,0.5,59,39,0.027246555068555032,0.10898299185894286,39.19819918942919,0.0,0.0,0.0,1.1365349473340156
len1_cond1_1.csv,quadratic,30,0.5,59,39,0.027246555068555032,0.10898299185894286,39.19819918942919,0.0,0.0,0.0,1.1906508435975947
len1_cond1_1.csv,dry,30,0.5,59,39,0.027246555068555032,0.10898299185894286,39.19819918942919,0.0,0.0,0.0,1.0511789939582301
len1_cond1_1.csv,mixed,30,0.5,59,39,0.027246555068555032,0.10898299185894286,39.19819918942919,0.0,0.0,0.0,66.5895930734888
len1_cond1_1.csv,gravity,40,0.5,79,39,0.02804511178243482,0.1121771240943279,39.15151383252099,0.0,0.0,0.0,1.0
len1_cond1_1.csv,viscous,40,0.5,79,39,0.02804511178243482,0.1121771240943279,39.15151383252099,0.0,0.0,0.0,1.178153456766808
len1_cond1_1.csv,quadratic,40,0.5,79,39,0.02804511178243482,0.1121771240943279,39.15151383252099,0.0,0.0,0.0,1.2364817937402295
len1_cond1_1.csv,dry,40,0.5,79,39,0.02804511178243482,0.1121771240943279,39.15151383252099,0.0,0.0,0.0,1.076328489781932
len1_cond1_1.csv,mixed,40,0.5,79,39,0.02804511178243482,0.1121771240943279,39.15151383252099,0.0,0.0,0.0,65.56270460725898
len1_cond2_1.csv,gravity,20,0.05,399,399,0.28403305193655287,0.08701803599991631,39.990332218635444,0.0,0.0,0.0,1.0
len1_cond2_1.csv,viscous,20,0.05,399,399,0.283723268227423,0.08692312884115623,39.989071506305855,0.040610483580982175,0.0,0.0,1.0048381816099954
len1_cond2_1.csv,quadratic,20,0.05,399,399,0.2819373543114969,0.08637598575210644,40.02749961537168,0.0,0.0747707197289954,0.0,1.0279081469649716
len1_cond2_1.csv,dry,20,0.05,399,399,0.28403305193655287,0.08701803599991631,39.990332218635444,0.0,0.0,0.0,1.052316978239117
len1_cond2_1.csv,mixed,20,0.05,399,399,0.2819373543114969,0.08637598575210644,40.02749961537168,0.0,0.0747707197289954,0.0,23.429433272493633
len1_cond2_1.csv,gravity,30,0.05,599,399,0.2840233846346108,0.0870150742684464,40.019910512519374,0.0,0.0,0.0,1.0
len1_cond2_1.csv,viscous,30,0.05,599,399,0.2837259245253914,0.08692394264022175,40.01932033729906,0.038547260229658556,0.0,0.0,1.0023873692649274
len1_cond2_1.csv,quadratic,30,0.05,599,399,0.28184369663248904,0.08634729223482734,40.058681450409594,0.0,0.07845421401072993,0.0,1.0293771266759428
len1_cond2_1.csv,dry,30,0.05,599,399,0.2840233846346108,0.0870150742684464,40.019910512519374,0.0,0.0,0.0,1.0493130905522126
len1_cond2_1.csv,mixed,30,0.05,599,399,0.28184369663248904,0.08634729223482734,40.058681450409594,0.0,0.07845421401072993,0.0,19.489800399040803
len1_cond2_1.csv,gravity,40,0.05,799,399,0.28401669164973936,0.08701302376624422,40.044295730704626,0.0,0.0,0.0,1.0
len1_cond2_1.csv,viscous,40,0.05,799,399,0.2837237803796548,0.08692328574712559,40.043947475974605,0.03779745741254078,0.0,0.0,1.001438020626774
len1_cond2_1.csv,quadratic,40,0.05,799,399,0.28177311059282806,0.08632566708064746,40.083478206964635,0.0,0.08132101725143655,0.0,1.0298334584968867
len1_cond2_1.csv,dry,40,0.05,799,399,0.28401669164973936,0.08701302376624422,40.044295730704626,0.0,0.0,0.0,1.0487248284730597
len1_cond2_1.csv,mixed,40,0.05,799,399,0.28177311059282806,0.08632566708064746,40.083478206964635,0.0,0.08132101725143655,0.0,17.26463617161554
len1_cond2_1.csv,gravity,20,0.1,199,199,0.15769311426968524,0.09279967184387732,39.92227234094545,0.0,0.0,0.0,1.0
len1_cond2_1.csv,viscous,20,0.1,199,199,0.1574639063275634,0.09266478693205712,39.920988841860584,0.04257060673285949,0.0,0.0,1.004696862377284
len1_cond2_1.csv,quadratic,20,0.1,199,199,0.1560254676914262,0.09181829065972909,39.951942270804956,0.0,0.0600025832669902,0.0,1.0279047510933232
len1_cond2_1.csv,dry,20,0.1,199,199,0.15769311426968524,0.09279967184387732,39.92227234094545,0.0,0.0,0.0,1.0523876585470524
len1_cond2_1.csv,mixed,20,0.1,199,199,0.1560254676914262,0.09181829065972909,39.951942270804956,0.0,0.0600025832669902,0.0,34.920306140595905
len1_cond2_1.csv,gravity,30,0.1,299,199,0.1576793027889055,0.09279154402618549,39.93552758090584,0.0,0.0,0.0,1.0
len1_cond2_1.csv,viscous,30,0.1,299,199,0.15747397289819276,0.09267071093486044,39.93505887214964,0.03452414035172715,0.0,0.0,1.0021177467158275
len1_cond2_1.csv,quadratic,30,0.1,299,199,0.15605683561083677,0.09183675013807226,39.96455817081551,0.0,0.057985120065930935,0.0,1.0299444944010903
len1_cond2_1.csv,dry,30,0.1,299,199,0.1576793027889055,0.09279154402618549,39.93552758090584,0.0,0.0,0.0,1.049964294801741
len1_cond2_1.csv,mixed,30,0.1,299,199,0.15605683561083677,0.09183675013807226,39.96455817081551,0.0,0.057985120065930935,0.0,24.17302511607788
len1_cond2_1.csv,gravity,40,0.1,399,199,0.157638304115438,0.09276741701555832,39.97880432373449,0.0,0.0,0.0,1.0
len1_cond2_1.csv,viscous,40,0.1,399,199,0.1574380981944878,0.09264959929186492,39.97852611353277,0.03309701739481037,0.0,0.0,1.0013129895017692
len1_cond2_1.csv,quadratic,40,0.1,399,199,0.15602602667125018,0.09181861960969291,40.00710991049976,0.0,0.05778158995545206,0.0,1.0305377645467706
len1_cond2_1.csv,dry,40,0.1,399,199,0.157638304115438,0.09276741701555832,39.97880432373449,0.0,0.0,0.0,1.0492106125781409
len1_cond2_1.csv,mixed,40,0.1,399,199,0.15602602667125018,0.09181861960969291,40.00710991049976,0.0,0.05778158995545206,0.0,20.13013661164034
len1_cond2_1.csv,gravity,20,0.2,99,99,0.09272770594126618,0.10365153951617091,39.95655950178054,0.0,0.0,0.0,1.0
len1_cond2_1.csv,viscous,20,0.2,99,99,0.0928831380117286,0.10382528233909613,39.955333128722216,0.05553055121195974,0.0,0.0,1.0034408470170029
len1_cond2_1.csv,quadratic,20,0.2,99,99,0.09220750396235214,0.10307005488408098,39.97485174734522,0.0,0.036815333643736216,0.0,1.0283929657456201
len1_cond2_1.csv,dry,20,0.2,99,99,0.09272770594126618,0.10365153951617091,39.95655950178054,0.0,0.0,0.0,1.0524809904485057
len1_cond2_1.csv,mixed,20,0.2,99,99,0.09220750396235214,0.10307005488408098,39.97485174734522,0.0,0.036815333643736216,0.0,56.67661789915902
len1_cond2_1.csv,gravity,30,0.2,149,99,0.09272903337648086,0.1036530233305521,39.955943939627296,0.0,0.0,0.0,1.0
len1_cond2_1.csv,viscous,30,0.2,149,99,0.09279759992079664,0.10372966739076572,39.95551646426495,0.04112378625429589,0.0,0.0,1.0016248182353515
len1_cond2_1.csv,quadratic,30,0.2,149,99,0.09224709971306456,0.10311431523192396,39.97257214127057,0.0,0.03301390788077659,0.0,1.0305681655404215
len1_cond2_1.csv,dry,30,0.2,149,99,0.09272903337648086,0.1036530233305521,39.955943939627296,0.0,0.0,0.0,1.0530081803471847
len1_cond2_1.csv,mixed,30,0.2,149,99,0.09224709971306456,0.10311431523192396,39.97257214127057,0.0,0.03301390788077659,0.0,39.665634414868165
len1_cond2_1.csv,gravity,40,0.2,199,99,0.09261504527720099,0.10352560680647283,40.01150403140962,0.0,0.0,0.0,1.0
len1_cond2_1.csv,viscous,40,0.2,199,99,0.09270025028865095,0.10362084943672699,40.01109511063411,0.04419206621967346,0.0,0.0,1.001449122931242
len1_cond2_1.csv,quadratic,40,0.2,199,99,0.09213007071287851,0.10298349957209296,40.028016932175944,0.0,0.034083096264132376,0.0,1.030648301813112
len1_cond2_1.csv,dry,40,0.2,199,99,0.09261504527720099,0.10352560680647283,40.01150403140962,0.0,0.0,0.0,1.05296654580933
len1_cond2_1.csv,mixed,40,0.2,199,99,0.09213007071287851,0.10298349957209296,40.028016932175944,0.0,0.034083096264132376,0.0,33.4225636563771
len1_cond2_1.csv,gravity,20,0.5,39,39,0.44100144726766016,0.07907751553683429,41.120524726408064,0.0,0.0,0.0,1.0
len1_cond2_1.csv,viscous,20,0.5,39,39,0.44100144726766016,0.07907751553683429,41.120524726408064,0.0,0.0,0.0,2.521913673349645
len1_cond2_1.csv,quadratic,20,0.5,39,39,0.44100144726766016,0.07907751553683429,41.120524726408064,0.0,0.0,0.0,2.8991284835884685
len1_cond2_1.csv,dry,20,0.5,39,39,0.44100144726766016,0.07907751553683429,41.120524726408064,0.0,0.0,0.0,2.150165359791707
len1_cond2_1.csv,mixed,20,0.5,39,39,0.44100144726766016,0.07907751553683429,41.120524726408064,0.0,0.0,0.0,144.372506032779
len1_cond2_1.csv,gravity,30,0.5,59,39,0.4142808617285274,0.07428615366894085,41.005600786583244,0.0,0.0,0.0,1.0
len1_cond2_1.csv,viscous,30,0.5,59,39,0.4142808617285274,0.07428615366894085,41.005600786583244,0.0,0.0,0.0,2.1013518481001663
len1_cond2_1.csv,quadratic,30,0.5,59,39,0.4142808617285274,0.07428615366894085,41.005600786583244,0.0,0.0,0.0,2.550290506515992
len1_cond2_1.csv,dry,30,0.5,59,39,0.4142808617285274,0.07428615366894085,41.005600786583244,0.0,0.0,0.0,1.6725673279072788
len1_cond2_1.csv,mixed,30,0.5,59,39,0.4142808617285274,0.07428615366894085,41.005600786583244,0.0,0.0,0.0,89.9194484145173
len1_cond2_1.csv,gravity,40,0.5,79,39,0.4145561445482399,0.07433551559640779,41.006806066130835,0.0,0.0,0.0,1.0
len1_cond2_1.csv,viscous,40,0.5,79,39,0.4145561445482399,0.07433551559640779,41.006806066130835,0.0,0.0,0.0,1.915663024925331
len1_cond2_1.csv,quadratic,40,0.5,79,39,0.4145561445482399,0.07433551559640779,41.006806066130835,0.0,0.0,0.0,2.4003105580180337
len1_cond2_1.csv,dry,40,0.5,79,39,0.4145561445482399,0.07433551559640779,41.006806066130835,0.0,0.0,0.0,1.4930329709008054
len1_cond2_1.csv,mixed,40,0.5,79,39,0.4145561445482399,0.07433551559640779,41.006806066130835,0.0,0.0,0.0,85.44500335829416
len1_cond3_1.csv,gravity,20,0.05,399,399,0.3249359402078836,0.05714020326120711,39.92210552906733,0.0,0.0,0.0,1.0
len1_cond3_1.csv,viscous,20,0.05,399,399,0.3244091500592109,0.057047566859853974,39.92472320474692,0.06256951293486648,0.0,0.0,1.0066378926332589
len1_cond3_1.csv,quadratic,20,0.05,399,399,0.32372928237609633,0.05692801167128653,39.97727347839189,0.0,0.10142254267993522,0.0,1.0381681332572015
len1_cond3_1.csv,dry,20,0.05,399,399,0.3249359402078836,0.05714020326120711,39.92210552906733,0.0,0.0,0.0,1.039930736310164
len1_cond3_1.csv,mixed,20,0.05,399,399,0.32372928237609633,0.05692801167128653,39.97727347839189,0.0,0.10142254267993522,0.0,19.697986483204936
len1_cond3_1.csv,gravity,30,0.05,599,399,0.3249359227547561,0.05714020019206292,39.92244423232888,0.0,0.0,0.0,1.0
len1_cond3_1.csv,viscous,30,0.05,599,399,0.3243994316126114,0.057045857864494086,39.92476168578502,0.06411754894257923,0.0,0.0,1.0057268228398943
len1_cond3_1.csv,quadratic,30,0.05,599,399,0.3236736104735596,0.05691822172984499,39.97586310656014,0.0,0.10695566463882489,0.0,1.0369726690565815
len1_cond3_1.csv,dry,30,0.05,599,399,0.3249359227547561,0.05714020019206292,39.92244423232888,0.0,0.0,0.0,1.0415638067170079
len1_cond3_1.csv,mixed,30,0.05,599,399,0.3236736104735596,0.05691822172984499,39.97586310656014,0.0,0.10695566463882489,0.0,16.965501152501894
len1_cond3_1.csv,gravity,40,0.05,799,399,0.3249360405773264,0.057140220911241026,39.92022525299907,0.0,0.0,0.0,1.0
len1_cond3_1.csv,viscous,40,0.05,799,399,0.32439198137255,0.05704454773477687,39.9224469528784,0.06534018910663988,0.0,0.0,1.005384657162191
len1_cond3_1.csv,quadratic,40,0.05,799,399,0.32364365412523294,0.0569129538858778,39.972641692161424,0.0,0.10996717267243714,0.0,1.0364464246655118
len1_cond3_1.csv,dry,40,0.05,799,399,0.3249360405773264,0.057140220911241026,39.92022525299907,0.0,0.0,0.0,1.0410817650279658
len1_cond3_1.csv,mixed,40,0.05,799,399,0.32364365412523294,0.0569129538858778,39.972641692161424,0.0,0.10996717267243714,0.0,14.982861666133632
len1_cond3_1.csv,gravity,20,0.1,199,199,0.16617248482423436,0.05534446038304943,39.844413096753925,0.0,0.0,0.0,1.0
len1_cond3_1.csv,viscous,20,0.1,199,199,0.16511522848913657,0.05499233661590207,39.84683767133674,0.07480746194012558,0.0,0.0,1.0051527127628768
len1_cond3_1.csv,quadratic,20,0.1,199,199,0.16461683412589817,0.05482634423081763,39.89615801805102,0.0,0.09866158464607097,0.0,1.0371000668284216
len1_cond3_1.csv,dry,20,0.1,199,199,0.16617248482423436,0.05534446038304943,39.844413096753925,0.0,0.0,0.0,1.0443390252317424
len1_cond3_1.csv,mixed,20,0.1,199,199,0.16461683412589817,0.05482634423081763,39.89615801805102,0.0,0.09866158464607097,0.0,31.073378130188882
len1_cond3_1.csv,gravity,30,0.1,299,199,0.16622057063409387,0.05536047556872576,39.77635555550287,0.0,0.0,0.0,1.0
len1_cond3_1.csv,viscous,30,0.1,299,199,0.16524327573481182,0.05503498330150064,39.77844921533652,0.06668301768676083,0.0,0.0,1.0049824615067275
len1_cond3_1.csv,quadratic,30,0.1,299,199,0.16461489638226978,0.05482569885697257,39.82625670688067,0.0,0.10176351534801131,0.0,1.0365776195565433
len1_cond3_1.csv,dry,30,0.1,299,199,0.16622057063409387,0.05536047556872576,39.77635555550287,0.0,0.0,0.0,1.0459641019576826
len1_cond3_1.csv,mixed,30,0.1,299,199,0.16461489638226978,0.05482569885697257,39.82625670688067,0.0,0.10176351534801131,0.0,26.548226224083667
len1_cond3_1.csv,gravity,40,0.1,399,199,0.16622782883389187,0.05536289294336872,39.767603605132074,0.0,0.0,0.0,1.0
len1_cond3_1.csv,viscous,40,0.1,399,199,0.1652678119245954,0.055043155184979806,39.76965373521717,0.06503184065707013,0.0,0.0,1.0049994476474993
len1_cond3_1.csv,quadratic,40,0.1,399,199,0.16459459063729556,0.05481893594132223,39.81659056840344,0.0,0.10396149629255812,0.0,1.0363042784264007
len1_cond3_1.csv,dry,40,0.1,399,199,0.16622782883389187,0.05536289294336872,39.767603605132074,0.0,0.0,0.0,1.0450704799106214
len1_cond3_1.csv,mixed,40,0.1,399,199,0.16459459063729556,0.05481893594132223,39.81659056840344,0.0,0.10396149629255812,0.0,22.804531028551846
len1_cond3_1.csv,gravity,20,0.2,99,99,0.09194415322432718,0.05761239061437439,39.66139849709457,0.0,0.0,0.0,1.0
len1_cond3_1.csv,viscous,20,0.2,99,99,0.09004923479121,0.05642503092783981,39.66196186760616,0.07701877324416738,0.0,0.0,1.0011633519580205
len1_cond3_1.csv,quadratic,20,0.2,99,99,0.09046243722367492,0.05668394439984598,39.689070507439155,0.0,0.05505767800907357,0.0,1.0360292798968145
len1_cond3_1.csv,dry,20,0.2,99,99,0.09194415322432718,0.05761239061437439,39.66139849709457,0.0,0.0,0.0,1.054703186013546
len1_cond3_1.csv,mixed,20,0.2,99,99,0.09046243722367492,0.05668394439984598,39.689070507439155,0.0,0.05505767800907357,0.0,48.24454628890262
len1_cond3_1.csv,gravity,30,0.2,149,99,0.09202639023054049,0.05766392048722404,39.63542212507227,0.0,0.0,0.0,1.0
len1_cond3_1.csv,viscous,30,0.2,149,99,0.09036232609016485,0.05662121456302256,39.636492403087374,0.06504391270760529,0.0,0.0,1.002613317187316
len1_cond3_1.csv,quadratic,30,0.2,149,99,0.09056834140853927,0.056750304174253995,39.661521230471756,0.0,0.05412459462407233,0.0,1.0364829994488185
len1_cond3_1.csv,dry,30,0.2,149,99,0.09202639023054049,0.05766392048722404,39.63542212507227,0.0,0.0,0.0,1.0536531049485838
len1_cond3_1.csv,mixed,30,0.2,149,99,0.09056834140853927,0.056750304174253995,39.661521230471756,0.0,0.05412459462407233,0.0,38.5688570928522
len1_cond3_1.csv,gravity,40,0.2,199,99,0.09207511703539964,0.0576944528007697,39.620400697718125,0.0,0.0,0.0,1.0
len1_cond3_1.csv,viscous,40,0.2,199,99,0.09038072193318472,0.05663274143511366,39.62172311010859,0.06651632500762732,0.0,0.0,1.0031572590895483
len1_cond3_1.csv,quadratic,40,0.2,199,99,0.09057660129379717,0.056755479834904726,39.64640773523409,0.0,0.055812629883654805,0.0,1.0364335432615497
len1_cond3_1.csv,dry,40,0.2,199,99,0.09207511703539964,0.0576944528007697,39.620400697718125,0.0,0.0,0.0,1.0511616263538648
len1_cond3_1.csv,mixed,40,0.2,199,99,0.09057660129379717,0.056755479834904726,39.64640773523409,0.0,0.055812629883654805,0.0,31.07251835040428
len1_cond3_1.csv,gravity,20,0.5,39,39,0.040263158368024694,0.05766695202427482,38.62561831385912,0.0,0.0,0.0,1.0
len1_cond3_1.csv,viscous,20,0.5,39,39,0.04005600433824897,0.0573702554415696,38.63375269466471,0.004245332750741696,0.0,0.0,2.708733517675092
len1_cond3_1.csv,quadratic,20,0.5,39,39,0.039623432163286273,0.05675070347715092,38.70997278433166,0.0,0.01480227122549917,0.0,2.642972994085713
len1_cond3_1.csv,dry,20,0.5,39,39,0.040263158368024694,0.05766695202427482,38.62561831385912,0.0,0.0,0.0,2.3093237993512457
len1_cond3_1.csv,mixed,20,0.5,39,39,0.039623432163286273,0.05675070347715092,38.70997278433166,0.0,0.01480227122549917,0.0,134.5070054601648
len1_cond3_1.csv,gravity,30,0.5,59,39,0.0403932507309173,0.05785327695142237,38.570473903654204,0.0,0.0,0.0,1.0
len1_cond3_1.csv,viscous,30,0.5,59,39,0.0403932507309173,0.05785327695142237,38.570473903654204,0.0,0.0,0.0,2.297960877932462
len1_cond3_1.csv,quadratic,30,0.5,59,39,0.04029483233919569,0.05771231710366676,38.581133372178236,0.0,0.002276041899366312,0.0,2.3083873594993705
len1_cond3_1.csv,dry,30,0.5,59,39,0.0403932507309173,0.05785327695142237,38.570473903654204,0.0,0.0,0.0,1.7658022966032156
len1_cond3_1.csv,mixed,30,0.5,59,39,0.04029483233919569,0.05771231710366676,38.581133372178236,0.0,0.002276041899366312,0.0,107.12395147917073
len1_cond3_1.csv,gravity,40,0.5,79,39,0.04020017057280417,0.05757673768659431,38.65250872132736,0.0,0.0,0.0,1.0
len1_cond3_1.csv,viscous,40,0.5,79,39,0.04005252452005442,0.05736527146820507,38.65698580109474,0.0031056860440997498,0.0,0.0,2.2315511113505297
len1_cond3_1.csv,quadratic,40,0.5,79,39,0.039639474819549284,0.05677368058889672,38.71303689517444,0.0,0.01400980729604502,0.0,2.2182660839314225
len1_cond3_1.csv,dry,40,0.5,79,39,0.04020017057280417,0.05757673768659431,38.65250872132736,0.0,0.0,0.0,1.6826523235934123
len1_cond3_1.csv,mixed,40,0.5,79,39,0.039639474819549284,0.05677368058889672,38.71303689517444,0.0,0.01400980729604502,0.0,75.28613802531902
len2_cond1_1.csv,gravity,20,0.05,399,399,0.26801902391981697,0.06027015297081732,29.060443880736056,0.0,0.0,0.0,1.0
len2_cond1_1.csv,viscous,20,0.05,399,399,0.2679981880033181,0.060265467542685,29.0604592785165,0.0028435958381597087,0.0,0.0,1.0009992711208044
len2_cond1_1.csv,quadratic,20,0.05,399,399,0.2666657483606287,0.05996583828534804,29.07291166113203,0.0,0.0831303432725882,0.0,1.0209523636739046
len2_cond1_1.csv,dry,20,0.05,399,399,0.26801902391981697,0.06027015297081732,29.060443880736056,0.0,0.0,0.0,1.0483265539666122
len2_cond1_1.csv,mixed,20,0.05,399,399,0.2666657483606287,0.05996583828534804,29.07291166113203,0.0,0.0831303432725882,0.0,27.655076363466588
len2_cond1_1.csv,gravity,30,0.05,599,399,0.2680197097859056,0.060270307203354544,29.048562137301257,0.0,0.0,0.0,1.0
len2_cond1_1.csv,viscous,30,0.05,599,399,0.26792173524816715,0.060248275407661894,29.04865762722725,0.014775271605152426,0.0,0.0,1.0011918854863502
len2_cond1_1.csv,quadratic,30,0.05,599,399,0.26657239677975414,0.059944846066299205,29.062122870276244,0.0,0.09183826900619903,0.0,1.0211438021171475
len2_cond1_1.csv,dry,30,0.05,599,399,0.2680197097859056,0.060270307203354544,29.048562137301257,0.0,0.0,0.0,1.0443078248544093
len2_cond1_1.csv,mixed,30,0.05,599,399,0.26657239677975414,0.059944846066299205,29.062122870276244,0.0,0.09183826900619903,0.0,26.984097129076343
len2_cond1_1.csv,gravity,40,0.05,799,399,0.2680199661523641,0.06027036485316404,29.045627870368385,0.0,0.0,0.0,1.0
len2_cond1_1.csv,viscous,40,0.05,799,399,0.26798484302609904,0.06026246662205398,29.045650242889746,0.004871339655235909,0.0,0.0,1.00084683702332
len2_cond1_1.csv,quadratic,40,0.05,799,399,0.2666340670791672,0.05995871403106164,29.057770919673175,0.0,0.08601621369633171,0.0,1.0207404931691741
len2_cond1_1.csv,dry,40,0.05,799,399,0.2680199661523641,0.06027036485316404,29.045627870368385,0.0,0.0,0.0,1.0436475373022684
len2_cond1_1.csv,mixed,40,0.05,799,399,0.2666340670791672,0.05995871403106164,29.057770919673175,0.0,0.08601621369633171,0.0,25.89555959716886
len2_cond1_1.csv,gravity,20,0.1,199,199,0.16792417201047585,0.07330749387684239,28.99185025450577,0.0,0.0,0.0,1.0
len2_cond1_1.csv,viscous,20,0.1,199,199,0.16792417201047585,0.07330749387684239,28.99185025450577,0.0,0.0,0.0,1.000950069954429
len2_cond1_1.csv,quadratic,20,0.1,199,199,0.16658255119903773,0.07272180774099883,29.00051148995954,0.0,0.06307449202068019,0.0,1.0192666074085088
len2_cond1_1.csv,dry,20,0.1,199,199,0.16792417201047585,0.07330749387684239,28.99185025450577,0.0,0.0,0.0,1.051822876223272
len2_cond1_1.csv,mixed,20,0.1,199,199,0.16658255119903773,0.07272180774099883,29.00051148995954,0.0,0.06307449202068019,0.0,40.75033411583262
len2_cond1_1.csv,gravity,30,0.1,299,199,0.16790610444000578,0.07329960645780231,29.01740392110602,0.0,0.0,0.0,1.0
len2_cond1_1.csv,viscous,30,0.1,299,199,0.1678588660653374,0.07327898449003975,29.01742064406184,0.00495861119390856,0.0,0.0,1.0006228382737719
len2_cond1_1.csv,quadratic,30,0.1,299,199,0.1664196368527487,0.07265068729240559,29.02804219463889,0.0,0.07330950069594676,0.0,1.02088171300129
len2_cond1_1.csv,dry,30,0.1,299,199,0.16790610444000578,0.07329960645780231,29.01740392110602,0.0,0.0,0.0,1.0464247796828872
len2_cond1_1.csv,mixed,30,0.1,299,199,0.1664196368527487,0.07265068729240559,29.02804219463889,0.0,0.07330950069594676,0.0,38.57445362852563
len2_cond1_1.csv,gravity,40,0.1,399,199,0.1679020777224587,0.07329784858954312,29.02403556832679,0.0,0.0,0.0,1.0
len2_cond1_1.csv,viscous,40,0.1,399,199,0.16789875798952392,0.0732963993562441,29.024037138133185,0.0003337519906528843,0.0,0.0,1.0008683641968485
len2_cond1_1.csv,quadratic,40,0.1,399,199,0.16646490239345949,0.0726704480171944,29.033979892759803,0.0,0.06975247725931694,0.0,1.0210444668486973
len2_cond1_1.csv,dry,40,0.1,399,199,0.1679020777224587,0.07329784858954312,29.02403556832679,0.0,0.0,0.0,1.0452261834777612
len2_cond1_1.csv,mixed,40,0.1,399,199,0.16646490239345949,0.0726704480171944,29.033979892759803,0.0,0.06975247725931694,0.0,36.62267710201438
len2_cond1_1.csv,gravity,20,0.2,99,99,0.08635597520480136,0.07174480701836629,28.736951502058307,0.0,0.0,0.0,1.0
len2_cond1_1.csv,viscous,20,0.2,99,99,0.08635597520480136,0.07174480701836629,28.736951502058307,0.0,0.0,0.0,1.0060903283073044
len2_cond1_1.csv,quadratic,20,0.2,99,99,0.0860766602299329,0.07151275128717048,28.7388119281231,0.0,0.01552337093305143,0.0,1.0169309714621484
len2_cond1_1.csv,dry,20,0.2,99,99,0.08635597520480136,0.07174480701836629,28.736951502058307,0.0,0.0,0.0,1.0647392051382023
len2_cond1_1.csv,mixed,20,0.2,99,99,0.0860766602299329,0.07151275128717048,28.7388119281231,0.0,0.01552337093305143,0.0,107.27916457254652
len2_cond1_1.csv,gravity,30,0.2,149,99,0.08633134016616226,0.07172434015328995,28.882330831105097,0.0,0.0,0.0,1.0
len2_cond1_1.csv,viscous,30,0.2,149,99,0.08633134016616226,0.07172434015328995,28.882330831105097,0.0,0.0,0.0,1.0022426699841753
len2_cond1_1.csv,quadratic,30,0.2,149,99,0.08589089740799155,0.07135841896934578,28.886088170063502,0.0,0.02756638011367791,0.0,1.0198016228260212
len2_cond1_1.csv,dry,30,0.2,149,99,0.08633134016616226,0.07172434015328995,28.882330831105097,0.0,0.0,0.0,1.054749731881874
len2_cond1_1.csv,mixed,30,0.2,149,99,0.08589089740799155,0.07135841896934578,28.886088170063502,0.0,0.02756638011367791,0.0,88.38978491285144
len2_cond1_1.csv,gravity,40,0.2,199,99,0.08636236682265216,0.07175011719392917,28.92563996688994,0.0,0.0,0.0,1.0
len2_cond1_1.csv,viscous,40,0.2,199,99,0.08636236682265216,0.07175011719392917,28.92563996688994,0.0,0.0,0.0,1.0004655754957166
len2_cond1_1.csv,quadratic,40,0.2,199,99,0.08594002196792692,0.07139923180324716,28.929361785959856,0.0,0.026347157719527975,0.0,1.0210750773491006
len2_cond1_1.csv,dry,40,0.2,199,99,0.08636236682265216,0.07175011719392917,28.92563996688994,0.0,0.0,0.0,1.0503817904533734
len2_cond1_1.csv,mixed,40,0.2,199,99,0.08594002196792692,0.07139923180324716,28.929361785959856,0.0,0.026347157719527975,0.0,75.44465336635821
len2_cond1_1.csv,gravity,20,0.5,39,39,0.04061176652263227,0.06473193802946905,28.744729732106407,0.0,0.0,0.0,1.0
len2_cond1_1.csv,viscous,20,0.5,39,39,0.04059699526791034,0.06470839381981876,28.74465497597007,0.0046736740183727045,0.0,0.0,1.002833875400156
len2_cond1_1.csv,quadratic,20,0.5,39,39,0.04055565432809951,0.06464249963734277,28.745627433464755,0.0,0.007316302892769053,0.0,1.0167429297471493
len2_cond1_1.csv,dry,20,0.5,39,39,0.04061176652263227,0.06473193802946905,28.744729732106407,0.0,0.0,0.0,1.05640995971194
len2_cond1_1.csv,mixed,20,0.5,39,39,0.04055565432809951,0.06464249963734277,28.745627433464755,0.0,0.007316302892769053,0.0,175.37858819122184
len2_cond1_1.csv,gravity,30,0.5,59,39,0.040400323613522485,0.06439491478568482,28.952750885159453,0.0,0.0,0.0,1.0
len2_cond1_1.csv,viscous,30,0.5,59,39,0.040380743760968736,0.06436370605209209,28.951426792507846,0.02502345732495117,0.0,0.0,1.0095251379556254
len2_cond1_1.csv,quadratic,30,0.5,59,39,0.040264977883846136,0.06417918441648061,28.954329375481954,0.0,0.02270072076257151,0.0,1.0098270080434273
len2_cond1_1.csv,dry,30,0.5,59,39,0.040559285268395244,0.0646482870684825,28.948019929517756,0.0,0.0,0.017095609528423,1.058863153013976
len2_cond1_1.csv,mixed,30,0.5,59,39,0.040264977883846136,0.06417918441648061,28.954329375481954,0.0,0.02270072076257151,0.0,142.03602434768982
len2_cond1_1.csv,gravity,40,0.5,79,39,0.04042909251346943,0.06444077013274302,29.02430998310939,0.0,0.0,0.0,1.0
len2_cond1_1.csv,viscous,40,0.5,79,39,0.04039544716564883,0.06438714211415167,29.02347006100614,0.011344010471737359,0.0,0.0,1.0134720436550244
len2_cond1_1.csv,quadratic,40,0.5,79,39,0.04032478737202966,0.06427451600173713,29.02494374707812,0.0,0.014304985516162882,0.0,1.0064710707688698
len2_cond1_1.csv,dry,40,0.5,79,39,0.04042909251346943,0.06444077013274302,29.02430998310939,0.0,0.0,0.0,1.0627749919860647
len2_cond1_1.csv,mixed,40,0.5,79,39,0.04032478737202966,0.06427451600173713,29.02494374707812,0.0,0.014304985516162882,0.0,120.63891269861607
len2_cond2_1.csv,gravity,20,0.05,399,399,0.2774754782567354,0.061219392446685596,28.979652062568913,0.0,0.0,0.0,1.0
len2_cond2_1.csv,viscous,20,0.05,399,399,0.2770015427589329,0.06111482809593046,28.98267425650402,0.04351757773044308,0.0,0.0,1.0128522415786751
len2_cond2_1.csv,quadratic,20,0.05,399,399,0.27578481510022484,0.06084638157046753,29.008042041882387,0.0,0.0699917123911555,0.0,1.0349767069508324
len2_cond2_1.csv,dry,20,0.05,399,399,0.2774754782567354,0.061219392446685596,28.979652062568913,0.0,0.0,0.0,1.036728924429
len2_cond2_1.csv,mixed,20,0.05,399,399,0.27578481510022484,0.06084638157046753,29.008042041882387,0.0,0.0699917123911555,0.0,21.637413984016618
len2_cond2_1.csv,gravity,30,0.05,599,399,0.27747915701999765,0.06122020409192821,28.97388010656562,0.0,0.0,0.0,1.0
len2_cond2_1.csv,viscous,30,0.05,599,399,0.2769914287421308,0.061112596641217015,28.97635350229632,0.04521330362425254,0.0,0.0,1.0101218468144626
len2_cond2_1.csv,quadratic,30,0.05,599,399,0.2757319740731387,0.060834723258912225,28.99974310611933,0.0,0.07291085492639146,0.0,1.0323050536386247
len2_cond2_1.csv,dry,30,0.05,599,399,0.27747915701999765,0.06122020409192821,28.97388010656562,0.0,0.0,0.0,1.0397969225981232
len2_cond2_1.csv,mixed,30,0.05,599,399,0.2757319740731387,0.060834723258912225,28.99974310611933,0.0,0.07291085492639146,0.0,19.453054649081142
len2_cond2_1.csv,gravity,40,0.05,799,399,0.2775011539678087,0.06122505727675426,28.94280243727278,0.0,0.0,0.0,1.0
len2_cond2_1.csv,viscous,40,0.05,799,399,0.27701005212778573,0.061116705517295936,28.94495015931266,0.04563721104794185,0.0,0.0,1.0087080987536237
len2_cond2_1.csv,quadratic,40,0.05,799,399,0.2757031767708692,0.06082836971242906,28.96747850181465,0.0,0.07545609919581318,0.0,1.0310180526786425
len2_cond2_1.csv,dry,40,0.05,799,399,0.2775011539678087,0.06122505727675426,28.94280243727278,0.0,0.0,0.0,1.0396326915394378
len2_cond2_1.csv,mixed,40,0.05,799,399,0.2757031767708692,0.06082836971242906,28.96747850181465,0.0,0.07545609919581318,0.0,17.819695416722688
len2_cond2_1.csv,gravity,20,0.1,199,199,0.18074065385369226,0.07730050147662301,28.959717791951274,0.0,0.0,0.0,1.0
len2_cond2_1.csv,viscous,20,0.1,199,199,0.1801319195678942,0.077040153488747,28.963539688887415,0.05242803666848842,0.0,0.0,1.0135260285332417
len2_cond2_1.csv,quadratic,20,0.1,199,199,0.17878406045770864,0.07646369112172735,28.987076889725508,0.0,0.06662057728005262,0.0,1.0356232594328583
len2_cond2_1.csv,dry,20,0.1,199,199,0.18074065385369226,0.07730050147662301,28.959717791951274,0.0,0.0,0.0,1.0377426760341621
len2_cond2_1.csv,mixed,20,0.1,199,199,0.17878406045770864,0.07646369112172735,28.987076889725508,0.0,0.06662057728005262,0.0,28.655581156765862
len2_cond2_1.csv,gravity,30,0.1,299,199,0.18075572092128023,0.07730694547168167,28.947637392848392,0.0,0.0,0.0,1.0
len2_cond2_1.csv,viscous,30,0.1,299,199,0.18012474943559423,0.07703708691346012,28.950786992549872,0.05577156346408415,0.0,0.0,1.0104671365076277
len2_cond2_1.csv,quadratic,30,0.1,299,199,0.17872864703933872,0.0764399915005453,28.972493434795226,0.0,0.06976287315895971,0.0,1.032612783092903
len2_cond2_1.csv,dry,30,0.1,299,199,0.18075572092128023,0.07730694547168167,28.947637392848392,0.0,0.0,0.0,1.0410468416219474
len2_cond2_1.csv,mixed,30,0.1,299,199,0.17872864703933872,0.0764399915005453,28.972493434795226,0.0,0.06976287315895971,0.0,24.773435142394504
len2_cond2_1.csv,gravity,40,0.1,399,199,0.1808010534366251,0.07732633361759482,28.91468948632949,0.0,0.0,0.0,1.0
len2_cond2_1.csv,viscous,40,0.1,399,199,0.18017932920743157,0.0770604299945188,28.917337106342735,0.05443299648946387,0.0,0.0,1.0090115927008168
len2_cond2_1.csv,quadratic,40,0.1,399,199,0.17872658891542936,0.07643911126686846,28.93823088003898,0.0,0.07175749816554224,0.0,1.0312606470391874
len2_cond2_1.csv,dry,40,0.1,399,199,0.1808010534366251,0.07732633361759482,28.91468948632949,0.0,0.0,0.0,1.0407870075086136
len2_cond2_1.csv,mixed,40,0.1,399,199,0.17872658891542936,0.07643911126686846,28.93823088003898,0.0,0.07175749816554224,0.0,22.07484650057975
len2_cond2_1.csv,gravity,20,0.2,99,99,0.0938189247693121,0.07630999113617588,29.215309572801313,0.0,0.0,0.0,1.0
len2_cond2_1.csv,viscous,20,0.2,99,99,0.09386690619544727,0.07634901804052464,29.224200177665242,0.12595670609711945,0.0,0.0,1.013206543309812
len2_cond2_1.csv,quadratic,20,0.2,99,99,0.0921985853847355,0.07499204718852705,29.250326301939676,0.0,0.08636500767207024,0.0,1.0356342152396303
len2_cond2_1.csv,dry,20,0.2,99,99,0.09516512446018732,0.07740495664266411,29.2087641580982,0.0,0.0,0.061667855879379514,1.0366460392387409
len2_cond2_1.csv,mixed,20,0.2,99,99,0.0921985853847355,0.07499204718852705,29.250326301939676,0.0,0.08636500767207024,0.0,46.3600048295627
len2_cond2_1.csv,gravity,30,0.2,149,99,0.09365573301916501,0.07617725500604178,29.119126818002904,0.0,0.0,0.0,1.0
len2_cond2_1.csv,viscous,30,0.2,149,99,0.0934533129138412,0.07601261150281441,29.125153631773124,0.10702100386387249,0.0,0.0,1.0104994111647911
len2_cond2_1.csv,quadratic,30,0.2,149,99,0.09204190764102475,0.07486460938998904,29.147936439387877,0.0,0.08085910553083056,0.0,1.0329933538044578
len2_cond2_1.csv,dry,30,0.2,149,99,0.09423520375036458,0.07664858215533753,29.115029958353976,0.0,0.0,0.03175299857260998,1.0411624229917593
len2_cond2_1.csv,mixed,30,0.2,149,99,0.09204190764102475,0.07486460938998904,29.147936439387877,0.0,0.08085910553083056,0.0,38.08810447097126
len2_cond2_1.csv,gravity,40,0.2,199,99,0.09358576483993207,0.07612034462095467,29.048500790196172,0.0,0.0,0.0,1.0
len2_cond2_1.csv,viscous,40,0.2,199,99,0.0932524818090355,0.07584926045327645,29.053245883505383,0.0930344139193937,0.0,0.0,1.009495971082942
len2_cond2_1.csv,quadratic,40,0.2,199,99,0.09197660668911596,0.07481149521208094,29.074480272047424,0.0,0.07803134763333104,0.0,1.0320786670148163
len2_cond2_1.csv,dry,40,0.2,199,99,0.09358576483993207,0.07612034462095467,29.048500790196172,0.0,0.0,0.0,1.041218072496347
len2_cond2_1.csv,mixed,40,0.2,199,99,0.09197660668911596,0.07481149521208094,29.074480272047424,0.0,0.07803134763333104,0.0,32.44705364573565
len2_cond2_1.csv,gravity,20,0.5,39,39,0.04046479243868425,0.06352331076654295,28.777888825232107,0.0,0.0,0.0,1.0
len2_cond2_1.csv,viscous,20,0.5,39,39,0.04091064241724222,0.06422322456904447,28.790554942406033,0.08380080814293271,0.0,0.0,1.028385380020133
len2_cond2_1.csv,quadratic,20,0.5,39,39,0.040228245593121235,0.063151969709887,28.80888346314484,0.0,0.04401798573212087,0.0,1.0632620167007394
len2_cond2_1.csv,dry,20,0.5,39,39,0.043593556908742954,0.06843497509913578,28.764877558845228,0.0,0.0,0.12540308183076135,1.036689621280115
len2_cond2_1.csv,mixed,20,0.5,39,39,0.040228245593121235,0.063151969709887,28.80888346314484,0.0,0.04401798573212087,0.0,92.77086865080906
len2_cond2_1.csv,gravity,30,0.5,59,39,0.04045049727939847,0.06350086963213843,28.823165869735583,0.0,0.0,0.0,1.0
len2_cond2_1.csv,viscous,30,0.5,59,39,0.040712127980330776,0.06391158836612365,28.832460663583557,0.07180437900790414,0.0,0.0,1.0243411716471311
len2_cond2_1.csv,quadratic,30,0.5,59,39,0.04022093013651498,0.06314048560245948,28.8486273700074,0.0,0.04146632593852741,0.0,1.058307411152475
len2_cond2_1.csv,dry,30,0.5,59,39,0.04214010374933809,0.06615328400015405,28.81206528764865,0.0,0.0,0.09031885995423758,1.0403132901352266
len2_cond2_1.csv,mixed,30,0.5,59,39,0.04022093013651498,0.06314048560245948,28.8486273700074,0.0,0.04146632593852741,0.0,74.84276688835226
len2_cond2_1.csv,gravity,40,0.5,79,39,0.04045160467830079,0.06350260807290076,28.8149524700116,0.0,0.0,0.0,1.0
len2_cond2_1.csv,viscous,40,0.5,79,39,0.040623391460920484,0.06377228609471369,28.82253210147098,0.06462644834045246,0.0,0.0,1.0220910164118033
len2_cond2_1.csv,quadratic,40,0.5,79,39,0.040221245278717836,0.06314098032577031,28.837833392383985,0.0,0.04037012724014929,0.0,1.056118200443932
len2_cond2_1.csv,dry,40,0.5,79,39,0.041419301901153394,0.06502173934012109,28.80586049788744,0.0,0.0,0.06695860528071254,1.0414996524244862
len2_cond2_1.csv,mixed,40,0.5,79,39,0.040221245278717836,0.06314098032577031,28.837833392383985,0.0,0.04037012724014929,0.0,59.4633425750303
len2_cond3_1.csv,gravity,20,0.05,399,399,0.41259998878794824,0.05074910922611191,28.96176318238523,0.0,0.0,0.0,1.0
len2_cond3_1.csv,viscous,20,0.05,399,399,0.4115669586993871,0.05062204825126251,28.962124069222256,0.0836685579254842,0.0,0.0,1.0008016992716244
len2_cond3_1.csv,quadratic,20,0.05,399,399,0.4112117222908744,0.05057835476656401,28.982481291062882,0.0,0.12453706133330328,0.0,1.0201750542551242
len2_cond3_1.csv,dry,20,0.05,399,399,0.41259998878794824,0.05074910922611191,28.96176318238523,0.0,0.0,0.0,1.0414900754440315
len2_cond3_1.csv,mixed,20,0.05,399,399,0.4112117222908744,0.05057835476656401,28.982481291062882,0.0,0.12453706133330328,0.0,20.19235092925755
len2_cond3_1.csv,gravity,30,0.05,599,399,0.4125967782763565,0.050748714338550424,28.97421127425602,0.0,0.0,0.0,1.0
len2_cond3_1.csv,viscous,30,0.05,599,399,0.41168742942080255,0.050636865948707484,28.974474635780442,0.07124426390553623,0.0,0.0,1.0006864153966315
len2_cond3_1.csv,quadratic,30,0.05,599,399,0.41122898698019117,0.050580478294503184,28.99299013677744,0.0,0.12255125641828238,0.0,1.019645649932836
len2_cond3_1.csv,dry,30,0.05,599,399,0.4125967782763565,0.050748714338550424,28.97421127425602,0.0,0.0,0.0,1.0413795877649186
len2_cond3_1.csv,mixed,30,0.05,599,399,0.41122898698019117,0.050580478294503184,28.99299013677744,0.0,0.12255125641828238,0.0,17.831510118595286
len2_cond3_1.csv,gravity,40,0.05,799,399,0.4125963421857874,0.050748660700139066,28.976018065911077,0.0,0.0,0.0,1.0
len2_cond3_1.csv,viscous,40,0.05,799,399,0.4116763488021467,0.05063550305112692,28.976184658061165,0.07227595767664548,0.0,0.0,1.0004279141878298
len2_cond3_1.csv,quadratic,40,0.05,799,399,0.41119232418914525,0.05057596883246275,28.99440471821235,0.0,0.12624399007595927,0.0,1.019380844759129
len2_cond3_1.csv,dry,40,0.05,799,399,0.4125963421857874,0.050748660700139066,28.976018065911077,0.0,0.0,0.0,1.0420081389434215
len2_cond3_1.csv,mixed,40,0.05,799,399,0.41119232418914525,0.05057596883246275,28.99440471821235,0.0,0.12624399007595927,0.0,16.113542766761288
len2_cond3_1.csv,gravity,20,0.1,199,199,0.24107690180506688,0.0552506862232731,29.006286907483037,0.0,0.0,0.0,1.0
len2_cond3_1.csv,viscous,20,0.1,199,199,0.2397030809283675,0.05493583006900381,29.006246110598976,0.06946921705277245,0.0,0.0,1.0001093201915972
len2_cond3_1.csv,quadratic,20,0.1,199,199,0.23931878830002576,0.05484775679749813,29.022311118847018,0.0,0.10071149423293584,0.0,1.0193821825666847
len2_cond3_1.csv,dry,20,0.1,199,199,0.24107690180506688,0.0552506862232731,29.006286907483037,0.0,0.0,0.0,1.043744704075554
len2_cond3_1.csv,mixed,20,0.1,199,199,0.23931878830002576,0.05484775679749813,29.022311118847018,0.0,0.10071149423293584,0.0,25.903032900589
len2_cond3_1.csv,gravity,30,0.1,299,199,0.2410951037804118,0.05525485780346554,28.97992692894987,0.0,0.0,0.0,1.0
len2_cond3_1.csv,viscous,30,0.1,299,199,0.23982931999757143,0.05496476189594152,28.98007141326633,0.06270898987426844,0.0,0.0,1.0004282910963795
len2_cond3_1.csv,quadratic,30,0.1,299,199,0.23931578742986748,0.05484706904958752,28.99527731248452,0.0,0.10200110379628892,0.0,1.019374603500668
len2_cond3_1.csv,dry,30,0.1,299,199,0.2410951037804118,0.05525485780346554,28.97992692894987,0.0,0.0,0.0,1.0428931005405522
len2_cond3_1.csv,mixed,30,0.1,299,199,0.23931578742986748,0.05484706904958752,28.99527731248452,0.0,0.10200110379628892,0.0,22.27592319822944
len2_cond3_1.csv,gravity,40,0.1,399,199,0.24109992374049063,0.0552559624555493,28.973574612223075,0.0,0.0,0.0,1.0
len2_cond3_1.csv,viscous,40,0.1,399,199,0.23979717976307066,0.054957395906092436,28.973709453903183,0.06499059673794266,0.0,0.0,1.000385490132018
len2_cond3_1.csv,quadratic,40,0.1,399,199,0.2392562723990303,0.05483342922648654,28.988867667616265,0.0,0.10617330862599103,0.0,1.0192427772318136
len2_cond3_1.csv,dry,40,0.1,399,199,0.24109992374049063,0.0552559624555493,28.973574612223075,0.0,0.0,0.0,1.043193492834879
len2_cond3_1.csv,mixed,40,0.1,399,199,0.2392562723990303,0.05483342922648654,28.988867667616265,0.0,0.10617330862599103,0.0,19.574297415423143
len2_cond3_1.csv,gravity,20,0.2,99,99,0.10887583986915336,0.04683548350001196,29.041934833660125,0.0,0.0,0.0,1.0
len2_cond3_1.csv,viscous,20,0.2,99,99,0.10742012344338975,0.046209273105479204,29.040617474804193,0.07116312051469448,0.0,0.0,1.0034697483692308
len2_cond3_1.csv,quadratic,20,0.2,99,99,0.10745327796662676,0.04622353529742081,29.053364222438567,0.0,0.0816034226114484,0.0,1.0172818742936818
len2_cond3_1.csv,dry,20,0.2,99,99,0.10887583986915336,0.04683548350001196,29.041934833660125,0.0,0.0,0.0,1.0503523111252488
len2_cond3_1.csv,mixed,20,0.2,99,99,0.10745327796662676,0.04622353529742081,29.053364222438567,0.0,0.0816034226114484,0.0,42.15465028796964
len2_cond3_1.csv,gravity,30,0.2,149,99,0.10887980724253432,0.04683719015826365,29.001736652430576,0.0,0.0,0.0,1.0
len2_cond3_1.csv,viscous,30,0.2,149,99,0.10751166559309751,0.04624865209761691,29.001368493353098,0.06478885180579738,0.0,0.0,1.0010613920817348
len2_cond3_1.csv,quadratic,30,0.2,149,99,0.10745277086900955,0.046223317157545955,29.013360414942465,0.0,0.08157716067126376,0.0,1.018589376442302
len2_cond3_1.csv,dry,30,0.2,149,99,0.10887980724253432,0.04683719015826365,29.001736652430576,0.0,0.0,0.0,1.0464474777793413
len2_cond3_1.csv,mixed,30,0.2,149,99,0.10745277086900955,0.046223317157545955,29.013360414942465,0.0,0.08157716067126376,0.0,34.675688633030184
len2_cond3_1.csv,gravity,40,0.2,199,99,0.10887668070697028,0.04683584520602266,29.018891925876584,0.0,0.0,0.0,1.0
len2_cond3_1.csv,viscous,40,0.2,199,99,0.10755425716482155,0.04626697385621016,29.018853526662344,0.06163708895544113,0.0,0.0,1.0001162068006582
len2_cond3_1.csv,quadratic,40,0.2,199,99,0.10743833858471752,0.046217108773632325,29.030533379673376,0.0,0.08248010027610783,0.0,1.0191102069879963
len2_cond3_1.csv,dry,40,0.2,199,99,0.10887668070697028,0.04683584520602266,29.018891925876584,0.0,0.0,0.0,1.0453405900378168
len2_cond3_1.csv,mixed,40,0.2,199,99,0.10743833858471752,0.046217108773632325,29.030533379673376,0.0,0.08248010027610783,0.0,27.611420653571066
len2_cond3_1.csv,gravity,20,0.5,39,39,0.059204411295890956,0.04921364868437805,28.921919838992824,0.0,0.0,0.0,1.0
len2_cond3_1.csv,viscous,20,0.5,39,39,0.05879139338716146,0.04887032767474949,28.913087830755803,0.05174231763125454,0.0,0.0,1.032377492696287
len2_cond3_1.csv,quadratic,20,0.5,39,39,0.058920588528639996,0.048977721096376076,28.913747021104964,0.0,0.03700160464938528,0.0,1.0277034071507334
len2_cond3_1.csv,dry,20,0.5,39,39,0.059420419365995604,0.04939320532623015,28.907804060113733,0.0,0.0,0.05320211733572877,1.0664367158411021
len2_cond3_1.csv,mixed,20,0.5,39,39,0.058920588528639996,0.048977721096376076,28.913747021104964,0.0,0.03700160464938528,0.0,87.03196403297683
len2_cond3_1.csv,gravity,30,0.5,59,39,0.059210632216106986,0.0492188198223947,28.912463946434837,0.0,0.0,0.0,1.0
len2_cond3_1.csv,viscous,30,0.5,59,39,0.05888008044342426,0.04894404876299671,28.907076220745118,0.034011941536351495,0.0,0.0,1.0301339173749031
len2_cond3_1.csv,quadratic,30,0.5,59,39,0.05896745003500766,0.0490166747091343,28.906767509341712,0.0,0.03099967481472785,0.0,1.024450410932231
len2_cond3_1.csv,dry,30,0.5,59,39,0.058994799636719546,0.049039409057147314,28.907476914974065,0.0,0.0,0.01732140702800899,1.0651811172353454
len2_cond3_1.csv,mixed,30,0.5,59,39,0.05896745003500766,0.0490166747091343,28.906767509341712,0.0,0.03099967481472785,0.0,66.65338686238816
len2_cond3_1.csv,gravity,40,0.5,79,39,0.05919890049249155,0.04920906783074687,28.93115896365503,0.0,0.0,0.0,1.0
len2_cond3_1.csv,viscous,40,0.5,79,39,0.058880712138157106,0.04894457385904914,28.92634058708427,0.0317942871693171,0.0,0.0,1.0288891283917518
len2_cond3_1.csv,quadratic,40,0.5,79,39,0.058953487497719406,0.049005068354306916,28.92618682379967,0.0,0.031016140214476382,0.0,1.0221663911085432
len2_cond3_1.csv,dry,40,0.5,79,39,0.0590251046720212,0.04906460010842303,28.92767446646103,0.0,0.0,0.010967631007559433,1.0657653986311029
len2_cond3_1.csv,mixed,40,0.5,79,39,0.058953487497719406,0.049005068354306916,28.92618682379967,0.0,0.031016140214476382,0.0,46.025104715508945
len3_cond1_1.csv,gravity,20,0.05,399,399,0.29346664769723374,0.08141635456820263,22.800892688104607,0.0,0.0,0.0,1.0
len3_cond1_1.csv,viscous,20,0.05,399,399,0.2934510068500828,0.08141201533317412,22.800900858366365,0.0015953040837835965,0.0,0.0,1.0010606951797287
len3_cond1_1.csv,quadratic,20,0.05,399,399,0.2919744964278838,0.08100238753730471,22.811435922145797,0.0,0.055320489932450735,0.0,1.0231484864819653
len3_cond1_1.csv,dry,20,0.05,399,399,0.29346664769723374,0.08141635456820263,22.800892688104607,0.0,0.0,0.0,1.063436942284281
len3_cond1_1.csv,mixed,20,0.05,399,399,0.2919744964278838,0.08100238753730471,22.811435922145797,0.0,0.055320489932450735,0.0,26.323751696034236
len3_cond1_1.csv,gravity,30,0.05,599,399,0.2934738569613286,0.08141835463194523,22.822886719013418,0.0,0.0,0.0,1.0
len3_cond1_1.csv,viscous,30,0.05,599,399,0.2934174427407537,0.0814027036534744,22.822942547981583,0.005933112442203928,0.0,0.0,1.0019527097097705
len3_cond1_1.csv,quadratic,30,0.05,599,399,0.29189379003830834,0.08097999719045898,22.834347911802894,0.0,0.060020621523617555,0.0,1.0237582047289056
len3_cond1_1.csv,dry,30,0.05,599,399,0.2934738569613286,0.08141835463194523,22.822886719013418,0.0,0.0,0.0,1.0587052169327547
len3_cond1_1.csv,mixed,30,0.05,599,399,0.29189379003830834,0.08097999719045898,22.834347911802894,0.0,0.060020621523617555,0.0,25.82907984728256
len3_cond1_1.csv,gravity,40,0.05,799,399,0.29347923110478885,0.08141984557877989,22.83539562278642,0.0,0.0,0.0,1.0
len3_cond1_1.csv,viscous,40,0.05,799,399,0.2934482310320047,0.08141124523888696,22.835431178765326,0.0031973608251954517,0.0,0.0,1.0023106396691328
len3_cond1_1.csv,quadratic,40,0.05,799,399,0.2918822643842367,0.08097679963207921,22.84700728334972,0.0,0.060977098320976975,0.0,1.0242510412983818
len3_cond1_1.csv,dry,40,0.05,799,399,0.29347923110478885,0.08141984557877989,22.83539562278642,0.0,0.0,0.0,1.0562494948467644
len3_cond1_1.csv,mixed,40,0.05,799,399,0.2918822643842367,0.08097679963207921,22.84700728334972,0.0,0.060977098320976975,0.0,24.933517150366725
len3_cond1_1.csv,gravity,20,0.1,199,199,0.19141441918554347,0.1028625861113965,22.8148510979924,0.0,0.0,0.0,1.0
len3_cond1_1.csv,viscous,20,0.1,199,199,0.19135898726200576,0.10283279801584716,22.814882064602397,0.006074276257356542,0.0,0.0,1.0010539623183456
len3_cond1_1.csv,quadratic,20,0.1,199,199,0.1900018340582469,0.10210348886096743,22.82421103275199,0.0,0.04799687079143105,0.0,1.0237146709590725
len3_cond1_1.csv,dry,20,0.1,199,199,0.19141441918554347,0.1028625861113965,22.8148510979924,0.0,0.0,0.0,1.0663168834134817
len3_cond1_1.csv,mixed,20,0.1,199,199,0.1900018340582469,0.10210348886096743,22.82421103275199,0.0,0.04799687079143105,0.0,35.529323844621345
len3_cond1_1.csv,gravity,30,0.1,299,199,0.1914140084915996,0.1028623654120294,22.813613784359248,0.0,0.0,0.0,1.0
len3_cond1_1.csv,viscous,30,0.1,299,199,0.19133201044517265,0.10281830117095786,22.813686059006663,0.009333909294735652,0.0,0.0,1.0016052012726584
len3_cond1_1.csv,quadratic,30,0.1,299,199,0.1899166155501332,0.10205769400305428,22.823762148383057,0.0,0.05257892883818386,0.0,1.0240599470232097
len3_cond1_1.csv,dry,30,0.1,299,199,0.1914140084915996,0.1028623654120294,22.813613784359248,0.0,0.0,0.0,1.063021024079024
len3_cond1_1.csv,mixed,30,0.1,299,199,0.1899166155501332,0.10205769400305428,22.823762148383057,0.0,0.05257892883818386,0.0,34.45961568603633
len3_cond1_1.csv,gravity,40,0.1,399,199,0.19141080983242553,0.10286064651145684,22.80192623981694,0.0,0.0,0.0,1.0
len3_cond1_1.csv,viscous,40,0.1,399,199,0.1913442995783355,0.10282490512495245,22.801989020410282,0.007399911345239063,0.0,0.0,1.0017616673165282
len3_cond1_1.csv,quadratic,40,0.1,399,199,0.1899036928176789,0.10205074956446115,22.81209396492942,0.0,0.05306734564018636,0.0,1.0244572821251323
len3_cond1_1.csv,dry,40,0.1,399,199,0.19141080983242553,0.10286064651145684,22.80192623981694,0.0,0.0,0.0,1.059818541614783
len3_cond1_1.csv,mixed,40,0.1,399,199,0.1899036928176789,0.10205074956446115,22.81209396492942,0.0,0.05306734564018636,0.0,32.85047424179966
len3_cond1_1.csv,gravity,20,0.2,99,99,0.0992626310067543,0.1018951718345103,22.807875067727476,0.0,0.0,0.0,1.0
len3_cond1_1.csv,viscous,20,0.2,99,99,0.0991809414925927,0.10181131583554924,22.808050398419645,0.011097396957739205,0.0,0.0,1.0032577434739445
len3_cond1_1.csv,quadratic,20,0.2,99,99,0.09840465934499917,0.1010144459357808,22.813891912426207,0.0,0.028891330491848295,0.0,1.0254411116820048
len3_cond1_1.csv,dry,20,0.2,99,99,0.0992626310067543,0.1018951718345103,22.807875067727476,0.0,0.0,0.0,1.0623526778184587
len3_cond1_1.csv,mixed,20,0.2,99,99,0.09840465934499917,0.1010144459357808,22.813891912426207,0.0,0.028891330491848295,0.0,74.54002601636216
len3_cond1_1.csv,gravity,30,0.2,149,99,0.09920497513931134,0.10183598687778708,22.754604051792448,0.0,0.0,0.0,1.0
len3_cond1_1.csv,viscous,30,0.2,149,99,0.099156804881821,0.10178653909855225,22.754674796457632,0.005815088577927806,0.0,0.0,1.0025178935435244
len3_cond1_1.csv,quadratic,30,0.2,149,99,0.09835824606168765,0.10096680172737663,22.76027296659547,0.0,0.027939299632556838,0.0,1.0254507410851226
len3_cond1_1.csv,dry,30,0.2,149,99,0.09920497513931134,0.10183598687778708,22.754604051792448,0.0,0.0,0.0,1.0629558679580793
len3_cond1_1.csv,mixed,30,0.2,149,99,0.09835824606168765,0.10096680172737663,22.76027296659547,0.0,0.027939299632556838,0.0,71.9192300548435
len3_cond1_1.csv,gravity,40,0.2,199,99,0.09922142248678179,0.1018528704247949,22.774169781744575,0.0,0.0,0.0,1.0
len3_cond1_1.csv,viscous,40,0.2,199,99,0.09916328112763492,0.10179318710065897,22.774238956170848,0.00723620894439217,0.0,0.0,1.0019823000155292
len3_cond1_1.csv,quadratic,40,0.2,199,99,0.09834947494522624,0.10095779799243679,22.780049168337996,0.0,0.029313148971196912,0.0,1.0257800492943236
len3_cond1_1.csv,dry,40,0.2,199,99,0.09922142248678179,0.1018528704247949,22.774169781744575,0.0,0.0,0.0,1.0633733751598504
len3_cond1_1.csv,mixed,40,0.2,199,99,0.09834947494522624,0.10095779799243679,22.780049168337996,0.0,0.029313148971196912,0.0,63.36029116486602
len3_cond1_1.csv,gravity,20,0.5,39,39,0.06397691591258689,0.13049362952890395,22.353180348853762,0.0,0.0,0.0,1.0
len3_cond1_1.csv,viscous,20,0.5,39,39,0.06397691591258689,0.13049362952890395,22.353180348853762,0.0,0.0,0.0,1.028885725837294
len3_cond1_1.csv,quadratic,20,0.5,39,39,0.06397691591258689,0.13049362952890395,22.353180348853762,0.0,0.0,0.0,1.0533944892864204
len3_cond1_1.csv,dry,20,0.5,39,39,0.06397691591258689,0.13049362952890395,22.353180348853762,0.0,0.0,0.0,1.0475204287059343
len3_cond1_1.csv,mixed,20,0.5,39,39,0.06397691591258689,0.13049362952890395,22.353180348853762,0.0,0.0,0.0,277.27686190260675
len3_cond1_1.csv,gravity,30,0.5,59,39,0.06394572036841535,0.13043000001932215,22.456001339511765,0.0,0.0,0.0,1.0
len3_cond1_1.csv,viscous,30,0.5,59,39,0.06394572036841535,0.13043000001932215,22.456001339511765,0.0,0.0,0.0,1.0195278865843609
len3_cond1_1.csv,quadratic,30,0.5,59,39,0.06394572036841535,0.13043000001932215,22.456001339511765,0.0,0.0,0.0,1.0432651463217812
len3_cond1_1.csv,dry,30,0.5,59,39,0.06394572036841535,0.13043000001932215,22.456001339511765,0.0,0.0,0.0,1.0513191646594078
len3_cond1_1.csv,mixed,30,0.5,59,39,0.06394572036841535,0.13043000001932215,22.456001339511765,0.0,0.0,0.0,267.9898291739335
len3_cond1_1.csv,gravity,40,0.5,79,39,0.0640022744091552,0.13054535322032282,22.556171977962556,0.0,0.0,0.0,1.0
len3_cond1_1.csv,viscous,40,0.5,79,39,0.0640022744091552,0.13054535322032282,22.556171977962556,0.0,0.0,0.0,1.014854990614008
len3_cond1_1.csv,quadratic,40,0.5,79,39,0.0640022744091552,0.13054535322032282,22.556171977962556,0.0,0.0,0.0,1.0385965458907434
len3_cond1_1.csv,dry,40,0.5,79,39,0.0640022744091552,0.13054535322032282,22.556171977962556,0.0,0.0,0.0,1.0516913534681889
len3_cond1_1.csv,mixed,40,0.5,79,39,0.0640022744091552,0.13054535322032282,22.556171977962556,0.0,0.0,0.0,214.7663248186606
len3_cond2_1.csv,gravity,20,0.05,399,399,0.4271790396685143,0.06585257018824096,22.76351957896149,0.0,0.0,0.0,1.0
len3_cond2_1.csv,viscous,20,0.05,399,399,0.4267541230597638,0.06578706638725015,22.765040662002825,0.03764646601022081,0.0,0.0,1.0084067747048067
len3_cond2_1.csv,quadratic,20,0.05,399,399,0.42573372922193053,0.0656297656992817,22.788479852581496,0.0,0.08995583730344792,0.0,1.035460443050652
len3_cond2_1.csv,dry,20,0.05,399,399,0.4271790396685143,0.06585257018824096,22.76351957896149,0.0,0.0,0.0,1.0554308322240158
len3_cond2_1.csv,mixed,20,0.05,399,399,0.42573372922193053,0.0656297656992817,22.788479852581496,0.0,0.08995583730344792,0.0,20.99712855588962
len3_cond2_1.csv,gravity,30,0.05,599,399,0.4271574460971197,0.0658492413915449,22.74693868412527,0.0,0.0,0.0,1.0
len3_cond2_1.csv,viscous,30,0.05,599,399,0.4267690502218305,0.06578936751136072,22.74820315969169,0.033913178611809376,0.0,0.0,1.0077780877046094
len3_cond2_1.csv,quadratic,30,0.05,599,399,0.42564570430563775,0.06561619605648512,22.77120097483083,0.0,0.09453215178453861,0.0,1.0347637157240108
len3_cond2_1.csv,dry,30,0.05,599,399,0.4271574460971197,0.0658492413915449,22.74693868412527,0.0,0.0,0.0,1.054633331750959
len3_cond2_1.csv,mixed,30,0.05,599,399,0.42564570430563775,0.06561619605648512,22.77120097483083,0.0,0.09453215178453861,0.0,18.89715854971217
len3_cond2_1.csv,gravity,40,0.05,799,399,0.4271516215174643,0.06584834349276018,22.742325986389456,0.0,0.0,0.0,1.0
len3_cond2_1.csv,viscous,40,0.05,799,399,0.42673876013687045,0.06578469808762825,22.743897323078013,0.03641048585469231,0.0,0.0,1.0090126401052808
len3_cond2_1.csv,quadratic,40,0.05,799,399,0.4256034746183819,0.06560968606141092,22.76612121860355,0.0,0.09709428031745562,0.0,1.034596357405641
len3_cond2_1.csv,dry,40,0.05,799,399,0.4271516215174643,0.06584834349276018,22.742325986389456,0.0,0.0,0.0,1.049297187306478
len3_cond2_1.csv,mixed,40,0.05,799,399,0.4256034746183819,0.06560968606141092,22.76612121860355,0.0,0.09709428031745562,0.0,17.260868060196056
len3_cond2_1.csv,gravity,20,0.1,199,199,0.281372408166063,0.08135894483420793,22.738375748361168,0.0,0.0,0.0,1.0
len3_cond2_1.csv,viscous,20,0.1,199,199,0.2804780059905568,0.08110032808592442,22.740637796602595,0.058738980174975954,0.0,0.0,1.0080025857710317
len3_cond2_1.csv,quadratic,20,0.1,199,199,0.2792196475696885,0.08073647324311176,22.765141317239934,0.0,0.09604142052012657,0.0,1.0356755497741628
len3_cond2_1.csv,dry,20,0.1,199,199,0.281372408166063,0.08135894483420793,22.738375748361168,0.0,0.0,0.0,1.059984708695575
len3_cond2_1.csv,mixed,20,0.1,199,199,0.2792196475696885,0.08073647324311176,22.765141317239934,0.0,0.09604142052012657,0.0,26.155605310066377
len3_cond2_1.csv,gravity,30,0.1,299,199,0.28132624601183515,0.08134559702877195,22.71135359877618,0.0,0.0,0.0,1.0
len3_cond2_1.csv,viscous,30,0.1,299,199,0.2804905360612767,0.08110395116090578,22.713156743302406,0.053603473165352404,0.0,0.0,1.0070116444685635
len3_cond2_1.csv,quadratic,30,0.1,299,199,0.2791094411005993,0.08070460699831028,22.73672203842639,0.0,0.09909231545367539,0.0,1.0347487707358525
len3_cond2_1.csv,dry,30,0.1,299,199,0.28132624601183515,0.08134559702877195,22.71135359877618,0.0,0.0,0.0,1.058316079828551
len3_cond2_1.csv,mixed,30,0.1,299,199,0.2791094411005993,0.08070460699831028,22.73672203842639,0.0,0.09909231545367539,0.0,22.85848862805346
len3_cond2_1.csv,gravity,40,0.1,399,199,0.28133803137672,0.08134900477176198,22.718502239356127,0.0,0.0,0.0,1.0
len3_cond2_1.csv,viscous,40,0.1,399,199,0.2804982154674348,0.08110617166428083,22.720678348248754,0.054001718206281225,0.0,0.0,1.008417333998999
len3_cond2_1.csv,quadratic,40,0.1,399,199,0.27908354025582127,0.08069711775863966,22.74314450190111,0.0,0.10111582972117972,0.0,1.0345007397454746
len3_cond2_1.csv,dry,40,0.1,399,199,0.28133803137672,0.08134900477176198,22.718502239356127,0.0,0.0,0.0,1.0516053810959352
len3_cond2_1.csv,mixed,40,0.1,399,199,0.27908354025582127,0.08069711775863966,22.74314450190111,0.0,0.10111582972117972,0.0,20.46796699602951
len3_cond2_1.csv,gravity,20,0.2,99,99,0.1756434618948572,0.09682767174562057,22.61710106950069,0.0,0.0,0.0,1.0
len3_cond2_1.csv,viscous,20,0.2,99,99,0.17488691375474205,0.09641060643512993,22.619530236003797,0.05271513276634311,0.0,0.0,1.0095633995049975
len3_cond2_1.csv,quadratic,20,0.2,99,99,0.17411472512994394,0.09598491893227024,22.635645263369653,0.0,0.06335964718218379,0.0,1.0377244508382142
len3_cond2_1.csv,dry,20,0.2,99,99,0.1756434618948572,0.09682767174562057,22.61710106950069,0.0,0.0,0.0,1.0580242521923684
len3_cond2_1.csv,mixed,20,0.2,99,99,0.17411472512994394,0.09598491893227024,22.635645263369653,0.0,0.06335964718218379,0.0,41.43840863382156
len3_cond2_1.csv,gravity,30,0.2,149,99,0.17564278735791966,0.0968272998909528,22.616413622092466,0.0,0.0,0.0,1.0
len3_cond2_1.csv,viscous,30,0.2,149,99,0.17492724485846292,0.09643283992352793,22.618123737183783,0.048518005012211984,0.0,0.0,1.0073392034381157
len3_cond2_1.csv,quadratic,30,0.2,149,99,0.17404672391932963,0.0959474316336903,22.634168242520808,0.0,0.06658794823522776,0.0,1.0364729037751483
len3_cond2_1.csv,dry,30,0.2,149,99,0.17564278735791966,0.0968272998909528,22.616413622092466,0.0,0.0,0.0,1.0626508965736357
len3_cond2_1.csv,mixed,30,0.2,149,99,0.17404672391932963,0.0959474316336903,22.634168242520808,0.0,0.06658794823522776,0.0,34.35432776587265
len3_cond2_1.csv,gravity,40,0.2,199,99,0.1756135490912488,0.09681118159507617,22.581550150581293,0.0,0.0,0.0,1.0
len3_cond2_1.csv,viscous,40,0.2,199,99,0.17483767292877167,0.09638346124861341,22.583656307926802,0.054660056826322176,0.0,0.0,1.0080494459876543
len3_cond2_1.csv,quadratic,40,0.2,199,99,0.17392876717681593,0.09588240514980594,22.59930698831372,0.0,0.07065926697324151,0.0,1.0358936292196006
len3_cond2_1.csv,dry,40,0.2,199,99,0.1756135490912488,0.09681118159507617,22.581550150581293,0.0,0.0,0.0,1.0575125864546333
len3_cond2_1.csv,mixed,40,0.2,199,99,0.17392876717681593,0.09588240514980594,22.59930698831372,0.0,0.07065926697324151,0.0,30.634144538908256
len3_cond2_1.csv,gravity,20,0.5,39,39,0.08001379295048613,0.08794985470222635,22.21890968886418,0.0,0.0,0.0,1.0
len3_cond2_1.csv,viscous,20,0.5,39,39,0.08001379295048613,0.08794985470222635,22.21890968886418,0.0,0.0,0.0,1.0331326394325526
len3_cond2_1.csv,quadratic,20,0.5,39,39,0.08001379295048613,0.08794985470222635,22.21890968886418,0.0,0.0,0.0,1.0629534296826064
len3_cond2_1.csv,dry,20,0.5,39,39,0.08001379295048613,0.08794985470222635,22.21890968886418,0.0,0.0,0.0,1.041499410379026
len3_cond2_1.csv,mixed,20,0.5,39,39,0.08001379295048613,0.08794985470222635,22.21890968886418,0.0,0.0,0.0,147.11795647091347
len3_cond2_1.csv,gravity,30,0.5,59,39,0.07971201708895943,0.08761814760279743,22.328135116571858,0.0,0.0,0.0,1.0
len3_cond2_1.csv,viscous,30,0.5,59,39,0.07956633412221248,0.08745801526454029,22.329570342114838,0.012048697552000427,0.0,0.0,1.0247733189047998
len3_cond2_1.csv,quadratic,30,0.5,59,39,0.07971201708895943,0.08761814760279743,22.328135116571858,0.0,0.0,0.0,1.0551236825776031
len3_cond2_1.csv,dry,30,0.5,59,39,0.08044946806928503,0.08842874167886862,22.31974604680846,0.0,0.0,0.050746124008881344,1.0463244813902375
len3_cond2_1.csv,mixed,30,0.5,59,39,0.08044946806928503,0.08842874167886862,22.31974604680846,0.0,0.0,0.050746124008881344,85.66616154927684
len3_cond2_1.csv,gravity,40,0.5,79,39,0.07971742846241717,0.0876240956961423,22.325870630235713,0.0,0.0,0.0,1.0
len3_cond2_1.csv,viscous,40,0.5,79,39,0.07956937999259622,0.08746136323553146,22.327021488131276,0.012324000486596442,0.0,0.0,1.0194160768598959
len3_cond2_1.csv,quadratic,40,0.5,79,39,0.07971742846241717,0.0876240956961423,22.325870630235713,0.0,0.0,0.0,1.0496652616300992
len3_cond2_1.csv,dry,40,0.5,79,39,0.08019020081139556,0.08814375934245403,22.318581233731184,0.0,0.0,0.03815887396367688,1.0493245139067702
len3_cond2_1.csv,mixed,40,0.5,79,39,0.08019020081139556,0.08814375934245403,22.318581233731184,0.0,0.0,0.03815887396367688,63.797345774966786
len3_cond3_1.csv,gravity,20,0.05,399,399,0.50117831834268,0.058119546573053855,22.7535677842627,0.0,0.0,0.0,1.0
len3_cond3_1.csv,viscous,20,0.05,399,399,0.4999872713144544,0.05798142584696865,22.75873512333514,0.07294807532853931,0.0,0.0,1.014669801419304
len3_cond3_1.csv,quadratic,20,0.05,399,399,0.49991713843800445,0.05797329283157282,22.784339200154587,0.0,0.08487071458165166,0.0,1.0384790498433296
len3_cond3_1.csv,dry,20,0.05,399,399,0.50117831834268,0.058119546573053855,22.7535677842627,0.0,0.0,0.0,1.043350867418276
len3_cond3_1.csv,mixed,20,0.05,399,399,0.49991713843800445,0.05797329283157282,22.784339200154587,0.0,0.08487071458165166,0.0,17.686352104793595
len3_cond3_1.csv,gravity,30,0.05,599,399,0.5011845701563841,0.05812027156965575,22.7284622558794,0.0,0.0,0.0,1.0
len3_cond3_1.csv,viscous,30,0.05,599,399,0.500024776438899,0.057985775158874424,22.733253438969722,0.07071843483003004,0.0,0.0,1.0140728345935355
len3_cond3_1.csv,quadratic,30,0.05,599,399,0.49987983762834154,0.057968967213194944,22.75794581410029,0.0,0.08790840528237524,0.0,1.0376337901712467
len3_cond3_1.csv,dry,30,0.05,599,399,0.5011845701563841,0.05812027156965575,22.7284622558794,0.0,0.0,0.0,1.042214720374742
len3_cond3_1.csv,mixed,30,0.05,599,399,0.49987983762834154,0.057968967213194944,22.75794581410029,0.0,0.08790840528237524,0.0,15.528810528712045
len3_cond3_1.csv,gravity,40,0.05,799,399,0.5011864199377116,0.0581204860810344,22.722153592217815,0.0,0.0,0.0,1.0
len3_cond3_1.csv,viscous,40,0.05,799,399,0.5000319685823118,0.057986609201566904,22.72692628825356,0.07033899122880381,0.0,0.0,1.0141150285706018
len3_cond3_1.csv,quadratic,40,0.05,799,399,0.4998555658678311,0.05796615251897581,22.750940988814197,0.0,0.08978590703930682,0.0,1.0371536434030244
len3_cond3_1.csv,dry,40,0.05,799,399,0.5011864199377116,0.0581204860810344,22.722153592217815,0.0,0.0,0.0,1.0404262701240805
len3_cond3_1.csv,mixed,40,0.05,799,399,0.4998555658678311,0.05796615251897581,22.750940988814197,0.0,0.08978590703930682,0.0,13.937610154815316
len3_cond3_1.csv,gravity,20,0.1,199,199,0.3304870361194079,0.07028642618413673,22.70592919955603,0.0,0.0,0.0,1.0
len3_cond3_1.csv,viscous,20,0.1,199,199,0.32904527840468695,0.06997979994432704,22.71061994637794,0.06336617729306035,0.0,0.0,1.0153275523322212
len3_cond3_1.csv,quadratic,20,0.1,199,199,0.3290090875308366,0.06997210303974255,22.73206690338472,0.0,0.07098219207374735,0.0,1.0391995672871932
len3_cond3_1.csv,dry,20,0.1,199,199,0.3304870361194079,0.07028642618413673,22.70592919955603,0.0,0.0,0.0,1.042304590272218
len3_cond3_1.csv,mixed,20,0.1,199,199,0.3290090875308366,0.06997210303974255,22.73206690338472,0.0,0.07098219207374735,0.0,21.58562265974752
len3_cond3_1.csv,gravity,30,0.1,299,199,0.33050136089486737,0.070289472709909,22.695478872301422,0.0,0.0,0.0,1.0
len3_cond3_1.csv,viscous,30,0.1,299,199,0.3290631045260925,0.0699835911198631,22.69982021766753,0.06320501953513216,0.0,0.0,1.0142674620651666
len3_cond3_1.csv,quadratic,30,0.1,299,199,0.328964294288599,0.06996257662396828,22.720641929839793,0.0,0.07410625454190375,0.0,1.038232507198835
len3_cond3_1.csv,dry,30,0.1,299,199,0.33050136089486737,0.070289472709909,22.695478872301422,0.0,0.0,0.0,1.0431674101499073
len3_cond3_1.csv,mixed,30,0.1,299,199,0.328964294288599,0.06996257662396828,22.720641929839793,0.0,0.07410625454190375,0.0,18.196899410088474
len3_cond3_1.csv,gravity,40,0.1,399,199,0.3305260503169318,0.07029472353990171,22.678287356246646,0.0,0.0,0.0,1.0
len3_cond3_1.csv,viscous,40,0.1,399,199,0.32911770551790165,0.06999520340161985,22.6824955099231,0.06165163700259491,0.0,0.0,1.0142030146466736
len3_cond3_1.csv,quadratic,40,0.1,399,199,0.328965942679107,0.06996292719589728,22.70270755190645,0.0,0.07527388869958357,0.0,1.037733841506857
len3_cond3_1.csv,dry,40,0.1,399,199,0.3305260503169318,0.07029472353990171,22.678287356246646,0.0,0.0,0.0,1.042415134174596
len3_cond3_1.csv,mixed,40,0.1,399,199,0.328965942679107,0.06996292719589728,22.70270755190645,0.0,0.07527388869958357,0.0,16.02933448124525
len3_cond3_1.csv,gravity,20,0.2,99,99,0.17567022426973364,0.06916003248082961,22.636636721460835,0.0,0.0,0.0,1.0
len3_cond3_1.csv,viscous,20,0.2,99,99,0.17412128966211401,0.068550228695248,22.64144433779079,0.054147144076753716,0.0,0.0,1.0183893006844866
len3_cond3_1.csv,quadratic,20,0.2,99,99,0.17439382403336218,0.06865752340638086,22.654189931362804,0.0,0.04464383120436109,0.0,1.0421427787521789
len3_cond3_1.csv,dry,20,0.2,99,99,0.17567022426973364,0.06916003248082961,22.636636721460835,0.0,0.0,0.0,1.0403245374790866
len3_cond3_1.csv,mixed,20,0.2,99,99,0.17439382403336218,0.06865752340638086,22.654189931362804,0.0,0.04464383120436109,0.0,32.39527777806571
len3_cond3_1.csv,gravity,30,0.2,149,99,0.17564559558243228,0.0691503363537779,22.649441076937375,0.0,0.0,0.0,1.0
len3_cond3_1.csv,viscous,30,0.2,149,99,0.17390260144928385,0.06846413280753919,22.65421397152526,0.06276707540322994,0.0,0.0,1.015793811237241
len3_cond3_1.csv,quadratic,30,0.2,149,99,0.1742386042887852,0.06859641457236397,22.667143504760503,0.0,0.0496974841286825,0.0,1.0403943254759365
len3_cond3_1.csv,dry,30,0.2,149,99,0.17564559558243228,0.0691503363537779,22.649441076937375,0.0,0.0,0.0,1.0427688994085624
len3_cond3_1.csv,mixed,30,0.2,149,99,0.1742386042887852,0.06859641457236397,22.667143504760503,0.0,0.0496974841286825,0.0,25.905704186364947
len3_cond3_1.csv,gravity,40,0.2,199,99,0.1756315510054607,0.06914480711054063,22.657057242667072,0.0,0.0,0.0,1.0
len3_cond3_1.csv,viscous,40,0.2,199,99,0.17392928097853738,0.06847463633548434,22.661465085124753,0.06095072374291639,0.0,0.0,1.0150489535520466
len3_cond3_1.csv,quadratic,40,0.2,199,99,0.17420111882397188,0.06858165682969684,22.674213176111774,0.0,0.050683312412148025,0.0,1.0396689891562898
len3_cond3_1.csv,dry,40,0.2,199,99,0.1756315510054607,0.06914480711054063,22.657057242667072,0.0,0.0,0.0,1.0441169119367992
len3_cond3_1.csv,mixed,40,0.2,199,99,0.17420111882397188,0.06858165682969684,22.674213176111774,0.0,0.050683312412148025,0.0,21.272348125009984
len3_cond3_1.csv,gravity,20,0.5,39,39,0.0866127044835666,0.06696860653333835,22.56829246131262,0.0,0.0,0.0,1.0
len3_cond3_1.csv,viscous,20,0.5,39,39,0.0865938311916028,0.06695401377733276,22.568747851394516,0.0025104467132814287,0.0,0.0,1.0379119064303932
len3_cond3_1.csv,quadratic,20,0.5,39,39,0.0866127044835666,0.06696860653333835,22.56829246131262,0.0,0.0,0.0,1.0669150029866878
len3_cond3_1.csv,dry,20,0.5,39,39,0.0867788571403155,0.06709707512187431,22.566543235313343,0.0,0.0,0.017546925977797834,1.0331762370445206
len3_cond3_1.csv,mixed,20,0.5,39,39,0.0867788571403155,0.06709707512187431,22.566543235313343,0.0,0.0,0.017546925977797834,83.90307246384411
len3_cond3_1.csv,gravity,30,0.5,59,39,0.08656865922341155,0.0669345509093445,22.54207532785769,0.0,0.0,0.0,1.0
len3_cond3_1.csv,viscous,30,0.5,59,39,0.08656865922341155,0.0669345509093445,22.54207532785769,0.0,0.0,0.0,1.034737681726086
len3_cond3_1.csv,quadratic,30,0.5,59,39,0.08656865922341155,0.0669345509093445,22.54207532785769,0.0,0.0,0.0,1.063318150732325
len3_cond3_1.csv,dry,30,0.5,59,39,0.08656865922341155,0.0669345509093445,22.54207532785769,0.0,0.0,0.0,1.035048186746601
len3_cond3_1.csv,mixed,30,0.5,59,39,0.08656865922341155,0.0669345509093445,22.54207532785769,0.0,0.0,0.0,60.76488705280103
len3_cond3_1.csv,gravity,40,0.5,79,39,0.08649975550363848,0.06688127482097295,22.494178353262065,0.0,0.0,0.0,1.0
len3_cond3_1.csv,viscous,40,0.5,79,39,0.08649975550363848,0.06688127482097295,22.494178353262065,0.0,0.0,0.0,1.0319222279304614
len3_cond3_1.csv,quadratic,40,0.5,79,39,0.08649975550363848,0.06688127482097295,22.494178353262065,0.0,0.0,0.0,1.0608266793050771
len3_cond3_1.csv,dry,40,0.5,79,39,0.08649975550363848,0.06688127482097295,22.494178353262065,0.0,0.0,0.0,1.0365211260610863
len3_cond3_1.csv,mixed,40,0.5,79,39,0.08649975550363848,0.06688127482097295,22.494178353262065,0.0,0.0,0.0,41.04039689101151
len4_cond1_1.csv,gravity,20,0.05,399,399,0.43775923540463807,0.15949335249408042,18.805902350540958,0.0,0.0,0.0,1.0
len4_cond1_1.csv,viscous,20,0.05,399,399,0.43767898507248354,0.15946411406007627,18.80572155236771,0.006474806056734103,0.0,0.0,1.006289075235232
len4_cond1_1.csv,quadratic,20,0.05,399,399,0.4344245971357896,0.15827840922426664,18.833234055906775,0.0,0.0699014209497875,0.0,1.0376861188992916
len4_cond1_1.csv,dry,20,0.05,399,399,0.43775923540463807,0.15949335249408042,18.805902350540958,0.0,0.0,0.0,1.0891093402844916
len4_cond1_1.csv,mixed,20,0.05,399,399,0.4344245971357896,0.15827840922426664,18.833234055906775,0.0,0.0699014209497875,0.0,23.786748627250994
len4_cond1_1.csv,gravity,30,0.05,599,399,0.4377425635886846,0.1594872782788417,18.840302880102378,0.0,0.0,0.0,1.0
len4_cond1_1.csv,viscous,30,0.05,599,399,0.4376949701028155,0.15946993805160212,18.840312707150847,0.003792769826175594,0.0,0.0,1.000579605025833
len4_cond1_1.csv,quadratic,30,0.05,599,399,0.43440072604705826,0.1582697120234733,18.8704935574002,0.0,0.07014231679701656,0.0,1.0424681214059917
len4_cond1_1.csv,dry,30,0.05,599,399,0.4377425635886846,0.1594872782788417,18.840302880102378,0.0,0.0,0.0,1.0802629221569642
len4_cond1_1.csv,mixed,30,0.05,599,399,0.43440072604705826,0.1582697120234733,18.8704935574002,0.0,0.07014231679701656,0.0,23.47077362095545
len4_cond1_1.csv,gravity,40,0.05,799,399,0.4377447914664021,0.15948808998458627,18.834881340447456,0.0,0.0,0.0,1.0
len4_cond1_1.csv,viscous,40,0.05,799,399,0.43769097823941344,0.15946848365469807,18.83482796211226,0.00429943819187887,0.0,0.0,1.002798517925177
len4_cond1_1.csv,quadratic,40,0.05,799,399,0.43441454997587925,0.15827474863852098,18.861467696224626,0.0,0.06982965320128487,0.0,1.0385205493435468
len4_cond1_1.csv,dry,40,0.05,799,399,0.4377447914664021,0.15948808998458627,18.834881340447456,0.0,0.0,0.0,1.0830496633141935
len4_cond1_1.csv,mixed,40,0.05,799,399,0.43441454997587925,0.15827474863852098,18.861467696224626,0.0,0.06982965320128487,0.0,22.970283401945256
len4_cond1_1.csv,gravity,20,0.1,199,199,0.33185780698972955,0.22880223102536107,18.737032795781676,0.0,0.0,0.0,1.0
len4_cond1_1.csv,viscous,20,0.1,199,199,0.33171181703910113,0.2287015769930993,18.73677342775693,0.007716627515552443,0.0,0.0,1.007565700877672
len4_cond1_1.csv,quadratic,20,0.1,199,199,0.32795406540965877,0.22611076267941885,18.76025417953039,0.0,0.05944608122004478,0.0,1.037684305558574
len4_cond1_1.csv,dry,20,0.1,199,199,0.33185780698972955,0.22880223102536107,18.737032795781676,0.0,0.0,0.0,1.0958437595168664
len4_cond1_1.csv,mixed,20,0.1,199,199,0.32795406540965877,0.22611076267941885,18.76025417953039,0.0,0.05944608122004478,0.0,30.357296987523693
len4_cond1_1.csv,gravity,30,0.1,299,199,0.33179225639774185,0.22875703660360597,18.81519976313609,0.0,0.0,0.0,1.0
len4_cond1_1.csv,viscous,30,0.1,299,199,0.33173345798495,0.22871649753011072,18.815218540187153,0.003048775844941486,0.0,0.0,1.0013806414597959
len4_cond1_1.csv,quadratic,30,0.1,299,199,0.32788743857944097,0.22606482623592136,18.841560910137865,0.0,0.059652002291692756,0.0,1.0438053310422872
len4_cond1_1.csv,dry,30,0.1,299,199,0.33179225639774185,0.22875703660360597,18.81519976313609,0.0,0.0,0.0,1.0818742248505553
len4_cond1_1.csv,mixed,30,0.1,299,199,0.32788743857944097,0.22606482623592136,18.841560910137865,0.0,0.059652002291692756,0.0,29.681869178624
len4_cond1_1.csv,gravity,40,0.1,399,199,0.33180521670236623,0.22876597219755726,18.79474955266561,0.0,0.0,0.0,1.0
len4_cond1_1.csv,viscous,40,0.1,399,199,0.33175212364265816,0.22872936672901828,18.794706601587567,0.002752092401133981,0.0,0.0,1.0035187166174613
len4_cond1_1.csv,quadratic,40,0.1,399,199,0.3279580112638777,0.22611348318268734,18.817039808350113,0.0,0.05846582139289983,0.0,1.038663530149247
len4_cond1_1.csv,dry,40,0.1,399,199,0.33180521670236623,0.22876597219755726,18.79474955266561,0.0,0.0,0.0,1.087417540400517
len4_cond1_1.csv,mixed,40,0.1,399,199,0.3279580112638777,0.22611348318268734,18.817039808350113,0.0,0.05846582139289983,0.0,28.92760651143671
len4_cond1_1.csv,gravity,20,0.2,99,99,0.15601304181773676,0.19889220238758804,18.7203175718462,0.0,0.0,0.0,1.0
len4_cond1_1.csv,viscous,20,0.2,99,99,0.15586478321966077,0.1987031958869092,18.7200451516809,0.006818310324299428,0.0,0.0,1.008965844270224
len4_cond1_1.csv,quadratic,20,0.2,99,99,0.15326988526912885,0.19539510726598946,18.734815272742427,0.0,0.0374782548811893,0.0,1.0374181429113882
len4_cond1_1.csv,dry,20,0.2,99,99,0.15601304181773676,0.19889220238758804,18.7203175718462,0.0,0.0,0.0,1.1023174201048953
len4_cond1_1.csv,mixed,20,0.2,99,99,0.15326988526912885,0.19539510726598946,18.734815272742427,0.0,0.0374782548811893,0.0,54.71422011480861
len4_cond1_1.csv,gravity,30,0.2,149,99,0.15600427456999302,0.19888102551934475,18.758286357760905,0.0,0.0,0.0,1.0
len4_cond1_1.csv,viscous,30,0.2,149,99,0.15600427456999302,0.19888102551934475,18.758286357760905,0.0,0.0,0.0,1.0007943953824745
len4_cond1_1.csv,quadratic,30,0.2,149,99,0.1534140602013704,0.19557890773208192,18.773773834869015,0.0,0.034879291555255175,0.0,1.0445247691190649
len4_cond1_1.csv,dry,30,0.2,149,99,0.15600427456999302,0.19888102551934475,18.758286357760905,0.0,0.0,0.0,1.0876080539100266
len4_cond1_1.csv,mixed,30,0.2,149,99,0.1534140602013704,0.19557890773208192,18.773773834869015,0.0,0.034879291555255175,0.0,51.57781206436716
len4_cond1_1.csv,gravity,40,0.2,199,99,0.15600782167104477,0.19888554751783957,18.778260316054148,0.0,0.0,0.0,1.0
len4_cond1_1.csv,viscous,40,0.2,199,99,0.15600473571129816,0.19888161340231095,18.778257641982183,0.00013612510442464714,0.0,0.0,1.0044260712651305
len4_cond1_1.csv,quadratic,40,0.2,199,99,0.15337486962113783,0.1955289458780953,18.79185607143,0.0,0.03576387074019775,0.0,1.038772153340034
len4_cond1_1.csv,dry,40,0.2,199,99,0.15600782167104477,0.19888554751783957,18.778260316054148,0.0,0.0,0.0,1.092839307399817
len4_cond1_1.csv,mixed,40,0.2,199,99,0.15337486962113783,0.1955289458780953,18.79185607143,0.0,0.03576387074019775,0.0,49.71651767398496
len4_cond1_1.csv,gravity,20,0.5,39,39,0.06621783924904281,0.17496038166567981,18.47504082850784,0.0,0.0,0.0,1.0
len4_cond1_1.csv,viscous,20,0.5,39,39,0.06621783924904281,0.17496038166567981,18.47504082850784,0.0,0.0,0.0,1.004643815941608
len4_cond1_1.csv,quadratic,20,0.5,39,39,0.06621783924904281,0.17496038166567981,18.47504082850784,0.0,0.0,0.0,1.036099393814983
len4_cond1_1.csv,dry,20,0.5,39,39,0.06621783924904281,0.17496038166567981,18.47504082850784,0.0,0.0,0.0,1.1094653226333182
len4_cond1_1.csv,mixed,20,0.5,39,39,0.06621783924904281,0.17496038166567981,18.47504082850784,0.0,0.0,0.0,116.60443470525617
len4_cond1_1.csv,gravity,30,0.5,59,39,0.06550546666514509,0.1730781550545372,18.713360146927457,0.0,0.0,0.0,1.0
len4_cond1_1.csv,viscous,30,0.5,59,39,0.06550546666514509,0.1730781550545372,18.713360146927457,0.0,0.0,0.0,1.020605868954829
len4_cond1_1.csv,quadratic,30,0.5,59,39,0.06550546666514509,0.1730781550545372,18.713360146927457,0.0,0.0,0.0,1.0220149700659051
len4_cond1_1.csv,dry,30,0.5,59,39,0.06550546666514509,0.1730781550545372,18.713360146927457,0.0,0.0,0.0,1.1215410022748313
len4_cond1_1.csv,mixed,30,0.5,59,39,0.06550546666514509,0.1730781550545372,18.713360146927457,0.0,0.0,0.0,79.43134168714359
len4_cond1_1.csv,gravity,40,0.5,79,39,0.0655903315925002,0.1733023846616713,18.66488827396544,0.0,0.0,0.0,1.0
len4_cond1_1.csv,viscous,40,0.5,79,39,0.0655903315925002,0.1733023846616713,18.66488827396544,0.0,0.0,0.0,1.0024759950294984
len4_cond1_1.csv,quadratic,40,0.5,79,39,0.0655903315925002,0.1733023846616713,18.66488827396544,0.0,0.0,0.0,1.038718381870869
len4_cond1_1.csv,dry,40,0.5,79,39,0.0655903315925002,0.1733023846616713,18.66488827396544,0.0,0.0,0.0,1.0993277565782302
len4_cond1_1.csv,mixed,40,0.5,79,39,0.0655903315925002,0.1733023846616713,18.66488827396544,0.0,0.0,0.0,81.52029976934027
len4_cond2_1.csv,gravity,20,0.05,399,399,0.4926460672645403,0.06985308162431973,18.734227072632727,0.0,0.0,0.0,1.0
len4_cond2_1.csv,viscous,20,0.05,399,399,0.49196282342827996,0.06975620337716633,18.733865087253694,0.04830485607505574,0.0,0.0,1.0017184788042104
len4_cond2_1.csv,quadratic,20,0.05,399,399,0.49052684831072335,0.06955259414578824,18.755290082390857,0.0,0.1076594625654192,0.0,1.029031838202397
len4_cond2_1.csv,dry,20,0.05,399,399,0.4926460672645403,0.06985308162431973,18.734227072632727,0.0,0.0,0.0,1.0678111382762114
len4_cond2_1.csv,mixed,20,0.05,399,399,0.49052684831072335,0.06955259414578824,18.755290082390857,0.0,0.1076594625654192,0.0,20.92102164246297
len4_cond2_1.csv,gravity,30,0.05,599,399,0.4926373728389529,0.06985184882767202,18.746375017950758,0.0,0.0,0.0,1.0
len4_cond2_1.csv,viscous,30,0.05,599,399,0.49208622602081853,0.06977370083008849,18.746457242608198,0.037773821405321095,0.0,0.0,1.0005011043661014
len4_cond2_1.csv,quadratic,30,0.05,599,399,0.4905013402985508,0.06954897732354046,18.76784833336348,0.0,0.10866605867300272,0.0,1.0310982861488118
len4_cond2_1.csv,dry,30,0.05,599,399,0.4926373728389529,0.06985184882767202,18.746375017950758,0.0,0.0,0.0,1.07047071215072
len4_cond2_1.csv,mixed,30,0.05,599,399,0.4905013402985508,0.06954897732354046,18.76784833336348,0.0,0.10866605867300272,0.0,18.829617510426242
len4_cond2_1.csv,gravity,40,0.05,799,399,0.4926371921523708,0.06985182320782969,18.746637094976446,0.0,0.0,0.0,1.0
len4_cond2_1.csv,viscous,40,0.05,799,399,0.49204507092673416,0.06976786538282248,18.746347106477355,0.040972512498168474,0.0,0.0,1.0016297014856583
len4_cond2_1.csv,quadratic,40,0.05,799,399,0.4904037639424942,0.06953514181440491,18.767916247838684,0.0,0.11446066437948324,0.0,1.030416387237693
len4_cond2_1.csv,dry,40,0.05,799,399,0.4926371921523708,0.06985182320782969,18.746637094976446,0.0,0.0,0.0,1.0773553145622923
len4_cond2_1.csv,mixed,40,0.05,799,399,0.4904037639424942,0.06953514181440491,18.767916247838684,0.0,0.11446066437948324,0.0,17.166856249697044
len4_cond2_1.csv,gravity,20,0.1,199,199,0.3391171419732831,0.08813781395878213,18.70358096134603,0.0,0.0,0.0,1.0
len4_cond2_1.csv,viscous,20,0.1,199,199,0.3382167651880914,0.08790380266367549,18.703478645658272,0.044867222753961655,0.0,0.0,1.0005233486744436
len4_cond2_1.csv,quadratic,20,0.1,199,199,0.33668936219273193,0.08750682491061433,18.722486719669828,0.0,0.09364236398161248,0.0,1.0300864051602445
len4_cond2_1.csv,dry,20,0.1,199,199,0.3391171419732831,0.08813781395878213,18.70358096134603,0.0,0.0,0.0,1.0679538229995031
len4_cond2_1.csv,mixed,20,0.1,199,199,0.33668936219273193,0.08750682491061433,18.722486719669828,0.0,0.09364236398161248,0.0,25.306813156282857
len4_cond2_1.csv,gravity,30,0.1,299,199,0.33912113812750555,0.08813885257421561,18.698854079847376,0.0,0.0,0.0,1.0
len4_cond2_1.csv,viscous,30,0.1,299,199,0.33846788533170385,0.08796906972853169,18.69880923196759,0.031118325768059885,0.0,0.0,1.0003322734362252
len4_cond2_1.csv,quadratic,30,0.1,299,199,0.3367173329167107,0.08751409460642501,18.71683126019875,0.0,0.09256997836581907,0.0,1.0306796157697873
len4_cond2_1.csv,dry,30,0.1,299,199,0.33912113812750555,0.08813885257421561,18.698854079847376,0.0,0.0,0.0,1.0730791215513729
len4_cond2_1.csv,mixed,30,0.1,299,199,0.3367173329167107,0.08751409460642501,18.71683126019875,0.0,0.09256997836581907,0.0,22.205749291849056
len4_cond2_1.csv,gravity,40,0.1,399,199,0.33912296223083294,0.08813932666549504,18.696755122193586,0.0,0.0,0.0,1.0
len4_cond2_1.csv,viscous,40,0.1,399,199,0.33831438728347357,0.0879291750115049,18.69643323509342,0.03960917805079166,0.0,0.0,1.0018721503455295
len4_cond2_1.csv,quadratic,40,0.1,399,199,0.3365556651612543,0.08747207655192432,18.715334052503795,0.0,0.09999322727378919,0.0,1.030497334493798
len4_cond2_1.csv,dry,40,0.1,399,199,0.33912296223083294,0.08813932666549504,18.696755122193586,0.0,0.0,0.0,1.0800000676687296
len4_cond2_1.csv,mixed,40,0.1,399,199,0.3365556651612543,0.08747207655192432,18.715334052503795,0.0,0.09999322727378919,0.0,20.0202933155594
len4_cond2_1.csv,gravity,20,0.2,99,99,0.18965907643344584,0.09177679356039645,18.655734288136145,0.0,0.0,0.0,1.0
len4_cond2_1.csv,viscous,20,0.2,99,99,0.1887855307275846,0.09135408126304678,18.655827399671296,0.03640359261934324,0.0,0.0,1.0005894393279184
len4_cond2_1.csv,quadratic,20,0.2,99,99,0.18770369453715746,0.09083057635844581,18.66885345013096,0.0,0.06233933983766511,0.0,1.0317259814597355
len4_cond2_1.csv,dry,20,0.2,99,99,0.18965907643344584,0.09177679356039645,18.655734288136145,0.0,0.0,0.0,1.0710659825813802
len4_cond2_1.csv,mixed,20,0.2,99,99,0.18770369453715746,0.09083057635844581,18.66885345013096,0.0,0.06233933983766511,0.0,40.800064427013275
len4_cond2_1.csv,gravity,30,0.2,149,99,0.1896572575051329,0.09177591337363493,18.65864543673638,0.0,0.0,0.0,1.0
len4_cond2_1.csv,viscous,30,0.2,149,99,0.18889477692558962,0.09140694593976095,18.658214491597203,0.03102832875435806,0.0,0.0,1.0032131319623037
len4_cond2_1.csv,quadratic,30,0.2,149,99,0.18766574715347503,0.09081221346612411,18.670311263867553,0.0,0.0637116197161705,0.0,1.0291610765658936
len4_cond2_1.csv,dry,30,0.2,149,99,0.1896572575051329,0.09177591337363493,18.65864543673638,0.0,0.0,0.0,1.081199170794059
len4_cond2_1.csv,mixed,30,0.2,149,99,0.18766574715347503,0.09081221346612411,18.670311263867553,0.0,0.0637116197161705,0.0,33.612246732014604
len4_cond2_1.csv,gravity,40,0.2,199,99,0.1896488162193083,0.0917718286013104,18.67501068835824,0.0,0.0,0.0,1.0
len4_cond2_1.csv,viscous,40,0.2,199,99,0.18872406881382575,0.0913243395945912,18.67460015047334,0.0389906960940153,0.0,0.0,1.0024274575362835
len4_cond2_1.csv,quadratic,40,0.2,199,99,0.18750295343356446,0.09073343692715682,18.687891170000373,0.0,0.06958919464448803,0.0,1.0306274140707279
len4_cond2_1.csv,dry,40,0.2,199,99,0.1896488162193083,0.0917718286013104,18.67501068835824,0.0,0.0,0.0,1.0843234293333297
len4_cond2_1.csv,mixed,40,0.2,199,99,0.18750295343356446,0.09073343692715682,18.687891170000373,0.0,0.06958919464448803,0.0,29.083005604280217
len4_cond2_1.csv,gravity,20,0.5,39,39,0.07437571120545484,0.07462415547704782,18.744035410085605,0.0,0.0,0.0,1.0
len4_cond2_1.csv,viscous,20,0.5,39,39,0.07406342577653227,0.07431082689136533,18.739803877005762,0.045417720493388505,0.0,0.0,1.0220524388965329
len4_cond2_1.csv,quadratic,20,0.5,39,39,0.07399921961719644,0.07424640625808054,18.746307118091515,0.0,0.03573782030441032,0.0,1.009735907489549
len4_cond2_1.csv,dry,20,0.5,39,39,0.07476435454863829,0.07501409704260442,18.731894444200993,0.0,0.0,0.04080142839823655,1.098261064781878
len4_cond2_1.csv,mixed,20,0.5,39,39,0.07399921961719644,0.07424640625808054,18.746307118091515,0.0,0.03573782030441032,0.0,80.3395219852515
len4_cond2_1.csv,gravity,30,0.5,59,39,0.07436479210887278,0.07461319990636751,18.726761522515492,0.0,0.0,0.0,1.0
len4_cond2_1.csv,viscous,30,0.5,59,39,0.07405652572735989,0.07430390379330154,18.72454420173729,0.04414517803889271,0.0,0.0,1.0116634054246185
len4_cond2_1.csv,quadratic,30,0.5,59,39,0.07397948197340304,0.07422660268275579,18.731054311044414,0.0,0.036750776987971155,0.0,1.018771692331577
len4_cond2_1.csv,dry,30,0.5,59,39,0.07467583921295048,0.07492528603071072,18.71596835159213,0.0,0.0,0.03599974954668545,1.0896300702444748
len4_cond2_1.csv,mixed,30,0.5,59,39,0.07397948197340304,0.07422660268275579,18.731054311044414,0.0,0.036750776987971155,0.0,67.61947905520016
len4_cond2_1.csv,gravity,40,0.5,79,39,0.07436215706128368,0.074610556056678,18.721632705804954,0.0,0.0,0.0,1.0
len4_cond2_1.csv,viscous,40,0.5,79,39,0.07404035547359784,0.07428767952450081,18.72062574107018,0.05175252124643849,0.0,0.0,1.0045187029922966
len4_cond2_1.csv,quadratic,40,0.5,79,39,0.07393614613673896,0.07418312208726925,18.727674793746232,0.0,0.04163670395444222,0.0,1.024411581673923
len4_cond2_1.csv,dry,40,0.5,79,39,0.07483939138792514,0.07508938453459196,18.70807447811297,0.0,0.0,0.04484389557360033,1.0841178103528768
len4_cond2_1.csv,mixed,40,0.5,79,39,0.07393614613673896,0.07418312208726925,18.727674793746232,0.0,0.04163670395444222,0.0,56.107727348585826
len4_cond3_1.csv,gravity,20,0.05,399,399,0.5575073994698584,0.06087138573921019,18.809420857635754,0.0,0.0,0.0,1.0
len4_cond3_1.csv,viscous,20,0.05,399,399,0.5564293970276447,0.060753684157939344,18.8088218982467,0.06587820901545466,0.0,0.0,1.002091336604867
len4_cond3_1.csv,quadratic,20,0.05,399,399,0.5558761253240013,0.0606932752461956,18.83088076739784,0.0,0.1202787364662487,0.0,1.0285982206659352
len4_cond3_1.csv,dry,20,0.05,399,399,0.5575073994698584,0.06087138573921019,18.809420857635754,0.0,0.0,0.0,1.0737280159062141
len4_cond3_1.csv,mixed,20,0.05,399,399,0.5558761253240013,0.0606932752461956,18.83088076739784,0.0,0.1202787364662487,0.0,20.4274251090982
len4_cond3_1.csv,gravity,30,0.05,599,399,0.5575106082219384,0.06087173608646261,18.792017710619774,0.0,0.0,0.0,1.0
len4_cond3_1.csv,viscous,30,0.05,599,399,0.556502712309474,0.060761689079138696,18.79269646530125,0.060976272329854024,0.0,0.0,1.0025635854228752
len4_cond3_1.csv,quadratic,30,0.05,599,399,0.5557815813751539,0.06068295247526004,18.816334600109073,0.0,0.12819185397168895,0.0,1.0322247559217534
len4_cond3_1.csv,dry,30,0.05,599,399,0.5575106082219384,0.06087173608646261,18.792017710619774,0.0,0.0,0.0,1.0716704471227214
len4_cond3_1.csv,mixed,30,0.05,599,399,0.5557815813751539,0.06068295247526004,18.816334600109073,0.0,0.12819185397168895,0.0,18.304057238285896
len4_cond3_1.csv,gravity,40,0.05,799,399,0.5575093522853208,0.06087159895715745,18.798186019415354,0.0,0.0,0.0,1.0
len4_cond3_1.csv,viscous,40,0.05,799,399,0.5565060235831351,0.06076205062019896,18.798605586411654,0.060664462167884854,0.0,0.0,1.0015949490884895
len4_cond3_1.csv,quadratic,40,0.05,799,399,0.5557231882895998,0.06067657683246382,18.822237161785278,0.0,0.13298171441935866,0.0,1.0319416237531016
len4_cond3_1.csv,dry,40,0.05,799,399,0.5575093522853208,0.06087159895715745,18.798186019415354,0.0,0.0,0.0,1.0748822111435932
len4_cond3_1.csv,mixed,40,0.05,799,399,0.5557231882895998,0.06067657683246382,18.822237161785278,0.0,0.13298171441935866,0.0,16.729835201427914
len4_cond3_1.csv,gravity,20,0.1,199,199,0.36142974746777523,0.06990217329111933,18.74562983029408,0.0,0.0,0.0,1.0
len4_cond3_1.csv,viscous,20,0.1,199,199,0.3598510060783844,0.06959683745488493,18.745232278174583,0.07405377093134473,0.0,0.0,1.0012342898609021
len4_cond3_1.csv,quadratic,20,0.1,199,199,0.3593968820471784,0.06950900778135245,18.765525929410334,0.0,0.1102064226068541,0.0,1.0290099406108646
len4_cond3_1.csv,dry,20,0.1,199,199,0.36142974746777523,0.06990217329111933,18.74562983029408,0.0,0.0,0.0,1.073067281174458
len4_cond3_1.csv,mixed,20,0.1,199,199,0.3593968820471784,0.06950900778135245,18.765525929410334,0.0,0.1102064226068541,0.0,24.49799658097062
len4_cond3_1.csv,gravity,30,0.1,299,199,0.3614525656756516,0.06990658643733196,18.718191471536162,0.0,0.0,0.0,1.0
len4_cond3_1.csv,viscous,30,0.1,299,199,0.35989917331758486,0.06960615322018963,18.719014660434535,0.07249694922148674,0.0,0.0,1.0026193120319227
len4_cond3_1.csv,quadratic,30,0.1,299,199,0.3592814296129245,0.06948667875026787,18.740752022666644,0.0,0.1185244965641561,0.0,1.0324598239275544
len4_cond3_1.csv,dry,30,0.1,299,199,0.3614525656756516,0.06990658643733196,18.718191471536162,0.0,0.0,0.0,1.0732214290330957
len4_cond3_1.csv,mixed,30,0.1,299,199,0.3592814296129245,0.06948667875026787,18.740752022666644,0.0,0.1185244965641561,0.0,21.36314359533857
len4_cond3_1.csv,gravity,40,0.1,399,199,0.3614348266089825,0.0699031556203585,18.738994844496776,0.0,0.0,0.0,1.0
len4_cond3_1.csv,viscous,40,0.1,399,199,0.35994557516428394,0.0696151275504757,18.739279668581187,0.06878027300092329,0.0,0.0,1.0009555244670836
len4_cond3_1.csv,quadratic,40,0.1,399,199,0.3592214820612168,0.06947508461841456,18.760781204798132,0.0,0.12145216098114697,0.0,1.0317765269041783
len4_cond3_1.csv,dry,40,0.1,399,199,0.3614348266089825,0.0699031556203585,18.738994844496776,0.0,0.0,0.0,1.0776032992666504
len4_cond3_1.csv,mixed,40,0.1,399,199,0.3592214820612168,0.06947508461841456,18.760781204798132,0.0,0.12145216098114697,0.0,19.275922583115587
len4_cond3_1.csv,gravity,20,0.2,99,99,0.20030302790583648,0.07231216449875805,18.74384200156216,0.0,0.0,0.0,1.0
len4_cond3_1.csv,viscous,20,0.2,99,99,0.19831513748407747,0.07159450855173302,18.744192765114246,0.07868428979545225,0.0,0.0,1.0010265948332058
len4_cond3_1.csv,quadratic,20,0.2,99,99,0.1979700265398624,0.07146991872586111,18.76152873922168,0.0,0.09351326065273502,0.0,1.0306408756478547
len4_cond3_1.csv,dry,20,0.2,99,99,0.20030302790583648,0.07231216449875805,18.74384200156216,0.0,0.0,0.0,1.073313652962045
len4_cond3_1.csv,mixed,20,0.2,99,99,0.1979700265398624,0.07146991872586111,18.76152873922168,0.0,0.09351326065273502,0.0,37.61345394359156
len4_cond3_1.csv,gravity,30,0.2,149,99,0.200392343879862,0.07234440880117136,18.706214275765618,0.0,0.0,0.0,1.0
len4_cond3_1.csv,viscous,30,0.2,149,99,0.19843214411310994,0.07163674956373618,18.706680697363826,0.07707007689698452,0.0,0.0,1.001400105511352
len4_cond3_1.csv,quadratic,30,0.2,149,99,0.1979437641994194,0.07146043765759125,18.724464124886858,0.0,0.09842434947153174,0.0,1.0319023915942311
len4_cond3_1.csv,dry,30,0.2,149,99,0.200392343879862,0.07234440880117136,18.706214275765618,0.0,0.0,0.0,1.0783779726416693
len4_cond3_1.csv,mixed,30,0.2,149,99,0.1979437641994194,0.07146043765759125,18.724464124886858,0.0,0.09842434947153174,0.0,30.94964919698714
len4_cond3_1.csv,gravity,40,0.2,199,99,0.20040393733542214,0.07234859419903748,18.701742401014155,0.0,0.0,0.0,1.0
len4_cond3_1.csv,viscous,40,0.2,199,99,0.19831729824513172,0.07159528861637024,18.701634005696405,0.08471661166821935,0.0,0.0,1.000295484699565
len4_cond3_1.csv,quadratic,40,0.2,199,99,0.19781471626556665,0.07141384956794254,18.720268967159537,0.0,0.10508905618486733,0.0,1.0314596370563363
len4_cond3_1.csv,dry,40,0.2,199,99,0.20040393733542214,0.07234859419903748,18.701742401014155,0.0,0.0,0.0,1.084209020673142
len4_cond3_1.csv,mixed,40,0.2,199,99,0.19781471626556665,0.07141384956794254,18.720268967159537,0.0,0.10508905618486733,0.0,27.16598757364164
len4_cond3_1.csv,gravity,20,0.5,39,39,0.09784680943075565,0.0725534400676722,18.45804448543813,0.0,0.0,0.0,1.0
len4_cond3_1.csv,viscous,20,0.5,39,39,0.09775035158504995,0.07248191654464493,18.45684111217111,0.029722114253503164,0.0,0.0,1.0095812638448
len4_cond3_1.csv,quadratic,20,0.5,39,39,0.09773922063595906,0.07247366294238176,18.459556165251033,0.0,0.013102133086087707,0.0,1.019146823394883
len4_cond3_1.csv,dry,20,0.5,39,39,0.09959529764744196,0.07384994463206637,18.445555888308782,0.0,0.0,0.04242422032104326,1.0913625632820319
len4_cond3_1.csv,mixed,20,0.5,39,39,0.09959529764744196,0.07384994463206637,18.445555888308782,0.0,0.0,0.04242422032104326,71.42848916899874
len4_cond3_1.csv,gravity,30,0.5,59,39,0.09786680577547748,0.07256826736359312,18.465159733515023,0.0,0.0,0.0,1.0
len4_cond3_1.csv,viscous,30,0.5,59,39,0.09776549499609061,0.07249314538870996,18.46357542997194,0.03669704007513828,0.0,0.0,1.010087379550066
len4_cond3_1.csv,quadratic,30,0.5,59,39,0.09771584374963022,0.07245632897379253,18.467379199122444,0.0,0.01868596988610604,0.0,1.0206691569711666
len4_cond3_1.csv,dry,30,0.5,59,39,0.09982715264818473,0.0740218651882771,18.449046722220334,0.0,0.0,0.0463907134510373,1.0970017142168507
len4_cond3_1.csv,mixed,30,0.5,59,39,0.09982715264818473,0.0740218651882771,18.449046722220334,0.0,0.0,0.0463907134510373,62.89470897607717
len4_cond3_1.csv,gravity,40,0.5,79,39,0.09791122331670271,0.07260120298442722,18.480460430853665,0.0,0.0,0.0,1.0
len4_cond3_1.csv,viscous,40,0.5,79,39,0.09781469885850189,0.07252963006821381,18.479876211160175,0.04276476907342175,0.0,0.0,1.0031784037069054
len4_cond3_1.csv,quadratic,40,0.5,79,39,0.0977329579266164,0.07246901914142803,18.4836211400897,0.0,0.022498057441927916,0.0,1.0254473814754592
len4_cond3_1.csv,dry,40,0.5,79,39,0.1001483221930424,0.0742600125071315,18.463112982177392,0.0,0.0,0.05121929775912315,1.0862199235911427
len4_cond3_1.csv,mixed,40,0.5,79,39,0.1001483221930424,0.0742600125071315,18.463112982177392,0.0,0.0,0.05121929775912315,48.55374788879153
len5_cond1_1.csv,gravity,20,0.05,399,399,0.36757544842270784,0.07450519887319446,16.088024789205164,0.0,0.0,0.0,1.0
len5_cond1_1.csv,viscous,20,0.05,399,399,0.3675163940785064,0.07449322893429365,16.087921089980334,0.005285326993286055,0.0,0.0,1.0048732566987797
len5_cond1_1.csv,quadratic,20,0.05,399,399,0.3653267790146377,0.0740494079269622,16.10057521669933,0.0,0.08475491927956437,0.0,1.0271316512645208
len5_cond1_1.csv,dry,20,0.05,399,399,0.36757544842270784,0.07450519887319446,16.088024789205164,0.0,0.0,0.0,1.080122928997308
len5_cond1_1.csv,mixed,20,0.05,399,399,0.3653267790146377,0.0740494079269622,16.10057521669933,0.0,0.08475491927956437,0.0,25.261515905098516
len5_cond1_1.csv,gravity,30,0.05,599,399,0.36757448517923386,0.07450500362988617,16.095447130970815,0.0,0.0,0.0,1.0
len5_cond1_1.csv,viscous,30,0.05,599,399,0.36753181887916925,0.07449635544300336,16.095502991749655,0.0037783634983028776,0.0,0.0,1.0036707114495897
len5_cond1_1.csv,quadratic,30,0.05,599,399,0.3652887431285417,0.07404169829545644,16.11107827744298,0.0,0.08689956005576421,0.0,1.0335522212078703
len5_cond1_1.csv,dry,30,0.05,599,399,0.36757448517923386,0.07450500362988617,16.095447130970815,0.0,0.0,0.0,1.0698214522881622
len5_cond1_1.csv,mixed,30,0.05,599,399,0.3652887431285417,0.07404169829545644,16.11107827744298,0.0,0.08689956005576421,0.0,24.953556505153614
len5_cond1_1.csv,gravity,40,0.05,799,399,0.3675740332774785,0.07450491203228275,16.102315899132904,0.0,0.0,0.0,1.0
len5_cond1_1.csv,viscous,40,0.05,799,399,0.36754492247105286,0.07449901145749896,16.102308633862375,0.002557253110631617,0.0,0.0,1.0007063698181067
len5_cond1_1.csv,quadratic,40,0.05,799,399,0.36530278935541605,0.07404454537605222,16.115628235644007,0.0,0.08606894944982413,0.0,1.0292738605642013
len5_cond1_1.csv,dry,40,0.05,799,399,0.3675740332774785,0.07450491203228275,16.102315899132904,0.0,0.0,0.0,1.0755645088207275
len5_cond1_1.csv,mixed,40,0.05,799,399,0.36530278935541605,0.07404454537605222,16.115628235644007,0.0,0.08606894944982413,0.0,24.768304525859055
len5_cond1_1.csv,gravity,20,0.1,199,199,0.25531975532302187,0.09913897896732518,16.06809007033047,0.0,0.0,0.0,1.0
len5_cond1_1.csv,viscous,20,0.1,199,199,0.2552839667207618,0.09912508248883985,16.068059926063327,0.0021708232038082195,0.0,0.0,1.0034430051660421
len5_cond1_1.csv,quadratic,20,0.1,199,199,0.25273937096181526,0.09813703271921906,16.079339418963887,0.0,0.07362788900010749,0.0,1.0280260280175488
len5_cond1_1.csv,dry,20,0.1,199,199,0.25531975532302187,0.09913897896732518,16.06809007033047,0.0,0.0,0.0,1.078367413220865
len5_cond1_1.csv,mixed,20,0.1,199,199,0.25273937096181526,0.09813703271921906,16.079339418963887,0.0,0.07362788900010749,0.0,30.468856399703416
len5_cond1_1.csv,gravity,30,0.1,299,199,0.25532258842549366,0.09914007904235075,16.062947758804775,0.0,0.0,0.0,1.0
len5_cond1_1.csv,viscous,30,0.1,299,199,0.25532258842549366,0.09914007904235075,16.062947758804775,0.0,0.0,0.0,1.003912749851024
len5_cond1_1.csv,quadratic,30,0.1,299,199,0.25271161407579584,0.0981262549032377,16.076645218494413,0.0,0.07489132373416864,0.0,1.0342874275483627
len5_cond1_1.csv,dry,30,0.1,299,199,0.25532258842549366,0.09914007904235075,16.062947758804775,0.0,0.0,0.0,1.071232479423582
len5_cond1_1.csv,mixed,30,0.1,299,199,0.25271161407579584,0.0981262549032377,16.076645218494413,0.0,0.07489132373416864,0.0,30.44273049327014
len5_cond1_1.csv,gravity,40,0.1,399,199,0.25532526239801007,0.09914111732826297,16.058596824106676,0.0,0.0,0.0,1.0
len5_cond1_1.csv,viscous,40,0.1,399,199,0.25532526239801007,0.09914111732826297,16.058596824106676,0.0,0.0,0.0,1.0016981715677846
len5_cond1_1.csv,quadratic,40,0.1,399,199,0.2527618646457999,0.09814576686852385,16.06977672375007,0.0,0.07286797578264576,0.0,1.0290912527815954
len5_cond1_1.csv,dry,40,0.1,399,199,0.25532526239801007,0.09914111732826297,16.058596824106676,0.0,0.0,0.0,1.078936597697277
len5_cond1_1.csv,mixed,40,0.1,399,199,0.2527618646457999,0.09814576686852385,16.06977672375007,0.0,0.07286797578264576,0.0,30.079102736925943
len5_cond1_1.csv,gravity,20,0.2,99,99,0.1520512757038789,0.11367258022283158,16.09013588513826,0.0,0.0,0.0,1.0
len5_cond1_1.csv,viscous,20,0.2,99,99,0.15199241289506898,0.11362857475608615,16.090156704006287,0.004604412039179798,0.0,0.0,1.0011198837750679
len5_cond1_1.csv,quadratic,20,0.2,99,99,0.15015460035318207,0.11225463762445025,16.099618056324434,0.0,0.053384131175816585,0.0,1.0327878563360966
len5_cond1_1.csv,dry,20,0.2,99,99,0.1520512757038789,0.11367258022283158,16.09013588513826,0.0,0.0,0.0,1.0774824856575103
len5_cond1_1.csv,mixed,20,0.2,99,99,0.15015460035318207,0.11225463762445025,16.099618056324434,0.0,0.053384131175816585,0.0,57.861277315658
len5_cond1_1.csv,gravity,30,0.2,149,99,0.15203495411048407,0.11366037830196014,16.12642874534697,0.0,0.0,0.0,1.0
len5_cond1_1.csv,viscous,30,0.2,149,99,0.15203495411048407,0.11366037830196014,16.12642874534697,0.0,0.0,0.0,1.0030398934690594
len5_cond1_1.csv,quadratic,30,0.2,149,99,0.15026673115291841,0.11233846590717578,16.135256213455705,0.0,0.04836612749372561,0.0,1.0345911669586472
len5_cond1_1.csv,dry,30,0.2,149,99,0.15203495411048407,0.11366037830196014,16.12642874534697,0.0,0.0,0.0,1.076550854251564
len5_cond1_1.csv,mixed,30,0.2,149,99,0.15026673115291841,0.11233846590717578,16.135256213455705,0.0,0.04836612749372561,0.0,54.77755335135981
len5_cond1_1.csv,gravity,40,0.2,199,99,0.15207242703791796,0.11368839282752195,16.069423613610443,0.0,0.0,0.0,1.0
len5_cond1_1.csv,viscous,40,0.2,199,99,0.15194474626213855,0.1135929394802185,16.069313614040123,0.010876200578725154,0.0,0.0,1.0025162891216244
len5_cond1_1.csv,quadratic,40,0.2,199,99,0.15011752944186987,0.11222692364362002,16.078223887245752,0.0,0.05580453804080214,0.0,1.0300572637644865
len5_cond1_1.csv,dry,40,0.2,199,99,0.15207242703791796,0.11368839282752195,16.069423613610443,0.0,0.0,0.0,1.0866669017914785
len5_cond1_1.csv,mixed,40,0.2,199,99,0.15011752944186987,0.11222692364362002,16.078223887245752,0.0,0.05580453804080214,0.0,55.05350186367448
len5_cond1_1.csv,gravity,20,0.5,39,39,0.061027958122835055,0.096686293737203,15.963923932971168,0.0,0.0,0.0,1.0
len5_cond1_1.csv,viscous,20,0.5,39,39,0.06113425517966003,0.09685469964124609,15.964326360335427,0.026342471315071374,0.0,0.0,1.003885248034891
len5_cond1_1.csv,quadratic,20,0.5,39,39,0.0607993165978699,0.09632405809433899,15.968117662976049,0.0,0.02167502525802284,0.0,1.0372200330506196
len5_cond1_1.csv,dry,20,0.5,39,39,0.06158790347490568,0.09757341240301372,15.958199408663987,0.0,0.0,0.022613084784779636,1.0820510312356257
len5_cond1_1.csv,mixed,20,0.5,39,39,0.0607993165978699,0.09632405809433899,15.968117662976049,0.0,0.02167502525802284,0.0,120.3096880782578
len5_cond1_1.csv,gravity,30,0.5,59,39,0.061017551356253884,0.09666980634811985,15.982304947338157,0.0,0.0,0.0,1.0
len5_cond1_1.csv,viscous,30,0.5,59,39,0.06109044370538158,0.09678528933814173,15.981417032250016,0.0214942390223275,0.0,0.0,1.010376561030296
len5_cond1_1.csv,quadratic,30,0.5,59,39,0.060815489490398264,0.09634968072838535,15.98450413729996,0.0,0.018198542746260073,0.0,1.0231144131057166
len5_cond1_1.csv,dry,30,0.5,59,39,0.06143672579313629,0.09733390234572745,15.976860119898483,0.0,0.0,0.01743299788093682,1.098631181744738
len5_cond1_1.csv,mixed,30,0.5,59,39,0.060815489490398264,0.09634968072838535,15.98450413729996,0.0,0.018198542746260073,0.0,110.90272800761892
len5_cond1_1.csv,gravity,40,0.5,79,39,0.06106231435526839,0.09674072414718111,15.931863251837374,0.0,0.0,0.0,1.0
len5_cond1_1.csv,viscous,40,0.5,79,39,0.06113583468135019,0.09685720203800113,15.93211352295357,0.022382683011236283,0.0,0.0,1.0027814701107192
len5_cond1_1.csv,quadratic,40,0.5,79,39,0.060847342208831076,0.09640014483345215,15.935319282853635,0.0,0.01888713773322431,0.0,1.035491328092262
len5_cond1_1.csv,dry,40,0.5,79,39,0.061509003658886494,0.09744841181275822,15.92683056792252,0.0,0.0,0.018393953799277964,1.0840029801425874
len5_cond1_1.csv,mixed,40,0.5,79,39,0.060847342208831076,0.09640014483345215,15.935319282853635,0.0,0.01888713773322431,0.0,104.8607796180858
len5_cond2_1.csv,gravity,20,0.05,399,399,0.4485384342237897,0.05763246124156911,16.070862326662954,0.0,0.0,0.0,1.0
len5_cond2_1.csv,viscous,20,0.05,399,399,0.44831201859968733,0.057603369220272996,16.070889332382624,0.017437873071570926,0.0,0.0,1.0003857109166103
len5_cond2_1.csv,quadratic,20,0.05,399,399,0.4468914215182877,0.05742083746828315,16.08460482301075,0.0,0.08598504372731568,0.0,1.029927663246354
len5_cond2_1.csv,dry,20,0.05,399,399,0.4485384342237897,0.05763246124156911,16.070862326662954,0.0,0.0,0.0,1.070488104611308
len5_cond2_1.csv,mixed,20,0.05,399,399,0.4468914215182877,0.05742083746828315,16.08460482301075,0.0,0.08598504372731568,0.0,23.082597856995147
len5_cond2_1.csv,gravity,30,0.05,599,399,0.4485343652616314,0.057631938422818274,16.092464915406367,0.0,0.0,0.0,1.0
len5_cond2_1.csv,viscous,30,0.05,599,399,0.448262088347078,0.05759695370907322,16.092993986213383,0.021326589608474292,0.0,0.0,1.0061822952273147
len5_cond2_1.csv,quadratic,30,0.05,599,399,0.44676072603822137,0.057404044476613646,16.10880584275705,0.0,0.09389897341610176,0.0,1.0341251315708748
len5_cond2_1.csv,dry,30,0.05,599,399,0.4485343652616314,0.057631938422818274,16.092464915406367,0.0,0.0,0.0,1.0651826994595737
len5_cond2_1.csv,mixed,30,0.05,599,399,0.44676072603822137,0.057404044476613646,16.10880584275705,0.0,0.09389897341610176,0.0,21.36752353187943
len5_cond2_1.csv,gravity,40,0.05,799,399,0.4485336391189798,0.05763184512114103,16.10082043726095,0.0,0.0,0.0,1.0
len5_cond2_1.csv,viscous,40,0.05,799,399,0.4483357133166852,0.05760641374166696,16.10112944343305,0.01509315985079292,0.0,0.0,1.005113709060441
len5_cond2_1.csv,quadratic,40,0.05,799,399,0.44671537536263706,0.05739821739279325,16.116967366057732,0.0,0.09676035133823059,0.0,1.0340641093605731
len5_cond2_1.csv,dry,40,0.05,799,399,0.4485336391189798,0.05763184512114103,16.10082043726095,0.0,0.0,0.0,1.0692712055102418
len5_cond2_1.csv,mixed,40,0.05,799,399,0.44671537536263706,0.05739821739279325,16.116967366057732,0.0,0.09676035133823059,0.0,19.858001417050556
len5_cond2_1.csv,gravity,20,0.1,199,199,0.30082353224015335,0.07192004903274166,16.058982820929433,0.0,0.0,0.0,1.0
len5_cond2_1.csv,viscous,20,0.1,199,199,0.3002901396080709,0.0717925270135452,16.0591279353205,0.03104874479779531,0.0,0.0,1.0011633021354314
len5_cond2_1.csv,quadratic,20,0.1,199,199,0.2985138610855611,0.07136785931057865,16.073459433101657,0.0,0.08911183706693795,0.0,1.0304558381788127
len5_cond2_1.csv,dry,20,0.1,199,199,0.30082353224015335,0.07192004903274166,16.058982820929433,0.0,0.0,0.0,1.0692867256776606
len5_cond2_1.csv,mixed,20,0.1,199,199,0.2985138610855611,0.07136785931057865,16.073459433101657,0.0,0.08911183706693795,0.0,28.306821281174372
len5_cond2_1.csv,gravity,30,0.1,299,199,0.30082469406586093,0.07192032679878355,16.07592741782942,0.0,0.0,0.0,1.0
len5_cond2_1.csv,viscous,30,0.1,299,199,0.3003013227779198,0.07179520065452631,16.076761677685596,0.030363579147137894,0.0,0.0,1.006859403733499
len5_cond2_1.csv,quadratic,30,0.1,299,199,0.2984300758712975,0.07134782817580278,16.092529993653237,0.0,0.09331225854538225,0.0,1.0350181762664268
len5_cond2_1.csv,dry,30,0.1,299,199,0.30082469406586093,0.07192032679878355,16.07592741782942,0.0,0.0,0.0,1.0661423018865268
len5_cond2_1.csv,mixed,30,0.1,299,199,0.2984300758712975,0.07134782817580278,16.092529993653237,0.0,0.09331225854538225,0.0,25.224293160038528
len5_cond2_1.csv,gravity,40,0.1,399,199,0.3008263002505197,0.07192071080092112,16.083722382115752,0.0,0.0,0.0,1.0
len5_cond2_1.csv,viscous,40,0.1,399,199,0.3003555604651412,0.07180816764914716,16.084191915024967,0.02680368704348925,0.0,0.0,1.0043778814511375
len5_cond2_1.csv,quadratic,40,0.1,399,199,0.29833187093106167,0.07132434961325675,16.09995880301639,0.0,0.09822755330211166,0.0,1.033829476881589
len5_cond2_1.csv,dry,40,0.1,399,199,0.3008263002505197,0.07192071080092112,16.083722382115752,0.0,0.0,0.0,1.0718741619360022
len5_cond2_1.csv,mixed,40,0.1,399,199,0.29833187093106167,0.07132434961325675,16.09995880301639,0.0,0.09822755330211166,0.0,23.259756154668956
len5_cond2_1.csv,gravity,20,0.2,99,99,0.15363801895507126,0.07005772846596904,16.01784755973871,0.0,0.0,0.0,1.0
len5_cond2_1.csv,viscous,20,0.2,99,99,0.15363801895507126,0.07005772846596904,16.01784755973871,0.0,0.0,0.0,1.0045722607568512
len5_cond2_1.csv,quadratic,20,0.2,99,99,0.1521266739392794,0.06936856702367196,16.02636227760282,0.0,0.047722704622173005,0.0,1.0337207503289114
len5_cond2_1.csv,dry,20,0.2,99,99,0.15363801895507126,0.07005772846596904,16.01784755973871,0.0,0.0,0.0,1.0679917265254348
len5_cond2_1.csv,mixed,20,0.2,99,99,0.1521266739392794,0.06936856702367196,16.02636227760282,0.0,0.047722704622173005,0.0,45.47650265455941
len5_cond2_1.csv,gravity,30,0.2,149,99,0.15361040851067168,0.07004513832044564,16.02726269851388,0.0,0.0,0.0,1.0
len5_cond2_1.csv,viscous,30,0.2,149,99,0.15361040851067168,0.07004513832044564,16.02726269851388,0.0,0.0,0.0,1.007807966551667
len5_cond2_1.csv,quadratic,30,0.2,149,99,0.15227112703635684,0.06943443649999005,16.035064055568597,0.0,0.04153253350229089,0.0,1.03742574791694
len5_cond2_1.csv,dry,30,0.2,149,99,0.15361040851067168,0.07004513832044564,16.02726269851388,0.0,0.0,0.0,1.0711128087962205
len5_cond2_1.csv,mixed,30,0.2,149,99,0.15227112703635684,0.06943443649999005,16.035064055568597,0.0,0.04153253350229089,0.0,38.99895892980183
len5_cond2_1.csv,gravity,40,0.2,199,99,0.1535531790638332,0.0700190421427278,16.049058047331453,0.0,0.0,0.0,1.0
len5_cond2_1.csv,viscous,40,0.2,199,99,0.1535531790638332,0.0700190421427278,16.049058047331453,0.0,0.0,0.0,1.0034431538332889
len5_cond2_1.csv,quadratic,40,0.2,199,99,0.15185510805913444,0.06924473511786366,16.05836088987954,0.0,0.05510313290187301,0.0,1.0348641312159088
len5_cond2_1.csv,dry,40,0.2,199,99,0.1535531790638332,0.0700190421427278,16.049058047331453,0.0,0.0,0.0,1.0794483230294618
len5_cond2_1.csv,mixed,40,0.2,199,99,0.15185510805913444,0.06924473511786366,16.05836088987954,0.0,0.05510313290187301,0.0,33.42796359608683
len5_cond2_1.csv,gravity,20,0.5,39,39,0.06664391970206102,0.0643567042411664,16.036145907805217,0.0,0.0,0.0,1.0
len5_cond2_1.csv,viscous,20,0.5,39,39,0.06629630209017523,0.06402101684556949,16.03853473248656,0.04344660391038358,0.0,0.0,1.0140618928690086
len5_cond2_1.csv,quadratic,20,0.5,39,39,0.06614109653946253,0.06387113794036013,16.043421512894405,0.0,0.03342106166129468,0.0,1.0426863487605993
len5_cond2_1.csv,dry,20,0.5,39,39,0.06766906345999037,0.06534666512475015,16.02755153211191,0.0,0.0,0.043531216124694606,1.0618187355640445
len5_cond2_1.csv,mixed,20,0.5,39,39,0.06614109653946253,0.06387113794036013,16.043421512894405,0.0,0.03342106166129468,0.0,85.0873562775818
len5_cond2_1.csv,gravity,30,0.5,59,39,0.06671205766806232,0.06442250371612442,15.971897408725638,0.0,0.0,0.0,1.0
len5_cond2_1.csv,viscous,30,0.5,59,39,0.06644416444207984,0.06416380457012817,15.971872386356512,0.025210103223730754,0.0,0.0,1.0002502244392748
len5_cond2_1.csv,quadratic,30,0.5,59,39,0.06634206807491615,0.0640652121443671,15.975479098946801,0.0,0.023132875559079523,0.0,1.0314386493761842
len5_cond2_1.csv,dry,30,0.5,59,39,0.0669202383066626,0.06462353960727596,15.967549916049672,0.0,0.0,0.014943330964549766,1.0855400400715278
len5_cond2_1.csv,mixed,30,0.5,59,39,0.06634206807491615,0.0640652121443671,15.975479098946801,0.0,0.023132875559079523,0.0,75.99481417265783
len5_cond2_1.csv,gravity,40,0.5,79,39,0.0667306458391552,0.06444045394226293,15.961078486659517,0.0,0.0,0.0,1.0
len5_cond2_1.csv,viscous,40,0.5,79,39,0.0664594019644463,0.06417851914161031,15.96157386671803,0.02546752778402754,0.0,0.0,1.0048776079949053
len5_cond2_1.csv,quadratic,40,0.5,79,39,0.06635397009809273,0.06407670569079821,15.965138328857991,0.0,0.02348515124886328,0.0,1.0363277079732627
len5_cond2_1.csv,dry,40,0.5,79,39,0.06696352564463622,0.06466534132631964,15.95635009182563,0.0,0.0,0.016198159188092386,1.0801006372595647
len5_cond2_1.csv,mixed,40,0.5,79,39,0.06635397009809273,0.06407670569079821,15.965138328857991,0.0,0.02348515124886328,0.0,71.800139246081
len5_cond3_1.csv,gravity,20,0.05,399,399,0.5865774953078857,0.05018800927801541,15.964530925932218,0.0,0.0,0.0,1.0
len5_cond3_1.csv,viscous,20,0.05,399,399,0.5855277069231996,0.050098188598545035,15.967150238048081,0.06336198429388971,0.0,0.0,1.0103943737264443
len5_cond3_1.csv,quadratic,20,0.05,399,399,0.5852580120870395,0.050075113306622475,15.988639153861962,0.0,0.11586253299487374,0.0,1.0385509383705382
len5_cond3_1.csv,dry,20,0.05,399,399,0.5865774953078857,0.05018800927801541,15.964530925932218,0.0,0.0,0.0,1.0650649879377903
len5_cond3_1.csv,mixed,20,0.05,399,399,0.5852580120870395,0.050075113306622475,15.988639153861962,0.0,0.11586253299487374,0.0,18.364098039006418
len5_cond3_1.csv,gravity,30,0.05,599,399,0.5865757743475072,0.05018786203135808,15.97230103657948,0.0,0.0,0.0,1.0
len5_cond3_1.csv,viscous,30,0.05,599,399,0.5855310234156029,0.050098472360115914,15.97558432147625,0.06300614338051343,0.0,0.0,1.0131043761241052
len5_cond3_1.csv,quadratic,30,0.05,599,399,0.5851871181769117,0.05006904757064094,15.997126029687632,0.0,0.12254413545897484,0.0,1.0396127072291306
len5_cond3_1.csv,dry,30,0.05,599,399,0.5865757743475072,0.05018786203135808,15.97230103657948,0.0,0.0,0.0,1.0585245696937977
len5_cond3_1.csv,mixed,30,0.05,599,399,0.5851871181769117,0.05006904757064094,15.997126029687632,0.0,0.12254413545897484,0.0,16.313729109695178
len5_cond3_1.csv,gravity,40,0.05,799,399,0.5865744041962967,0.0501877448001956,15.979542540128842,0.0,0.0,0.0,1.0
len5_cond3_1.csv,viscous,40,0.05,799,399,0.5855293620620007,0.050098330213458955,15.982557010818041,0.06303524701830232,0.0,0.0,1.012040308451149
len5_cond3_1.csv,quadratic,40,0.05,799,399,0.5851469340394367,0.05006560938577951,16.003697323543392,0.0,0.12635736550141533,0.0,1.0387190293396944
len5_cond3_1.csv,dry,40,0.05,799,399,0.5865744041962967,0.0501877448001956,15.979542540128842,0.0,0.0,0.0,1.0594566302582091
len5_cond3_1.csv,mixed,40,0.05,799,399,0.5851469340394367,0.05006560938577951,16.003697323543392,0.0,0.12635736550141533,0.0,15.048415330216852
len5_cond3_1.csv,gravity,20,0.1,199,199,0.3743882945661604,0.055578366263741734,15.948788333825565,0.0,0.0,0.0,1.0
len5_cond3_1.csv,viscous,20,0.1,199,199,0.3726310865980082,0.055317506751110065,15.951200986920758,0.05612613082796599,0.0,0.0,1.010806865209756
len5_cond3_1.csv,quadratic,20,0.1,199,199,0.3723449029643019,0.05527502246662877,15.97001454455764,0.0,0.10175524819507999,0.0,1.0387101499607683
len5_cond3_1.csv,dry,20,0.1,199,199,0.3743882945661604,0.055578366263741734,15.948788333825565,0.0,0.0,0.0,1.0644586118008015
len5_cond3_1.csv,mixed,20,0.1,199,199,0.3723449029643019,0.05527502246662877,15.97001454455764,0.0,0.10175524819507999,0.0,22.320044552497794
len5_cond3_1.csv,gravity,30,0.1,299,199,0.3743830796795839,0.055577592107924415,15.956084032389732,0.0,0.0,0.0,1.0
len5_cond3_1.csv,viscous,30,0.1,299,199,0.3725124304639247,0.05529989211364611,15.959292323727881,0.060295552652527167,0.0,0.0,1.0133969966099194
len5_cond3_1.csv,quadratic,30,0.1,299,199,0.3722106583968464,0.05525509370857931,15.978198068449121,0.0,0.10883154365997498,0.0,1.0398421948668366
len5_cond3_1.csv,dry,30,0.1,299,199,0.3743830796795839,0.055577592107924415,15.956084032389732,0.0,0.0,0.0,1.0594945393592217
len5_cond3_1.csv,mixed,30,0.1,299,199,0.3722106583968464,0.05525509370857931,15.978198068449121,0.0,0.10883154365997498,0.0,18.843500954940687
len5_cond3_1.csv,gravity,40,0.1,399,199,0.3743842512873006,0.055577766034416616,15.954388674687006,0.0,0.0,0.0,1.0
len5_cond3_1.csv,viscous,40,0.1,399,199,0.3724992123001578,0.05529792986226744,15.957187781305308,0.060845250219282145,0.0,0.0,1.0115897035240802
len5_cond3_1.csv,quadratic,40,0.1,399,199,0.3721618698915334,0.05524785099972034,15.97560033148063,0.0,0.11159074001548085,0.0,1.038595693441067
len5_cond3_1.csv,dry,40,0.1,399,199,0.3743842512873006,0.055577766034416616,15.954388674687006,0.0,0.0,0.0,1.0615881232476116
len5_cond3_1.csv,mixed,40,0.1,399,199,0.3721618698915334,0.05524785099972034,15.97560033148063,0.0,0.11159074001548085,0.0,17.07019637417572
len5_cond3_1.csv,gravity,20,0.2,99,99,0.1893527459929719,0.05227072282267455,15.834545689556224,0.0,0.0,0.0,1.0
len5_cond3_1.csv,viscous,20,0.2,99,99,0.1893527459929719,0.05227072282267455,15.834545689556224,0.0,0.0,0.0,1.015137643703137
len5_cond3_1.csv,quadratic,20,0.2,99,99,0.18844000355106916,0.05201876076667691,15.841379667105086,0.0,0.028645229838545234,0.0,1.044794106606621
len5_cond3_1.csv,dry,20,0.2,99,99,0.1893527459929719,0.05227072282267455,15.834545689556224,0.0,0.0,0.0,1.065931616955958
len5_cond3_1.csv,mixed,20,0.2,99,99,0.18844000355106916,0.05201876076667691,15.841379667105086,0.0,0.028645229838545234,0.0,31.87394067267001
len5_cond3_1.csv,gravity,30,0.2,149,99,0.1893228230369938,0.0522624626069076,15.839446817593029,0.0,0.0,0.0,1.0
len5_cond3_1.csv,viscous,30,0.2,149,99,0.18907248918516512,0.052193358082896345,15.83974349740253,0.004762475794411754,0.0,0.0,1.015731721561009
len5_cond3_1.csv,quadratic,30,0.2,149,99,0.188161671683428,0.05194192740558729,15.847772702451152,0.0,0.036818668360939354,0.0,1.0449301002758187
len5_cond3_1.csv,dry,30,0.2,149,99,0.1893228230369938,0.0522624626069076,15.839446817593029,0.0,0.0,0.0,1.0649618477005904
len5_cond3_1.csv,mixed,30,0.2,149,99,0.188161671683428,0.05194192740558729,15.847772702451152,0.0,0.036818668360939354,0.0,25.734516365539683
len5_cond3_1.csv,gravity,40,0.2,199,99,0.18926204153898898,0.052245683907352465,15.849597391908125,0.0,0.0,0.0,1.0
len5_cond3_1.csv,viscous,40,0.2,199,99,0.18885479642986436,0.05213326411587644,15.849992083309619,0.007817519460359747,0.0,0.0,1.012736638776937
len5_cond3_1.csv,quadratic,40,0.2,199,99,0.18800195696141392,0.05189783824320774,15.85802076574001,0.0,0.04024335112750893,0.0,1.0430124464366548
len5_cond3_1.csv,dry,40,0.2,199,99,0.18926204153898898,0.052245683907352465,15.849597391908125,0.0,0.0,0.0,1.068697143869558
len5_cond3_1.csv,mixed,40,0.2,199,99,0.18800195696141392,0.05189783824320774,15.85802076574001,0.0,0.04024335112750893,0.0,21.79980721758586
len5_cond3_1.csv,gravity,20,0.5,39,39,0.07100475826339558,0.04101190764833664,15.927687975110535,0.0,0.0,0.0,1.0
len5_cond3_1.csv,viscous,20,0.5,39,39,0.06915169036671463,0.03994158713315569,15.934599686684644,0.07914188679736922,0.0,0.0,1.0225629292171459
len5_cond3_1.csv,quadratic,20,0.5,39,39,0.0700990247332994,0.04048876158321644,15.941917941999908,0.0,0.05664576389394633,0.0,1.0487427528203026
len5_cond3_1.csv,dry,20,0.5,39,39,0.07237414641180774,0.04180285774310456,15.9123140634661,0.0,0.0,0.08144207919747114,1.057324318480658
len5_cond3_1.csv,mixed,20,0.5,39,39,0.06915169036671463,0.03994158713315569,15.934599686684644,0.07914188679736922,0.0,0.0,67.46995743135157
len5_cond3_1.csv,gravity,30,0.5,59,39,0.07100444723530037,0.04101172800043939,15.930037253961567,0.0,0.0,0.0,1.0
len5_cond3_1.csv,viscous,30,0.5,59,39,0.06928596736254303,0.040019144692492514,15.933598422990963,0.0696664067859243,0.0,0.0,1.013066764479449
len5_cond3_1.csv,quadratic,30,0.5,59,39,0.07011755565843872,0.040499464930555965,15.941740868910328,0.0,0.05536866905896935,0.0,1.0430351751885067
len5_cond3_1.csv,dry,30,0.5,59,39,0.07065380769635504,0.040809200779154634,15.915315414739593,0.0,0.0,0.05461425598344591,1.0723535009716652
len5_cond3_1.csv,mixed,30,0.5,59,39,0.06981385464340172,0.04032404910933452,15.939533814866477,0.020019057806970428,0.04008606722949521,0.0,50.17921077127062
len5_cond3_1.csv,gravity,40,0.5,79,39,0.07100526995716679,0.041012203199482816,15.92476434556366,0.0,0.0,0.0,1.0
len5_cond3_1.csv,viscous,40,0.5,79,39,0.06930831974635217,0.04003205529064004,15.928802834684303,0.068237122545596,0.0,0.0,1.0150756478414822
len5_cond3_1.csv,quadratic,40,0.5,79,39,0.07010710957129979,0.04049343133546309,15.936416517558797,0.0,0.05606835247282809,0.0,1.0437135094289642
len5_cond3_1.csv,dry,40,0.5,79,39,0.07039101937819464,0.040657415877705126,15.9119570110852,0.0,0.0,0.04700889963746013,1.0654693397250254
len5_cond3_1.csv,mixed,40,0.5,79,39,0.069714023137345,0.0402663870510876,15.933599613819883,0.02721042460149442,0.03476489259991013,0.0,38.859702803816866
