active_native_radius,active_rank,carrier_id,identity_retained_mass,identity_terminal,identity_transport_residual,persistent_native_radius,persistent_rank,state_index
2.389164060411037e-10,4,annual-sunspots,1.0,False,5.896307453335804e-16,9.999999717180685e-09,4,0
2.378074548757848e-10,4,annual-sunspots,1.0,False,6.52497142746056e-16,1.0000000272292198e-08,4,1
2.38015889018433e-10,4,annual-sunspots,1.0,False,8.785375965870653e-16,9.999999606158383e-09,4,2
2.321415716659649e-10,4,annual-sunspots,1.0,False,7.847948374866597e-16,1.0000000050247593e-08,4,3
2.0904208138119007e-10,4,annual-sunspots,1.0,False,7.386521996140682e-16,9.99999949513608e-09,4,4
1.919607459419314e-10,4,annual-sunspots,1.0,False,1.165011401099699e-15,9.999999828202988e-09,4,5
1.8895966264928468e-10,4,annual-sunspots,1.0,False,7.903721546458499e-16,9.99999949513608e-09,4,6
2.019648551404913e-10,4,annual-sunspots,0.9999999999999997,False,1.4081635375180779e-15,1.0000000272292198e-08,4,7
2.489938279777872e-10,4,annual-sunspots,0.9999999999999997,False,1.1136210962798623e-15,1.0000000272292198e-08,4,8
2.573545097566137e-10,4,annual-sunspots,1.0,False,1.0575555694625554e-15,9.999999606158383e-09,4,9
2.5857829719477533e-10,4,annual-sunspots,1.0,False,8.240017949974095e-16,9.999998717979963e-09,4,10
2.4927358231656664e-10,4,annual-sunspots,1.0,False,1.6403174813732604e-15,9.99999905104687e-09,4,11
2.1684724766140307e-10,4,annual-sunspots,1.0,False,1.3649944725705446e-15,9.999999384113778e-09,4,12
2.1066751623836576e-10,4,annual-sunspots,0.9999999999999998,False,8.68482383639705e-16,9.999999384113778e-09,4,13
2.188189501345618e-10,4,annual-sunspots,1.0,False,6.500576567761997e-16,9.99999993922529e-09,4,14
1.96593500425679e-10,4,annual-sunspots,0.9999999999999998,False,9.999515962586017e-16,9.999999162069173e-09,4,15
1.3444560967146578e-10,4,annual-sunspots,1.0,False,6.118294696967083e-16,9.999999384113778e-09,4,16
1.300113693181524e-10,4,annual-sunspots,1.0,False,7.943779048127916e-16,9.999999828202988e-09,4,17
1.454702464130884e-10,4,annual-sunspots,1.0,False,8.352318627803964e-16,9.99999949513608e-09,4,18
1.4363908496657918e-10,4,annual-sunspots,1.0,False,1.030809068390387e-15,9.99999993922529e-09,4,19
1.5285656345591064e-10,4,annual-sunspots,1.0,False,7.682619309434508e-16,9.999999384113778e-09,4,20
1.454455298681311e-10,4,annual-sunspots,0.9999999999999997,False,6.131105234262112e-16,1.0000000494336803e-08,4,21
1.5953389268944407e-10,4,annual-sunspots,0.9999999999999991,False,1.0269028076112015e-15,9.99999905104687e-09,4,22
1.4903600614013377e-10,4,annual-sunspots,1.0,False,6.745303256486434e-16,9.99999949513608e-09,4,23
1.4178737607442557e-10,4,annual-sunspots,1.0,False,1.0236838687832525e-15,1.0000000272292198e-08,4,24
1.2276799153642985e-10,4,annual-sunspots,1.0,False,8.011152659589501e-16,1.0000000050247593e-08,4,25
1.3002409498658344e-10,4,annual-sunspots,0.9999999999999999,False,5.737200622551612e-16,9.999999384113778e-09,4,26
1.2808981775861218e-10,4,annual-sunspots,0.9999999999999996,False,1.0729158709950998e-15,9.999999384113778e-09,4,27
1.577890249335274e-10,4,annual-sunspots,0.9999999999999987,False,1.1968360497409326e-15,1.0000000050247593e-08,4,28
1.792203877410788e-10,4,annual-sunspots,0.9999999999999996,False,6.667422916736244e-16,9.999999828202988e-09,4,29
1.9126776742273074e-10,4,annual-sunspots,1.0,False,1.0509087335654497e-15,9.999999717180685e-09,4,30
1.844105163040274e-10,4,annual-sunspots,0.9999999999999999,False,7.189495337777566e-16,9.99999905104687e-09,4,31
1.9821765893896678e-10,4,annual-sunspots,0.9999999999999988,False,1.2431178464290217e-15,9.99999949513608e-09,4,32
1.8641507832157239e-10,4,annual-sunspots,1.0,False,8.25227227482891e-16,1.0000000050247593e-08,4,33
1.8240678921514683e-10,4,annual-sunspots,1.0,False,1.442820235826153e-15,9.999999828202988e-09,4,34
1.8575292710056758e-10,4,annual-sunspots,0.9999999999999989,False,7.403525308467773e-16,9.999999273091476e-09,4,35
1.9782603391050136e-10,4,annual-sunspots,1.0,False,7.440404388578246e-16,9.999999384113778e-09,4,36
1.546195896724641e-10,4,annual-sunspots,0.9999999999999993,False,9.134086929221146e-16,1.0000000272292198e-08,4,37
1.3472303514857906e-10,4,annual-sunspots,0.9999999999999993,False,9.303835490033327e-16,9.999999828202988e-09,4,38
1.4187315752716937e-10,4,annual-sunspots,0.9999999999999998,False,1.240971202674623e-15,9.999998162868451e-09,4,39
1.8085013640920607e-10,4,annual-sunspots,0.9999999999999993,False,1.3416554996231844e-15,9.999999717180685e-09,4,40
2.1683042663182195e-10,4,annual-sunspots,0.9999999999999994,False,8.782449572272225e-16,9.999999606158383e-09,4,41
2.340319524671819e-10,4,annual-sunspots,0.9999999999999999,False,8.103179825647081e-16,9.999999273091476e-09,4,42
2.2147272354099785e-10,4,annual-sunspots,1.0,False,8.21567832573041e-16,9.999999828202988e-09,4,43
2.0494855735196942e-10,4,annual-sunspots,1.0,False,8.385436901376208e-16,9.999999717180685e-09,4,44
2.033869926081988e-10,4,annual-sunspots,1.0,False,1.0222917309753673e-15,1.0000000050247593e-08,4,45
2.1452120016479606e-10,4,annual-sunspots,1.0,False,8.799526735907367e-16,9.999999606158383e-09,4,46
1.9618464815327104e-10,4,annual-sunspots,0.9999999999999993,False,8.570612303455252e-16,9.999999606158383e-09,4,47
2.0655719985875268e-10,4,annual-sunspots,1.0,False,8.284245393718957e-16,9.99999993922529e-09,4,48
1.8027785488305797e-10,4,annual-sunspots,0.9999999999999996,False,6.136341834119779e-16,9.999998829002266e-09,4,49
1.7663206943755555e-10,4,annual-sunspots,1.0,False,8.35322040814115e-16,9.999998940024568e-09,4,50
1.8244044985656384e-10,4,annual-sunspots,0.9999999999999992,False,1.5891164728577105e-15,9.999999384113778e-09,4,51
1.956817093700357e-10,4,annual-sunspots,1.0,False,1.1372769498345612e-15,1.0000000050247593e-08,4,52
2.2532131782022897e-10,4,annual-sunspots,1.0,False,9.018819224338026e-16,9.99999949513608e-09,4,53
2.1341587945234375e-10,4,annual-sunspots,1.0,False,8.512951692410265e-16,9.999998829002266e-09,4,54
1.980748230598057e-10,4,annual-sunspots,0.9999999999999993,False,7.745763769267688e-16,9.999999828202988e-09,4,55
2.052666139378792e-10,4,annual-sunspots,1.0,False,1.6223998702250702e-15,9.999999606158383e-09,4,56
1.7884671043434306e-10,4,annual-sunspots,0.9999999999999992,False,9.61631492664065e-16,1.0000000272292198e-08,4,57
1.4883781584939456e-10,4,annual-sunspots,0.9999999999999998,False,1.7484587318921188e-15,9.999999384113778e-09,4,58
1.321050554479767e-10,4,annual-sunspots,1.0,False,8.00965357393095e-16,1.0000000716381408e-08,4,59
1.632338887553988e-10,4,annual-sunspots,0.9999999999999998,False,6.80785634910009e-16,9.99999860695766e-09,4,60
1.6977835104814707e-10,4,annual-sunspots,1.0,False,1.1515724898355726e-15,9.999999162069173e-09,4,61
1.747777971376698e-10,4,annual-sunspots,0.9999999999999998,False,6.609606095684585e-16,9.999998829002266e-09,4,62
1.9910036973726684e-10,4,annual-sunspots,0.9999999999999992,False,9.13740074925684e-16,9.99999860695766e-09,4,63
1.8165817836469568e-10,4,annual-sunspots,1.0,False,1.0556598750840079e-15,9.999998940024568e-09,4,64
1.9341723024427988e-10,4,annual-sunspots,0.9999999999999993,False,7.411035216244196e-16,9.999999273091476e-09,4,65
1.055373119226082e-10,4,annual-sunspots,1.0,False,1.1603024738912127e-15,9.999999717180685e-09,4,66
9.999949149242282e-11,4,annual-sunspots,0.9999999999999999,False,1.1987514454157543e-15,9.999999273091476e-09,4,67
9.999924466529659e-11,4,annual-sunspots,0.9999999999999993,False,1.5090710897745091e-15,9.99999993922529e-09,4,68
9.999934620069161e-11,4,annual-sunspots,0.9999999999999992,False,7.534949588608862e-16,9.999999828202988e-09,4,69
9.999927906724492e-11,4,annual-sunspots,1.0,False,1.3073507486078022e-15,9.999998162868451e-09,4,70
1.0615674811335777e-10,4,annual-sunspots,1.0,False,8.629341996946072e-16,9.999999384113778e-09,4,71
1.1270058719883062e-10,4,annual-sunspots,1.0,False,7.997961392904174e-16,1.0000000050247593e-08,4,72
1.1567783870548411e-10,4,annual-sunspots,1.0,False,1.5505605102134677e-15,9.999998717979963e-09,4,73
1.0665110435818719e-10,4,annual-sunspots,0.9999999999999996,False,6.285727077938807e-16,9.999999828202988e-09,4,74
1.0060526957273549e-10,4,annual-sunspots,1.0,False,6.736245548067163e-16,1.0000000050247593e-08,4,75
9.999934339030473e-11,4,annual-sunspots,1.0,False,8.239439410479623e-16,9.99999860695766e-09,4,76
9.999931873374401e-11,4,annual-sunspots,1.0,False,1.05870406701901e-15,9.999999273091476e-09,4,77
1.017922195289087e-10,4,annual-sunspots,1.0,False,1.1214817051119562e-15,9.999999384113778e-09,4,78
1.2945564391456672e-10,4,annual-sunspots,1.0,False,8.039109434846804e-16,9.99999905104687e-09,4,79
1.2052540148333897e-10,4,annual-sunspots,1.0,False,9.63302930153116e-16,9.999999162069173e-09,4,80
1.4086586573374613e-10,4,annual-sunspots,0.9999999999999998,False,6.356069579811696e-16,9.99999993922529e-09,4,81
1.8659311087411587e-10,4,annual-sunspots,0.9999999999999987,False,7.660250133924503e-16,9.999999606158383e-09,4,82
1.5948580076685721e-10,4,annual-sunspots,1.0,False,8.929375550147228e-16,1.0000000938426012e-08,4,83
1.1566969512612488e-10,4,annual-sunspots,1.0,False,8.912821235116216e-16,1.0000000050247593e-08,4,84
1.2534511704530952e-10,4,annual-sunspots,1.0,False,7.655335339643928e-16,9.999999717180685e-09,4,85
1.553398436062535e-10,4,annual-sunspots,1.0,False,5.501903849003984e-16,9.99999949513608e-09,4,86
1.6537881406224247e-10,4,annual-sunspots,0.9999999999999999,False,9.706410771292414e-16,9.999999717180685e-09,4,87
1.414102006490024e-10,4,annual-sunspots,0.9999999999999996,False,9.068517641652505e-16,9.999999384113778e-09,4,88
1.6727696178781898e-10,4,annual-sunspots,1.0,False,7.908418785624368e-16,9.999999606158383e-09,4,89
1.9198981365657662e-10,4,annual-sunspots,1.0,False,7.376394463836912e-16,1.0000000272292198e-08,4,90
1.9763529677702938e-10,4,annual-sunspots,0.9999999999999993,False,8.736656665816169e-16,9.999998051846148e-09,4,91
2.1119995674893797e-10,4,annual-sunspots,0.9999999999999993,False,1.2733994312987755e-15,1.0000000050247593e-08,4,92
2.194700430417609e-10,4,annual-sunspots,0.999999999999999,False,1.3270933070922153e-15,9.999999717180685e-09,4,93
2.3168273474232833e-10,4,annual-sunspots,1.0,False,6.295285633794608e-16,9.999999828202988e-09,4,94
2.2407594931169584e-10,4,annual-sunspots,1.0,False,7.762614097975631e-16,9.999999717180685e-09,4,95
2.258035464089161e-10,4,annual-sunspots,1.0,False,5.198561430934078e-16,9.99999905104687e-09,4,96
2.203089899095302e-10,4,annual-sunspots,1.0,False,7.534287904588992e-16,9.999999384113778e-09,4,97
2.169560638486049e-10,4,annual-sunspots,0.9999999999999991,False,7.288899628371906e-16,9.999999606158383e-09,4,98
2.197227646209729e-10,4,annual-sunspots,1.0,False,7.649394536458977e-16,9.99999949513608e-09,4,99
2.2519856207918377e-10,4,annual-sunspots,1.0,False,7.891787352976658e-16,9.999998940024568e-09,4,100
2.3815469758657783e-10,4,annual-sunspots,0.9999999999999996,False,8.356700795712297e-16,1.0000000272292198e-08,4,101
2.2881400392861775e-10,4,annual-sunspots,0.9999999999999999,False,8.973008712908504e-16,9.999999717180685e-09,4,102
2.1871750911975494e-10,4,annual-sunspots,1.0,False,7.957562621638504e-16,9.999999828202988e-09,4,103
2.0133193641009443e-10,4,annual-sunspots,1.0,False,4.649926064816603e-16,1.0000000494336803e-08,4,104
2.0345477800399566e-10,4,annual-sunspots,1.0,False,1.0234463604930199e-15,9.99999949513608e-09,4,105
2.1213738745425053e-10,4,annual-sunspots,0.9999999999999998,False,8.319977343511153e-16,9.999999717180685e-09,4,106
2.251829278373579e-10,4,annual-sunspots,1.0,False,8.019893240916218e-16,9.99999949513608e-09,4,107
2.2984077511887314e-10,4,annual-sunspots,1.0,False,9.514978141576776e-16,9.999999717180685e-09,4,108
2.3068623564654865e-10,4,annual-sunspots,1.0,False,8.525001000848878e-16,1.0000000494336803e-08,4,109
2.3111843655509294e-10,4,annual-sunspots,0.9999999999999991,False,1.0665522593570036e-15,9.99999949513608e-09,4,110
2.2529214849309278e-10,4,annual-sunspots,0.9999999999999999,False,1.3554001646567158e-15,9.999999717180685e-09,4,111
2.219889804423208e-10,4,annual-sunspots,1.0,False,1.3193895979430353e-15,9.999999273091476e-09,4,112
2.2536980190451988e-10,4,annual-sunspots,0.9999999999999989,False,6.680500486004969e-16,9.99999993922529e-09,4,113
2.2021229736522938e-10,4,annual-sunspots,1.0,False,1.956676174952094e-15,9.999999273091476e-09,4,114
2.1970926401222369e-10,4,annual-sunspots,1.0,False,8.121456849868206e-16,9.999999273091476e-09,4,115
2.0781535222637379e-10,4,annual-sunspots,1.0,False,1.1591180254844974e-15,9.999999162069173e-09,4,116
1.9184217111127086e-10,4,annual-sunspots,1.0,False,1.5367132974083794e-15,9.999998829002266e-09,4,117
1.9658068891379347e-10,4,annual-sunspots,0.9999999999999994,False,7.274745784699807e-16,9.999998051846148e-09,4,118
2.1647517310358507e-10,4,annual-sunspots,1.0,False,7.924314194037996e-16,9.999998829002266e-09,4,119
2.5068403147864177e-10,4,annual-sunspots,1.0,False,1.1064988615852528e-15,9.999999828202988e-09,4,120
2.4491079597042406e-10,4,annual-sunspots,0.9999999999999997,False,9.415340619293506e-16,9.999999384113778e-09,4,121
2.334126018898411e-10,4,annual-sunspots,1.0,False,1.3387608514347302e-15,1.0000000272292198e-08,4,122
2.148581219720367e-10,4,annual-sunspots,1.0,False,1.1320477932466769e-15,9.99999993922529e-09,4,123
1.8564980493297008e-10,4,annual-sunspots,0.9999999999999993,False,8.099983498017284e-16,9.999999606158383e-09,4,124
1.4924899147646021e-10,4,annual-sunspots,1.0,False,7.358974189643742e-16,9.99999949513608e-09,4,125
1.0542226111893044e-10,4,annual-sunspots,1.0,False,7.134859707756196e-16,9.999999384113778e-09,4,126
1.0864153740088897e-10,4,annual-sunspots,0.9999999999999993,False,1.0585650211801875e-15,9.99999949513608e-09,4,127
1.1275150493199864e-10,4,annual-sunspots,1.0,False,1.2544100364023957e-15,9.999999384113778e-09,4,128
1.2575054178644373e-10,4,annual-sunspots,0.9999999999999998,False,1.3263436297910328e-15,9.999998829002266e-09,4,129
1.4430987189022977e-10,4,annual-sunspots,0.9999999999999998,False,1.0210062415904945e-15,9.999999384113778e-09,4,130
1.6161472650532745e-10,4,annual-sunspots,1.0,False,6.635728538813817e-16,9.99999860695766e-09,4,131
1.4998765354611092e-10,4,annual-sunspots,0.9999999999999993,False,9.027850760226169e-16,9.999999717180685e-09,4,132
1.3504013064514475e-10,4,annual-sunspots,0.9999999999999993,False,8.192610192446407e-16,9.999999273091476e-09,4,133
1.174356579734065e-10,4,annual-sunspots,1.0,False,9.314363004964194e-16,1.0000000050247593e-08,4,134
1.4323397001981453e-10,4,annual-sunspots,0.9999999999999998,False,9.075045384990675e-16,1.0000000272292198e-08,4,135
1.2932836839774705e-10,4,annual-sunspots,0.9999999999999996,False,1.264749264764016e-15,9.999998829002266e-09,4,136
1.0161864266119957e-10,4,annual-sunspots,0.9999999999999992,False,6.745301636635425e-16,9.99999993922529e-09,4,137
1.3433235985755072e-10,4,annual-sunspots,1.0,False,9.39592211555678e-16,9.99999905104687e-09,4,138
1.2897471874902731e-10,4,annual-sunspots,0.9999999999999994,False,9.871884822634865e-16,9.999999828202988e-09,4,139
1.449206607337902e-10,4,annual-sunspots,1.0,False,1.1429176357448195e-15,9.999998273890753e-09,4,140
1.9137218193348078e-10,4,annual-sunspots,1.0,False,8.062619457572302e-16,9.99999993922529e-09,4,141
1.657375041841026e-10,4,annual-sunspots,1.0,False,1.2704656731754064e-15,9.999999717180685e-09,4,142
1.3040267212715059e-10,4,annual-sunspots,0.9999999999999994,False,9.72213934822501e-16,9.999999273091476e-09,4,143
1.1796103731371465e-10,4,annual-sunspots,0.9999999999999996,False,7.02771347891937e-16,9.99999949513608e-09,4,144
1.4247000754781896e-10,4,annual-sunspots,1.0,False,1.9274210909512285e-15,9.999999606158383e-09,4,145
1.871360994157436e-10,4,annual-sunspots,0.9999999999999988,False,1.1609041560232542e-15,9.999999606158383e-09,4,146
1.5083017268183713e-10,4,annual-sunspots,0.9999999999999998,False,9.93173965769458e-16,9.999998829002266e-09,4,147
1.1552853440803203e-10,4,annual-sunspots,0.9999999999999993,False,7.264413412775355e-16,1.0000000050247593e-08,4,148
1.4083467103293692e-10,4,annual-sunspots,1.0,False,6.544649576733463e-16,9.99999949513608e-09,4,149
1.7715879892748635e-10,4,annual-sunspots,1.0,False,9.80530804887451e-16,9.999999162069173e-09,4,150
1.88731514547312e-10,4,annual-sunspots,1.0,False,1.092856912993967e-15,9.999999606158383e-09,4,151
1.8302820236650395e-10,4,annual-sunspots,1.0,False,1.011641469595334e-15,1.0000000272292198e-08,4,152
2.1624859745954305e-10,4,annual-sunspots,0.9999999999999999,False,5.916912867443108e-16,9.99999949513608e-09,4,153
2.1026359289391836e-10,4,annual-sunspots,1.0,False,6.763245771545432e-16,9.99999905104687e-09,4,154
1.715621021709896e-10,4,annual-sunspots,1.0,False,1.0216939651835633e-15,9.99999993922529e-09,4,155
1.5610907801123584e-10,4,annual-sunspots,0.9999999999999984,False,6.504071798208718e-16,1.0000000494336803e-08,4,156
1.8012008716918247e-10,4,annual-sunspots,1.0,False,6.58341833087849e-16,9.999999273091476e-09,4,157
1.611094067734547e-10,4,annual-sunspots,1.0,False,8.128591324136925e-16,9.999999606158383e-09,4,158
1.1577308817424378e-10,4,annual-sunspots,1.0,False,6.748801982065319e-16,9.999999606158383e-09,4,159
9.999919885203313e-11,4,annual-sunspots,1.0,False,1.0977403890501885e-15,9.999999828202988e-09,4,160
1.1474327677067707e-10,4,annual-sunspots,1.0,False,9.98549266798964e-16,9.999999162069173e-09,4,161
1.3638887329494122e-10,4,annual-sunspots,1.0,False,8.333557523672604e-16,9.999998162868451e-09,4,162
1.3346424917805418e-10,4,annual-sunspots,1.0,False,1.0650817321792506e-15,9.999999384113778e-09,4,163
1.2588206871536566e-10,4,annual-sunspots,1.0,False,6.917003702764987e-16,9.99999905104687e-09,4,164
1.4081547798689557e-10,4,annual-sunspots,1.0,False,8.045852310112301e-16,1.0000000050247593e-08,4,165
1.3560854403674225e-10,4,annual-sunspots,0.9999999999999999,False,4.143624104759689e-16,1.0000000050247593e-08,4,166
1.2160398022878006e-10,4,annual-sunspots,1.0,False,9.402002340333426e-16,9.99999905104687e-09,4,167
1.304802419230962e-10,4,annual-sunspots,1.0,False,9.841860135061117e-16,9.999999162069173e-09,4,168
1.5360297285944738e-10,4,annual-sunspots,0.9999999999999996,False,8.050586557685873e-16,9.999999384113778e-09,4,169
1.3347793635182908e-10,4,annual-sunspots,1.0,False,9.10323683914098e-16,9.999999606158383e-09,4,170
1.3649706475472365e-10,4,annual-sunspots,0.9999999999999997,False,9.338033365565731e-16,9.999999384113778e-09,4,171
1.4844512577457158e-10,4,annual-sunspots,1.0,False,1.3461720092640062e-15,9.99999905104687e-09,4,172
2.1662871971011224e-10,4,annual-sunspots,0.9999999999999993,False,7.060111993377576e-16,9.999999606158383e-09,4,173
2.541153178837153e-10,4,annual-sunspots,1.0,False,7.771586143992864e-16,9.999999384113778e-09,4,174
2.4388016605674774e-10,4,annual-sunspots,0.9999999999999998,False,1.0196448592343827e-15,9.999999606158383e-09,4,175
2.456536607317438e-10,4,annual-sunspots,1.0,False,1.3478556705831827e-15,9.999999162069173e-09,4,176
2.2739987917322922e-10,4,annual-sunspots,1.0,False,1.2052057561270222e-15,9.999998495935358e-09,4,177
2.086675719778252e-10,4,annual-sunspots,1.0,False,9.1702378047065e-16,9.99999993922529e-09,4,178
2.442440035171741e-10,4,annual-sunspots,0.9999999999999998,False,8.909646819800828e-16,9.99999993922529e-09,4,179
2.2184126806364295e-10,4,annual-sunspots,0.9999999999999997,False,7.232493283889972e-16,9.999999606158383e-09,4,180
2.2411699468598546e-10,4,annual-sunspots,0.9999999999999997,False,1.0506795688083503e-15,1.0000000050247593e-08,4,181
1.586879365825348e-10,4,annual-sunspots,0.9999999999999993,False,1.0611365159532039e-15,9.99999993922529e-09,4,182
1.8321919640644953e-10,4,annual-sunspots,0.999999999999999,False,9.662081391122435e-16,9.999999384113778e-09,4,183
2.144310183907188e-10,4,annual-sunspots,1.0,False,1.3391587118791478e-15,9.99999905104687e-09,4,184
2.0274475121070306e-10,4,annual-sunspots,1.0,False,6.746254273061998e-16,9.999998717979963e-09,4,185
2.4373851505422353e-10,4,annual-sunspots,1.0,False,1.1689528333983839e-15,1.0000000494336803e-08,4,186
2.511162133154863e-10,4,annual-sunspots,1.0,False,8.090571689252884e-16,9.99999949513608e-09,4,187
2.1389057237442299e-10,4,annual-sunspots,1.0,False,6.697613496129328e-16,9.999998940024568e-09,4,188
1.7993322965196857e-10,4,annual-sunspots,1.0,False,7.662705990800756e-16,1.0000000272292198e-08,4,189
2.0006108739202314e-10,4,annual-sunspots,0.9999999999999996,False,1.2336107896558129e-15,9.99999949513608e-09,4,190
2.2034277042137554e-10,4,annual-sunspots,1.0,False,7.453090403595955e-16,9.999999606158383e-09,4,191
2.0885879480153047e-10,4,annual-sunspots,1.0,False,1.933537321776086e-15,9.999999384113778e-09,4,192
1.747894945501657e-10,4,annual-sunspots,1.0,False,8.086955001032754e-16,9.999999828202988e-09,4,193
1.713776564043323e-10,4,annual-sunspots,1.0,False,1.0206099780998692e-15,1.0000000050247593e-08,4,194
2.000566541998618e-10,4,annual-sunspots,0.9999999999999991,False,6.797462183143273e-16,9.999999162069173e-09,4,195
2.0921986021458934e-10,4,annual-sunspots,1.0,False,1.5465514283371118e-15,9.999998717979963e-09,4,196
2.4272257988201626e-10,4,annual-sunspots,1.0,False,5.204366902383345e-16,9.999999828202988e-09,4,197
2.5515823138631e-10,4,annual-sunspots,0.999999999999999,False,8.81641530740565e-16,9.999999717180685e-09,4,198
2.366791334624737e-10,4,annual-sunspots,0.9999999999999996,False,1.093494594209879e-15,9.999999162069173e-09,4,199
2.305064930821575e-10,4,annual-sunspots,1.0,False,7.355808247783512e-16,9.999999717180685e-09,4,200
2.0649629416153382e-10,4,annual-sunspots,1.0,False,1.254411856800385e-15,9.999999606158383e-09,4,201
2.199356583869117e-10,4,annual-sunspots,0.9999999999999996,False,9.826640709078856e-16,9.999999273091476e-09,4,202
2.446497317594839e-10,4,annual-sunspots,1.0,False,6.764841597297506e-16,9.999998273890753e-09,4,203
2.479393546714502e-10,4,annual-sunspots,1.0,False,6.632283376471639e-16,9.999997940823846e-09,4,204
2.0995931117167497e-10,4,annual-sunspots,1.0,False,9.543570380372353e-16,9.999999162069173e-09,4,205
1.551555293959302e-10,4,annual-sunspots,1.0,False,7.924075355550937e-16,9.999999717180685e-09,4,206
1.4693917690790706e-10,4,annual-sunspots,0.9999999999999998,False,7.025533956960218e-16,9.999998940024568e-09,4,207
1.6646614712250227e-10,4,annual-sunspots,1.0,False,4.479880126063693e-16,9.999999717180685e-09,4,208
1.872327568028923e-10,4,annual-sunspots,1.0,False,8.177970040753046e-16,1.0000000050247593e-08,4,209
1.9359648498527685e-10,4,annual-sunspots,1.0,False,6.241615455656761e-16,1.0000000494336803e-08,4,210
1.8274203242224237e-10,4,annual-sunspots,0.9999999999999997,False,7.128449992200833e-16,9.99999860695766e-09,4,211
1.7420908678808502e-10,4,annual-sunspots,0.9999999999999997,False,1.2789557081295926e-15,9.99999905104687e-09,4,212
1.5891309776959405e-10,4,annual-sunspots,1.0,False,1.0625215317111904e-15,9.999999717180685e-09,4,213
1.501856574033984e-10,4,annual-sunspots,0.9999999999999992,False,5.500485599893419e-16,9.999998940024568e-09,4,214
1.4897386374986085e-10,4,annual-sunspots,1.0,False,1.2819887279001406e-15,1.0000000050247593e-08,4,215
1.5120401553988184e-10,4,annual-sunspots,1.0,False,1.4565800167067212e-15,9.99999905104687e-09,4,216
1.5387235333928417e-10,4,annual-sunspots,1.0,False,1.3437699737685613e-15,1.0000000050247593e-08,4,217
1.9167357862104395e-10,4,annual-sunspots,0.9999999999999997,False,8.96108012882155e-16,9.999999273091476e-09,4,218
1.9051367997706009e-10,4,annual-sunspots,1.0,False,8.122741611334707e-16,9.999999384113778e-09,4,219
2.1495095808611957e-10,4,annual-sunspots,0.9999999999999997,False,6.966209479309446e-16,9.999998717979963e-09,4,220
2.2042666399049398e-10,4,annual-sunspots,1.0,False,1.0491876797924073e-15,9.99999905104687e-09,4,221
2.274009642317479e-10,4,annual-sunspots,1.0,False,9.703344406514521e-16,9.99999949513608e-09,4,222
2.0739666765096175e-10,4,annual-sunspots,0.9999999999999999,False,6.974804019779295e-16,9.999999828202988e-09,4,223
2.0894599258500728e-10,4,annual-sunspots,1.0,False,5.841483175236835e-16,9.999999828202988e-09,4,224
2.1360202244042485e-10,4,annual-sunspots,0.9999999999999998,False,1.1824818287504448e-15,1.0000000272292198e-08,4,225
1.207592514939744e-10,4,annual-sunspots,0.9999999999999991,False,6.14690398165925e-16,9.999999606158383e-09,4,226
1.3961301802824196e-10,4,annual-sunspots,1.0,False,7.615117278591386e-16,9.999999384113778e-09,4,227
1.6344668715448727e-10,4,annual-sunspots,1.0,False,1.1169400091403887e-15,9.99999993922529e-09,4,228
1.553675258298177e-10,4,annual-sunspots,0.9999999999999996,False,1.1381404446636478e-15,9.999998829002266e-09,4,229
2.1072157740561489e-10,4,annual-sunspots,0.9999999999999993,False,6.314522189401728e-16,9.999998051846148e-09,4,230
2.087075360008377e-10,4,annual-sunspots,1.0,False,6.342719792874965e-16,9.999998717979963e-09,4,231
1.852627270351015e-10,4,annual-sunspots,1.0,False,1.0526507643187402e-15,9.999999606158383e-09,4,232
1.701878409473275e-10,4,annual-sunspots,1.0,False,9.042464106981745e-16,9.999998495935358e-09,4,233
1.4692739894603412e-10,4,annual-sunspots,0.9999999999999991,False,8.800523112006151e-16,9.999999273091476e-09,4,234
1.0284330566137688e-10,4,annual-sunspots,1.0,False,8.082631092808117e-16,9.999999717180685e-09,4,235
9.999912696543376e-11,4,annual-sunspots,1.0,False,1.1016658346488206e-15,1.0000000050247593e-08,4,236
1.0005036010269165e-10,4,annual-sunspots,1.0,False,1.2160574952820503e-15,9.99999993922529e-09,4,237
1.2136103911893706e-10,4,annual-sunspots,1.0,False,7.173047169921776e-16,9.99999993922529e-09,4,238
9.999916115784932e-11,4,annual-sunspots,0.9999999999999994,False,6.280327294889442e-16,9.999999384113778e-09,4,239
1.3372976846980261e-10,4,annual-sunspots,1.0,False,9.639748067919684e-16,9.999998273890753e-09,4,240
1.1948487603045245e-10,4,annual-sunspots,0.9999999999999997,False,1.075222482951576e-15,9.999998717979963e-09,4,241
1.2745235441268533e-10,4,annual-sunspots,1.0,False,8.065835147977286e-16,9.999999606158383e-09,4,242
1.3135335452393287e-10,4,annual-sunspots,1.0,False,1.2395941354603634e-15,9.999997829801544e-09,4,243
1.2131968423126737e-10,4,annual-sunspots,0.9999999999999997,False,1.2121808517729418e-15,9.999999273091476e-09,4,244
9.999943526106342e-11,4,annual-sunspots,1.0,False,8.026023867200089e-16,9.999999828202988e-09,4,245
9.999943667327821e-11,4,annual-sunspots,0.9999999999999987,False,2.124606636091373e-15,9.999999717180685e-09,4,246
9.999924285901041e-11,4,annual-sunspots,0.9999999999999996,False,1.298083723940728e-15,1.0000000494336803e-08,4,247
1.129638837850649e-10,4,annual-sunspots,1.0,False,9.23283876701432e-16,1.0000000050247593e-08,4,248
9.999953486879801e-11,4,annual-sunspots,0.9999999999999999,False,5.550417700612406e-16,1.0000000050247593e-08,4,249
9.999926807748018e-11,4,annual-sunspots,0.9999999999999998,False,7.209585693724989e-16,9.999999162069173e-09,4,250
9.999935077602077e-11,4,annual-sunspots,1.0,False,6.875360199398758e-16,1.0000000050247593e-08,4,251
1.0325630188186025e-10,4,annual-sunspots,0.9999999999999998,False,5.791821228101344e-16,9.999999606158383e-09,4,252
9.99994338818778e-11,4,annual-sunspots,1.0,False,7.789256299193961e-16,1.0000000272292198e-08,4,253
9.999949690202368e-11,4,annual-sunspots,1.0,False,7.324519812531655e-16,1.0000000494336803e-08,4,254
9.999955321403898e-11,4,annual-sunspots,1.0,False,1.0926554889527993e-15,9.99999949513608e-09,4,255
9.999950167510403e-11,4,annual-sunspots,1.0,False,1.3162295617012509e-15,9.999999384113778e-09,4,256
9.999953928323021e-11,4,annual-sunspots,1.0,False,7.792735609903162e-16,9.999999384113778e-09,4,257
9.99995433265706e-11,4,annual-sunspots,0.9999999999999997,False,6.326592874751563e-16,9.999999717180685e-09,4,258
9.999936365305977e-11,4,annual-sunspots,1.0,False,1.110606904806219e-15,9.999999273091476e-09,4,259
1.6324943816849194e-10,4,annual-sunspots,1.0,False,9.0926473066254e-16,9.999999828202988e-09,4,260
1.8771177644805803e-10,4,annual-sunspots,1.0,False,4.819773839991996e-16,9.99999949513608e-09,4,261
2.1845992636870026e-10,4,annual-sunspots,1.0,False,8.586076706132603e-16,9.99999993922529e-09,4,262
1.8573005920688522e-10,4,annual-sunspots,1.0,False,7.015490214764774e-16,1.0000000050247593e-08,4,263
1.4591715137215855e-10,4,annual-sunspots,1.0,False,1.6910380565583745e-15,9.999998162868451e-09,4,264
1.4798473178351508e-10,4,annual-sunspots,1.0,False,6.956986938693107e-16,9.999999828202988e-09,4,265
2.0935148624002168e-10,4,annual-sunspots,0.9999999999999998,False,4.863072989749328e-16,1.0000000050247593e-08,4,266
2.0246263562750373e-10,4,annual-sunspots,1.0,False,1.2313410228353655e-15,9.999998829002266e-09,4,267
9.999931383580728e-11,4,annual-sunspots,1.0,False,1.2699383813012556e-15,9.999999384113778e-09,4,268
9.999928871846629e-11,4,annual-sunspots,0.9999999999999998,False,1.318117453717461e-15,9.999999273091476e-09,4,269
9.999947362863526e-11,4,annual-sunspots,1.0,False,7.826531486390388e-16,9.99999949513608e-09,4,270
1.177978187822297e-10,4,annual-sunspots,0.9999999999999991,False,8.085365505599538e-16,9.999999828202988e-09,4,271
1.164155466153495e-10,4,annual-sunspots,0.9999999999999993,False,1.1883043584937924e-15,9.99999949513608e-09,4,272
1.2681721671194386e-10,4,annual-sunspots,0.9999999999999998,False,6.391885484046636e-16,9.999998829002266e-09,4,273
1.2451503285104666e-10,4,annual-sunspots,0.9999999999999996,False,6.948728300417218e-16,9.99999949513608e-09,4,274
1.323502662552463e-10,4,annual-sunspots,0.9999999999999991,False,8.881743026320183e-16,9.99999993922529e-09,4,275
1.2047097620404904e-10,4,annual-sunspots,1.0,False,1.017102263403754e-15,9.999998717979963e-09,4,276
9.999929573878178e-11,4,annual-sunspots,1.0,False,8.437515941407354e-16,1.0000000272292198e-08,4,277
9.999934553328794e-11,4,annual-sunspots,1.0,False,5.948847237592163e-16,9.999998495935358e-09,4,278
1.1167774486342197e-10,4,annual-sunspots,1.0,False,7.337836808621624e-16,1.0000000050247593e-08,4,279
1.267421080087789e-10,4,annual-sunspots,0.9999999999999998,False,6.45641106398592e-16,9.999999606158383e-09,4,280
1.055661449805601e-10,4,annual-sunspots,1.0,False,5.565923405911958e-16,9.999999717180685e-09,4,281
9.999915712975729e-11,4,annual-sunspots,1.0,False,8.136956767830828e-16,9.999999162069173e-09,4,282
1.2264181566975795e-10,4,annual-sunspots,1.0,False,6.90562980921206e-16,9.999998273890753e-09,4,283
1.2840143425572087e-10,4,annual-sunspots,1.0,False,4.670565210668738e-16,1.0000001604559827e-08,4,284
1.2798401716115652e-10,4,annual-sunspots,0.9999999999999989,False,1.1349130059302654e-15,9.999999717180685e-09,4,285
1.0967336111187646e-10,4,annual-sunspots,0.9999999999999993,False,1.5710404639366663e-15,9.99999860695766e-09,4,286
1.0339305637576743e-10,4,annual-sunspots,0.9999999999999996,False,7.895084018507134e-16,9.999999273091476e-09,4,287
1.0210663673598124e-10,4,annual-sunspots,1.0,False,9.32162087550398e-16,9.99999860695766e-09,4,288
1.1412435180551047e-10,4,annual-sunspots,1.0,False,8.717309149407721e-16,9.999999384113778e-09,4,289
1.1690739320605643e-10,4,annual-sunspots,1.0,False,1.1584725094469322e-15,9.99999905104687e-09,4,290
1.0109254059734241e-10,4,annual-sunspots,0.9999999999999989,False,7.457070664236586e-16,1.0000000050247593e-08,4,291
1.4681856090891824e-10,4,annual-sunspots,0.9999999999999997,False,7.986150355551729e-16,9.999999162069173e-09,4,292
1.844104827650918e-10,4,annual-sunspots,1.0,False,7.537243745847549e-16,9.999998717979963e-09,4,293
2.0652599386116638e-10,4,annual-sunspots,1.0,False,4.452387153661234e-16,9.999998829002266e-09,4,294
1.9541102956074516e-10,4,annual-sunspots,0.9999999999999998,False,8.275178034013715e-16,1.0000000494336803e-08,4,295
1.616205197324899e-10,4,annual-sunspots,1.0,False,1.438191807482628e-15,9.999999606158383e-09,4,296
1.8796345394734619e-10,4,mauna-loa-co2,1.0,False,9.088492340097677e-16,9.999999717180685e-09,4,0
1.8882551665258076e-10,4,mauna-loa-co2,0.9999999999999984,False,8.97792399645199e-16,1.0000000050247593e-08,4,1
1.7893266644586586e-10,4,mauna-loa-co2,0.9999999999999991,False,1.1193094827023033e-15,9.999999606158383e-09,4,2
1.8041812329194814e-10,4,mauna-loa-co2,0.9999999999999997,False,1.171126792067086e-15,9.999998940024568e-09,4,3
1.8625184001666726e-10,4,mauna-loa-co2,1.0,False,7.472435190994368e-16,9.999999273091476e-09,4,4
1.8905761531824282e-10,4,mauna-loa-co2,1.0,False,8.090808534981526e-16,1.0000000050247593e-08,4,5
1.7511147408948136e-10,4,mauna-loa-co2,1.0,False,7.370680544440807e-16,9.999999384113778e-09,4,6
1.659380860806407e-10,4,mauna-loa-co2,0.9999999999999999,False,1.0954077890870663e-15,9.99999905104687e-09,4,7
1.668100671030976e-10,4,mauna-loa-co2,0.9999999999999993,False,8.285817376662352e-16,9.999998717979963e-09,4,8
1.8443806795810212e-10,4,mauna-loa-co2,1.0,False,9.740156729815203e-16,9.999998940024568e-09,4,9
1.8131036494838118e-10,4,mauna-loa-co2,1.0,False,1.3864156854640373e-15,9.999998162868451e-09,4,10
1.7630402593642666e-10,4,mauna-loa-co2,1.0,False,1.0376584134156293e-15,9.99999905104687e-09,4,11
1.741506611959183e-10,4,mauna-loa-co2,1.0,False,1.042824996866408e-15,9.999999828202988e-09,4,12
1.7288356534698294e-10,4,mauna-loa-co2,1.0,False,1.735452272158397e-15,9.999999384113778e-09,4,13
1.6982841613714901e-10,4,mauna-loa-co2,0.9999999999999998,False,1.1790352355201962e-15,9.999998940024568e-09,4,14
1.6808849382699288e-10,4,mauna-loa-co2,0.9999999999999993,False,6.591028301865361e-16,9.999999273091476e-09,4,15
1.7328156310825227e-10,4,mauna-loa-co2,1.0,False,9.99539117601577e-16,9.99999905104687e-09,4,16
1.732362313904192e-10,4,mauna-loa-co2,0.9999999999999996,False,7.464757709289845e-16,9.999998829002266e-09,4,17
1.7164608325975722e-10,4,mauna-loa-co2,0.9999999999999996,False,1.4562458624642943e-15,9.999997607756939e-09,4,18
1.6115390655772808e-10,4,mauna-loa-co2,0.9999999999999998,False,1.3596050303403518e-15,9.99999949513608e-09,4,19
1.718699211080782e-10,4,mauna-loa-co2,1.0,False,8.82066879149131e-16,1.0000000272292198e-08,4,20
1.6943608501391056e-10,4,mauna-loa-co2,1.0,False,1.0282177772214599e-15,9.999998829002266e-09,4,21
1.6864379747847222e-10,4,mauna-loa-co2,1.0,False,9.87111406479881e-16,9.999999162069173e-09,4,22
1.7224908085834315e-10,4,mauna-loa-co2,0.9999999999999999,False,1.0567774555357652e-15,9.99999949513608e-09,4,23
1.7693392546429884e-10,4,mauna-loa-co2,1.0,False,6.707066953035167e-16,9.99999993922529e-09,4,24
1.7303763443923954e-10,4,mauna-loa-co2,0.9999999999999997,False,1.4524509043586375e-15,9.999999828202988e-09,4,25
1.6146130848066606e-10,4,mauna-loa-co2,0.9999999999999983,False,8.745822886784806e-16,9.999999717180685e-09,4,26
1.5785384729414e-10,4,mauna-loa-co2,1.0,False,2.06070898744687e-15,1.0000000050247593e-08,4,27
1.6912894961269487e-10,4,mauna-loa-co2,0.9999999999999986,False,1.3729098855632683e-15,9.999998829002266e-09,4,28
1.78619550984367e-10,4,mauna-loa-co2,0.999999999999999,False,1.1927421121953498e-15,9.999999384113778e-09,4,29
1.7727860012747344e-10,4,mauna-loa-co2,0.9999999999999997,False,8.20254332041758e-16,1.0000000494336803e-08,4,30
1.5713358786079595e-10,4,mauna-loa-co2,1.0,False,7.765900173187254e-16,9.999999828202988e-09,4,31
1.6401217047341147e-10,4,mauna-loa-co2,1.0,False,7.67174030258082e-16,9.999999162069173e-09,4,32
1.7615002047764078e-10,4,mauna-loa-co2,1.0,False,9.292983959501388e-16,9.999999606158383e-09,4,33
1.7132064042584823e-10,4,mauna-loa-co2,1.0,False,7.565854194312554e-16,1.0000000050247593e-08,4,34
1.6744463445497458e-10,4,mauna-loa-co2,1.0,False,1.59899876315365e-15,1.0000000272292198e-08,4,35
1.6938101612846454e-10,4,mauna-loa-co2,1.0,False,1.2222354972946293e-15,9.999999717180685e-09,4,36
1.717567978159031e-10,4,mauna-loa-co2,0.9999999999999996,False,9.830149439552767e-16,1.0000000272292198e-08,4,37
1.5814873742340155e-10,4,mauna-loa-co2,0.9999999999999991,False,8.010321804573948e-16,9.999999384113778e-09,4,38
1.6025466424390694e-10,4,mauna-loa-co2,1.0,False,1.0002216473826706e-15,9.999999828202988e-09,4,39
1.6963670272653007e-10,4,mauna-loa-co2,1.0,False,7.621062493421229e-16,9.999998162868451e-09,4,40
1.694593154078013e-10,4,mauna-loa-co2,1.0,False,7.308888428132392e-16,1.0000000050247593e-08,4,41
1.6157124072059718e-10,4,mauna-loa-co2,1.0,False,6.591895834696866e-16,9.999999162069173e-09,4,42
1.547756965811089e-10,4,mauna-loa-co2,1.0,False,7.585268733175063e-16,9.999998829002266e-09,4,43
1.6156707486130512e-10,4,mauna-loa-co2,1.0,False,9.585033112311595e-16,9.999999606158383e-09,4,44
1.6867360713680763e-10,4,mauna-loa-co2,0.9999999999999987,False,9.016763391272208e-16,9.99999949513608e-09,4,45
1.6424324759913807e-10,4,mauna-loa-co2,1.0,False,8.618905514719348e-16,9.999998717979963e-09,4,46
1.605628162249686e-10,4,mauna-loa-co2,1.0,False,1.230193967182724e-15,1.0000000272292198e-08,4,47
1.604383722581587e-10,4,mauna-loa-co2,1.0,False,1.1687094043957189e-15,9.999999606158383e-09,4,48
1.621809803861201e-10,4,mauna-loa-co2,0.9999999999999986,False,1.1149205091227365e-15,9.99999860695766e-09,4,49
1.6089552578917888e-10,4,mauna-loa-co2,1.0,False,9.977256675380609e-16,1.0000000272292198e-08,4,50
1.5857445260736224e-10,4,mauna-loa-co2,1.0,False,1.34121261030587e-15,9.999997940823846e-09,4,51
1.6105651782674677e-10,4,mauna-loa-co2,1.0,False,9.422527053510352e-16,9.999998717979963e-09,4,52
1.6149317874190684e-10,4,mauna-loa-co2,0.9999999999999993,False,9.180555847594418e-16,9.999999384113778e-09,4,53
1.6159468424756554e-10,4,mauna-loa-co2,0.9999999999999994,False,9.848656175873231e-16,9.999998940024568e-09,4,54
1.5180897604762197e-10,4,mauna-loa-co2,1.0,False,8.118669121659875e-16,9.999999717180685e-09,4,55
1.5954971842264156e-10,4,mauna-loa-co2,0.9999999999999998,False,1.0157841001918192e-15,9.999999717180685e-09,4,56
1.5939144617768612e-10,4,mauna-loa-co2,1.0,False,2.352439904691323e-15,9.999999384113778e-09,4,57
1.5763125340338494e-10,4,mauna-loa-co2,0.9999999999999984,False,2.0374002077169008e-15,9.999999273091476e-09,4,58
1.612273601618469e-10,4,mauna-loa-co2,1.0,False,1.260936102636549e-15,9.999998717979963e-09,4,59
1.654473543131643e-10,4,mauna-loa-co2,0.9999999999999991,False,7.865456680069432e-16,9.99999949513608e-09,4,60
1.678873565465847e-10,4,mauna-loa-co2,1.0,False,1.0514007448074193e-15,1.0000000050247593e-08,4,61
1.573317298606735e-10,4,mauna-loa-co2,1.0,False,1.2870292466073809e-15,9.999999273091476e-09,4,62
1.545901730325464e-10,4,mauna-loa-co2,1.0,False,1.3979609817153494e-15,9.999999606158383e-09,4,63
1.616737207794754e-10,4,mauna-loa-co2,1.0,False,1.0497243124380762e-15,1.0000000716381408e-08,4,64
1.6468776895563748e-10,4,mauna-loa-co2,0.9999999999999991,False,7.79737596230229e-16,9.999999717180685e-09,4,65
1.640641714096661e-10,4,mauna-loa-co2,0.9999999999999998,False,9.946014855639452e-16,9.99999993922529e-09,4,66
1.5589238216648342e-10,4,mauna-loa-co2,1.0,False,1.710899138887571e-15,9.999999717180685e-09,4,67
1.5619345061268554e-10,4,mauna-loa-co2,1.0,False,6.983456434988488e-16,9.999999828202988e-09,4,68
1.606900291049708e-10,4,mauna-loa-co2,1.0,False,7.425493934166816e-16,9.999998495935358e-09,4,69
1.6150648788587816e-10,4,mauna-loa-co2,1.0,False,1.1493569475501423e-15,9.999999384113778e-09,4,70
1.6779862457442856e-10,4,mauna-loa-co2,0.9999999999999991,False,1.086701941044291e-15,9.999999162069173e-09,4,71
1.6700127662276537e-10,4,mauna-loa-co2,1.0,False,8.925292694309255e-16,9.999997940823846e-09,4,72
1.5676794235268718e-10,4,mauna-loa-co2,1.0,False,8.033228614576963e-16,9.999999606158383e-09,4,73
1.4600078013027513e-10,4,mauna-loa-co2,0.9999999999999991,False,9.119194750008576e-16,1.0000001382515222e-08,4,74
1.4762365025971386e-10,4,mauna-loa-co2,1.0,False,9.760777195744104e-16,9.999998384913056e-09,4,75
1.662718098027621e-10,4,mauna-loa-co2,1.0,False,9.858632603533683e-16,9.999998273890753e-09,4,76
1.7181062442407756e-10,4,mauna-loa-co2,1.0,False,1.5252430410263056e-15,9.999999384113778e-09,4,77
1.592376445011633e-10,4,mauna-loa-co2,1.0,False,1.0153449548198233e-15,9.999999384113778e-09,4,78
1.455574330276411e-10,4,mauna-loa-co2,0.9999999999999998,False,1.36318156090117e-15,9.999999717180685e-09,4,79
1.558326482818637e-10,4,mauna-loa-co2,1.0,False,1.3968515850633934e-15,9.99999860695766e-09,4,80
1.666069776109398e-10,4,mauna-loa-co2,1.0,False,8.322520158291939e-16,9.99999860695766e-09,4,81
1.6241189450401418e-10,4,mauna-loa-co2,0.9999999999999998,False,1.5543528879325423e-15,1.0000000272292198e-08,4,82
1.5785626199679732e-10,4,mauna-loa-co2,0.9999999999999993,False,1.0589302959938967e-15,9.999999162069173e-09,4,83
1.5649329098099898e-10,4,mauna-loa-co2,0.999999999999999,False,9.020345318883399e-16,9.99999860695766e-09,4,84
1.5567878726576926e-10,4,mauna-loa-co2,1.0,False,1.047469883184369e-15,1.0000001160470617e-08,4,85
1.508675738107826e-10,4,mauna-loa-co2,1.0,False,7.380700310250074e-16,1.0000000272292198e-08,4,86
1.5061391204024766e-10,4,mauna-loa-co2,1.0,False,1.087935403014569e-15,9.999998829002266e-09,4,87
1.5427133227797585e-10,4,mauna-loa-co2,1.0,False,1.4684651333809465e-15,9.999999384113778e-09,4,88
1.5369015596385174e-10,4,mauna-loa-co2,1.0,False,8.371963350113757e-16,1.0000000272292198e-08,4,89
1.4868886799441167e-10,4,mauna-loa-co2,0.9999999999999992,False,9.18855759271644e-16,9.999999606158383e-09,4,90
1.3814915760870583e-10,4,mauna-loa-co2,1.0,False,9.752694537685198e-16,9.999999162069173e-09,4,91
1.478014546573812e-10,4,mauna-loa-co2,1.0,False,7.334817460353913e-16,9.999998384913056e-09,4,92
1.4700414243044919e-10,4,mauna-loa-co2,0.999999999999998,False,1.0152569633903325e-15,1.0000000050247593e-08,4,93
1.4651761446053566e-10,4,mauna-loa-co2,1.0,False,1.715008199993865e-15,9.999999606158383e-09,4,94
1.5029749685077006e-10,4,mauna-loa-co2,1.0,False,7.614032003270916e-16,9.999999384113778e-09,4,95
1.5423925653909166e-10,4,mauna-loa-co2,1.0,False,9.876382983672115e-16,9.999998829002266e-09,4,96
1.5249548873015235e-10,4,mauna-loa-co2,0.9999999999999997,False,2.1242511407436027e-15,9.999999828202988e-09,4,97
1.3995318575729958e-10,4,mauna-loa-co2,0.9999999999999996,False,6.088651741490305e-16,9.999998940024568e-09,4,98
1.355977388291252e-10,4,mauna-loa-co2,0.9999999999999999,False,8.99800722741036e-16,9.999998940024568e-09,4,99
1.423874574272556e-10,4,mauna-loa-co2,1.0,False,1.4772163507072758e-15,9.99999949513608e-09,4,100
1.5037439658151283e-10,4,mauna-loa-co2,1.0,False,8.727772357235382e-16,9.99999860695766e-09,4,101
1.488713995855728e-10,4,mauna-loa-co2,0.9999999999999999,False,5.289004123801059e-16,9.999999717180685e-09,4,102
1.3067835054738997e-10,4,mauna-loa-co2,0.9999999999999992,False,1.288370090006345e-15,9.999999273091476e-09,4,103
1.4567697970343357e-10,4,mauna-loa-co2,1.0,False,7.315502928040383e-16,9.99999860695766e-09,4,104
1.4674523619502305e-10,4,mauna-loa-co2,1.0,False,9.111384940917838e-16,9.999999717180685e-09,4,105
1.4331958477802072e-10,4,mauna-loa-co2,0.9999999999999998,False,1.1256957620940176e-15,1.0000000050247593e-08,4,106
1.4508759232960593e-10,4,mauna-loa-co2,0.9999999999999994,False,1.1092288537112917e-15,9.999999162069173e-09,4,107
1.4669680173224404e-10,4,mauna-loa-co2,0.9999999999999997,False,9.18127421900899e-16,9.999999828202988e-09,4,108
1.3899150112817705e-10,4,mauna-loa-co2,0.9999999999999999,False,8.900714775347255e-16,1.0000000272292198e-08,4,109
1.3127854194475e-10,4,mauna-loa-co2,0.9999999999999986,False,1.096001591720081e-15,1.0000000938426012e-08,4,110
1.3797111697011216e-10,4,mauna-loa-co2,1.0,False,1.189372893591272e-15,9.999999273091476e-09,4,111
1.4885193281997237e-10,4,mauna-loa-co2,1.0,False,1.2424818516988406e-15,9.999999384113778e-09,4,112
1.4886704326196875e-10,4,mauna-loa-co2,1.0,False,1.0078346088856285e-15,9.99999860695766e-09,4,113
1.459683736383295e-10,4,mauna-loa-co2,1.0,False,8.608962023577608e-16,9.999999273091476e-09,4,114
1.322793422695668e-10,4,mauna-loa-co2,1.0,False,1.3718854631017949e-15,1.0000000050247593e-08,4,115
1.4051768997360999e-10,4,mauna-loa-co2,0.9999999999999998,False,5.3855991792821e-16,1.0000000938426012e-08,4,116
1.4087304921457044e-10,4,mauna-loa-co2,1.0,False,8.372466960475114e-16,9.999998051846148e-09,4,117
1.3837759117655584e-10,4,mauna-loa-co2,1.0,False,7.42888008449319e-16,1.0000001382515222e-08,4,118
1.409448228333811e-10,4,mauna-loa-co2,0.9999999999999993,False,5.89572382451879e-16,9.999999606158383e-09,4,119
1.447752138620564e-10,4,mauna-loa-co2,0.9999999999999989,False,7.796367251455655e-16,1.0000000050247593e-08,4,120
1.3633910436748532e-10,4,mauna-loa-co2,1.0,False,1.2658651067923972e-15,9.999998384913056e-09,4,121
1.2466199794698978e-10,4,mauna-loa-co2,1.0,False,8.174534877952816e-16,9.999999606158383e-09,4,122
1.302546181392542e-10,4,mauna-loa-co2,0.9999999999999994,False,1.101443938256049e-15,1.0000001382515222e-08,4,123
1.4343966171764469e-10,4,mauna-loa-co2,1.0,False,7.233496942286426e-16,9.99999949513608e-09,4,124
1.486020103066191e-10,4,mauna-loa-co2,0.9999999999999997,False,1.0272956708000175e-15,9.999999828202988e-09,4,125
1.4531866083717985e-10,4,mauna-loa-co2,1.0,False,8.54783805702122e-16,9.99999860695766e-09,4,126
1.2371727121755604e-10,4,mauna-loa-co2,0.9999999999999998,False,8.681475347358177e-16,9.99999905104687e-09,4,127
1.2458047067532726e-10,4,mauna-loa-co2,0.9999999999999991,False,1.7888240219250827e-15,9.999999384113778e-09,4,128
1.4224331548803863e-10,4,mauna-loa-co2,1.0,False,8.092293373901846e-16,9.999999162069173e-09,4,129
1.3829370001429302e-10,4,mauna-loa-co2,1.0,False,8.965685960461567e-16,9.999999162069173e-09,4,130
1.397272584628087e-10,4,mauna-loa-co2,1.0,False,9.529238054212283e-16,9.999997940823846e-09,4,131
1.443251546906498e-10,4,mauna-loa-co2,1.0,False,8.306192135639105e-16,1.0000000494336803e-08,4,132
1.4773440720885874e-10,4,mauna-loa-co2,1.0,False,7.608811548007481e-16,9.99999860695766e-09,4,133
1.383745437766295e-10,4,mauna-loa-co2,0.9999999999999999,False,6.783030677789545e-16,9.999999384113778e-09,4,134
1.246390532994648e-10,4,mauna-loa-co2,1.0,False,8.425392301398469e-16,9.999999384113778e-09,4,135
1.3391999838105215e-10,4,mauna-loa-co2,0.9999999999999993,False,1.5799541527340872e-15,9.999999273091476e-09,4,136
1.4180253925817193e-10,4,mauna-loa-co2,1.0,False,1.0978489267192656e-15,9.999998829002266e-09,4,137
1.4026776296542016e-10,4,mauna-loa-co2,1.0,False,7.465236437621699e-16,9.999999606158383e-09,4,138
1.1635769258265868e-10,4,mauna-loa-co2,0.9999999999999991,False,8.132266319216942e-16,9.999998829002266e-09,4,139
1.21629817285157e-10,4,mauna-loa-co2,1.0,False,1.4911337133177568e-15,9.999999162069173e-09,4,140
1.3757505063673016e-10,4,mauna-loa-co2,1.0,False,7.537279463943238e-16,9.999999606158383e-09,4,141
1.3163588051724144e-10,4,mauna-loa-co2,0.9999999999999996,False,1.238525331846339e-15,9.99999993922529e-09,4,142
1.297539653207591e-10,4,mauna-loa-co2,1.0,False,9.354713175675162e-16,1.0000000272292198e-08,4,143
1.309240973968963e-10,4,mauna-loa-co2,1.0,False,9.84616742682513e-16,9.999999273091476e-09,4,144
1.319046632947255e-10,4,mauna-loa-co2,1.0,False,1.2355802719074089e-15,9.999998829002266e-09,4,145
1.2047157077731826e-10,4,mauna-loa-co2,1.0,False,1.2654580226882595e-15,9.999998273890753e-09,4,146
1.2551956057117842e-10,4,mauna-loa-co2,0.9999999999999982,False,6.139189916012582e-16,9.99999993922529e-09,4,147
1.3512762402411488e-10,4,mauna-loa-co2,1.0,False,6.964262930446241e-16,9.999998495935358e-09,4,148
1.3520290167119316e-10,4,mauna-loa-co2,0.9999999999999996,False,1.629857461603699e-15,9.99999860695766e-09,4,149
1.3175185651961188e-10,4,mauna-loa-co2,1.0,False,1.0393517178471827e-15,9.99999949513608e-09,4,150
1.1623291543424926e-10,4,mauna-loa-co2,1.0,False,8.445880659681953e-16,9.99999905104687e-09,4,151
1.2608583465710213e-10,4,mauna-loa-co2,1.0,False,1.2452643303935777e-15,9.999999162069173e-09,4,152
1.2720960046513474e-10,4,mauna-loa-co2,1.0,False,8.459030356956444e-16,9.999998940024568e-09,4,153
1.298301970981076e-10,4,mauna-loa-co2,1.0,False,6.92197988994021e-16,9.999998717979963e-09,4,154
1.3594725948662199e-10,4,mauna-loa-co2,0.9999999999999991,False,8.53144092444614e-16,9.999999384113778e-09,4,155
1.2907094692287017e-10,4,mauna-loa-co2,1.0,False,1.0007898504197675e-15,9.99999949513608e-09,4,156
1.155552326836994e-10,4,mauna-loa-co2,1.0,False,6.780609270731733e-16,9.999998940024568e-09,4,157
1.0641796220822641e-10,4,mauna-loa-co2,1.0,False,1.0984347528364177e-15,9.999998051846148e-09,4,158
1.133451861394396e-10,4,mauna-loa-co2,1.0,False,9.033197669251116e-16,9.999999162069173e-09,4,159
1.3171968536077483e-10,4,mauna-loa-co2,1.0,False,1.5565572959095806e-15,9.999999606158383e-09,4,160
1.4179937726735802e-10,4,mauna-loa-co2,1.0,False,1.1082162488154942e-15,9.99999993922529e-09,4,161
1.336801613187761e-10,4,mauna-loa-co2,1.0,False,1.2574032803062787e-15,9.999999162069173e-09,4,162
1.1284182754084432e-10,4,mauna-loa-co2,1.0,False,1.1063044463567246e-15,1.0000000050247593e-08,4,163
1.1672795238021308e-10,4,mauna-loa-co2,1.0,False,1.0688031848921591e-15,9.999999384113778e-09,4,164
1.3492719572964752e-10,4,mauna-loa-co2,0.9999999999999993,False,9.937517804930453e-16,9.999998051846148e-09,4,165
1.3088935723746736e-10,4,mauna-loa-co2,0.9999999999999998,False,8.442530307015824e-16,9.999997274690031e-09,4,166
1.2628313660274028e-10,4,mauna-loa-co2,1.0,False,1.4351123742589846e-15,9.999997718779241e-09,4,167
1.2892838992375442e-10,4,mauna-loa-co2,0.9999999999999996,False,1.021726859634434e-15,9.999999273091476e-09,4,168
1.2995194840456526e-10,4,mauna-loa-co2,1.0,False,1.1333274874860378e-15,9.999999606158383e-09,4,169
1.0885119520801955e-10,4,mauna-loa-co2,1.0,False,8.958679441732007e-16,9.99999905104687e-09,4,170
1.2024543104133042e-10,4,mauna-loa-co2,1.0,False,7.810294827025739e-16,9.999998940024568e-09,4,171
1.3377900648639278e-10,4,mauna-loa-co2,0.9999999999999998,False,1.1887760505348117e-15,1.0000000494336803e-08,4,172
1.3767548710563378e-10,4,mauna-loa-co2,1.0,False,6.546985194754441e-16,9.999998940024568e-09,4,173
1.1875775554138918e-10,4,mauna-loa-co2,1.0,False,7.368997921412867e-16,9.999999162069173e-09,4,174
1.016135312427972e-10,4,mauna-loa-co2,1.0,False,6.775244382269279e-16,9.99999993922529e-09,4,175
1.0772353353184093e-10,4,mauna-loa-co2,1.0,False,1.4118246181740908e-15,9.99999949513608e-09,4,176
1.227815134789372e-10,4,mauna-loa-co2,0.9999999999999996,False,1.3103042440537918e-15,9.999999606158383e-09,4,177
1.3728312107325186e-10,4,mauna-loa-co2,1.0,False,8.079448996613622e-16,9.999999717180685e-09,4,178
1.3114422251778455e-10,4,mauna-loa-co2,1.0,False,1.1823320560456876e-15,9.999999828202988e-09,4,179
1.2822708733302466e-10,4,mauna-loa-co2,0.9999999999999991,False,9.85294829100443e-16,9.99999905104687e-09,4,180
1.263765651759334e-10,4,mauna-loa-co2,1.0,False,1.1392732477007841e-15,9.999998384913056e-09,4,181
1.1503111242775668e-10,4,mauna-loa-co2,1.0,False,1.2140002720957214e-15,9.99999860695766e-09,4,182
1.1502181357552278e-10,4,mauna-loa-co2,0.9999999999999989,False,5.334886743736807e-16,1.0000000272292198e-08,4,183
1.240433338147373e-10,4,mauna-loa-co2,1.0,False,8.557964000152366e-16,9.999999384113778e-09,4,184
1.2558492329766965e-10,4,mauna-loa-co2,1.0,False,8.005230461753105e-16,1.0000000272292198e-08,4,185
1.2604831250214542e-10,4,mauna-loa-co2,1.0,False,1.4135896153746551e-15,9.99999905104687e-09,4,186
1.1259712807361571e-10,4,mauna-loa-co2,1.0,False,1.1867125570618302e-15,9.999999828202988e-09,4,187
1.2089760097233778e-10,4,mauna-loa-co2,1.0,False,1.1806732372446334e-15,9.999999717180685e-09,4,188
1.2446904311186523e-10,4,mauna-loa-co2,1.0,False,8.189397870072959e-16,9.999999384113778e-09,4,189
1.2286518354349065e-10,4,mauna-loa-co2,0.9999999999999999,False,9.504900411997833e-16,9.999998051846148e-09,4,190
1.2598673474060746e-10,4,mauna-loa-co2,0.9999999999999987,False,1.6430752166515936e-15,9.99999993922529e-09,4,191
1.296890989015897e-10,4,mauna-loa-co2,0.9999999999999994,False,1.3252690263000794e-15,9.99999993922529e-09,4,192
1.210482098060004e-10,4,mauna-loa-co2,0.9999999999999994,False,1.1211600177223521e-15,9.99999860695766e-09,4,193
1.0734992530671677e-10,4,mauna-loa-co2,0.9999999999999998,False,1.1842037332056963e-15,9.999999717180685e-09,4,194
1.0926601831527357e-10,4,mauna-loa-co2,1.0,False,9.736107642151385e-16,9.999999606158383e-09,4,195
1.2054955272395324e-10,4,mauna-loa-co2,1.0,False,7.062115116391331e-16,9.99999905104687e-09,4,196
1.2589887919002482e-10,4,mauna-loa-co2,0.9999999999999996,False,1.0646910978187593e-15,9.999998273890753e-09,4,197
1.2106806391971418e-10,4,mauna-loa-co2,1.0,False,8.202405689706583e-16,9.999998495935358e-09,4,198
1.0115046578918009e-10,4,mauna-loa-co2,1.0,False,1.122871863971318e-15,9.99999993922529e-09,4,199
1.1162840308552445e-10,4,mauna-loa-co2,1.0,False,1.4651838505504829e-15,1.0000000272292198e-08,4,200
1.2604169526329623e-10,4,mauna-loa-co2,0.9999999999999997,False,1.1331933075028464e-15,9.999998717979963e-09,4,201
1.2286057971845603e-10,4,mauna-loa-co2,1.0,False,1.003371926052146e-15,9.99999993922529e-09,4,202
1.2111678849752936e-10,4,mauna-loa-co2,1.0,False,9.346337350322002e-16,9.999997385712334e-09,4,203
1.2115549192767852e-10,4,mauna-loa-co2,0.9999999999999997,False,9.856906265239477e-16,9.99999993922529e-09,4,204
1.101671586873125e-10,4,mauna-loa-co2,1.0,False,7.15571378859532e-16,9.999998829002266e-09,4,205
9.999925965541548e-11,4,mauna-loa-co2,1.0,False,9.68607146648386e-16,9.99999860695766e-09,4,206
1.0317906774355693e-10,4,mauna-loa-co2,0.9999999999999984,False,7.453678291613019e-16,9.999999273091476e-09,4,207
1.1319129091063592e-10,4,mauna-loa-co2,1.0,False,7.777436003019485e-16,9.999998940024568e-09,4,208
1.123116426901693e-10,4,mauna-loa-co2,1.0,False,9.233357945457726e-16,9.999999273091476e-09,4,209
1.1015893353314805e-10,4,mauna-loa-co2,0.9999999999999999,False,1.1522169373383943e-15,9.999999384113778e-09,4,210
9.999944731307407e-11,4,mauna-loa-co2,1.0,False,4.672463701758418e-16,9.999999828202988e-09,4,211
1.0258424631269883e-10,4,mauna-loa-co2,1.0,False,6.580114045162034e-16,9.999999384113778e-09,4,212
1.0870529018486205e-10,4,mauna-loa-co2,1.0,False,1.2896952463313792e-15,9.999999162069173e-09,4,213
1.0700407934215301e-10,4,mauna-loa-co2,1.0,False,7.733670719696617e-16,9.99999949513608e-09,4,214
1.10382321722775e-10,4,mauna-loa-co2,0.9999999999999988,False,8.624584504585662e-16,9.999999384113778e-09,4,215
1.1520748816716596e-10,4,mauna-loa-co2,0.9999999999999993,False,1.2547876237075613e-15,9.999999606158383e-09,4,216
1.0287864246253913e-10,4,mauna-loa-co2,0.9999999999999998,False,8.027059276227219e-16,9.999998495935358e-09,4,217
9.999913398168694e-11,4,mauna-loa-co2,1.0,False,1.4085028785982586e-15,9.999998829002266e-09,4,218
9.999890702132757e-11,4,mauna-loa-co2,1.0,False,8.354801645196181e-16,9.99999949513608e-09,4,219
1.1436310914628792e-10,4,mauna-loa-co2,1.0,False,9.099480626399432e-16,9.999999384113778e-09,4,220
1.1571528945149644e-10,4,mauna-loa-co2,0.9999999999999991,False,9.1239063089943e-16,9.999997829801544e-09,4,221
1.1198340296180469e-10,4,mauna-loa-co2,0.9999999999999994,False,1.4231072636296193e-15,9.999999606158383e-09,4,222
9.999954028141363e-11,4,mauna-loa-co2,0.9999999999999991,False,8.416194913406879e-16,9.99999949513608e-09,4,223
9.999975320547215e-11,4,mauna-loa-co2,1.0,False,1.1030171466369562e-15,9.999999828202988e-09,4,224
9.99992042437186e-11,4,mauna-loa-co2,1.0,False,5.286912967602015e-16,9.999999384113778e-09,4,225
1.0280600130517243e-10,4,mauna-loa-co2,0.9999999999999991,False,8.233037909935512e-16,1.0000000050247593e-08,4,226
9.999914281175749e-11,4,mauna-loa-co2,0.9999999999999994,False,9.85556002188411e-16,9.99999860695766e-09,4,227
9.999943018334576e-11,4,mauna-loa-co2,0.9999999999999997,False,8.43180245389036e-16,9.99999993922529e-09,4,228
9.999946357710159e-11,4,mauna-loa-co2,0.9999999999999998,False,8.710232455663467e-16,9.999999384113778e-09,4,229
9.999917068182453e-11,4,mauna-loa-co2,0.9999999999999999,False,8.603765215705494e-16,9.999996941623124e-09,4,230
9.999909358998872e-11,4,mauna-loa-co2,1.0,False,1.4608227965447346e-15,1.0000001160470617e-08,4,231
9.999928682542723e-11,4,mauna-loa-co2,0.9999999999999996,False,1.2061537092274922e-15,9.999999384113778e-09,4,232
9.999918780464416e-11,4,mauna-loa-co2,0.9999999999999997,False,1.2171320640322049e-15,9.999997940823846e-09,4,233
9.999931433079573e-11,4,mauna-loa-co2,1.0,False,8.80478338516597e-16,9.99999905104687e-09,4,234
9.999961513427528e-11,4,mauna-loa-co2,1.0,False,1.1852424480687392e-15,9.999999384113778e-09,4,235
9.99995463449884e-11,4,mauna-loa-co2,1.0,False,1.429220077214428e-15,1.0000000494336803e-08,4,236
9.999945423101637e-11,4,mauna-loa-co2,1.0,False,1.608734588125558e-15,9.999999828202988e-09,4,237
9.999924855457689e-11,4,mauna-loa-co2,1.0,False,9.657871620923677e-16,9.999999384113778e-09,4,238
9.999912218051269e-11,4,mauna-loa-co2,0.9999999999999983,False,9.395489470169434e-16,9.999999606158383e-09,4,239
9.999921878133118e-11,4,mauna-loa-co2,0.9999999999999994,False,8.875774500228842e-16,9.999999162069173e-09,4,240
9.999948584259998e-11,4,mauna-loa-co2,1.0,False,1.280332542278221e-15,9.999998273890753e-09,4,241
9.999927557762235e-11,4,mauna-loa-co2,0.9999999999999992,False,1.1301482677441585e-15,9.99999993922529e-09,4,242
9.999918829335348e-11,4,mauna-loa-co2,0.9999999999999981,False,9.285330938817029e-16,9.999999162069173e-09,4,243
9.999932981813618e-11,4,mauna-loa-co2,1.0,False,9.31067958294153e-16,1.0000000494336803e-08,4,244
9.999921939696096e-11,4,mauna-loa-co2,1.0,False,1.1880589958688948e-15,9.999999162069173e-09,4,245
9.999931493236992e-11,4,mauna-loa-co2,0.999999999999999,False,8.969825585626646e-16,9.999999273091476e-09,4,246
9.999952385692773e-11,4,mauna-loa-co2,1.0,False,9.861321361868394e-16,9.999999606158383e-09,4,247
9.999940771701167e-11,4,mauna-loa-co2,0.9999999999999987,False,1.0576356538409034e-15,9.999999717180685e-09,4,248
9.999919712203268e-11,4,mauna-loa-co2,1.0,False,8.157007100097784e-16,9.999998384913056e-09,4,249
9.999929113289751e-11,4,mauna-loa-co2,0.9999999999999997,False,1.161805211242356e-15,9.999999384113778e-09,4,250
9.999902108582909e-11,4,mauna-loa-co2,0.9999999999999998,False,8.80892377619425e-16,9.999998940024568e-09,4,251
9.999940893209375e-11,4,mauna-loa-co2,1.0,False,6.556292610130046e-16,9.99999949513608e-09,4,252
9.99993393388115e-11,4,mauna-loa-co2,1.0,False,7.805765654180689e-16,9.99999949513608e-09,4,253
9.999940560842023e-11,4,mauna-loa-co2,1.0,False,7.183679600075108e-16,9.999999717180685e-09,4,254
9.999917468359072e-11,4,mauna-loa-co2,1.0,False,6.967737969036735e-16,9.999998162868451e-09,4,255
9.999922553029794e-11,4,mauna-loa-co2,0.999999999999999,False,1.1777591181497492e-15,9.999999384113778e-09,4,256
9.999899199950536e-11,4,mauna-loa-co2,1.0,False,1.1727457368969967e-15,9.999998162868451e-09,4,257
9.999954137624229e-11,4,mauna-loa-co2,1.0,False,7.693545859996281e-16,9.99999993922529e-09,4,258
9.999959612116629e-11,4,mauna-loa-co2,1.0,False,5.355580336656388e-16,9.999999162069173e-09,4,259
9.99994016280837e-11,4,mauna-loa-co2,1.0,False,9.517598204584873e-16,1.0000000050247593e-08,4,260
9.999940084841595e-11,4,mauna-loa-co2,1.0,False,9.559095876776419e-16,9.999999384113778e-09,4,261
9.999930419473597e-11,4,mauna-loa-co2,0.9999999999999994,False,9.143500361136142e-16,9.999998829002266e-09,4,262
9.999910835511154e-11,4,mauna-loa-co2,0.9999999999999987,False,1.0863939713823846e-15,9.999997718779241e-09,4,263
9.99995005738e-11,4,mauna-loa-co2,1.0,False,6.866368936026266e-16,1.0000000050247593e-08,4,264
9.999938914235541e-11,4,mauna-loa-co2,0.9999999999999992,False,1.082507589341203e-15,9.999999273091476e-09,4,265
9.999911759143737e-11,4,mauna-loa-co2,0.9999999999999999,False,9.39558587482729e-16,9.999998940024568e-09,4,266
9.999952484664791e-11,4,mauna-loa-co2,1.0,False,1.6453582877494823e-15,9.999999273091476e-09,4,267
9.999952359018676e-11,4,mauna-loa-co2,0.9999999999999987,False,1.0682476041240382e-15,9.99999905104687e-09,4,268
9.999918975770205e-11,4,mauna-loa-co2,1.0,False,9.863285427942006e-16,9.99999860695766e-09,4,269
9.999938769122406e-11,4,mauna-loa-co2,1.0,False,1.2959920465378315e-15,9.999999384113778e-09,4,270
9.999951245211536e-11,4,mauna-loa-co2,1.0,False,4.947604495899348e-16,1.0000000050247593e-08,4,271
9.999923240802506e-11,4,mauna-loa-co2,1.0,False,9.747385378466101e-16,9.999999162069173e-09,4,272
9.999946316304738e-11,4,mauna-loa-co2,1.0,False,1.1817233914498025e-15,9.999999717180685e-09,4,273
9.99994782521219e-11,4,mauna-loa-co2,0.999999999999999,False,3.952281775838747e-16,9.999998829002266e-09,4,274
9.999952539311167e-11,4,mauna-loa-co2,1.0,False,8.530819052937788e-16,9.999998162868451e-09,4,275
9.999940637868154e-11,4,mauna-loa-co2,0.9999999999999996,False,9.698397826330495e-16,9.99999905104687e-09,4,276
9.99993764610155e-11,4,mauna-loa-co2,0.9999999999999994,False,1.0906979554455482e-15,9.999999162069173e-09,4,277
9.999954987050158e-11,4,mauna-loa-co2,1.0,False,1.3963066293540724e-15,9.999998940024568e-09,4,278
9.999955300249848e-11,4,mauna-loa-co2,1.0,False,1.0970694733063515e-15,9.999999273091476e-09,4,279
9.999940970089436e-11,4,mauna-loa-co2,1.0,False,6.594452565669074e-16,1.0000000938426012e-08,4,280
9.99992701067035e-11,4,mauna-loa-co2,1.0,False,1.0199315374991667e-15,9.999999606158383e-09,4,281
9.999952291409212e-11,4,mauna-loa-co2,0.9999999999999991,False,7.015221272109524e-16,9.999999717180685e-09,4,282
9.999973010155551e-11,4,mauna-loa-co2,0.9999999999999996,False,5.993643744236173e-16,9.999999828202988e-09,4,283
9.999937808173801e-11,4,mauna-loa-co2,0.9999999999999987,False,1.1721210985439174e-15,9.999999828202988e-09,4,284
9.999898389960268e-11,4,mauna-loa-co2,1.0,False,1.0652274049714563e-15,1.0000000716381408e-08,4,285
9.999939502040323e-11,4,mauna-loa-co2,0.9999999999999991,False,1.4394724168771362e-15,9.999998051846148e-09,4,286
9.999959179566265e-11,4,mauna-loa-co2,1.0,False,9.661948376749342e-16,9.999998940024568e-09,4,287
9.999921553070247e-11,4,mauna-loa-co2,1.0,False,1.292530569389833e-15,1.0000001160470617e-08,4,288
9.999955929064811e-11,4,mauna-loa-co2,1.0,False,9.752149705434536e-16,1.0000000050247593e-08,4,289
9.999936377763965e-11,4,mauna-loa-co2,1.0,False,8.43017926532192e-16,9.999998495935358e-09,4,290
9.999930466532463e-11,4,mauna-loa-co2,1.0,False,1.0699202023806027e-15,9.99999860695766e-09,4,291
9.999951885441077e-11,4,mauna-loa-co2,1.0,False,1.1634085848004187e-15,9.999998162868451e-09,4,292
9.999948667162144e-11,4,mauna-loa-co2,1.0,False,8.511404498649558e-16,9.999999828202988e-09,4,293
9.999949864038317e-11,4,mauna-loa-co2,1.0,False,1.2196070064609987e-15,9.999999717180685e-09,4,294
9.999970669268386e-11,4,mauna-loa-co2,0.9999999999999989,False,8.565028386580803e-16,9.999999717180685e-09,4,295
9.999941356641245e-11,4,mauna-loa-co2,0.9999999999999988,False,1.0009194019836687e-15,9.99999993922529e-09,4,296
9.999933182342498e-11,4,mauna-loa-co2,1.0,False,7.073422756487779e-16,9.999999828202988e-09,4,297
9.999931371615781e-11,4,mauna-loa-co2,0.9999999999999989,False,8.993441458127985e-16,9.999998940024568e-09,4,298
9.999933527223923e-11,4,mauna-loa-co2,1.0,False,8.683970700497727e-16,9.999998051846148e-09,4,299
9.999949670357974e-11,4,mauna-loa-co2,1.0,False,7.314212035084542e-16,9.999998717979963e-09,4,300
9.999943081835822e-11,4,mauna-loa-co2,0.9999999999999993,False,1.3292286531473493e-15,9.999998051846148e-09,4,301
9.999927327264962e-11,4,mauna-loa-co2,0.9999999999999998,False,1.1069365832241603e-15,9.999998495935358e-09,4,302
9.999925490580926e-11,4,mauna-loa-co2,1.0,False,6.362825912789909e-16,1.0000000272292198e-08,4,303
9.99994122544229e-11,4,mauna-loa-co2,1.0,False,8.87519012079012e-16,1.0000000272292198e-08,4,304
9.999928689830358e-11,4,mauna-loa-co2,1.0,False,7.655460074287222e-16,9.999998717979963e-09,4,305
9.999951607018023e-11,4,mauna-loa-co2,1.0,False,1.5009636614607304e-15,9.999999828202988e-09,4,306
9.999947698415049e-11,4,mauna-loa-co2,1.0,False,1.0056489198400619e-15,9.999999606158383e-09,4,307
9.999933579446716e-11,4,mauna-loa-co2,0.9999999999999999,False,8.404739096338146e-16,1.0000000050247593e-08,4,308
9.999912498028022e-11,4,mauna-loa-co2,1.0,False,9.1159368168928e-16,9.999998717979963e-09,4,309
9.999945484238179e-11,4,mauna-loa-co2,1.0,False,1.1706656964903968e-15,1.0000001160470617e-08,4,310
9.999913892989097e-11,4,mauna-loa-co2,1.0,False,9.672496057150911e-16,9.999999273091476e-09,4,311
9.999931378974215e-11,4,mauna-loa-co2,1.0,False,9.48709823070556e-16,9.99999949513608e-09,4,312
9.99994866139422e-11,4,mauna-loa-co2,0.9999999999999991,False,1.3132456838287094e-15,1.0000000050247593e-08,4,313
9.999919646233113e-11,4,mauna-loa-co2,1.0,False,1.0885748441657817e-15,9.999999273091476e-09,4,314
9.999900627619582e-11,4,mauna-loa-co2,1.0,False,1.1680175796335793e-15,9.99999949513608e-09,4,315
9.999944059094495e-11,4,mauna-loa-co2,1.0,False,1.015331322457939e-15,9.999998717979963e-09,4,316
9.999949904429576e-11,4,mauna-loa-co2,1.0,False,8.270780700350234e-16,9.999999162069173e-09,4,317
9.999945955485603e-11,4,mauna-loa-co2,1.0,False,5.798660588197252e-16,9.99999993922529e-09,4,318
9.999960608337148e-11,4,mauna-loa-co2,1.0,False,7.241038848031371e-16,9.999998940024568e-09,4,319
9.999942271883299e-11,4,mauna-loa-co2,1.0,False,5.689643660955302e-16,9.99999905104687e-09,4,320
9.999951072110206e-11,4,mauna-loa-co2,1.0,False,8.990398975930066e-16,9.999999384113778e-09,4,321
9.99991054075197e-11,4,mauna-loa-co2,0.9999999999999997,False,1.249720164835214e-15,9.999998273890753e-09,4,322
9.999918672132862e-11,4,mauna-loa-co2,1.0,False,7.277504558792378e-16,9.999997718779241e-09,4,323
9.999925057710482e-11,4,mauna-loa-co2,1.0,False,1.5918863635401015e-15,1.0000000272292198e-08,4,324
9.999925544102815e-11,4,mauna-loa-co2,1.0,False,1.0013724709528251e-15,9.99999993922529e-09,4,325
9.999931228052152e-11,4,mauna-loa-co2,0.9999999999999989,False,1.4836762884663173e-15,9.999999828202988e-09,4,326
9.999950921447417e-11,4,mauna-loa-co2,1.0,False,9.045819031798711e-16,9.999999828202988e-09,4,327
9.999913579580189e-11,4,mauna-loa-co2,1.0,False,5.520349024728696e-16,9.999999828202988e-09,4,328
9.999946325574974e-11,4,mauna-loa-co2,0.9999999999999998,False,6.464621940317258e-16,1.0000000050247593e-08,4,329
9.999880872717759e-11,4,mauna-loa-co2,0.9999999999999989,False,1.0099641211046971e-15,9.999998717979963e-09,4,330
9.999950387466433e-11,4,mauna-loa-co2,0.9999999999999999,False,9.512638313930316e-16,9.99999949513608e-09,4,331
9.999944806848007e-11,4,mauna-loa-co2,1.0,False,9.146533318194629e-16,9.999999717180685e-09,4,332
9.999946394409583e-11,4,mauna-loa-co2,1.0,False,7.500040439492517e-16,9.999999717180685e-09,4,333
9.999892213874744e-11,4,mauna-loa-co2,0.9999999999999999,False,1.117522403889212e-15,9.999997607756939e-09,4,334
9.999941086578118e-11,4,mauna-loa-co2,1.0,False,1.4733161618617014e-15,9.999997274690031e-09,4,335
9.999952396363052e-11,4,mauna-loa-co2,1.0,False,9.243669635608071e-16,9.999998495935358e-09,4,336
9.999889852586347e-11,4,mauna-loa-co2,1.0,False,1.5476456241162602e-15,9.999999384113778e-09,4,337
9.999946128676227e-11,4,mauna-loa-co2,0.9999999999999999,False,1.0362649128302309e-15,9.999999717180685e-09,4,338
9.999925864496489e-11,4,mauna-loa-co2,0.9999999999999993,False,1.1384557148561748e-15,9.999999384113778e-09,4,339
9.999960242960673e-11,4,mauna-loa-co2,1.0,False,8.495353955274961e-16,9.999997607756939e-09,4,340
9.999934678546515e-11,4,mauna-loa-co2,1.0,False,7.970285480547009e-16,1.0000000494336803e-08,4,341
9.999935959282281e-11,4,mauna-loa-co2,0.9999999999999992,False,1.0290426254203408e-15,9.999999384113778e-09,4,342
9.999972524041532e-11,4,mauna-loa-co2,1.0,False,7.72750261822092e-16,9.999998940024568e-09,4,343
9.999939906808685e-11,4,mauna-loa-co2,1.0,False,6.843674242431998e-16,9.999999162069173e-09,4,344
9.999941828701412e-11,4,mauna-loa-co2,0.9999999999999992,False,6.797598992431998e-16,9.999999384113778e-09,4,345
9.999921936994841e-11,4,mauna-loa-co2,1.0,False,9.570874156131232e-16,9.999998940024568e-09,4,346
9.999944806520525e-11,4,mauna-loa-co2,1.0,False,8.216054263165398e-16,9.99999905104687e-09,4,347
9.999940533000937e-11,4,mauna-loa-co2,0.9999999999999996,False,1.1014614165328767e-15,9.999998495935358e-09,4,348
9.999931242062347e-11,4,mauna-loa-co2,1.0,False,1.1172309164417467e-15,9.999998940024568e-09,4,349
9.999944877237202e-11,4,mauna-loa-co2,0.9999999999999997,False,1.2852834479882716e-15,9.999999162069173e-09,4,350
9.999956236399586e-11,4,mauna-loa-co2,0.9999999999999997,False,4.871466258211088e-16,9.999999273091476e-09,4,351
9.999900364486338e-11,4,mauna-loa-co2,1.0,False,7.730066771597439e-16,9.999998829002266e-09,4,352
9.999956740211089e-11,4,mauna-loa-co2,1.0,False,8.753799514257096e-16,9.999998384913056e-09,4,353
9.999950239492324e-11,4,mauna-loa-co2,0.9999999999999989,False,1.1190324123833818e-15,9.999999606158383e-09,4,354
9.999973308626869e-11,4,mauna-loa-co2,0.9999999999999991,False,6.648603477112112e-16,1.0000000272292198e-08,4,355
9.999963282158753e-11,4,mauna-loa-co2,1.0,False,6.4183176410020385e-16,1.0000000050247593e-08,4,356
9.999935443632183e-11,4,mauna-loa-co2,1.0,False,9.599723767058319e-16,9.999999717180685e-09,4,357
9.999923561836147e-11,4,mauna-loa-co2,1.0,False,7.22907159562768e-16,9.999998717979963e-09,4,358
9.999936516613855e-11,4,mauna-loa-co2,0.9999999999999998,False,9.316695020237859e-16,9.99999993922529e-09,4,359
9.999913822694832e-11,4,mauna-loa-co2,1.0,False,5.242177311716894e-16,9.99999905104687e-09,4,360
9.999950630641567e-11,4,mauna-loa-co2,1.0,False,9.734350400060527e-16,1.0000000050247593e-08,4,361
9.999898710441723e-11,4,mauna-loa-co2,0.9999999999999989,False,1.0074908632196644e-15,9.999999162069173e-09,4,362
9.999920986728107e-11,4,mauna-loa-co2,0.9999999999999993,False,1.4047631510031197e-15,9.999998829002266e-09,4,363
9.999922828081244e-11,4,mauna-loa-co2,1.0,False,7.390022988036158e-16,9.999998384913056e-09,4,364
9.999953902290655e-11,4,mauna-loa-co2,1.0,False,9.565177773858002e-16,9.99999905104687e-09,4,365
9.999958988167647e-11,4,mauna-loa-co2,1.0,False,5.445657199910463e-16,1.0000000050247593e-08,4,366
9.999968997531018e-11,4,mauna-loa-co2,1.0,False,9.265139190750963e-16,1.0000000272292198e-08,4,367
9.999945204094716e-11,4,mauna-loa-co2,0.9999999999999989,False,9.881584105683395e-16,9.999999162069173e-09,4,368
9.999915127816952e-11,4,mauna-loa-co2,1.0,False,7.263003066819346e-16,9.999999384113778e-09,4,369
1.1358252176173769e-10,4,enso-pacific-sst,1.0,False,8.701360977201583e-16,9.999997385712334e-09,4,0
1.1249107799451819e-10,4,enso-pacific-sst,0.9999999999999996,False,8.358136474780227e-16,9.999999717180685e-09,4,1
1.1075826018863084e-10,4,enso-pacific-sst,0.9999999999999992,False,8.725012056694667e-16,9.999999717180685e-09,4,2
1.1320736793633424e-10,4,enso-pacific-sst,1.0,False,6.00197294135252e-16,9.999999273091476e-09,4,3
9.999906993309369e-11,4,enso-pacific-sst,1.0,False,7.431852423085812e-16,1.0000000050247593e-08,4,4
1.0674774264979157e-10,4,enso-pacific-sst,1.0,False,5.651004387841553e-16,9.999998495935358e-09,4,5
1.0997203269560219e-10,4,enso-pacific-sst,0.9999999999999999,False,1.2296394135014044e-15,9.999999828202988e-09,4,6
1.0214674957219408e-10,4,enso-pacific-sst,1.0,False,5.106566646477944e-16,9.99999905104687e-09,4,7
9.999923795892008e-11,4,enso-pacific-sst,1.0,False,9.221441953032343e-16,1.0000000716381408e-08,4,8
9.999914650898551e-11,4,enso-pacific-sst,1.0,False,9.670811093006138e-16,9.999997940823846e-09,4,9
9.999956967279321e-11,4,enso-pacific-sst,1.0,False,8.019005714255657e-16,9.999999828202988e-09,4,10
9.999932521361312e-11,4,enso-pacific-sst,1.0,False,1.335516315527575e-15,9.999998384913056e-09,4,11
9.999899880580367e-11,4,enso-pacific-sst,1.0,False,8.631357441524712e-16,9.999999162069173e-09,4,12
9.99995800190949e-11,4,enso-pacific-sst,0.9999999999999997,False,1.057465758279745e-15,9.999999606158383e-09,4,13
9.999934543485223e-11,4,enso-pacific-sst,0.9999999999999993,False,6.533253382507654e-16,1.0000000050247593e-08,4,14
9.999935340282791e-11,4,enso-pacific-sst,1.0,False,1.05515275584534e-15,9.99999949513608e-09,4,15
9.999905973809885e-11,4,enso-pacific-sst,1.0,False,1.121260569089706e-15,1.0000000272292198e-08,4,16
9.999939030052595e-11,4,enso-pacific-sst,1.0,False,9.479179814358028e-16,1.0000000272292198e-08,4,17
9.999953073004654e-11,4,enso-pacific-sst,1.0,False,7.00538328808742e-16,9.999999273091476e-09,4,18
9.999938144371544e-11,4,enso-pacific-sst,1.0,False,9.600088577065425e-16,9.99999993922529e-09,4,19
9.999894998584136e-11,4,enso-pacific-sst,1.0,False,8.457735485042469e-16,9.999999162069173e-09,4,20
9.999930595898689e-11,4,enso-pacific-sst,0.9999999999999998,False,5.714971975026455e-16,9.99999905104687e-09,4,21
9.999926943103891e-11,4,enso-pacific-sst,0.9999999999999992,False,1.0135683909286602e-15,9.999998940024568e-09,4,22
1.1151957994766527e-10,4,enso-pacific-sst,1.0,False,5.409916559205591e-16,1.0000000050247593e-08,4,23
1.1163090162243741e-10,4,enso-pacific-sst,1.0,False,9.43752933667416e-16,9.999999606158383e-09,4,24
9.999935100948609e-11,4,enso-pacific-sst,1.0,False,1.2363143621730656e-15,9.99999949513608e-09,4,25
9.99994121581033e-11,4,enso-pacific-sst,0.9999999999999999,False,1.4491335605001064e-15,9.999999273091476e-09,4,26
1.0481525998621171e-10,4,enso-pacific-sst,1.0,False,8.957709264457326e-16,9.999998495935358e-09,4,27
9.999903371263822e-11,4,enso-pacific-sst,0.9999999999999997,False,6.454175024451014e-16,1.0000000272292198e-08,4,28
9.99991246742109e-11,4,enso-pacific-sst,1.0,False,6.969292097911457e-16,9.999999606158383e-09,4,29
1.0073034209133877e-10,4,enso-pacific-sst,0.9999999999999999,False,1.0012807909734706e-15,9.999999162069173e-09,4,30
1.0584140967900025e-10,4,enso-pacific-sst,0.9999999999999982,False,1.289769193147844e-15,9.999998273890753e-09,4,31
1.1178781732727204e-10,4,enso-pacific-sst,0.9999999999999989,False,7.245722216467436e-16,1.0000000494336803e-08,4,32
1.1857341118775803e-10,4,enso-pacific-sst,0.9999999999999992,False,7.079326608757266e-16,9.999999162069173e-09,4,33
1.2427088650209021e-10,4,enso-pacific-sst,0.9999999999999998,False,7.804105699652582e-16,9.999998051846148e-09,4,34
1.3270085133810932e-10,4,enso-pacific-sst,0.9999999999999983,False,7.828371305115059e-16,9.999998940024568e-09,4,35
1.394562812417866e-10,4,enso-pacific-sst,1.0,False,1.1315290148561254e-15,9.999997607756939e-09,4,36
1.3006828157865955e-10,4,enso-pacific-sst,1.0,False,7.757044302540456e-16,9.999997829801544e-09,4,37
1.3074244609314166e-10,4,enso-pacific-sst,1.0,False,1.3092903587108184e-15,9.99999860695766e-09,4,38
1.3116772947677046e-10,4,enso-pacific-sst,1.0,False,1.011116771639181e-15,9.999999717180685e-09,4,39
1.3399202946656926e-10,4,enso-pacific-sst,0.9999999999999987,False,1.5830964200447453e-15,9.99999949513608e-09,4,40
1.522434588909458e-10,4,enso-pacific-sst,1.0,False,8.027131615402232e-16,9.999998717979963e-09,4,41
1.550370682556835e-10,4,enso-pacific-sst,0.9999999999999974,False,1.211198641540827e-15,9.999998940024568e-09,4,42
1.4966586428433698e-10,4,enso-pacific-sst,0.9999999999999998,False,9.139052356825662e-16,9.99999905104687e-09,4,43
1.4533867026288695e-10,4,enso-pacific-sst,1.0,False,1.0617523694214781e-15,9.99999949513608e-09,4,44
1.613395709234798e-10,4,enso-pacific-sst,1.0,False,8.46845998109433e-16,9.99999993922529e-09,4,45
1.5432164425705406e-10,4,enso-pacific-sst,1.0,False,7.06267867980614e-16,9.999999273091476e-09,4,46
1.655977718304953e-10,4,enso-pacific-sst,0.9999999999999998,False,4.439058806921396e-16,1.0000000050247593e-08,4,47
1.8625251996191535e-10,4,enso-pacific-sst,0.9999999999999988,False,1.0735583103610316e-15,9.999998940024568e-09,4,48
1.7783275479904742e-10,4,enso-pacific-sst,1.0,False,1.0185275067400446e-15,9.999998495935358e-09,4,49
1.8254004168428076e-10,4,enso-pacific-sst,1.0,False,9.702737035428327e-16,9.999999606158383e-09,4,50
1.7996049147947165e-10,4,enso-pacific-sst,1.0,False,1.3750191073435225e-15,9.99999860695766e-09,4,51
1.7140022495776684e-10,4,enso-pacific-sst,0.9999999999999999,False,1.225561505696771e-15,9.999999717180685e-09,4,52
1.7433572771966733e-10,4,enso-pacific-sst,0.9999999999999998,False,1.5866193298245815e-15,1.0000000272292198e-08,4,53
1.7448287562214078e-10,4,enso-pacific-sst,0.9999999999999996,False,1.1835149589339407e-15,9.999999606158383e-09,4,54
1.7891384098582346e-10,4,enso-pacific-sst,1.0,False,9.267356602003686e-16,9.999998829002266e-09,4,55
1.774943086996655e-10,4,enso-pacific-sst,0.9999999999999983,False,1.1540962625199825e-15,9.99999905104687e-09,4,56
1.732710162746928e-10,4,enso-pacific-sst,1.0,False,1.1635179943175744e-15,9.999999717180685e-09,4,57
1.7353101308745884e-10,4,enso-pacific-sst,1.0,False,1.212128254164389e-15,9.999999384113778e-09,4,58
1.8268458164678939e-10,4,enso-pacific-sst,0.9999999999999978,False,1.1840003553635326e-15,9.999998829002266e-09,4,59
1.803552708372104e-10,4,enso-pacific-sst,1.0,False,5.621021128630219e-16,9.999999606158383e-09,4,60
1.791917842849406e-10,4,enso-pacific-sst,1.0,False,6.808100501114025e-16,9.999998940024568e-09,4,61
1.7296804679024924e-10,4,enso-pacific-sst,1.0,False,5.782095044946542e-16,9.99999993922529e-09,4,62
1.2878056843837143e-10,4,enso-pacific-sst,0.9999999999999996,False,1.394974166918678e-15,9.99999860695766e-09,4,63
1.2071278489503912e-10,4,enso-pacific-sst,0.9999999999999993,False,1.2811394389718563e-15,9.99999993922529e-09,4,64
1.1221958789160026e-10,4,enso-pacific-sst,1.0,False,7.907080851941828e-16,9.999998717979963e-09,4,65
1.0857846859778873e-10,4,enso-pacific-sst,1.0,False,1.3212249488474721e-15,1.0000000272292198e-08,4,66
1.084817591937601e-10,4,enso-pacific-sst,1.0,False,1.1453325936654879e-15,9.999998384913056e-09,4,67
1.0783619320544956e-10,4,enso-pacific-sst,1.0,False,1.322857947346182e-15,9.999999717180685e-09,4,68
1.0393171197935834e-10,4,enso-pacific-sst,1.0,False,6.995649939064371e-16,9.999999384113778e-09,4,69
1.0114604104506555e-10,4,enso-pacific-sst,0.9999999999999992,False,1.2297068108876046e-15,9.999998384913056e-09,4,70
1.0139419309668123e-10,4,enso-pacific-sst,1.0,False,9.662164398750673e-16,1.0000000272292198e-08,4,71
1.0208164317927591e-10,4,enso-pacific-sst,0.9999999999999993,False,1.0610752865184633e-15,9.999998940024568e-09,4,72
1.0654685703998139e-10,4,enso-pacific-sst,0.9999999999999999,False,9.713354742451019e-16,1.0000000938426012e-08,4,73
1.1065644737834848e-10,4,enso-pacific-sst,1.0,False,7.353682228206758e-16,9.999997829801544e-09,4,74
1.1167043235947136e-10,4,enso-pacific-sst,1.0,False,8.682208015518955e-16,9.999998717979963e-09,4,75
1.0017334215624766e-10,4,enso-pacific-sst,1.0,False,8.42850481562863e-16,9.999999717180685e-09,4,76
9.999905397968354e-11,4,enso-pacific-sst,1.0,False,8.426707173539253e-16,9.999998940024568e-09,4,77
9.999939233474075e-11,4,enso-pacific-sst,1.0,False,6.672281008005794e-16,1.0000000272292198e-08,4,78
9.99995291847554e-11,4,enso-pacific-sst,1.0,False,1.2055503042465272e-15,9.999999384113778e-09,4,79
9.999881093456695e-11,4,enso-pacific-sst,1.0,False,7.540794714095197e-16,9.999998384913056e-09,4,80
9.999930197180218e-11,4,enso-pacific-sst,1.0,False,6.607537459191018e-16,9.99999949513608e-09,4,81
9.999937791625402e-11,4,enso-pacific-sst,1.0,False,8.121403431780545e-16,9.999999162069173e-09,4,82
9.99995120722537e-11,4,enso-pacific-sst,1.0,False,7.564111058664252e-16,9.999999273091476e-09,4,83
9.999957359768073e-11,4,enso-pacific-sst,1.0,False,1.1625499047342349e-15,9.999999384113778e-09,4,84
9.999938429032285e-11,4,enso-pacific-sst,1.0,False,8.092582134297821e-16,9.999999162069173e-09,4,85
9.999911970865856e-11,4,enso-pacific-sst,1.0,False,8.552218461403052e-16,9.999999273091476e-09,4,86
9.999898561272289e-11,4,enso-pacific-sst,1.0,False,9.793613196656774e-16,1.0000000272292198e-08,4,87
9.999958788295287e-11,4,enso-pacific-sst,1.0,False,8.500598324204009e-16,9.999999828202988e-09,4,88
9.999949848816652e-11,4,enso-pacific-sst,1.0,False,1.0098472462384599e-15,9.999999717180685e-09,4,89
1.0800107511064318e-10,4,enso-pacific-sst,0.9999999999999989,False,1.0359558427603142e-15,9.99999993922529e-09,4,90
1.2906930689713843e-10,4,enso-pacific-sst,0.9999999999999996,False,6.434390961216814e-16,9.999998717979963e-09,4,91
1.2789163939547702e-10,4,enso-pacific-sst,1.0,False,8.057025671904527e-16,9.999999162069173e-09,4,92
1.3518609788775253e-10,4,enso-pacific-sst,1.0,False,1.3746979690886452e-15,9.999999828202988e-09,4,93
1.4012149480280306e-10,4,enso-pacific-sst,1.0,False,1.059106915398354e-15,9.999998273890753e-09,4,94
1.278442068924586e-10,4,enso-pacific-sst,1.0,False,1.0058051989845092e-15,9.999999384113778e-09,4,95
1.4577405511326494e-10,4,enso-pacific-sst,0.9999999999999992,False,9.888284237675204e-16,9.999999273091476e-09,4,96
1.458577404982978e-10,4,enso-pacific-sst,1.0,False,7.093534842198506e-16,9.999999162069173e-09,4,97
1.2678439060621473e-10,4,enso-pacific-sst,0.9999999999999998,False,9.949871548532627e-16,1.0000000716381408e-08,4,98
1.424439879207204e-10,4,enso-pacific-sst,0.9999999999999989,False,6.778753297517581e-16,1.0000000494336803e-08,4,99
1.4375352884519223e-10,4,enso-pacific-sst,1.0,False,8.64933199920622e-16,9.999999273091476e-09,4,100
1.5153526154812265e-10,4,enso-pacific-sst,0.9999999999999993,False,7.718034471800303e-16,9.99999905104687e-09,4,101
1.3627591869358844e-10,4,enso-pacific-sst,1.0,False,8.880666658775128e-16,9.999999828202988e-09,4,102
1.4340915394657188e-10,4,enso-pacific-sst,1.0,False,1.253772550536385e-15,1.0000000716381408e-08,4,103
1.731351534309767e-10,4,enso-pacific-sst,1.0,False,6.748596117463942e-16,9.999998940024568e-09,4,104
1.456039231682074e-10,4,enso-pacific-sst,1.0,False,1.2561995770662918e-15,9.999998273890753e-09,4,105
1.6124227408675983e-10,4,enso-pacific-sst,1.0,False,1.0549330254296115e-15,9.999999384113778e-09,4,106
1.5942122224483176e-10,4,enso-pacific-sst,1.0,False,9.449427751657797e-16,9.99999993922529e-09,4,107
1.4251539553526043e-10,4,enso-pacific-sst,1.0,False,7.494698017662722e-16,9.99999860695766e-09,4,108
1.3959993843026515e-10,4,enso-pacific-sst,0.9999999999999992,False,1.67185694301718e-15,1.0000000272292198e-08,4,109
1.1729599780678524e-10,4,enso-pacific-sst,1.0,False,1.1605943079371457e-15,9.999998717979963e-09,4,110
1.3085619154836512e-10,4,enso-pacific-sst,1.0,False,6.367061181467791e-16,9.999999606158383e-09,4,111
1.3889022921852764e-10,4,enso-pacific-sst,0.9999999999999996,False,7.477244714778465e-16,9.999998940024568e-09,4,112
1.4341339806184642e-10,4,enso-pacific-sst,1.0,False,7.577053475925135e-16,9.999997718779241e-09,4,113
1.492733553244672e-10,4,enso-pacific-sst,1.0,False,1.0004978193418865e-15,9.99999993922529e-09,4,114
1.2174233134900453e-10,4,enso-pacific-sst,0.9999999999999992,False,6.043305951643225e-16,9.999998717979963e-09,4,115
1.3053054196502226e-10,4,enso-pacific-sst,1.0,False,9.684294944651757e-16,1.0000001160470617e-08,4,116
1.3528357572181952e-10,4,enso-pacific-sst,1.0,False,1.3702138924115935e-15,9.99999905104687e-09,4,117
1.2998383927713932e-10,4,enso-pacific-sst,0.9999999999999994,False,8.536680873438677e-16,9.999998717979963e-09,4,118
1.4926620746999703e-10,4,enso-pacific-sst,0.9999999999999996,False,1.1223202087737331e-15,9.999999384113778e-09,4,119
1.507921942537371e-10,4,enso-pacific-sst,1.0,False,1.1493663778227544e-15,9.999998829002266e-09,4,120
1.6436071329785844e-10,4,enso-pacific-sst,1.0,False,8.237438261640042e-16,1.0000000050247593e-08,4,121
1.6518895119553792e-10,4,enso-pacific-sst,1.0,False,7.925019231468345e-16,1.0000000272292198e-08,4,122
1.1326985954323973e-10,4,enso-pacific-sst,1.0,False,1.3539504128194338e-15,9.999998051846148e-09,4,123
1.170701498461898e-10,4,enso-pacific-sst,0.9999999999999993,False,1.1968393949222044e-15,9.999998940024568e-09,4,124
1.1930533812240377e-10,4,enso-pacific-sst,0.9999999999999999,False,1.2434527365731439e-15,9.999998940024568e-09,4,125
1.224157388831972e-10,4,enso-pacific-sst,1.0,False,1.1660659121760683e-15,9.999998273890753e-09,4,126
1.290153058785836e-10,4,enso-pacific-sst,1.0,False,1.1612461222557194e-15,1.0000000272292198e-08,4,127
1.2849970980774438e-10,4,enso-pacific-sst,0.9999999999999996,False,8.329235001828304e-16,9.99999905104687e-09,4,128
1.2623024031807108e-10,4,enso-pacific-sst,1.0,False,1.458221718722373e-15,9.99999949513608e-09,4,129
1.2630026097805922e-10,4,enso-pacific-sst,1.0,False,1.3775906443195574e-15,9.999999384113778e-09,4,130
1.2404649613340047e-10,4,enso-pacific-sst,1.0,False,9.884850885334953e-16,9.99999993922529e-09,4,131
1.2515623897219527e-10,4,enso-pacific-sst,1.0,False,8.701005715668258e-16,1.0000000494336803e-08,4,132
1.251361222821117e-10,4,enso-pacific-sst,1.0,False,1.2794574574600777e-15,9.99999993922529e-09,4,133
1.6131229594121498e-10,4,enso-pacific-sst,1.0,False,1.3732778517308558e-15,9.99999860695766e-09,4,134
1.6100406828893906e-10,4,enso-pacific-sst,0.9999999999999993,False,8.733060789433426e-16,1.0000000050247593e-08,4,135
1.6207619331740186e-10,4,enso-pacific-sst,1.0,False,6.00070146050663e-16,9.99999905104687e-09,4,136
1.583575057334139e-10,4,enso-pacific-sst,1.0,False,1.160248360636085e-15,9.999999273091476e-09,4,137
1.5668627903847246e-10,4,enso-pacific-sst,1.0,False,8.147191559039078e-16,1.0000000050247593e-08,4,138
1.4952799446277782e-10,4,enso-pacific-sst,1.0,False,1.2310820754507055e-15,9.99999949513608e-09,4,139
1.2747772745485263e-10,4,enso-pacific-sst,0.9999999999999992,False,1.1763027722398259e-15,9.999998940024568e-09,4,140
1.331904377641954e-10,4,enso-pacific-sst,1.0,False,9.426149646414373e-16,9.999998717979963e-09,4,141
1.373986288831976e-10,4,enso-pacific-sst,0.9999999999999994,False,6.294799514126135e-16,9.999999828202988e-09,4,142
1.349452185140549e-10,4,enso-pacific-sst,1.0,False,1.4007255865076702e-15,9.99999860695766e-09,4,143
1.3146836206465873e-10,4,enso-pacific-sst,0.9999999999999998,False,1.7501725787314396e-15,9.999999828202988e-09,4,144
1.304294897447285e-10,4,enso-pacific-sst,0.9999999999999997,False,9.259809762311312e-16,9.999999828202988e-09,4,145
1.2967968098229844e-10,4,enso-pacific-sst,1.0,False,7.680911370796567e-16,9.999999606158383e-09,4,146
1.2625402782206332e-10,4,enso-pacific-sst,1.0,False,1.1471517816876699e-15,9.999999162069173e-09,4,147
1.5371365765311487e-10,4,enso-pacific-sst,0.9999999999999989,False,1.1928917709922628e-15,9.999998495935358e-09,4,148
1.3329229423862396e-10,4,enso-pacific-sst,0.9999999999999997,False,1.2111168865216005e-15,9.999998940024568e-09,4,149
1.208050789328697e-10,4,enso-pacific-sst,1.0,False,1.4718770013552046e-15,1.0000000272292198e-08,4,150
1.2799464668098802e-10,4,enso-pacific-sst,1.0,False,1.2101437184084243e-15,9.99999993922529e-09,4,151
1.3673977007596108e-10,4,enso-pacific-sst,1.0,False,9.181047898931622e-16,9.999998273890753e-09,4,152
1.4538893002954838e-10,4,enso-pacific-sst,1.0,False,9.33243363647652e-16,9.999997829801544e-09,4,153
1.5366826898063322e-10,4,enso-pacific-sst,1.0,False,7.913537860512498e-16,9.999999273091476e-09,4,154
1.5833781467309373e-10,4,enso-pacific-sst,0.9999999999999996,False,1.17132724090149e-15,9.99999993922529e-09,4,155
1.8115095220704997e-10,4,enso-pacific-sst,0.9999999999999996,False,7.478573650305865e-16,9.999999828202988e-09,4,156
1.4033748395311569e-10,4,enso-pacific-sst,0.9999999999999992,False,9.035249141168742e-16,9.999997718779241e-09,4,157
1.1843245935085882e-10,4,enso-pacific-sst,1.0,False,1.0224956091248386e-15,9.999999384113778e-09,4,158
1.1974924169920108e-10,4,enso-pacific-sst,1.0,False,1.567114457172027e-15,9.999998273890753e-09,4,159
9.999901519932378e-11,4,enso-pacific-sst,1.0,False,8.587558058457197e-16,9.999998495935358e-09,4,160
9.999912023099312e-11,4,enso-pacific-sst,1.0,False,7.323718969108322e-16,9.999998162868451e-09,4,161
9.999923508009293e-11,4,enso-pacific-sst,0.9999999999999987,False,1.3116902477559132e-15,9.99999949513608e-09,4,162
9.999889345844215e-11,4,enso-pacific-sst,1.0,False,7.908236303836225e-16,9.999997274690031e-09,4,163
9.999874204762401e-11,4,enso-pacific-sst,0.9999999999999996,False,9.149324509715753e-16,9.999999273091476e-09,4,164
9.999937944406875e-11,4,enso-pacific-sst,0.9999999999999982,False,1.3322931841898233e-15,1.0000000050247593e-08,4,165
9.999918821178869e-11,4,enso-pacific-sst,1.0,False,6.662161310212474e-16,9.999999717180685e-09,4,166
9.999914109101782e-11,4,enso-pacific-sst,0.9999999999999988,False,9.06994822028024e-16,9.999999273091476e-09,4,167
9.99994541393473e-11,4,enso-pacific-sst,1.0,False,5.486654506141623e-16,9.999999162069173e-09,4,168
1.0003893964815056e-10,4,enso-pacific-sst,1.0,False,1.10432663637801e-15,9.999999384113778e-09,4,169
9.999894495378969e-11,4,enso-pacific-sst,0.9999999999999987,False,8.797057332892296e-16,1.0000001160470617e-08,4,170
9.999929592999871e-11,4,enso-pacific-sst,1.0,False,9.32002633487162e-16,9.999999717180685e-09,4,171
9.999945043501332e-11,4,enso-pacific-sst,1.0,False,9.578237032651741e-16,9.99999860695766e-09,4,172
9.999916832333565e-11,4,enso-pacific-sst,1.0,False,8.64426589329905e-16,9.999998384913056e-09,4,173
9.999879183347624e-11,4,enso-pacific-sst,0.9999999999999994,False,8.46605580388407e-16,9.999998051846148e-09,4,174
9.999913357092895e-11,4,enso-pacific-sst,1.0,False,9.311610885494597e-16,9.999999384113778e-09,4,175
9.999924612598167e-11,4,enso-pacific-sst,0.9999999999999992,False,1.1026735121503368e-15,9.999999606158383e-09,4,176
9.999929548881975e-11,4,enso-pacific-sst,1.0,False,5.925613537920676e-16,9.99999993922529e-09,4,177
9.99994096993273e-11,4,enso-pacific-sst,1.0,False,8.507891019027563e-16,9.999998829002266e-09,4,178
9.99995104462734e-11,4,enso-pacific-sst,1.0,False,8.46290337651771e-16,9.99999949513608e-09,4,179
9.999956645221828e-11,4,enso-pacific-sst,1.0,False,9.203472090677873e-16,9.999998940024568e-09,4,180
1.0482304032209094e-10,4,enso-pacific-sst,1.0,False,9.419541660074455e-16,9.999999273091476e-09,4,181
1.0507258517770802e-10,4,enso-pacific-sst,0.9999999999999999,False,6.784329919107183e-16,1.0000000050247593e-08,4,182
1.2889903703228211e-10,4,enso-pacific-sst,0.9999999999999989,False,5.189309997063834e-16,1.0000000938426012e-08,4,183
1.1760014825052614e-10,4,enso-pacific-sst,0.9999999999999998,False,5.939149854704944e-16,9.999999384113778e-09,4,184
1.1187009158167023e-10,4,enso-pacific-sst,1.0,False,8.92955634445525e-16,9.999997940823846e-09,4,185
1.0647208431528416e-10,4,enso-pacific-sst,0.9999999999999987,False,7.793048685026136e-16,9.999999717180685e-09,4,186
1.1454788882876343e-10,4,enso-pacific-sst,1.0,False,9.86370485724619e-16,9.999999828202988e-09,4,187
1.3593926878401e-10,4,enso-pacific-sst,0.9999999999999991,False,9.64773228769062e-16,9.999999717180685e-09,4,188
1.2624229074655474e-10,4,enso-pacific-sst,1.0,False,1.0150010161513314e-15,9.999999828202988e-09,4,189
1.1955048322610707e-10,4,enso-pacific-sst,1.0,False,1.9510558852847194e-15,9.99999949513608e-09,4,190
1.1511500849499117e-10,4,enso-pacific-sst,1.0,False,6.008341730349842e-16,1.0000000272292198e-08,4,191
1.305625035287392e-10,4,enso-pacific-sst,0.9999999999999994,False,1.053661572938294e-15,9.999998829002266e-09,4,192
1.548274862237597e-10,4,enso-pacific-sst,0.9999999999999998,False,5.816727231500881e-16,9.999999606158383e-09,4,193
1.8203241534556566e-10,4,enso-pacific-sst,0.9999999999999999,False,1.100926027061061e-15,1.0000000272292198e-08,4,194
1.813924483568031e-10,4,enso-pacific-sst,1.0,False,9.259002998085222e-16,9.999999828202988e-09,4,195
1.8408398240877276e-10,4,enso-pacific-sst,1.0,False,5.886167106533045e-16,9.999999606158383e-09,4,196
1.7476608810194567e-10,4,enso-pacific-sst,0.9999999999999998,False,1.247759610113916e-15,1.0000000272292198e-08,4,197
1.8784625957878654e-10,4,enso-pacific-sst,1.0,False,8.062451242928664e-16,9.999999717180685e-09,4,198
1.8353371798213347e-10,4,enso-pacific-sst,1.0,False,6.517158084906611e-16,9.999998717979963e-09,4,199
1.5104843477068273e-10,4,enso-pacific-sst,0.9999999999999999,False,7.948193466409725e-16,9.999998273890753e-09,4,200
1.2251611346205914e-10,4,enso-pacific-sst,0.9999999999999987,False,1.2697258401812794e-15,9.999998940024568e-09,4,201
1.2525658813219523e-10,4,enso-pacific-sst,1.0,False,6.8517665019369e-16,1.0000000050247593e-08,4,202
1.3224504662813325e-10,4,enso-pacific-sst,0.9999999999999996,False,9.324697052237472e-16,9.99999949513608e-09,4,203
1.445529186869062e-10,4,enso-pacific-sst,1.0,False,1.3623128530278626e-15,9.999999717180685e-09,4,204
1.5593584422027896e-10,4,enso-pacific-sst,1.0,False,1.0013986584088533e-15,9.999999828202988e-09,4,205
1.53078991662382e-10,4,enso-pacific-sst,1.0,False,9.72653822533484e-16,9.99999905104687e-09,4,206
1.3682965048168474e-10,4,enso-pacific-sst,1.0,False,1.153725074603851e-15,9.999998940024568e-09,4,207
1.2759238271060265e-10,4,enso-pacific-sst,1.0,False,1.2023137126721972e-15,9.999997274690031e-09,4,208
1.180222826826708e-10,4,enso-pacific-sst,0.9999999999999986,False,7.786024962541807e-16,9.999999273091476e-09,4,209
1.164647354833759e-10,4,enso-pacific-sst,1.0,False,1.0012738516723647e-15,9.999998495935358e-09,4,210
1.229978759127897e-10,4,enso-pacific-sst,0.9999999999999992,False,8.216264452793735e-16,1.0000000272292198e-08,4,211
1.303546659905909e-10,4,enso-pacific-sst,0.9999999999999996,False,7.405340306434062e-16,9.999999273091476e-09,4,212
1.3215027710993417e-10,4,enso-pacific-sst,0.9999999999999998,False,1.2336212049825988e-15,9.999999384113778e-09,4,213
1.2191449520422814e-10,4,enso-pacific-sst,1.0,False,1.3692320081979303e-15,9.999998162868451e-09,4,214
1.1347027361648318e-10,4,enso-pacific-sst,0.9999999999999993,False,6.737661793003958e-16,1.0000000938426012e-08,4,215
1.0536049617007812e-10,4,enso-pacific-sst,0.9999999999999999,False,7.522127765393603e-16,9.99999993922529e-09,4,216
9.999916458663478e-11,4,enso-pacific-sst,1.0,False,9.777136589642002e-16,9.999998273890753e-09,4,217
9.999947486726691e-11,4,enso-pacific-sst,1.0,False,8.526993761463207e-16,9.999998829002266e-09,4,218
9.999933876898128e-11,4,enso-pacific-sst,0.9999999999999998,False,6.466547653980102e-16,9.999997496734636e-09,4,219
9.999943360051324e-11,4,enso-pacific-sst,1.0,False,8.7736909251191965e-16,9.999999717180685e-09,4,220
9.999942192414964e-11,4,enso-pacific-sst,1.0,False,1.1269274217469662e-15,1.0000000272292198e-08,4,221
9.999887120598866e-11,4,enso-pacific-sst,0.9999999999999992,False,6.538178391231734e-16,9.999998495935358e-09,4,222
9.999891934784922e-11,4,enso-pacific-sst,0.9999999999999988,False,1.1897742070614687e-15,9.99999905104687e-09,4,223
9.999923628645563e-11,4,enso-pacific-sst,1.0,False,9.937350515246062e-16,9.99999949513608e-09,4,224
9.999931739202503e-11,4,enso-pacific-sst,1.0,False,6.587752593528711e-16,1.0000000716381408e-08,4,225
9.9999213375101e-11,4,enso-pacific-sst,1.0,False,1.0579751566155654e-15,9.99999905104687e-09,4,226
1.0302939649869197e-10,4,enso-pacific-sst,1.0,False,1.0441361540938861e-15,9.999998495935358e-09,4,227
1.1103494319987276e-10,4,enso-pacific-sst,0.9999999999999991,False,8.323562860244446e-16,9.999999162069173e-09,4,228
1.1065783654412401e-10,4,enso-pacific-sst,0.9999999999999987,False,1.3128022411318377e-15,1.0000000050247593e-08,4,229
1.2492667458418264e-10,4,enso-pacific-sst,1.0,False,9.60732404905977e-16,9.999999162069173e-09,4,230
1.241403852844251e-10,4,enso-pacific-sst,0.9999999999999989,False,8.773109447980504e-16,1.0000000050247593e-08,4,231
1.1999289339773323e-10,4,enso-pacific-sst,0.9999999999999999,False,5.778161478878264e-16,9.999999606158383e-09,4,232
1.211653725809993e-10,4,enso-pacific-sst,0.999999999999999,False,9.410329570018179e-16,1.0000000272292198e-08,4,233
1.418022532346638e-10,4,enso-pacific-sst,0.9999999999999998,False,7.128614186681112e-16,9.999999162069173e-09,4,234
1.3329157202558942e-10,4,enso-pacific-sst,1.0,False,4.2261287513919934e-16,9.999999162069173e-09,4,235
1.3025166673640616e-10,4,enso-pacific-sst,1.0,False,1.0147125428158236e-15,9.99999860695766e-09,4,236
1.286869682315186e-10,4,enso-pacific-sst,1.0,False,9.839045374618152e-16,9.999998829002266e-09,4,237
1.2565064669019537e-10,4,enso-pacific-sst,0.9999999999999993,False,8.587714454567997e-16,9.999999717180685e-09,4,238
1.242255603954863e-10,4,enso-pacific-sst,1.0,False,6.475814709265301e-16,9.99999993922529e-09,4,239
1.3000909985287424e-10,4,enso-pacific-sst,0.9999999999999998,False,1.6065089194845965e-15,9.99999993922529e-09,4,240
1.3404369154982786e-10,4,enso-pacific-sst,1.0,False,5.842535996519832e-16,9.99999949513608e-09,4,241
1.3471941031510958e-10,4,enso-pacific-sst,0.9999999999999994,False,1.3713696119347136e-15,9.999999162069173e-09,4,242
1.232188460962215e-10,4,enso-pacific-sst,0.999999999999999,False,9.860031181564237e-16,9.999998717979963e-09,4,243
1.2928919046408274e-10,4,enso-pacific-sst,1.0,False,7.417850170094612e-16,9.99999949513608e-09,4,244
1.201978644920733e-10,4,enso-pacific-sst,1.0,False,1.1972095628893362e-15,9.999999828202988e-09,4,245
1.0514992548586872e-10,4,enso-pacific-sst,1.0,False,1.0012761975325335e-15,9.999999162069173e-09,4,246
1.0080219006711588e-10,4,enso-pacific-sst,1.0,False,1.3486760340295857e-15,9.99999860695766e-09,4,247
9.99991262828294e-11,4,enso-pacific-sst,1.0,False,8.399960126261231e-16,9.999998829002266e-09,4,248
1.0021281040632509e-10,4,enso-pacific-sst,0.9999999999999996,False,1.2559941148987548e-15,9.999999384113778e-09,4,249
1.0231868842858613e-10,4,enso-pacific-sst,1.0,False,7.450918710311457e-16,9.999999162069173e-09,4,250
1.066186790632765e-10,4,enso-pacific-sst,0.9999999999999996,False,7.621833541786116e-16,9.999997829801544e-09,4,251
1.1936314522588598e-10,4,enso-pacific-sst,0.9999999999999996,False,7.69228054702167e-16,9.999998273890753e-09,4,252
1.2293129667069604e-10,4,enso-pacific-sst,1.0,False,7.805152829953925e-16,9.999999717180685e-09,4,253
9.999920687338741e-11,4,enso-pacific-sst,1.0,False,5.987723303853485e-16,9.999997940823846e-09,4,254
9.999920655230301e-11,4,enso-pacific-sst,0.9999999999999991,False,8.994915766441564e-16,9.999998384913056e-09,4,255
9.999908692294341e-11,4,enso-pacific-sst,0.9999999999999999,False,1.1576141428048939e-15,1.0000000272292198e-08,4,256
9.999927446233774e-11,4,enso-pacific-sst,1.0,False,7.275022977529175e-16,1.0000000272292198e-08,4,257
9.99993035405719e-11,4,enso-pacific-sst,1.0,False,9.321148382508684e-16,9.99999993922529e-09,4,258
9.999941205478506e-11,4,enso-pacific-sst,1.0,False,7.515213352337458e-16,9.99999949513608e-09,4,259
9.999918509404254e-11,4,enso-pacific-sst,1.0,False,7.210449694849914e-16,1.0000000050247593e-08,4,260
9.999905943752635e-11,4,enso-pacific-sst,0.9999999999999997,False,1.0905252000498634e-15,9.999998829002266e-09,4,261
9.99993680665907e-11,4,enso-pacific-sst,0.9999999999999998,False,8.086254697927446e-16,9.999999273091476e-09,4,262
9.999944019424866e-11,4,enso-pacific-sst,1.0,False,1.0959250308695073e-15,9.99999949513608e-09,4,263
9.999939848948165e-11,4,enso-pacific-sst,1.0,False,8.885569188464394e-16,1.0000000050247593e-08,4,264
9.999929378851946e-11,4,enso-pacific-sst,1.0,False,8.078830910504064e-16,1.0000000050247593e-08,4,265
9.999924343825546e-11,4,enso-pacific-sst,0.9999999999999988,False,7.823550588903433e-16,9.99999949513608e-09,4,266
9.999918408582865e-11,4,enso-pacific-sst,1.0,False,9.078956848020807e-16,9.999997496734636e-09,4,267
1.0285355886686947e-10,4,enso-pacific-sst,1.0,False,1.0353240173369175e-15,9.999999162069173e-09,4,268
9.999921279411513e-11,4,enso-pacific-sst,1.0,False,1.131373217255619e-15,9.999998273890753e-09,4,269
9.999947520771284e-11,4,enso-pacific-sst,1.0,False,1.9962633329153124e-15,9.999999273091476e-09,4,270
9.999961224733893e-11,4,enso-pacific-sst,0.9999999999999989,False,1.2107170520300148e-15,9.99999860695766e-09,4,271
9.99992835651388e-11,4,enso-pacific-sst,1.0,False,1.49857225934112e-15,1.0000000494336803e-08,4,272
9.99995855059693e-11,4,enso-pacific-sst,1.0,False,9.40765423997226e-16,9.999999828202988e-09,4,273
9.999959553003102e-11,4,enso-pacific-sst,0.9999999999999993,False,9.940763132510814e-16,1.0000000272292198e-08,4,274
9.999970232492495e-11,4,enso-pacific-sst,1.0,False,7.057801054936816e-16,9.999998273890753e-09,4,275
1.0861166994017363e-10,4,enso-pacific-sst,1.0,False,6.291690458018503e-16,9.999999384113778e-09,4,276
1.3030614962225957e-10,4,enso-pacific-sst,1.0,False,6.824067232150662e-16,1.0000000050247593e-08,4,277
1.4855170843074469e-10,4,enso-pacific-sst,0.9999999999999998,False,7.987675301739779e-16,9.99999949513608e-09,4,278
1.5957856744037823e-10,4,enso-pacific-sst,0.9999999999999993,False,1.6678839837906195e-15,9.999998717979963e-09,4,279
1.591193574849201e-10,4,enso-pacific-sst,1.0,False,1.2673603615097077e-15,9.999998384913056e-09,4,280
1.6372477105472314e-10,4,enso-pacific-sst,1.0,False,5.694481936440929e-16,1.0000000716381408e-08,4,281
1.562490801336995e-10,4,enso-pacific-sst,0.9999999999999998,False,6.503356786422065e-16,9.999998829002266e-09,4,282
1.623131322936633e-10,4,enso-pacific-sst,1.0,False,8.904982327592977e-16,1.0000000272292198e-08,4,283
1.6608310249009578e-10,4,enso-pacific-sst,1.0,False,1.2014578387509028e-15,9.999999384113778e-09,4,284
1.5610880285604245e-10,4,enso-pacific-sst,1.0,False,1.1380552617022434e-15,9.999999606158383e-09,4,285
1.5366043043197397e-10,4,enso-pacific-sst,0.9999999999999988,False,9.080598059242884e-16,9.99999949513608e-09,4,286
1.4019257419632375e-10,4,enso-pacific-sst,1.0,False,9.285874877597303e-16,1.0000000272292198e-08,4,287
1.4543694316478347e-10,4,enso-pacific-sst,0.9999999999999998,False,7.894636594760436e-16,9.999998829002266e-09,4,288
1.5332861635931896e-10,4,enso-pacific-sst,1.0,False,8.679688767069509e-16,9.999999384113778e-09,4,289
1.4633876458835883e-10,4,enso-pacific-sst,1.0,False,1.152135401594684e-15,9.999998940024568e-09,4,290
1.4221403843936358e-10,4,enso-pacific-sst,0.9999999999999984,False,8.84558981396537e-16,9.999999273091476e-09,4,291
1.3047003933776519e-10,4,enso-pacific-sst,1.0,False,8.8416213651909235e-16,1.0000000938426012e-08,4,292
1.1533092915750882e-10,4,enso-pacific-sst,1.0,False,9.118154535517207e-16,9.99999905104687e-09,4,293
1.100406573522503e-10,4,enso-pacific-sst,1.0,False,1.6511181114720813e-15,9.999998829002266e-09,4,294
1.1031066406552637e-10,4,enso-pacific-sst,1.0,False,1.2522373066365272e-15,9.999998273890753e-09,4,295
1.1204786706944334e-10,4,enso-pacific-sst,1.0,False,1.6648848719951579e-15,9.999999384113778e-09,4,296
1.1620204410311901e-10,4,enso-pacific-sst,1.0,False,8.163118263997647e-16,9.999999606158383e-09,4,297
1.2044445010006005e-10,4,enso-pacific-sst,0.9999999999999994,False,9.211296594517852e-16,9.999999606158383e-09,4,298
1.232200707946838e-10,4,enso-pacific-sst,0.9999999999999993,False,9.699173094297197e-16,9.99999905104687e-09,4,299
1.2689875809825964e-10,4,enso-pacific-sst,1.0,False,8.976567419088794e-16,9.999999828202988e-09,4,300
1.3126328327151685e-10,4,enso-pacific-sst,1.0,False,1.554014703311691e-15,9.999997607756939e-09,4,301
1.182351781269153e-10,4,enso-pacific-sst,1.0,False,7.382819165853754e-16,9.999997274690031e-09,4,302
1.1243421577424117e-10,4,enso-pacific-sst,0.9999999999999998,False,8.174095138255065e-16,9.999999717180685e-09,4,303
1.1060583170324964e-10,4,enso-pacific-sst,1.0,False,7.195232597662442e-16,9.999998495935358e-09,4,304
1.1057052768401381e-10,4,enso-pacific-sst,0.9999999999999986,False,8.385382505118694e-16,1.0000000272292198e-08,4,305
1.0318153437205635e-10,4,enso-pacific-sst,1.0,False,8.212071193123695e-16,9.999998717979963e-09,4,306
1.0109059322273424e-10,4,enso-pacific-sst,1.0,False,8.17705876873251e-16,9.99999949513608e-09,4,307
9.999933899403837e-11,4,enso-pacific-sst,0.9999999999999991,False,9.60672641769025e-16,9.99999949513608e-09,4,308
9.999959498066004e-11,4,enso-pacific-sst,1.0,False,1.094470511985124e-15,9.99999905104687e-09,4,309
9.999957101050359e-11,4,enso-pacific-sst,1.0,False,5.803121875253088e-16,9.999999606158383e-09,4,310
9.999939732474309e-11,4,enso-pacific-sst,1.0,False,8.330517882955e-16,9.999999606158383e-09,4,311
9.999960639280779e-11,4,enso-pacific-sst,0.9999999999999998,False,1.2417389633523446e-15,9.999999273091476e-09,4,312
9.999957629230877e-11,4,enso-pacific-sst,1.0,False,1.1060288919443322e-15,1.0000000716381408e-08,4,313
9.999961221651858e-11,4,enso-pacific-sst,1.0,False,6.063153951329076e-16,9.999999162069173e-09,4,314
1.0735086477164231e-10,4,enso-pacific-sst,1.0,False,1.0522833701169524e-15,9.999997829801544e-09,4,315
1.1640397114847131e-10,4,enso-pacific-sst,0.9999999999999991,False,1.0157585097376758e-15,9.999999828202988e-09,4,316
1.0585043523698675e-10,4,enso-pacific-sst,1.0,False,1.1568823959411031e-15,9.999998940024568e-09,4,317
1.1169190309291894e-10,4,enso-pacific-sst,1.0,False,9.501360519299482e-16,9.99999993922529e-09,4,318
1.3493832093678226e-10,4,enso-pacific-sst,1.0,False,8.167488089651691e-16,9.999999717180685e-09,4,319
1.3508214199654616e-10,4,enso-pacific-sst,1.0,False,1.3165613434565007e-15,1.0000000272292198e-08,4,320
1.4354555597546704e-10,4,enso-pacific-sst,1.0,False,5.52357663588978e-16,9.999999606158383e-09,4,321
1.4855673938880923e-10,4,enso-pacific-sst,1.0,False,8.119193571327853e-16,9.999999717180685e-09,4,322
1.284172779490213e-10,4,enso-pacific-sst,1.0,False,8.569021756101238e-16,9.999999828202988e-09,4,323
1.2673544142869056e-10,4,enso-pacific-sst,1.0,False,7.180504193899179e-16,9.999998051846148e-09,4,324
1.306965154428516e-10,4,enso-pacific-sst,1.0,False,9.360296871710902e-16,9.999999828202988e-09,4,325
1.4676982024045825e-10,4,enso-pacific-sst,1.0,False,9.660087156027319e-16,9.999999606158383e-09,4,326
1.6113523766756056e-10,4,enso-pacific-sst,1.0,False,8.840634669341159e-16,1.0000000494336803e-08,4,327
1.6696427938407816e-10,4,enso-pacific-sst,1.0,False,1.1328253325593515e-15,9.999999828202988e-09,4,328
1.5987124340925793e-10,4,enso-pacific-sst,1.0,False,5.142868385595027e-16,9.99999949513608e-09,4,329
1.626250807556619e-10,4,enso-pacific-sst,0.9999999999999993,False,8.250895022666295e-16,9.999998162868451e-09,4,330
1.8338980905143922e-10,4,enso-pacific-sst,0.9999999999999991,False,8.856547203960947e-16,9.999999162069173e-09,4,331
1.7396935444728202e-10,4,enso-pacific-sst,1.0,False,5.754207982732584e-16,9.999999828202988e-09,4,332
1.6691492510223339e-10,4,enso-pacific-sst,0.9999999999999998,False,7.727895873094979e-16,9.99999905104687e-09,4,333
1.6816550981602247e-10,4,enso-pacific-sst,0.9999999999999998,False,6.509959394761242e-16,9.999999162069173e-09,4,334
1.6566530157992788e-10,4,enso-pacific-sst,0.9999999999999998,False,9.645452003722297e-16,9.999997607756939e-09,4,335
1.539988099508992e-10,4,enso-pacific-sst,1.0,False,8.163465282916741e-16,1.0000000050247593e-08,4,336
1.5316247590811212e-10,4,enso-pacific-sst,1.0,False,1.0765010113898708e-15,9.99999949513608e-09,4,337
1.705556886288414e-10,4,enso-pacific-sst,0.9999999999999994,False,9.584914300528492e-16,9.99999949513608e-09,4,338
1.477199867877063e-10,4,enso-pacific-sst,1.0,False,5.846887004613874e-16,9.999998829002266e-09,4,339
1.2865712312622135e-10,4,enso-pacific-sst,1.0,False,7.161947860880381e-16,9.999998717979963e-09,4,340
1.1302354809709398e-10,4,enso-pacific-sst,1.0,False,1.381546753794271e-15,9.999997940823846e-09,4,341
1.1269882036846931e-10,4,enso-pacific-sst,0.9999999999999992,False,9.63148352140012e-16,9.999998384913056e-09,4,342
1.088717114362358e-10,4,enso-pacific-sst,0.9999999999999994,False,8.086334794810851e-16,9.999999273091476e-09,4,343
1.2376828111735406e-10,4,enso-pacific-sst,1.0,False,8.774849455577257e-16,9.999999273091476e-09,4,344
1.4751479170490093e-10,4,enso-pacific-sst,1.0,False,9.44065583421284e-16,9.999999828202988e-09,4,345
1.5902150396703114e-10,4,enso-pacific-sst,1.0,False,8.487442749384254e-16,9.999998273890753e-09,4,346
1.696060415923039e-10,4,enso-pacific-sst,1.0,False,1.0406010895920295e-15,9.999999717180685e-09,4,347
1.620257390423671e-10,4,enso-pacific-sst,1.0,False,7.684090623418309e-16,9.999999717180685e-09,4,348
1.4392674913793753e-10,4,enso-pacific-sst,0.9999999999999999,False,9.490094384381372e-16,9.999997607756939e-09,4,349
1.1318884492517951e-10,4,enso-pacific-sst,0.9999999999999993,False,8.962142000092907e-16,9.999999384113778e-09,4,350
1.269462547383188e-10,4,enso-pacific-sst,1.0,False,1.0775455265502769e-15,9.999999828202988e-09,4,351
1.4083481541848053e-10,4,enso-pacific-sst,1.0,False,8.203067595989528e-16,9.999998829002266e-09,4,352
1.4680494860335938e-10,4,enso-pacific-sst,0.9999999999999993,False,1.4947194408377467e-15,9.999999384113778e-09,4,353
1.5383189332219977e-10,4,enso-pacific-sst,1.0,False,9.327252048805427e-16,9.99999905104687e-09,4,354
1.5110867603861413e-10,4,enso-pacific-sst,1.0,False,7.809812816228722e-16,9.99999860695766e-09,4,355
1.431287352616153e-10,4,enso-pacific-sst,1.0,False,1.2120690230429082e-15,9.999999162069173e-09,4,356
1.4509017423635267e-10,4,enso-pacific-sst,0.9999999999999999,False,8.649035436353487e-16,9.999998717979963e-09,4,357
1.5306533172154476e-10,4,enso-pacific-sst,0.9999999999999998,False,6.821154154621203e-16,1.0000000272292198e-08,4,358
1.563623458339719e-10,4,enso-pacific-sst,0.9999999999999997,False,6.894604732874992e-16,9.99999905104687e-09,4,359
1.5580150899997891e-10,4,enso-pacific-sst,0.9999999999999987,False,7.390206022981773e-16,1.0000000272292198e-08,4,360
1.5658916762220364e-10,4,enso-pacific-sst,0.9999999999999996,False,1.0389623685667758e-15,1.0000000050247593e-08,4,361
1.5330962961709183e-10,4,enso-pacific-sst,0.9999999999999981,False,1.1189679010122199e-15,9.999999273091476e-09,4,362
1.3927874065034615e-10,4,enso-pacific-sst,1.0,False,1.3097681879465005e-15,9.999999828202988e-09,4,363
1.3752407753159576e-10,4,enso-pacific-sst,1.0,False,7.700573938291368e-16,1.0000000272292198e-08,4,364
1.4543078803710804e-10,4,enso-pacific-sst,0.9999999999999997,False,9.191942129303651e-16,9.999999273091476e-09,4,365
1.1943529458173484e-10,4,enso-pacific-sst,1.0,False,1.315081499961825e-15,9.999999384113778e-09,4,366
1.147691291034918e-10,4,enso-pacific-sst,1.0,False,8.789424524351519e-16,9.99999949513608e-09,4,367
1.1075165698046547e-10,4,enso-pacific-sst,0.9999999999999999,False,1.2831043324102153e-15,9.999998273890753e-09,4,368
1.020730406422554e-10,4,enso-pacific-sst,1.0,False,1.180812662152691e-15,9.999998717979963e-09,4,369
9.999912420311216e-11,4,enso-pacific-sst,1.0,False,6.600495024852908e-16,9.999998384913056e-09,4,370
9.999924998218973e-11,4,enso-pacific-sst,0.9999999999999999,False,1.3139670794898102e-15,1.0000000050247593e-08,4,371
9.999923007103885e-11,4,enso-pacific-sst,1.0,False,8.044461246695163e-16,9.999998940024568e-09,4,372
9.999910351566435e-11,4,enso-pacific-sst,1.0,False,1.4692662020355441e-15,9.99999949513608e-09,4,373
9.99991017012367e-11,4,enso-pacific-sst,1.0,False,4.919863100926206e-16,9.999998162868451e-09,4,374
9.999884905217401e-11,4,enso-pacific-sst,1.0,False,9.075289842528377e-16,9.999999384113778e-09,4,375
9.999919329839232e-11,4,enso-pacific-sst,1.0,False,1.6110947908925317e-15,1.0000000938426012e-08,4,376
9.999904962723745e-11,4,enso-pacific-sst,1.0,False,1.097330357749795e-15,9.999998273890753e-09,4,377
9.999908167986288e-11,4,enso-pacific-sst,1.0,False,1.0808674403573331e-15,9.99999993922529e-09,4,378
9.999926891269948e-11,4,enso-pacific-sst,1.0,False,9.834434958104138e-16,9.999998384913056e-09,4,379
9.999878690896864e-11,4,enso-pacific-sst,0.9999999999999996,False,7.473996383442077e-16,9.999998940024568e-09,4,380
9.999933250330191e-11,4,enso-pacific-sst,1.0,False,6.344369896173085e-16,9.999999162069173e-09,4,381
9.999914443605704e-11,4,enso-pacific-sst,1.0,False,5.615127930413762e-16,9.999998495935358e-09,4,382
9.999931237769569e-11,4,enso-pacific-sst,1.0,False,8.746271501329611e-16,1.0000000272292198e-08,4,383
9.999933867800008e-11,4,enso-pacific-sst,0.9999999999999991,False,9.647853449472977e-16,9.99999905104687e-09,4,384
9.9999222633667e-11,4,enso-pacific-sst,1.0,False,1.2683978238245906e-15,9.999998495935358e-09,4,385
9.99996044921823e-11,4,enso-pacific-sst,0.9999999999999997,False,6.7757131256808505e-16,9.99999905104687e-09,4,386
9.999932329720927e-11,4,enso-pacific-sst,1.0,False,8.942285157104988e-16,9.99999905104687e-09,4,387
9.999943819724884e-11,4,enso-pacific-sst,1.0,False,1.2527864607752915e-15,9.99999905104687e-09,4,388
9.99989011410137e-11,4,enso-pacific-sst,1.0,False,7.701882116204037e-16,9.99999993922529e-09,4,389
9.999922686727584e-11,4,enso-pacific-sst,1.0,False,9.859400919641595e-16,9.999997940823846e-09,4,390
9.99992973124005e-11,4,enso-pacific-sst,1.0,False,1.1258423542220202e-15,9.999998717979963e-09,4,391
9.999941701807384e-11,4,enso-pacific-sst,1.0,False,7.902355042444832e-16,9.999999828202988e-09,4,392
9.999921231830529e-11,4,enso-pacific-sst,0.9999999999999996,False,9.495865095832536e-16,1.0000000494336803e-08,4,393
9.999938559078298e-11,4,enso-pacific-sst,1.0,False,5.226629316780067e-16,9.99999949513608e-09,4,394
9.999931059673291e-11,4,enso-pacific-sst,1.0,False,9.327784925037021e-16,9.99999993922529e-09,4,395
9.999949413348146e-11,4,enso-pacific-sst,1.0,False,1.6213346120358627e-15,9.99999949513608e-09,4,396
9.999940336091223e-11,4,enso-pacific-sst,1.0,False,1.1614866738947265e-15,9.99999993922529e-09,4,397
9.99994737525505e-11,4,enso-pacific-sst,1.0,False,1.7193654445980785e-15,9.999998384913056e-09,4,398
9.999940748382831e-11,4,enso-pacific-sst,0.9999999999999994,False,7.676638385944875e-16,9.99999905104687e-09,4,399
9.999965212600918e-11,4,enso-pacific-sst,0.9999999999999996,False,1.1466065279235879e-15,9.99999905104687e-09,4,400
9.999977647808351e-11,4,enso-pacific-sst,1.0,False,1.0532198590999279e-15,9.99999993922529e-09,4,401
9.999977094993951e-11,4,enso-pacific-sst,0.9999999999999993,False,6.99723700167317e-16,9.99999949513608e-09,4,402
9.999965778399776e-11,4,enso-pacific-sst,1.0,False,5.982611260683507e-16,9.999999717180685e-09,4,403
9.999961708316862e-11,4,enso-pacific-sst,1.0,False,1.0831558596185666e-15,9.999999606158383e-09,4,404
1.1770826181580605e-10,4,enso-pacific-sst,0.9999999999999994,False,1.1497295208751232e-15,9.99999949513608e-09,4,405
1.4358387604145847e-10,4,enso-pacific-sst,1.0,False,6.56127230886769e-16,9.999999384113778e-09,4,406
1.6193889904619225e-10,4,enso-pacific-sst,0.9999999999999993,False,8.578646270564706e-16,9.999999273091476e-09,4,407
1.7411189297195494e-10,4,enso-pacific-sst,1.0,False,1.223048846985038e-15,9.999999717180685e-09,4,408
1.680461401608078e-10,4,enso-pacific-sst,1.0,False,9.345012792744452e-16,9.99999949513608e-09,4,409
1.6287409047615623e-10,4,enso-pacific-sst,1.0,False,8.78808669546372e-16,9.999999828202988e-09,4,410
1.745877256587345e-10,4,enso-pacific-sst,0.9999999999999997,False,8.11284869138726e-16,9.999999717180685e-09,4,411
1.8260876996104093e-10,4,enso-pacific-sst,1.0,False,1.5247381874906409e-15,9.999998717979963e-09,4,412
1.6907630887526533e-10,4,enso-pacific-sst,1.0,False,9.598613539610007e-16,9.999999162069173e-09,4,413
1.6681993877080422e-10,4,enso-pacific-sst,1.0,False,1.170836702001376e-15,9.99999905104687e-09,4,414
1.6995304388377483e-10,4,enso-pacific-sst,0.9999999999999998,False,8.553607093591923e-16,9.999999717180685e-09,4,415
1.4494539788657745e-10,4,enso-pacific-sst,1.0,False,7.047221253932645e-16,9.99999949513608e-09,4,416
1.3188901308336568e-10,4,enso-pacific-sst,1.0,False,8.557362244313329e-16,9.99999993922529e-09,4,417
1.2753953815650827e-10,4,enso-pacific-sst,0.9999999999999982,False,7.189277238180663e-16,1.0000000050247593e-08,4,418
1.3864304026282728e-10,4,enso-pacific-sst,1.0,False,1.092535538828775e-15,9.99999949513608e-09,4,419
1.4457302587969938e-10,4,enso-pacific-sst,1.0,False,6.925387470298851e-16,9.999999606158383e-09,4,420
1.291291693061991e-10,4,enso-pacific-sst,0.9999999999999988,False,1.2662697275770889e-15,9.999998940024568e-09,4,421
1.3604370001958117e-10,4,enso-pacific-sst,1.0,False,1.1337923754031154e-15,9.999999273091476e-09,4,422
1.147487292777798e-10,4,enso-pacific-sst,1.0,False,1.0632019053448362e-15,9.99999993922529e-09,4,423
1.1557128059765247e-10,4,enso-pacific-sst,0.9999999999999998,False,7.516824193479481e-16,1.0000000494336803e-08,4,424
1.2497968830611188e-10,4,enso-pacific-sst,0.9999999999999993,False,7.447756179242369e-16,9.99999905104687e-09,4,425
1.3299246104289564e-10,4,enso-pacific-sst,1.0,False,8.967306090866955e-16,9.999999717180685e-09,4,426
1.4381341933310965e-10,4,enso-pacific-sst,0.9999999999999997,False,1.0166140577061126e-15,9.999999828202988e-09,4,427
1.63635050743227e-10,4,enso-pacific-sst,1.0,False,1.7497932958433584e-15,9.999998273890753e-09,4,428
1.6024526423076446e-10,4,enso-pacific-sst,1.0,False,9.823640306461762e-16,9.99999949513608e-09,4,429
1.4333689168330913e-10,4,enso-pacific-sst,1.0,False,5.779872031593616e-16,1.0000000938426012e-08,4,430
1.2509069707398424e-10,4,enso-pacific-sst,1.0,False,7.338338444332188e-16,9.999999717180685e-09,4,431
1.0981861881539425e-10,4,enso-pacific-sst,1.0,False,8.085640862529053e-16,9.999998273890753e-09,4,432
9.999930526653791e-11,4,enso-pacific-sst,1.0,False,7.293579877910517e-16,9.999998940024568e-09,4,433
9.999942407328808e-11,4,enso-pacific-sst,1.0,False,8.475210354787838e-16,9.999999162069173e-09,4,434
9.999954672523765e-11,4,enso-pacific-sst,1.0,False,1.2047674792357558e-15,9.99999949513608e-09,4,435
9.99994736241673e-11,4,enso-pacific-sst,1.0,False,7.470749967331352e-16,9.999998940024568e-09,4,436
9.999962568128504e-11,4,enso-pacific-sst,1.0,False,1.0962353267970558e-15,1.0000000272292198e-08,4,437
9.999914861255585e-11,4,enso-pacific-sst,1.0,False,7.201874497493895e-16,9.99999905104687e-09,4,438
9.999932316721589e-11,4,enso-pacific-sst,0.9999999999999999,False,7.972228015470285e-16,9.99999905104687e-09,4,439
9.99991889156313e-11,4,enso-pacific-sst,1.0,False,9.74057183429504e-16,9.99999949513608e-09,4,440
9.99990079903469e-11,4,enso-pacific-sst,1.0,False,8.318779022924485e-16,1.0000000050247593e-08,4,441
1.0419042545151805e-10,4,enso-pacific-sst,1.0,False,7.30919610374005e-16,9.999997940823846e-09,4,442
1.2870739521592766e-10,4,enso-pacific-sst,1.0,False,9.561241426448651e-16,9.999998051846148e-09,4,443
1.385366546766575e-10,4,enso-pacific-sst,1.0,False,1.0510910507394714e-15,9.999998495935358e-09,4,444
1.1796989395674857e-10,4,enso-pacific-sst,1.0,False,9.285282491472948e-16,9.999999162069173e-09,4,445
1.288343528767425e-10,4,enso-pacific-sst,1.0,False,1.139838924575038e-15,1.0000000272292198e-08,4,446
1.3091164476798616e-10,4,enso-pacific-sst,0.9999999999999999,False,6.452742192256965e-16,9.999998495935358e-09,4,447
1.262006390810656e-10,4,enso-pacific-sst,1.0,False,1.0659480485039056e-15,9.999997829801544e-09,4,448
1.2771108221096343e-10,4,enso-pacific-sst,1.0,False,1.11185976108438e-15,9.99999949513608e-09,4,449
1.202406767568973e-10,4,enso-pacific-sst,0.9999999999999996,False,1.2206397237915944e-15,9.99999993922529e-09,4,450
1.1160524720498294e-10,4,enso-pacific-sst,0.9999999999999989,False,8.296315799422159e-16,1.0000000938426012e-08,4,451
1.054042601544677e-10,4,enso-pacific-sst,1.0,False,1.0232852409181968e-15,9.999999384113778e-09,4,452
1.0103776503048231e-10,4,enso-pacific-sst,1.0,False,5.415112784145735e-16,1.0000000050247593e-08,4,453
1.0423584009200403e-10,4,enso-pacific-sst,1.0,False,7.323360632736086e-16,9.99999993922529e-09,4,454
1.154417976896887e-10,4,enso-pacific-sst,0.9999999999999997,False,9.220201534234547e-16,9.99999949513608e-09,4,455
1.4375458752895474e-10,4,enso-pacific-sst,0.9999999999999992,False,1.3918157499166274e-15,9.999999717180685e-09,4,456
1.8316694960596247e-10,4,enso-pacific-sst,0.9999999999999999,False,1.2308326560162217e-15,9.99999949513608e-09,4,457
1.71936893513673e-10,4,enso-pacific-sst,0.9999999999999996,False,9.056052280258987e-16,9.99999993922529e-09,4,458
1.776052600925435e-10,4,enso-pacific-sst,1.0,False,9.085022141518026e-16,9.999998940024568e-09,4,459
1.8054765360289162e-10,4,enso-pacific-sst,1.0,False,8.374167763972697e-16,9.999999828202988e-09,4,460
1.6154591017514436e-10,4,enso-pacific-sst,0.9999999999999999,False,1.2858264298646175e-15,9.999997496734636e-09,4,461
1.460057457941192e-10,4,enso-pacific-sst,1.0,False,7.652306978974879e-16,9.999997829801544e-09,4,462
1.3401829636280154e-10,4,enso-pacific-sst,0.9999999999999994,False,9.95306695572969e-16,9.99999993922529e-09,4,463
1.2907311974950636e-10,4,enso-pacific-sst,1.0,False,1.1904112681311776e-15,9.99999993922529e-09,4,464
1.5813488512733135e-10,4,enso-pacific-sst,0.9999999999999998,False,1.1012748625049353e-15,9.999998829002266e-09,4,465
1.5961867644975725e-10,4,enso-pacific-sst,1.0,False,6.609550813099086e-16,9.99999993922529e-09,4,466
1.5811958117497559e-10,4,enso-pacific-sst,1.0,False,7.028472558113765e-16,9.999999828202988e-09,4,467
1.5809774047691157e-10,4,enso-pacific-sst,1.0,False,1.5064059694662907e-15,9.999999162069173e-09,4,468
1.51493306152409e-10,4,enso-pacific-sst,0.9999999999999999,False,1.008001722621246e-15,9.999999606158383e-09,4,469
1.4379667204252833e-10,4,enso-pacific-sst,1.0,False,1.1797446079063897e-15,1.0000000272292198e-08,4,470
1.3338150351064814e-10,4,enso-pacific-sst,0.9999999999999999,False,9.679881426095723e-16,9.99999949513608e-09,4,471
1.47303050634717e-10,4,enso-pacific-sst,1.0,False,7.247195314159104e-16,9.999999606158383e-09,4,472
1.469590076129853e-10,4,enso-pacific-sst,0.9999999999999992,False,1.0398957131707546e-15,1.0000000272292198e-08,4,473
1.499230240082043e-10,4,enso-pacific-sst,0.9999999999999996,False,9.25495162552433e-16,9.999999606158383e-09,4,474
1.3665097139793484e-10,4,enso-pacific-sst,1.0,False,6.648997884193775e-16,9.999999606158383e-09,4,475
1.3022484492822925e-10,4,enso-pacific-sst,0.9999999999999999,False,1.0060872815403407e-15,9.99999993922529e-09,4,476
1.3963733896702208e-10,4,enso-pacific-sst,0.9999999999999993,False,1.0391209213623354e-15,1.0000000716381408e-08,4,477
1.3557653045538708e-10,4,enso-pacific-sst,0.9999999999999994,False,1.5408914288760253e-15,9.999999828202988e-09,4,478
1.382075933916759e-10,4,enso-pacific-sst,1.0,False,9.537002721601345e-16,9.999999828202988e-09,4,479
1.401161027287767e-10,4,enso-pacific-sst,1.0,False,1.4922460574915255e-15,9.99999905104687e-09,4,480
1.5039429842647292e-10,4,enso-pacific-sst,1.0,False,1.2377746661552887e-15,9.999997274690031e-09,4,481
1.6765667955454837e-10,4,enso-pacific-sst,1.0,False,9.042366724310856e-16,9.999999606158383e-09,4,482
1.52609042436736e-10,4,enso-pacific-sst,0.9999999999999996,False,1.1217569094617538e-15,9.999998273890753e-09,4,483
1.0766146963090927e-10,4,enso-pacific-sst,1.0,False,1.2626921326409829e-15,9.999997940823846e-09,4,484
9.999879310136293e-11,4,enso-pacific-sst,1.0,False,8.461890083079558e-16,9.999999273091476e-09,4,485
9.999911100723902e-11,4,enso-pacific-sst,1.0,False,1.2940326707626403e-15,9.999999606158383e-09,4,486
9.999903685142458e-11,4,enso-pacific-sst,1.0,False,1.0366151553108106e-15,9.999999717180685e-09,4,487
9.999906037015071e-11,4,enso-pacific-sst,0.9999999999999998,False,1.2249952872596258e-15,9.999998717979963e-09,4,488
9.999909700456554e-11,4,enso-pacific-sst,1.0,False,8.573095661815144e-16,9.999999828202988e-09,4,489
9.999913440857768e-11,4,enso-pacific-sst,1.0,False,1.3049438431814488e-15,9.999998829002266e-09,4,490
9.999896492282438e-11,4,enso-pacific-sst,0.9999999999999996,False,1.1627172547695033e-15,9.999999606158383e-09,4,491
9.999920404776732e-11,4,enso-pacific-sst,0.9999999999999997,False,1.0902003562569812e-15,1.0000000050247593e-08,4,492
9.999928187191328e-11,4,enso-pacific-sst,1.0,False,8.623081247549602e-16,9.999998495935358e-09,4,493
9.999929985294417e-11,4,enso-pacific-sst,1.0,False,1.0315067532190983e-15,9.999999162069173e-09,4,494
9.999959531798309e-11,4,enso-pacific-sst,1.0,False,8.640202915149668e-16,9.999999162069173e-09,4,495
9.999927296196501e-11,4,enso-pacific-sst,1.0,False,1.6731113230626003e-15,1.0000000494336803e-08,4,496
9.999900855537068e-11,4,enso-pacific-sst,1.0,False,7.147511533407418e-16,1.0000000494336803e-08,4,497
9.999942426490104e-11,4,enso-pacific-sst,1.0,False,7.477892879320174e-16,9.999999162069173e-09,4,498
9.999929519323853e-11,4,enso-pacific-sst,1.0,False,1.1554875568949165e-15,1.0000000050247593e-08,4,499
9.999892137612073e-11,4,enso-pacific-sst,0.9999999999999991,False,8.453721961805466e-16,9.999998495935358e-09,4,500
9.999931670611484e-11,4,enso-pacific-sst,0.9999999999999998,False,8.552519662838185e-16,9.999999717180685e-09,4,501
9.999948523257507e-11,4,enso-pacific-sst,0.9999999999999976,False,9.884426258616598e-16,9.999999273091476e-09,4,502
9.999923702132962e-11,4,enso-pacific-sst,1.0,False,1.1427320067575278e-15,9.999999717180685e-09,4,503
9.999948194081962e-11,4,enso-pacific-sst,0.9999999999999987,False,8.428760588456415e-16,9.99999949513608e-09,4,504
9.999954832181772e-11,4,enso-pacific-sst,0.9999999999999993,False,1.2858452562264204e-15,9.999999717180685e-09,4,505
9.999941646314869e-11,4,enso-pacific-sst,1.0,False,8.524316874875785e-16,9.999999606158383e-09,4,506
9.999945034301101e-11,4,enso-pacific-sst,0.9999999999999996,False,8.074694334830591e-16,9.999999606158383e-09,4,507
9.999952834139956e-11,4,enso-pacific-sst,1.0,False,1.5918904927610923e-15,9.99999949513608e-09,4,508
9.999956630683085e-11,4,enso-pacific-sst,0.9999999999999998,False,5.857570807879895e-16,9.99999949513608e-09,4,509
1.0790021825767354e-10,4,enso-pacific-sst,1.0,False,6.175873079663311e-16,9.99999860695766e-09,4,510
1.2627248122724962e-10,4,enso-pacific-sst,1.0,False,8.894450836248257e-16,1.0000000050247593e-08,4,511
1.337315251255382e-10,4,enso-pacific-sst,0.9999999999999992,False,9.996644341812836e-16,9.99999905104687e-09,4,512
1.2762296511896436e-10,4,enso-pacific-sst,1.0,False,8.25148862648055e-16,1.0000000716381408e-08,4,513
9.999866729075952e-11,4,enso-pacific-sst,1.0,False,8.373855538314889e-16,9.99999905104687e-09,4,514
9.999930167285747e-11,4,enso-pacific-sst,0.9999999999999998,False,1.0845833780806903e-15,9.99999905104687e-09,4,515
9.999868180148997e-11,4,enso-pacific-sst,0.9999999999999994,False,7.21549823286396e-16,9.99999993922529e-09,4,516
1.1706575059361565e-10,4,enso-pacific-sst,0.9999999999999998,False,1.2460559272077567e-15,1.0000000050247593e-08,4,517
1.2185404723872307e-10,4,enso-pacific-sst,1.0,False,9.449683508758338e-16,9.999997496734636e-09,4,518
1.0252263715741193e-10,4,enso-pacific-sst,1.0,False,6.482977406942056e-16,1.0000000050247593e-08,4,519
9.999876365687002e-11,4,enso-pacific-sst,0.9999999999999993,False,9.030611765778876e-16,9.999999162069173e-09,4,520
9.999923812101858e-11,4,enso-pacific-sst,0.9999999999999987,False,1.5490640972000846e-15,1.0000000494336803e-08,4,521
1.027162566831327e-10,4,enso-pacific-sst,1.0,False,9.978480629210758e-16,9.999998829002266e-09,4,522
1.089886987763984e-10,4,enso-pacific-sst,0.9999999999999998,False,9.098384211269737e-16,9.999999162069173e-09,4,523
1.1340063094955418e-10,4,enso-pacific-sst,1.0,False,1.2127103833596534e-15,9.999998051846148e-09,4,524
1.091500824444646e-10,4,enso-pacific-sst,1.0,False,8.27739245804757e-16,1.0000000494336803e-08,4,525
1.2714977578488516e-10,4,enso-pacific-sst,1.0,False,5.79772121930656e-16,9.99999993922529e-09,4,526
1.4768107461756344e-10,4,enso-pacific-sst,1.0,False,1.125846617319761e-15,9.999999717180685e-09,4,527
1.427816735845257e-10,4,enso-pacific-sst,1.0,False,6.280591574184549e-16,9.999999162069173e-09,4,528
1.418388392628326e-10,4,enso-pacific-sst,0.9999999999999998,False,7.737839206815228e-16,9.99999949513608e-09,4,529
1.3602360581382637e-10,4,enso-pacific-sst,0.9999999999999994,False,1.1143333622488216e-15,9.999999828202988e-09,4,530
1.3061940684209162e-10,4,enso-pacific-sst,1.0,False,1.1166446353832788e-15,9.999999828202988e-09,4,531
9.999910952607095e-11,4,enso-pacific-sst,1.0,False,5.054964873119562e-16,9.99999949513608e-09,4,532
1.0096930360422705e-10,4,enso-pacific-sst,1.0,False,1.3290681880795071e-15,9.999999273091476e-09,4,533
1.045873296148045e-10,4,enso-pacific-sst,0.9999999999999991,False,6.588741989190123e-16,9.999998829002266e-09,4,534
1.0720029778151815e-10,4,enso-pacific-sst,1.0,False,1.0617226634908171e-15,9.99999993922529e-09,4,535
1.1843564193140955e-10,4,enso-pacific-sst,1.0,False,1.0735766430416702e-15,1.0000000050247593e-08,4,536
1.2244686562632208e-10,4,enso-pacific-sst,1.0,False,5.361017751321213e-16,9.999999717180685e-09,4,537
1.1803377385014822e-10,4,enso-pacific-sst,1.0,False,6.569386614608852e-16,9.999998940024568e-09,4,538
1.0583530172064549e-10,4,enso-pacific-sst,0.9999999999999987,False,9.202258479722355e-16,9.99999993922529e-09,4,539
1.263296164444106e-10,4,enso-pacific-sst,1.0,False,7.445611122811099e-16,9.99999905104687e-09,4,540
1.4789382899325548e-10,4,enso-pacific-sst,0.9999999999999999,False,8.763313210146003e-16,9.999999717180685e-09,4,541
1.4357892247861745e-10,4,enso-pacific-sst,0.9999999999999993,False,1.356422415876676e-15,1.0000000272292198e-08,4,542
1.2133649170977221e-10,4,enso-pacific-sst,0.9999999999999999,False,7.230437491787419e-16,9.999997718779241e-09,4,543
1.0347221515121594e-10,4,enso-pacific-sst,1.0,False,1.1630666785609702e-15,9.99999860695766e-09,4,544
9.99991942035529e-11,4,enso-pacific-sst,1.0,False,1.1226808898918714e-15,1.0000000494336803e-08,4,545
9.999919283202062e-11,4,enso-pacific-sst,1.0,False,5.615177405322356e-16,9.999999273091476e-09,4,546
9.999935730399242e-11,4,enso-pacific-sst,1.0,False,5.07654274647597e-16,9.999998051846148e-09,4,547
9.999895434810613e-11,4,enso-pacific-sst,1.0,False,7.523024388343569e-16,9.999999717180685e-09,4,548
9.999917697234248e-11,4,enso-pacific-sst,1.0,False,9.656177073363018e-16,9.99999860695766e-09,4,549
9.999931465064256e-11,4,enso-pacific-sst,0.9999999999999991,False,1.1420156227453937e-15,9.999999828202988e-09,4,550
9.999891701886359e-11,4,enso-pacific-sst,0.9999999999999986,False,5.714483390961125e-16,9.999999606158383e-09,4,551
9.999868640424011e-11,4,enso-pacific-sst,1.0,False,5.928275457490162e-16,9.99999905104687e-09,4,552
9.999902967068033e-11,4,enso-pacific-sst,1.0,False,6.035475241807234e-16,9.999999273091476e-09,4,553
9.999922323802461e-11,4,enso-pacific-sst,1.0,False,8.906794120411407e-16,9.99999949513608e-09,4,554
9.999940063468858e-11,4,enso-pacific-sst,1.0,False,8.767010904198894e-16,9.99999993922529e-09,4,555
9.99991222821657e-11,4,enso-pacific-sst,0.9999999999999986,False,1.5211853889760302e-15,9.999998273890753e-09,4,556
9.99993947786919e-11,4,enso-pacific-sst,0.9999999999999989,False,7.974851892193907e-16,9.999998829002266e-09,4,557
9.999925186203155e-11,4,enso-pacific-sst,1.0,False,9.630066352689287e-16,9.999999828202988e-09,4,558
9.999948232413901e-11,4,enso-pacific-sst,0.9999999999999998,False,8.5033000095034e-16,1.0000000050247593e-08,4,559
9.999910539938151e-11,4,enso-pacific-sst,1.0,False,1.6565217095054868e-15,9.999997385712334e-09,4,560
9.999932821974371e-11,4,enso-pacific-sst,1.0,False,7.465470573014293e-16,9.999999384113778e-09,4,561
9.999946927621264e-11,4,enso-pacific-sst,0.9999999999999993,False,9.40643545437332e-16,9.99999905104687e-09,4,562
9.999958045398662e-11,4,enso-pacific-sst,1.0,False,7.537128598059614e-16,1.0000000050247593e-08,4,563
9.999942208752174e-11,4,enso-pacific-sst,1.0,False,1.0834867607134529e-15,9.99999949513608e-09,4,564
9.999961475658354e-11,4,enso-pacific-sst,1.0,False,1.1819488246272425e-15,1.0000000272292198e-08,4,565
9.999957183745813e-11,4,enso-pacific-sst,0.9999999999999998,False,8.089527322016994e-16,9.99999949513608e-09,4,566
9.999942922567057e-11,4,enso-pacific-sst,1.0,False,1.158407060466092e-15,9.999999717180685e-09,4,567
9.999933139645999e-11,4,enso-pacific-sst,0.9999999999999998,False,6.910805174541054e-16,9.999998829002266e-09,4,568
9.999905976207621e-11,4,enso-pacific-sst,1.0,False,9.65221959205283e-16,1.0000000272292198e-08,4,569
9.999902424473041e-11,4,enso-pacific-sst,1.0,False,1.0930492865113987e-15,9.999997940823846e-09,4,570
9.999929368915821e-11,4,enso-pacific-sst,1.0,False,1.0452346493970128e-15,9.999998940024568e-09,4,571
9.999916991816497e-11,4,enso-pacific-sst,1.0,False,7.434639783045852e-16,9.999998273890753e-09,4,572
9.999940088577737e-11,4,enso-pacific-sst,1.0,False,1.149502060872429e-15,1.0000000716381408e-08,4,573
9.999968424620614e-11,4,enso-pacific-sst,1.0,False,1.0928613050401356e-15,9.999999717180685e-09,4,574
9.999969516653089e-11,4,enso-pacific-sst,1.0,False,8.788167654500778e-16,9.999999717180685e-09,4,575
9.999972697108752e-11,4,enso-pacific-sst,0.9999999999999996,False,9.249330447732986e-16,9.999998940024568e-09,4,576
9.999963642506519e-11,4,enso-pacific-sst,1.0,False,8.221378255345305e-16,9.999999162069173e-09,4,577
9.999979004654978e-11,4,enso-pacific-sst,1.0,False,5.060827781674682e-16,9.999999384113778e-09,4,578
9.999963569197067e-11,4,enso-pacific-sst,0.9999999999999978,False,1.5300827566737091e-15,9.99999905104687e-09,4,579
9.999974999639738e-11,4,enso-pacific-sst,1.0,False,7.737933822406979e-16,9.99999949513608e-09,4,580
9.999973225121649e-11,4,enso-pacific-sst,1.0,False,9.593165726277306e-16,9.999999273091476e-09,4,581
9.999960525057003e-11,4,enso-pacific-sst,0.9999999999999999,False,1.3521653900135626e-15,9.99999905104687e-09,4,582
1.1974288553716928e-10,4,enso-pacific-sst,1.0,False,1.0729170436846691e-15,1.0000000050247593e-08,4,583
1.3468191957626393e-10,4,enso-pacific-sst,1.0,False,1.1717685806450977e-15,9.999999828202988e-09,4,584
1.4732873874761378e-10,4,enso-pacific-sst,1.0,False,9.431261659200403e-16,9.999998940024568e-09,4,585
1.67098799754373e-10,4,enso-pacific-sst,1.0,False,7.238382386648667e-16,9.999998273890753e-09,4,586
1.5149783352161126e-10,4,enso-pacific-sst,1.0,False,6.620462562386118e-16,9.999999273091476e-09,4,587
1.5643296761884774e-10,4,enso-pacific-sst,1.0,False,9.244068582704291e-16,9.99999993922529e-09,4,588
1.5614498101130207e-10,4,enso-pacific-sst,0.9999999999999992,False,1.2810205658129046e-15,9.999999162069173e-09,4,589
1.3705274921060438e-10,4,enso-pacific-sst,1.0,False,7.961535051600906e-16,9.99999993922529e-09,4,590
1.4813404409438942e-10,4,enso-pacific-sst,1.0,False,7.234998417710637e-16,1.0000000716381408e-08,4,591
1.3122716913059766e-10,4,enso-pacific-sst,0.9999999999999999,False,1.0019814421904045e-15,9.999998940024568e-09,4,592
1.487078990873536e-10,4,enso-pacific-sst,0.9999999999999999,False,1.3623048788744617e-15,9.999999384113778e-09,4,593
1.5933466739102807e-10,4,enso-pacific-sst,0.9999999999999996,False,7.314260665213104e-16,9.999999162069173e-09,4,594
1.626050869941091e-10,4,enso-pacific-sst,1.0,False,1.043261029083042e-15,1.0000000050247593e-08,4,595
1.5576440696720374e-10,4,enso-pacific-sst,0.9999999999999989,False,1.1870290095057369e-15,9.99999905104687e-09,4,596
1.548420180070268e-10,4,enso-pacific-sst,1.0,False,1.3091841032240124e-15,9.999999273091476e-09,4,597
1.49621207212718e-10,4,enso-pacific-sst,0.9999999999999998,False,1.3177191038409695e-15,9.999999384113778e-09,4,598
1.7050414899941127e-10,4,enso-pacific-sst,1.0,False,8.55551615751434e-16,9.99999993922529e-09,4,599
1.7204791609110358e-10,4,enso-pacific-sst,1.0,False,1.2814938532404954e-15,1.0000000272292198e-08,4,600
1.7398948143068983e-10,4,enso-pacific-sst,0.9999999999999989,False,9.188486920087779e-16,1.0000000272292198e-08,4,601
1.4284314304524146e-10,4,enso-pacific-sst,1.0,False,9.14026625590395e-16,9.999998829002266e-09,4,602
1.1505974958383623e-10,4,enso-pacific-sst,0.9999999999999999,False,1.2960563345638582e-15,9.99999905104687e-09,4,603
9.99991992486962e-11,4,enso-pacific-sst,0.9999999999999993,False,7.16691057326914e-16,1.0000000494336803e-08,4,604
1.0955582850196711e-10,4,enso-pacific-sst,1.0,False,8.736135026979359e-16,9.99999993922529e-09,4,605
1.1503179066754026e-10,4,enso-pacific-sst,1.0,False,1.4004401260694304e-15,9.999999384113778e-09,4,606
1.1340472120695202e-10,4,enso-pacific-sst,1.0,False,1.459614695442368e-15,9.999998940024568e-09,4,607
1.2097411050903866e-10,4,enso-pacific-sst,0.9999999999999988,False,1.2724203413447838e-15,9.99999993922529e-09,4,608
1.2206656623174382e-10,4,enso-pacific-sst,1.0,False,9.72684498266889e-16,9.999999384113778e-09,4,609
1.1358953338823275e-10,4,enso-pacific-sst,1.0,False,9.664687820936585e-16,9.999998717979963e-09,4,610
1.2472688556252097e-10,4,enso-pacific-sst,1.0,False,1.0173300662788306e-15,9.999998162868451e-09,4,611
1.2911998217667605e-10,4,enso-pacific-sst,1.0,False,7.692196736354133e-16,9.999999384113778e-09,4,612
1.5298776013680635e-10,4,enso-pacific-sst,1.0,False,1.1396047095842403e-15,9.999999273091476e-09,4,613
1.28380368905768e-10,4,enso-pacific-sst,0.9999999999999993,False,8.586784598971196e-16,9.99999860695766e-09,4,614
1.3262076371737687e-10,4,enso-pacific-sst,0.9999999999999978,False,7.405835842106304e-16,1.0000000272292198e-08,4,615
1.331233818232118e-10,4,enso-pacific-sst,1.0,False,7.583167524411634e-16,9.999999162069173e-09,4,616
1.0875408305828046e-10,4,enso-pacific-sst,0.9999999999999993,False,1.1002105248645363e-15,1.0000000272292198e-08,4,617
9.9999289008635e-11,4,enso-pacific-sst,1.0,False,7.066052058602467e-16,1.0000000050247593e-08,4,618
9.999919603855275e-11,4,enso-pacific-sst,0.9999999999999997,False,1.1513685656376987e-15,9.999999273091476e-09,4,619
9.999917085964765e-11,4,enso-pacific-sst,1.0,False,1.2853617340179166e-15,1.0000000938426012e-08,4,620
9.99994625946897e-11,4,enso-pacific-sst,0.9999999999999992,False,1.6344419595143205e-15,9.999999606158383e-09,4,621
9.9999438998039e-11,4,enso-pacific-sst,0.9999999999999991,False,1.7641561729893452e-15,1.0000000272292198e-08,4,622
9.99994838627767e-11,4,enso-pacific-sst,1.0,False,8.215667765235314e-16,9.99999993922529e-09,4,623
9.99993847536439e-11,4,enso-pacific-sst,0.9999999999999999,False,8.5090982085694e-16,1.0000000050247593e-08,4,624
9.99992421448156e-11,4,enso-pacific-sst,1.0,False,8.452335469948492e-16,9.999999273091476e-09,4,625
9.999898702599984e-11,4,enso-pacific-sst,0.9999999999999998,False,1.298707426048266e-15,9.999999273091476e-09,4,626
1.0355782999583356e-10,4,enso-pacific-sst,1.0,False,1.391449184418923e-15,9.999999273091476e-09,4,627
1.0587721314392361e-10,4,enso-pacific-sst,1.0,False,8.74053774010287e-16,9.999998273890753e-09,4,628
9.999921210268706e-11,4,enso-pacific-sst,1.0,False,8.314451654556955e-16,9.999999828202988e-09,4,629
9.99994431843013e-11,4,enso-pacific-sst,1.0,False,1.1622456687220791e-15,1.0000000494336803e-08,4,630
9.999933418341717e-11,4,enso-pacific-sst,0.9999999999999999,False,1.3980945823228898e-15,9.999998829002266e-09,4,631
9.999887398793622e-11,4,enso-pacific-sst,1.0,False,9.17525208073502e-16,9.999998940024568e-09,4,632
9.999919252218784e-11,4,enso-pacific-sst,1.0,False,1.2554592055455463e-15,9.99999993922529e-09,4,633
9.999927139545064e-11,4,enso-pacific-sst,1.0,False,1.2817506221120495e-15,1.0000000272292198e-08,4,634
9.999936333421224e-11,4,enso-pacific-sst,1.0,False,6.880145197855198e-16,1.0000000494336803e-08,4,635
9.999887380987259e-11,4,enso-pacific-sst,1.0,False,9.32764833343997e-16,9.999999162069173e-09,4,636
9.999928111511649e-11,4,enso-pacific-sst,1.0,False,1.1409662335578808e-15,9.99999949513608e-09,4,637
9.999941613697667e-11,4,enso-pacific-sst,1.0,False,1.0099068318616591e-15,9.999999828202988e-09,4,638
9.999917911948505e-11,4,enso-pacific-sst,1.0,False,9.163342485894677e-16,9.999998495935358e-09,4,639
9.999958594674959e-11,4,enso-pacific-sst,1.0,False,8.204774597425125e-16,9.999999606158383e-09,4,640
9.999936290206082e-11,4,enso-pacific-sst,1.0,False,1.0799147647313526e-15,9.99999993922529e-09,4,641
1.0518118166664641e-10,4,enso-pacific-sst,1.0,False,1.140548847328202e-15,9.99999993922529e-09,4,642
1.0860720894449167e-10,4,enso-pacific-sst,1.0,False,7.774802415729092e-16,9.999998829002266e-09,4,643
1.162512348775828e-10,4,enso-pacific-sst,1.0,False,1.2192974626435857e-15,1.0000000272292198e-08,4,644
1.0890058515015573e-10,4,enso-pacific-sst,1.0,False,1.085377137894098e-15,9.99999949513608e-09,4,645
1.0864640170379818e-10,4,enso-pacific-sst,1.0,False,8.689285117119454e-16,9.99999993922529e-09,4,646
1.1061685469661466e-10,4,enso-pacific-sst,1.0,False,9.05893970648214e-16,9.999999606158383e-09,4,647
1.2050580490028892e-10,4,enso-pacific-sst,1.0,False,8.516925518373569e-16,9.99999949513608e-09,4,648
1.1392775847963684e-10,4,enso-pacific-sst,1.0,False,8.660158321774888e-16,9.99999905104687e-09,4,649
9.999906766582376e-11,4,enso-pacific-sst,1.0,False,1.039139031649628e-15,9.999999606158383e-09,4,650
1.0595056403765495e-10,4,enso-pacific-sst,1.0,False,1.0192383268882933e-15,9.999999273091476e-09,4,651
1.026741433984453e-10,4,enso-pacific-sst,1.0,False,1.1625391808847648e-15,9.999998384913056e-09,4,652
1.0789881867877443e-10,4,enso-pacific-sst,0.9999999999999998,False,8.54145574780972e-16,9.999998717979963e-09,4,653
1.1316451033570567e-10,4,enso-pacific-sst,1.0,False,5.492652242627944e-16,9.999999273091476e-09,4,654
1.0879402702132842e-10,4,enso-pacific-sst,1.0,False,1.1513309529871482e-15,9.999998273890753e-09,4,655
9.999941407760335e-11,4,enso-pacific-sst,1.0,False,6.701899292260629e-16,9.99999860695766e-09,4,656
9.999938809472981e-11,4,enso-pacific-sst,1.0,False,1.0028120602411475e-15,9.999998829002266e-09,4,657
9.999952770999619e-11,4,enso-pacific-sst,0.9999999999999992,False,8.199845361475394e-16,9.999999606158383e-09,4,658
1.0315189134543656e-10,4,enso-pacific-sst,1.0,False,1.015760608270889e-15,1.0000000272292198e-08,4,659
1.1145409012880698e-10,4,enso-pacific-sst,0.9999999999999989,False,6.941446458060318e-16,9.999999273091476e-09,4,660
1.1410441899245511e-10,4,enso-pacific-sst,1.0,False,1.2275983416885524e-15,9.999998940024568e-09,4,661
1.147224291922423e-10,4,enso-pacific-sst,1.0,False,8.207621748412794e-16,9.999997274690031e-09,4,662
1.1198725290916285e-10,4,enso-pacific-sst,1.0,False,1.402890072152278e-15,9.999999606158383e-09,4,663
1.1138104597114479e-10,4,enso-pacific-sst,1.0,False,1.0284557754423566e-15,9.999999384113778e-09,4,664
9.999919587678248e-11,4,enso-pacific-sst,1.0,False,1.029191910457084e-15,9.999998495935358e-09,4,665
9.999910072603723e-11,4,enso-pacific-sst,0.9999999999999999,False,7.66698083541642e-16,9.99999949513608e-09,4,666
1.1404385801626726e-10,4,enso-pacific-sst,0.9999999999999987,False,1.2122256162178979e-15,9.99999993922529e-09,4,667
1.2519093973764833e-10,4,enso-pacific-sst,1.0,False,1.1195375267495863e-15,9.999997940823846e-09,4,668
1.167330198661626e-10,4,enso-pacific-sst,0.9999999999999994,False,1.2116899016606526e-15,9.999999828202988e-09,4,669
1.1459676040569495e-10,4,enso-pacific-sst,1.0,False,8.437638322995221e-16,1.0000000050247593e-08,4,670
1.0693043604211998e-10,4,enso-pacific-sst,1.0,False,1.0098041376158452e-15,1.0000000050247593e-08,4,671
1.0263275050936231e-10,4,enso-pacific-sst,0.9999999999999984,False,1.3613207976911468e-15,1.0000000050247593e-08,4,672
1.0599950842504562e-10,4,enso-pacific-sst,1.0,False,8.149395048738941e-16,9.999999384113778e-09,4,673
9.999894681408773e-11,4,enso-pacific-sst,1.0,False,1.041783493188468e-15,9.999998940024568e-09,4,674
9.999951135445572e-11,4,enso-pacific-sst,1.0,False,1.0848754151739805e-15,9.999999606158383e-09,4,675
9.999959933099043e-11,4,enso-pacific-sst,1.0,False,8.330784020260665e-16,9.999999828202988e-09,4,676
9.99991882743609e-11,4,enso-pacific-sst,1.0,False,8.162897857314186e-16,9.999999828202988e-09,4,677
1.25940614070206e-10,4,enso-pacific-sst,1.0,False,8.457562133574291e-16,9.999998829002266e-09,4,678
9.999931445857992e-11,4,enso-pacific-sst,0.9999999999999998,False,1.1371597285879082e-15,9.999999162069173e-09,4,679
1.0354314454216454e-10,4,enso-pacific-sst,0.9999999999999997,False,1.2440812139673234e-15,9.999998051846148e-09,4,680
1.1324957258675303e-10,4,enso-pacific-sst,1.0,False,6.835417896838579e-16,9.999999384113778e-09,4,681
1.1660279251401523e-10,4,enso-pacific-sst,0.9999999999999999,False,1.2392417824126357e-15,9.99999860695766e-09,4,682
1.0429088938414296e-10,4,enso-pacific-sst,1.0,False,8.36946016414334e-16,9.999998940024568e-09,4,683
9.999947615707294e-11,4,enso-pacific-sst,1.0,False,1.2092022533529955e-15,9.999999606158383e-09,4,684
1.0250961495136143e-10,4,enso-pacific-sst,0.9999999999999997,False,1.30429128311201e-15,9.999999606158383e-09,4,685
1.1614125659196051e-10,4,enso-pacific-sst,1.0,False,1.1667207840206592e-15,9.999999828202988e-09,4,686
1.2223204711462397e-10,4,enso-pacific-sst,0.9999999999999993,False,1.0159280878702391e-15,9.999998717979963e-09,4,687
1.2783671324768861e-10,4,enso-pacific-sst,1.0,False,1.1210806507536368e-15,9.99999905104687e-09,4,688
1.1340140568394513e-10,4,enso-pacific-sst,0.9999999999999992,False,1.1670022801212854e-15,1.0000001382515222e-08,4,689
9.999913511840323e-11,4,enso-pacific-sst,1.0,False,1.1922886580875727e-15,9.999999828202988e-09,4,690
9.999945657520279e-11,4,enso-pacific-sst,0.9999999999999997,False,1.331772454275542e-15,9.99999860695766e-09,4,691
9.999938694358331e-11,4,enso-pacific-sst,1.0,False,6.747393741928317e-16,9.999998717979963e-09,4,692
9.999957540716258e-11,4,enso-pacific-sst,0.9999999999999993,False,1.4362542971443703e-15,9.999998940024568e-09,4,693
9.999962527574274e-11,4,enso-pacific-sst,1.0,False,4.849064234416152e-16,1.0000000272292198e-08,4,694
9.999951119370172e-11,4,enso-pacific-sst,1.0,False,6.683944559904888e-16,1.0000000050247593e-08,4,695
9.999911209861726e-11,4,enso-pacific-sst,1.0,False,1.048711446137861e-15,9.99999860695766e-09,4,696
1.1471743418907102e-10,4,enso-pacific-sst,1.0,False,1.1039821902843475e-15,9.999998495935358e-09,4,697
1.0713150276615349e-10,4,enso-pacific-sst,0.9999999999999989,False,1.4636501201780723e-15,9.999999717180685e-09,4,698
9.999899818707042e-11,4,enso-pacific-sst,0.9999999999999996,False,6.858757663904403e-16,9.999999828202988e-09,4,699
9.999904623382524e-11,4,enso-pacific-sst,1.0,False,8.480759432759664e-16,9.999999273091476e-09,4,700
9.999942106656749e-11,4,enso-pacific-sst,1.0,False,1.3190663119471444e-15,9.99999949513608e-09,4,701
9.99993399580198e-11,4,enso-pacific-sst,1.0,False,1.5629627441189293e-15,9.999999162069173e-09,4,702
9.99995233731961e-11,4,enso-pacific-sst,1.0,False,1.4586464826274326e-15,9.999996830600821e-09,4,703
9.999904289937149e-11,4,enso-pacific-sst,1.0,False,7.47291046722058e-16,9.999998717979963e-09,4,704
9.999920417083257e-11,4,enso-pacific-sst,1.0,False,5.562695250197811e-16,9.999999384113778e-09,4,705
9.999927985068748e-11,4,enso-pacific-sst,1.0,False,1.2532472893663916e-15,9.999998940024568e-09,4,706
9.999946789916302e-11,4,enso-pacific-sst,1.0,False,9.343281374118756e-16,9.999997940823846e-09,4,707
1.9648123603745184e-10,4,zachary-karate-network,1.0,False,7.885196547673557e-16,9.999999384113778e-09,4,0
2.0109482367948296e-10,4,zachary-karate-network,1.0,False,1.1217859257414608e-15,9.999999384113778e-09,4,1
1.9981786281718895e-10,4,zachary-karate-network,0.9999999999999993,False,1.979674891877818e-15,9.999999384113778e-09,4,2
2.0402730911176506e-10,4,zachary-karate-network,1.0,False,8.420583311284013e-16,9.999999384113778e-09,4,3
2.0628375230281206e-10,4,zachary-karate-network,1.0,False,8.664663448118586e-16,9.999999384113778e-09,4,4
2.0504831464290225e-10,4,zachary-karate-network,1.0,False,1.9340452260999557e-15,9.999999384113778e-09,4,5
2.0527069999590933e-10,4,zachary-karate-network,0.9999999999999999,False,1.2200438939185422e-15,9.999999384113778e-09,4,6
2.052165804901719e-10,4,zachary-karate-network,1.0,False,1.1717158306114313e-15,9.999999384113778e-09,4,7
2.0405877485846473e-10,4,zachary-karate-network,1.0,False,6.17553489290332e-16,9.999999384113778e-09,4,8
2.0781511201954838e-10,4,zachary-karate-network,1.0,False,7.495814823326277e-16,9.999999384113778e-09,4,9
2.063141282057596e-10,4,zachary-karate-network,1.0,False,1.0062605394436259e-15,9.999999384113778e-09,4,10
2.077603567364138e-10,4,zachary-karate-network,1.0,False,1.0357444322547153e-15,9.999999384113778e-09,4,11
2.0735825344917845e-10,4,zachary-karate-network,1.0,False,6.736851600995837e-16,9.999999384113778e-09,4,12
2.0418296252242006e-10,4,zachary-karate-network,0.999999999999999,False,1.1382337926026898e-15,9.999999384113778e-09,4,13
2.0684733608071075e-10,4,zachary-karate-network,1.0,False,1.025696025713342e-15,9.999999384113778e-09,4,14
2.064123685233656e-10,4,zachary-karate-network,1.0,False,7.295233055592651e-16,9.999999384113778e-09,4,15
2.0685645498987748e-10,4,zachary-karate-network,1.0,False,1.5437388157048213e-15,9.999999384113778e-09,4,16
2.0753733710648254e-10,4,zachary-karate-network,0.9999999999999994,False,9.138201741367691e-16,9.999999384113778e-09,4,17
2.0760465235317452e-10,4,zachary-karate-network,1.0,False,1.4139138424357167e-15,9.999999384113778e-09,4,18
2.0691252436131642e-10,4,zachary-karate-network,0.9999999999999991,False,1.4807968471704335e-15,9.999999384113778e-09,4,19
2.0710608847751515e-10,4,zachary-karate-network,1.0,False,7.947104029499111e-16,9.999999384113778e-09,4,20
2.0723514542521176e-10,4,zachary-karate-network,1.0,False,8.257003252767534e-16,9.999999384113778e-09,4,21
2.0683359388464666e-10,4,zachary-karate-network,1.0,False,9.954654629012364e-16,9.999999384113778e-09,4,22
2.031903321805689e-10,4,zachary-karate-network,1.0,False,1.796194297765481e-15,9.999999384113778e-09,4,23
2.0641411648495985e-10,4,zachary-karate-network,0.9999999999999996,False,8.531063799545865e-16,9.999999384113778e-09,4,24
2.0498972245408976e-10,4,zachary-karate-network,0.9999999999999994,False,1.0068238085197918e-15,9.999999384113778e-09,4,25
2.066871316831977e-10,4,zachary-karate-network,1.0,False,8.026943064557009e-16,9.999999384113778e-09,4,26
2.050565700003488e-10,4,zachary-karate-network,1.0,False,1.3706524590708012e-15,9.999999384113778e-09,4,27
2.0655524975872692e-10,4,zachary-karate-network,1.0,False,7.25791368422122e-16,9.999999384113778e-09,4,28
2.0512392340138669e-10,4,zachary-karate-network,1.0,False,1.1140159263615174e-15,9.999999384113778e-09,4,29
2.0546124798314343e-10,4,zachary-karate-network,0.9999999999999982,False,1.1253279334096884e-15,9.999999384113778e-09,4,30
2.031748181099939e-10,4,zachary-karate-network,1.0,False,9.545932030253473e-16,9.999999384113778e-09,4,31
1.9807435266992197e-10,4,zachary-karate-network,1.0,False,9.515290781049152e-16,9.999999384113778e-09,4,32
1.943728207024502e-10,4,zachary-karate-network,0.9999999999999997,False,7.419593285893398e-16,9.999999384113778e-09,4,33
