active_rank,active_runtime_radius,active_threshold,carrier_id,exact_rank_nonopen,formation_eligible,formation_operator_margin,formation_sign_clearance,formation_simplicity_clearance,persistent_rank,persistent_runtime_radius,persistent_threshold,state_index
4,2.389164060411037e-10,2.389171812007185e-10,annual-sunspots,True,True,0.8666445222974162,1.2110322214887226,1.7332890445948324,4,9.999999717180685e-09,0.99999999,0
4,2.378074548757848e-10,2.3780782557836366e-10,annual-sunspots,True,True,0.8597043184271366,1.213730893572948,1.7194086368542731,4,1.0000000272292198e-08,0.99999999,1
4,2.38015889018433e-10,2.380167439168384e-10,annual-sunspots,True,True,0.853545661979556,1.2165706885038858,1.707091323959112,4,9.999999606158383e-09,0.99999999,2
4,2.321415716659649e-10,2.3214233797705647e-10,annual-sunspots,True,True,0.846123296711544,1.218596902434578,1.692246593423088,4,1.0000000050247593e-08,0.99999999,3
4,2.0904208138119007e-10,2.0904267324362293e-10,annual-sunspots,True,True,0.8368599573015273,1.2183698407087507,1.6737199146030546,4,9.99999949513608e-09,0.99999999,4
4,1.919607459419314e-10,1.9196108157273593e-10,annual-sunspots,True,True,0.8206485087645934,1.211642003630316,1.6412970175291868,4,9.999999828202988e-09,0.99999999,5
4,1.8895966264928468e-10,1.8896033895920478e-10,annual-sunspots,True,True,0.8070869098043744,1.2168626966121785,1.6141738196087487,4,9.99999949513608e-09,0.99999999,6
4,2.019648551404913e-10,2.0196549032712237e-10,annual-sunspots,True,True,0.8013987506950815,1.214857608665128,1.602797501390163,4,1.0000000272292198e-08,0.99999999,7
4,2.489938279777872e-10,2.489952406378125e-10,annual-sunspots,True,True,0.8134243424920042,1.2142422196325389,1.6268486849840085,4,1.0000000272292198e-08,0.99999999,8
4,2.573545097566137e-10,2.5735520724421035e-10,annual-sunspots,True,True,0.8221716695649474,1.2124353085086321,1.6443433391298947,4,9.999999606158383e-09,0.99999999,9
4,2.5857829719477533e-10,2.585787823930003e-10,annual-sunspots,True,True,0.8279733532301011,1.2091824861614384,1.6559467064602023,4,9.999998717979963e-09,0.99999999,10
4,2.4927358231656664e-10,2.492745365180877e-10,annual-sunspots,True,True,0.8360491744125903,1.2055097494431286,1.6720983488251806,4,9.99999905104687e-09,0.99999999,11
4,2.1684724766140307e-10,2.1684774540493902e-10,annual-sunspots,True,True,0.837987386397143,1.2047310848936958,1.675974772794286,4,9.999999384113778e-09,0.99999999,12
4,2.1066751623836576e-10,2.1066792763022214e-10,annual-sunspots,True,True,0.8467988022453823,1.210452660080931,1.6935976044907646,4,9.999999384113778e-09,0.99999999,13
4,2.188189501345618e-10,2.188193858403472e-10,annual-sunspots,True,True,0.8621559310294524,1.2142029995950159,1.7243118620589049,4,9.99999993922529e-09,0.99999999,14
4,1.96593500425679e-10,1.9659416998806454e-10,annual-sunspots,True,True,0.8143508197112633,1.2152170340907993,1.6287016394225267,4,9.999999162069173e-09,0.99999999,15
4,1.3444560967146578e-10,1.3444645168585555e-10,annual-sunspots,True,True,0.7419314906610457,1.221057355273413,1.4838629813220914,4,9.999999384113778e-09,0.99999999,16
4,1.300113693181524e-10,1.3001238490546212e-10,annual-sunspots,True,True,0.7476388080605493,1.2170482596801042,1.4952776161210986,4,9.999999828202988e-09,0.99999999,17
4,1.454702464130884e-10,1.4547095427110062e-10,annual-sunspots,True,True,0.7637106917446264,1.2246160908671224,1.5274213834892527,4,9.99999949513608e-09,0.99999999,18
4,1.4363908496657918e-10,1.4364004198398637e-10,annual-sunspots,True,True,0.7743557002290266,1.2242393994987038,1.5487114004580531,4,9.99999993922529e-09,0.99999999,19
4,1.5285656345591064e-10,1.5285723792899448e-10,annual-sunspots,True,True,0.7860787736200193,1.2230286547190423,1.5721575472400386,4,9.999999384113778e-09,0.99999999,20
4,1.454455298681311e-10,1.4544615518866373e-10,annual-sunspots,True,True,0.7935212100980731,1.2188162109907537,1.5870424201961462,4,1.0000000494336803e-08,0.99999999,21
4,1.5953389268944407e-10,1.5953472179859477e-10,annual-sunspots,True,True,0.7975853834238202,1.2148186963482166,1.5951707668476405,4,9.99999905104687e-09,0.99999999,22
4,1.4903600614013377e-10,1.4903662999447013e-10,annual-sunspots,True,True,0.7900050318071038,1.2169840963571639,1.5800100636142076,4,9.99999949513608e-09,0.99999999,23
4,1.4178737607442557e-10,1.4178780957569204e-10,annual-sunspots,True,True,0.7847530663541252,1.2173157449764194,1.5695061327082505,4,1.0000000272292198e-08,0.99999999,24
4,1.2276799153642985e-10,1.2276870402371357e-10,annual-sunspots,True,True,0.7853367671822116,1.216460617246648,1.5706735343644231,4,1.0000000050247593e-08,0.99999999,25
4,1.3002409498658344e-10,1.3002477392826117e-10,annual-sunspots,True,True,0.7834251773738133,1.2180143421780953,1.5668503547476267,4,9.999999384113778e-09,0.99999999,26
4,1.2808981775861218e-10,1.280905710243594e-10,annual-sunspots,True,True,0.7754242306973937,1.2179924056973308,1.5508484613947875,4,9.999999384113778e-09,0.99999999,27
4,1.577890249335274e-10,1.577895668436386e-10,annual-sunspots,True,True,0.7906357993011832,1.2197481693751446,1.5812715986023664,4,1.0000000050247593e-08,0.99999999,28
4,1.792203877410788e-10,1.7922089126629447e-10,annual-sunspots,True,True,0.7907668602617302,1.2161549263145475,1.5815337205234603,4,9.999999828202988e-09,0.99999999,29
4,1.9126776742273074e-10,1.9126851526082587e-10,annual-sunspots,True,True,0.7934530345680209,1.2169948963875643,1.5869060691360417,4,9.999999717180685e-09,0.99999999,30
4,1.844105163040274e-10,1.8441111573195743e-10,annual-sunspots,True,True,0.7975374150189276,1.2143175595195053,1.5950748300378552,4,9.99999905104687e-09,0.99999999,31
4,1.9821765893896678e-10,1.98218654365736e-10,annual-sunspots,True,True,0.8013858673669179,1.2151427656933937,1.6027717347338357,4,9.99999949513608e-09,0.99999999,32
4,1.8641507832157239e-10,1.8641607010788553e-10,annual-sunspots,True,True,0.8055225951414452,1.2148711390276752,1.6110451902828904,4,1.0000000050247593e-08,0.99999999,33
4,1.8240678921514683e-10,1.824071634082457e-10,annual-sunspots,True,True,0.79365515104858,1.2173727872104414,1.58731030209716,4,9.999999828202988e-09,0.99999999,34
4,1.8575292710056758e-10,1.8575331350940905e-10,annual-sunspots,True,True,0.7811895096483897,1.2215520960660127,1.5623790192967795,4,9.999999273091476e-09,0.99999999,35
4,1.9782603391050136e-10,1.9782669265948914e-10,annual-sunspots,True,True,0.7710176375434586,1.2230087058601038,1.5420352750869173,4,9.999999384113778e-09,0.99999999,36
4,1.546195896724641e-10,1.5461998096352665e-10,annual-sunspots,True,True,0.7653891908545738,1.2199808981530769,1.5307783817091476,4,1.0000000272292198e-08,0.99999999,37
4,1.3472303514857906e-10,1.3472357591331772e-10,annual-sunspots,True,True,0.759988907134618,1.21671495577914,1.519977814269236,4,9.999999828202988e-09,0.99999999,38
4,1.4187315752716937e-10,1.4187355571840234e-10,annual-sunspots,True,True,0.7785192101546502,1.2159341186769208,1.5570384203093004,4,9.999998162868451e-09,0.99999999,39
4,1.8085013640920607e-10,1.80850569813885e-10,annual-sunspots,True,True,0.8158667337401198,1.210858669043572,1.6317334674802395,4,9.999999717180685e-09,0.99999999,40
4,2.1683042663182195e-10,2.1683116459546066e-10,annual-sunspots,True,True,0.8188515917846191,1.2153510678998443,1.6377031835692382,4,9.999999606158383e-09,0.99999999,41
4,2.340319524671819e-10,2.340328460652362e-10,annual-sunspots,True,True,0.8221641332818801,1.213462361398029,1.6443282665637602,4,9.999999273091476e-09,0.99999999,42
4,2.2147272354099785e-10,2.2147347394741387e-10,annual-sunspots,True,True,0.8306563488731711,1.209395249888134,1.6613126977463422,4,9.999999828202988e-09,0.99999999,43
4,2.0494855735196942e-10,2.049493403121007e-10,annual-sunspots,True,True,0.8305357902631505,1.2082516116231687,1.661071580526301,4,9.999999717180685e-09,0.99999999,44
4,2.033869926081988e-10,2.0338798555480718e-10,annual-sunspots,True,True,0.8310834561905819,1.2102923106822807,1.6621669123811638,4,1.0000000050247593e-08,0.99999999,45
4,2.1452120016479606e-10,2.1452177376659228e-10,annual-sunspots,True,True,0.830978832303876,1.212209667498778,1.661957664607752,4,9.999999606158383e-09,0.99999999,46
4,1.9618464815327104e-10,1.9618541140257962e-10,annual-sunspots,True,True,0.8298243735173796,1.215015457386054,1.6596487470347592,4,9.999999606158383e-09,0.99999999,47
4,2.0655719985875268e-10,2.065578722172838e-10,annual-sunspots,True,True,0.8242631143249477,1.2141897917931455,1.6485262286498954,4,9.99999993922529e-09,0.99999999,48
4,1.8027785488305797e-10,1.8027832844264201e-10,annual-sunspots,True,True,0.8174781652237626,1.2102590147350147,1.6349563304475252,4,9.999998829002266e-09,0.99999999,49
4,1.7663206943755555e-10,1.7663285440639212e-10,annual-sunspots,True,True,0.816071677503871,1.2068978796598746,1.632143355007742,4,9.999998940024568e-09,0.99999999,50
4,1.8244044985656384e-10,1.8244091566821352e-10,annual-sunspots,True,True,0.8301427355641255,1.2137591509290564,1.660285471128251,4,9.999999384113778e-09,0.99999999,51
4,1.956817093700357e-10,1.9568219717691874e-10,annual-sunspots,True,True,0.83433715165382,1.2163123127676938,1.66867430330764,4,1.0000000050247593e-08,0.99999999,52
4,2.2532131782022897e-10,2.25322108094377e-10,annual-sunspots,True,True,0.8339499311435008,1.2170755976364358,1.6678998622870016,4,9.99999949513608e-09,0.99999999,53
4,2.1341587945234375e-10,2.1341643638905133e-10,annual-sunspots,True,True,0.8320103847340331,1.2138916043511232,1.6640207694680662,4,9.999998829002266e-09,0.99999999,54
4,1.980748230598057e-10,1.9807552094003837e-10,annual-sunspots,True,True,0.8355840911332991,1.2105127754493707,1.6711681822665982,4,9.999999828202988e-09,0.99999999,55
4,2.052666139378792e-10,2.0526704379608248e-10,annual-sunspots,True,True,0.8448864063541155,1.214924842222441,1.689772812708231,4,9.999999606158383e-09,0.99999999,56
4,1.7884671043434306e-10,1.7884745115659386e-10,annual-sunspots,True,True,0.8598941257137462,1.2182740641497527,1.7197882514274925,4,1.0000000272292198e-08,0.99999999,57
4,1.4883781584939456e-10,1.4883882097244538e-10,annual-sunspots,True,True,0.7834703327217585,1.217854156943071,1.566940665443517,4,9.999999384113778e-09,0.99999999,58
4,1.321050554479767e-10,1.3210571326226063e-10,annual-sunspots,True,True,0.7866206378349052,1.2193112117245488,1.5732412756698104,4,1.0000000716381408e-08,0.99999999,59
4,1.632338887553988e-10,1.6323445216094626e-10,annual-sunspots,True,True,0.8019515401161286,1.220216967419713,1.6039030802322571,4,9.99999860695766e-09,0.99999999,60
4,1.6977835104814707e-10,1.6977882043467343e-10,annual-sunspots,True,True,0.815675748636854,1.2170682161667183,1.631351497273708,4,9.999999162069173e-09,0.99999999,61
4,1.747777971376698e-10,1.747785630092498e-10,annual-sunspots,True,True,0.8197699851248016,1.2169253480963933,1.6395399702496032,4,9.999998829002266e-09,0.99999999,62
4,1.9910036973726684e-10,1.991010195677931e-10,annual-sunspots,True,True,0.8218903012761134,1.213215822555126,1.6437806025522268,4,9.99999860695766e-09,0.99999999,63
4,1.8165817836469568e-10,1.8165924302130588e-10,annual-sunspots,True,True,0.8292500093528866,1.2123875719337551,1.6585000187057732,4,9.999998940024568e-09,0.99999999,64
4,1.9341723024427988e-10,1.93418293299402e-10,annual-sunspots,True,True,0.8207268771277992,1.214087423780104,1.6414537542555985,4,9.999999273091476e-09,0.99999999,65
4,1.055373119226082e-10,1.0553775967051595e-10,annual-sunspots,True,True,0.8130396684137247,1.217946695699926,1.6260793368274493,4,9.999999717180685e-09,0.99999999,66
4,9.999949149242282e-11,1e-10,annual-sunspots,True,True,0.7351708212722172,1.2179729520907585,1.4703416425444344,4,9.999999273091476e-09,0.99999999,67
4,9.999924466529659e-11,1e-10,annual-sunspots,True,True,0.7556441592297163,1.2285308160043662,1.5112883184594326,4,9.99999993922529e-09,0.99999999,68
4,9.999934620069161e-11,1e-10,annual-sunspots,True,True,0.7716188721933769,1.2280359333659134,1.5432377443867538,4,9.999999828202988e-09,0.99999999,69
4,9.999927906724492e-11,1e-10,annual-sunspots,True,True,0.775597989752316,1.2248503759292275,1.551195979504632,4,9.999998162868451e-09,0.99999999,70
4,1.0615674811335777e-10,1.0615757064567204e-10,annual-sunspots,True,True,0.7732404779796798,1.2220487399408047,1.5464809559593595,4,9.999999384113778e-09,0.99999999,71
4,1.1270058719883062e-10,1.1270169474102322e-10,annual-sunspots,True,True,0.7681399446781221,1.217050328526298,1.5362798893562442,4,1.0000000050247593e-08,0.99999999,72
4,1.1567783870548411e-10,1.1567871691900862e-10,annual-sunspots,True,True,0.7660512149838801,1.220317233391466,1.5321024299677601,4,9.999998717979963e-09,0.99999999,73
4,1.0665110435818719e-10,1.0665170716202195e-10,annual-sunspots,True,True,0.7604126736260296,1.2233041492423775,1.5208253472520592,4,9.999999828202988e-09,0.99999999,74
4,1.0060526957273549e-10,1.0060575606413568e-10,annual-sunspots,True,True,0.762589185973507,1.2234602811478006,1.525178371947014,4,1.0000000050247593e-08,0.99999999,75
4,9.999934339030473e-11,1e-10,annual-sunspots,True,True,0.7651533528583392,1.21777870410095,1.5303067057166784,4,9.99999860695766e-09,0.99999999,76
4,9.999931873374401e-11,1e-10,annual-sunspots,True,True,0.7754296191918124,1.2307323239505794,1.5508592383836248,4,9.999999273091476e-09,0.99999999,77
4,1.017922195289087e-10,1.0179274624087701e-10,annual-sunspots,True,True,0.7706728774176846,1.2316444158903055,1.5413457548353693,4,9.999999384113778e-09,0.99999999,78
4,1.2945564391456672e-10,1.294564350583152e-10,annual-sunspots,True,True,0.778365963857419,1.2281070267132261,1.556731927714838,4,9.99999905104687e-09,0.99999999,79
4,1.2052540148333897e-10,1.2052618052896072e-10,annual-sunspots,True,True,0.7797799194894333,1.2239546464669968,1.5595598389788665,4,9.999999162069173e-09,0.99999999,80
4,1.4086586573374613e-10,1.4086660128955473e-10,annual-sunspots,True,True,0.7776347983095678,1.2245325911479685,1.5552695966191357,4,9.99999993922529e-09,0.99999999,81
4,1.8659311087411587e-10,1.86593900602376e-10,annual-sunspots,True,True,0.7701870871355793,1.2286077586353596,1.5403741742711585,4,9.999999606158383e-09,0.99999999,82
4,1.5948580076685721e-10,1.5948636161699787e-10,annual-sunspots,True,True,0.7667000617369546,1.2307575756205036,1.5334001234739092,4,1.0000000938426012e-08,0.99999999,83
4,1.1566969512612488e-10,1.1567007229883602e-10,annual-sunspots,True,True,0.7677770415095221,1.2292849306024123,1.5355540830190442,4,1.0000000050247593e-08,0.99999999,84
4,1.2534511704530952e-10,1.2534572644898468e-10,annual-sunspots,True,True,0.7861772678106429,1.2288631861177384,1.5723545356212858,4,9.999999717180685e-09,0.99999999,85
4,1.553398436062535e-10,1.5534056521964128e-10,annual-sunspots,True,True,0.7788818359482764,1.230468083095999,1.5577636718965528,4,9.99999949513608e-09,0.99999999,86
4,1.6537881406224247e-10,1.6537921195269733e-10,annual-sunspots,True,True,0.7635483218834508,1.229695613421601,1.5270966437669016,4,9.999999717180685e-09,0.99999999,87
4,1.414102006490024e-10,1.414106135079574e-10,annual-sunspots,True,True,0.7630805873231561,1.2269070922788807,1.5261611746463122,4,9.999999384113778e-09,0.99999999,88
4,1.6727696178781898e-10,1.6727733834979386e-10,annual-sunspots,True,True,0.7709831422021841,1.2237367871114462,1.5419662844043682,4,9.999999606158383e-09,0.99999999,89
4,1.9198981365657662e-10,1.9199038379540702e-10,annual-sunspots,True,True,0.799694356481794,1.218189998049592,1.599388712963588,4,1.0000000272292198e-08,0.99999999,90
4,1.9763529677702938e-10,1.9763580169137718e-10,annual-sunspots,True,True,0.8277887201285351,1.2115725369047798,1.6555774402570702,4,9.999998051846148e-09,0.99999999,91
4,2.1119995674893797e-10,2.1120055659026775e-10,annual-sunspots,True,True,0.8446078215044273,1.2082003848075873,1.6892156430088545,4,1.0000000050247593e-08,0.99999999,92
4,2.194700430417609e-10,2.1947082483550435e-10,annual-sunspots,True,True,0.8590727562115279,1.208049202770085,1.7181455124230558,4,9.999999717180685e-09,0.99999999,93
4,2.3168273474232833e-10,2.3168328996363964e-10,annual-sunspots,True,True,0.8604075091535268,1.215585784758933,1.7208150183070536,4,9.999999828202988e-09,0.99999999,94
4,2.2407594931169584e-10,2.2407645483299807e-10,annual-sunspots,True,True,0.8615975598888466,1.219562075185496,1.7231951197776931,4,9.999999717180685e-09,0.99999999,95
4,2.258035464089161e-10,2.2580418203023336e-10,annual-sunspots,True,True,0.8590948508773648,1.2120459966716988,1.7181897017547296,4,9.99999905104687e-09,0.99999999,96
4,2.203089899095302e-10,2.2030962398610942e-10,annual-sunspots,True,True,0.8568022063934767,1.2055001146352566,1.7136044127869534,4,9.999999384113778e-09,0.99999999,97
4,2.169560638486049e-10,2.169567023225339e-10,annual-sunspots,True,True,0.853308987380363,1.2009819203695296,1.706617974760726,4,9.999999606158383e-09,0.99999999,98
4,2.197227646209729e-10,2.1972344158965568e-10,annual-sunspots,True,True,0.8503640778235678,1.2043365587894066,1.7007281556471356,4,9.99999949513608e-09,0.99999999,99
4,2.2519856207918377e-10,2.2519904452015593e-10,annual-sunspots,True,True,0.8471828787751858,1.2139428454741443,1.6943657575503717,4,9.999998940024568e-09,0.99999999,100
4,2.3815469758657783e-10,2.381551363812408e-10,annual-sunspots,True,True,0.8440621378072218,1.2200055485808883,1.6881242756144437,4,1.0000000272292198e-08,0.99999999,101
4,2.2881400392861775e-10,2.2881464550852582e-10,annual-sunspots,True,True,0.8404733391065088,1.2202837288353963,1.6809466782130176,4,9.999999717180685e-09,0.99999999,102
4,2.1871750911975494e-10,2.187178203351158e-10,annual-sunspots,True,True,0.8421219738038095,1.2187778992795408,1.684243947607619,4,9.999999828202988e-09,0.99999999,103
4,2.0133193641009443e-10,2.0133254457815322e-10,annual-sunspots,True,True,0.8453489353430337,1.2165593301639486,1.6906978706860674,4,1.0000000494336803e-08,0.99999999,104
4,2.0345477800399566e-10,2.03455245093012e-10,annual-sunspots,True,True,0.8467876829228387,1.2117018567592956,1.6935753658456774,4,9.99999949513608e-09,0.99999999,105
4,2.1213738745425053e-10,2.1213794974087073e-10,annual-sunspots,True,True,0.8499043166400572,1.2184659217271587,1.6998086332801143,4,9.999999717180685e-09,0.99999999,106
4,2.251829278373579e-10,2.2518360438395757e-10,annual-sunspots,True,True,0.8530522040889252,1.2205815617220437,1.7061044081778505,4,9.99999949513608e-09,0.99999999,107
4,2.2984077511887314e-10,2.298412272838664e-10,annual-sunspots,True,True,0.8560116425297171,1.2185878207480954,1.7120232850594341,4,9.999999717180685e-09,0.99999999,108
4,2.3068623564654865e-10,2.3068686523742208e-10,annual-sunspots,True,True,0.8591587203026516,1.2136856141343497,1.7183174406053032,4,1.0000000494336803e-08,0.99999999,109
4,2.3111843655509294e-10,2.3111889251803993e-10,annual-sunspots,True,True,0.8646049398277464,1.2068040105418232,1.7292098796554929,4,9.99999949513608e-09,0.99999999,110
4,2.2529214849309278e-10,2.252926056038546e-10,annual-sunspots,True,True,0.864171191503001,1.2038329946109825,1.728342383006002,4,9.999999717180685e-09,0.99999999,111
4,2.219889804423208e-10,2.2198936356431688e-10,annual-sunspots,True,True,0.8612004589003607,1.2056954837005236,1.7224009178007214,4,9.999999273091476e-09,0.99999999,112
4,2.2536980190451988e-10,2.2537030731532582e-10,annual-sunspots,True,True,0.8632140908931734,1.2121842720510703,1.7264281817863467,4,9.99999993922529e-09,0.99999999,113
4,2.2021229736522938e-10,2.202127628282837e-10,annual-sunspots,True,True,0.8660005196201517,1.22098258682089,1.7320010392403034,4,9.999999273091476e-09,0.99999999,114
4,2.1970926401222369e-10,2.1970984149851995e-10,annual-sunspots,True,True,0.862774050308315,1.2201982343449151,1.72554810061663,4,9.999999273091476e-09,0.99999999,115
4,2.0781535222637379e-10,2.0781604458536501e-10,annual-sunspots,True,True,0.8500765019662275,1.2110128970930465,1.700153003932455,4,9.999999162069173e-09,0.99999999,116
4,1.9184217111127086e-10,1.9184274671396955e-10,annual-sunspots,True,True,0.8234321856937363,1.2127348237894466,1.6468643713874727,4,9.999998829002266e-09,0.99999999,117
4,1.9658068891379347e-10,1.9658148536358205e-10,annual-sunspots,True,True,0.8114796659195264,1.2136564862387402,1.6229593318390527,4,9.999998051846148e-09,0.99999999,118
4,2.1647517310358507e-10,2.1647604432961173e-10,annual-sunspots,True,True,0.8054468834559373,1.2176824350911855,1.6108937669118746,4,9.999998829002266e-09,0.99999999,119
4,2.5068403147864177e-10,2.5068483187400225e-10,annual-sunspots,True,True,0.8119868866319497,1.2179388075691218,1.6239737732638995,4,9.999999828202988e-09,0.99999999,120
4,2.4491079597042406e-10,2.4491139667778806e-10,annual-sunspots,True,True,0.8164709631606504,1.2133441028997827,1.6329419263213008,4,9.999999384113778e-09,0.99999999,121
4,2.334126018898411e-10,2.3341343853853724e-10,annual-sunspots,True,True,0.8230876779204472,1.2079088355166814,1.6461753558408945,4,1.0000000272292198e-08,0.99999999,122
4,2.148581219720367e-10,2.1485895113933272e-10,annual-sunspots,True,True,0.831097922393451,1.2039563943643907,1.662195844786902,4,9.99999993922529e-09,0.99999999,123
4,1.8564980493297008e-10,1.8565047917425754e-10,annual-sunspots,True,True,0.844950283818212,1.2043393535775853,1.689900567636424,4,9.999999606158383e-09,0.99999999,124
4,1.4924899147646021e-10,1.492496489854876e-10,annual-sunspots,True,True,0.741465226080988,1.2141573692078935,1.482930452161976,4,9.99999949513608e-09,0.99999999,125
4,1.0542226111893044e-10,1.0542301053131615e-10,annual-sunspots,True,True,0.7303904972223132,1.2150852623025143,1.4607809944446264,4,9.999999384113778e-09,0.99999999,126
4,1.0864153740088897e-10,1.0864216719667176e-10,annual-sunspots,True,True,0.7476821981007766,1.2250786569906915,1.4953643962015533,4,9.99999949513608e-09,0.99999999,127
4,1.1275150493199864e-10,1.1275197210437906e-10,annual-sunspots,True,True,0.7629083560020481,1.225480664343727,1.5258167120040962,4,9.999999384113778e-09,0.99999999,128
4,1.2575054178644373e-10,1.2575151503896487e-10,annual-sunspots,True,True,0.7767296956076634,1.2224024463116177,1.5534593912153267,4,9.999998829002266e-09,0.99999999,129
4,1.4430987189022977e-10,1.443109599437991e-10,annual-sunspots,True,True,0.7869577692728231,1.2191482815021786,1.5739155385456463,4,9.999999384113778e-09,0.99999999,130
4,1.6161472650532745e-10,1.6161527390637766e-10,annual-sunspots,True,True,0.7830878704874648,1.2177308601810122,1.5661757409749295,4,9.99999860695766e-09,0.99999999,131
4,1.4998765354611092e-10,1.4998840801080091e-10,annual-sunspots,True,True,0.7794132300855762,1.2214265867688878,1.5588264601711523,4,9.999999717180685e-09,0.99999999,132
4,1.3504013064514475e-10,1.3504059232497588e-10,annual-sunspots,True,True,0.7745235375166701,1.2240683158776788,1.5490470750333403,4,9.999999273091476e-09,0.99999999,133
4,1.174356579734065e-10,1.1743612111098984e-10,annual-sunspots,True,True,0.773217094262792,1.223329800892747,1.546434188525584,4,1.0000000050247593e-08,0.99999999,134
4,1.4323397001981453e-10,1.4323447097509476e-10,annual-sunspots,True,True,0.7714912253583871,1.217946531548424,1.5429824507167742,4,1.0000000272292198e-08,0.99999999,135
4,1.2932836839774705e-10,1.2932901866451818e-10,annual-sunspots,True,True,0.7706890079767297,1.2226628868828087,1.5413780159534594,4,9.999998829002266e-09,0.99999999,136
4,1.0161864266119957e-10,1.0161912999870833e-10,annual-sunspots,True,True,0.7737960112395772,1.2214651238752832,1.5475920224791544,4,9.99999993922529e-09,0.99999999,137
4,1.3433235985755072e-10,1.343327581284013e-10,annual-sunspots,True,True,0.7844466456721209,1.2202229662098567,1.5688932913442417,4,9.99999905104687e-09,0.99999999,138
4,1.2897471874902731e-10,1.2897526332110923e-10,annual-sunspots,True,True,0.7911363530033371,1.2177228827627606,1.5822727060066741,4,9.999999828202988e-09,0.99999999,139
4,1.449206607337902e-10,1.44921417316376e-10,annual-sunspots,True,True,0.7920693875549252,1.2199146005081798,1.5841387751098504,4,9.999998273890753e-09,0.99999999,140
4,1.9137218193348078e-10,1.913729935245996e-10,annual-sunspots,True,True,0.7944518754073204,1.222527930452153,1.5889037508146409,4,9.99999993922529e-09,0.99999999,141
4,1.657375041841026e-10,1.6573834001949108e-10,annual-sunspots,True,True,0.7951145927081602,1.223271353328797,1.5902291854163204,4,9.999999717180685e-09,0.99999999,142
4,1.3040267212715059e-10,1.304033274460218e-10,annual-sunspots,True,True,0.7960658507976149,1.2218268616148835,1.5921317015952299,4,9.999999273091476e-09,0.99999999,143
4,1.1796103731371465e-10,1.1796138819377225e-10,annual-sunspots,True,True,0.8076385599921604,1.221046511620602,1.6152771199843208,4,9.99999949513608e-09,0.99999999,144
4,1.4247000754781896e-10,1.4247084215364764e-10,annual-sunspots,True,True,0.7935889957213754,1.2229369847282208,1.5871779914427508,4,9.999999606158383e-09,0.99999999,145
4,1.871360994157436e-10,1.8713714378402587e-10,annual-sunspots,True,True,0.7896434677045621,1.224539581402737,1.5792869354091241,4,9.999999606158383e-09,0.99999999,146
4,1.5083017268183713e-10,1.508309876148443e-10,annual-sunspots,True,True,0.7820785476911548,1.221911016689162,1.5641570953823096,4,9.999998829002266e-09,0.99999999,147
4,1.1552853440803203e-10,1.1552913489003696e-10,annual-sunspots,True,True,0.7763710316797348,1.2175061332313395,1.5527420633594695,4,1.0000000050247593e-08,0.99999999,148
4,1.4083467103293692e-10,1.408354977688173e-10,annual-sunspots,True,True,0.785172739019108,1.2156489548868188,1.570345478038216,4,9.99999949513608e-09,0.99999999,149
4,1.7715879892748635e-10,1.7715999502477426e-10,annual-sunspots,True,True,0.7910718794839711,1.2163061974599485,1.5821437589679421,4,9.999999162069173e-09,0.99999999,150
4,1.88731514547312e-10,1.8873248433437385e-10,annual-sunspots,True,True,0.8022559237204389,1.2132543468388766,1.6045118474408777,4,9.999999606158383e-09,0.99999999,151
4,1.8302820236650395e-10,1.830287664014605e-10,annual-sunspots,True,True,0.8063747431451225,1.2124506862072613,1.612749486290245,4,1.0000000272292198e-08,0.99999999,152
4,2.1624859745954305e-10,2.162492891811442e-10,annual-sunspots,True,True,0.8055631195551026,1.2142917692770923,1.6111262391102052,4,9.99999949513608e-09,0.99999999,153
4,2.1026359289391836e-10,2.1026420338294795e-10,annual-sunspots,True,True,0.7982987818066142,1.2160944614613407,1.5965975636132284,4,9.99999905104687e-09,0.99999999,154
4,1.715621021709896e-10,1.7156286717328271e-10,annual-sunspots,True,True,0.7967359228432793,1.2158212245158087,1.5934718456865586,4,9.99999993922529e-09,0.99999999,155
4,1.5610907801123584e-10,1.5610950094371944e-10,annual-sunspots,True,True,0.8067326048277774,1.2162709919606978,1.6134652096555548,4,1.0000000494336803e-08,0.99999999,156
4,1.8012008716918247e-10,1.8012042090660978e-10,annual-sunspots,True,True,0.8238241778128031,1.2167121703891792,1.6476483556256063,4,9.999999273091476e-09,0.99999999,157
4,1.611094067734547e-10,1.6111005116733237e-10,annual-sunspots,True,True,0.8231940068049514,1.2189958391839637,1.6463880136099027,4,9.999999606158383e-09,0.99999999,158
4,1.1577308817424378e-10,1.1577378412758031e-10,annual-sunspots,True,True,0.7310546616452527,1.2238055095247844,1.4621093232905054,4,9.999999606158383e-09,0.99999999,159
4,9.999919885203313e-11,1e-10,annual-sunspots,True,True,0.7435667577564702,1.2189204973486203,1.4871335155129404,4,9.999999828202988e-09,0.99999999,160
4,1.1474327677067707e-10,1.1474385420603553e-10,annual-sunspots,True,True,0.7530505438874806,1.2242724091560413,1.5061010877749612,4,9.999999162069173e-09,0.99999999,161
4,1.3638887329494122e-10,1.3638954001995718e-10,annual-sunspots,True,True,0.7606731421286376,1.2171384704868364,1.5213462842572751,4,9.999998162868451e-09,0.99999999,162
4,1.3346424917805418e-10,1.3346505231015552e-10,annual-sunspots,True,True,0.7729125164102428,1.2197482005838158,1.5458250328204857,4,9.999999384113778e-09,0.99999999,163
4,1.2588206871536566e-10,1.2588271213303887e-10,annual-sunspots,True,True,0.780274709912871,1.2180393285350783,1.560549419825742,4,9.99999905104687e-09,0.99999999,164
4,1.4081547798689557e-10,1.4081613209526823e-10,annual-sunspots,True,True,0.7838010124367533,1.2182546087130812,1.5676020248735065,4,1.0000000050247593e-08,0.99999999,165
4,1.3560854403674225e-10,1.3560919121690872e-10,annual-sunspots,True,True,0.7793281201722569,1.2199925017146516,1.5586562403445139,4,1.0000000050247593e-08,0.99999999,166
4,1.2160398022878006e-10,1.2160447919515867e-10,annual-sunspots,True,True,0.7711847384463513,1.2225307505198533,1.5423694768927025,4,9.99999905104687e-09,0.99999999,167
4,1.304802419230962e-10,1.3048110014274078e-10,annual-sunspots,True,True,0.7622938613344328,1.226526352756328,1.5245877226688656,4,9.999999162069173e-09,0.99999999,168
4,1.5360297285944738e-10,1.5360418968703934e-10,annual-sunspots,True,True,0.7518272753327089,1.225591489722642,1.5036545506654178,4,9.999999384113778e-09,0.99999999,169
4,1.3347793635182908e-10,1.33478153119925e-10,annual-sunspots,True,True,0.7408704902982803,1.2192283602277647,1.4817409805965607,4,9.999999606158383e-09,0.99999999,170
4,1.3649706475472365e-10,1.3649722603397118e-10,annual-sunspots,True,True,0.7505101864475037,1.2108274045480352,1.5010203728950073,4,9.999999384113778e-09,0.99999999,171
4,1.4844512577457158e-10,1.4844595535453515e-10,annual-sunspots,True,True,0.7668005725541908,1.2120113127655006,1.5336011451083815,4,9.99999905104687e-09,0.99999999,172
4,2.1662871971011224e-10,2.166290353517023e-10,annual-sunspots,True,True,0.828067118747623,1.2105634772063039,1.656134237495246,4,9.999999606158383e-09,0.99999999,173
4,2.541153178837153e-10,2.54116162138511e-10,annual-sunspots,True,True,0.8279224308286148,1.216470152097583,1.6558448616572297,4,9.999999384113778e-09,0.99999999,174
4,2.4388016605674774e-10,2.438809594440589e-10,annual-sunspots,True,True,0.826409466011305,1.213400716886421,1.65281893202261,4,9.999999606158383e-09,0.99999999,175
4,2.456536607317438e-10,2.456541627947871e-10,annual-sunspots,True,True,0.8312983601993887,1.2076501724887814,1.6625967203987775,4,9.999999162069173e-09,0.99999999,176
4,2.2739987917322922e-10,2.2740032654975455e-10,annual-sunspots,True,True,0.8342151398058042,1.2033197648423841,1.6684302796116084,4,9.999998495935358e-09,0.99999999,177
4,2.086675719778252e-10,2.086681153951933e-10,annual-sunspots,True,True,0.8315022985820246,1.2020422661426307,1.6630045971640492,4,9.99999993922529e-09,0.99999999,178
4,2.442440035171741e-10,2.4424459820433176e-10,annual-sunspots,True,True,0.8280951648006707,1.2053619024841504,1.6561903296013414,4,9.99999993922529e-09,0.99999999,179
4,2.2184126806364295e-10,2.2184215392218978e-10,annual-sunspots,True,True,0.8321288497196504,1.213527421344128,1.6642576994393008,4,9.999999606158383e-09,0.99999999,180
4,2.2411699468598546e-10,2.2411783158868047e-10,annual-sunspots,True,True,0.8238604442248447,1.2137531475370809,1.6477208884496894,4,1.0000000050247593e-08,0.99999999,181
4,1.586879365825348e-10,1.5868857265890894e-10,annual-sunspots,True,True,0.7954602064696982,1.2128555343379872,1.5909204129393963,4,9.99999993922529e-09,0.99999999,182
4,1.8321919640644953e-10,1.8321980960090083e-10,annual-sunspots,True,True,0.7936232737726261,1.212849639731769,1.5872465475452522,4,9.999999384113778e-09,0.99999999,183
4,2.144310183907188e-10,2.1443190214802175e-10,annual-sunspots,True,True,0.7980406359507863,1.2125594655833751,1.5960812719015727,4,9.99999905104687e-09,0.99999999,184
4,2.0274475121070306e-10,2.0274537697360328e-10,annual-sunspots,True,True,0.8041520320962472,1.210683245101673,1.6083040641924944,4,9.999998717979963e-09,0.99999999,185
4,2.4373851505422353e-10,2.4373906074029804e-10,annual-sunspots,True,True,0.8050426399160915,1.2099853903942095,1.610085279832183,4,1.0000000494336803e-08,0.99999999,186
4,2.511162133154863e-10,2.5111704150619333e-10,annual-sunspots,True,True,0.8098619182032087,1.2076673005073517,1.6197238364064175,4,9.99999949513608e-09,0.99999999,187
4,2.1389057237442299e-10,2.138911089745897e-10,annual-sunspots,True,True,0.8121021543484879,1.2080796914140943,1.6242043086969757,4,9.999998940024568e-09,0.99999999,188
4,1.7993322965196857e-10,1.7993375563889047e-10,annual-sunspots,True,True,0.8195343267748196,1.209901297616255,1.6390686535496393,4,1.0000000272292198e-08,0.99999999,189
4,2.0006108739202314e-10,2.0006162462020618e-10,annual-sunspots,True,True,0.8190087102258496,1.2134804581531222,1.6380174204516993,4,9.99999949513608e-09,0.99999999,190
4,2.2034277042137554e-10,2.2034391563340035e-10,annual-sunspots,True,True,0.8056170241963571,1.2178321638522613,1.6112340483927141,4,9.999999606158383e-09,0.99999999,191
4,2.0885879480153047e-10,2.0885929040579597e-10,annual-sunspots,True,True,0.7940824011990594,1.2199731531072353,1.5881648023981187,4,9.999999384113778e-09,0.99999999,192
4,1.747894945501657e-10,1.7479006187280107e-10,annual-sunspots,True,True,0.7917755313825456,1.215202777091938,1.5835510627650913,4,9.999999828202988e-09,0.99999999,193
4,1.713776564043323e-10,1.7137799441516316e-10,annual-sunspots,True,True,0.8069438164984051,1.209218355134402,1.6138876329968102,4,1.0000000050247593e-08,0.99999999,194
4,2.000566541998618e-10,2.0005738046219703e-10,annual-sunspots,True,True,0.8300009016218337,1.2071352297138616,1.6600018032436674,4,9.999999162069173e-09,0.99999999,195
4,2.0921986021458934e-10,2.092210842873062e-10,annual-sunspots,True,True,0.8288518639355027,1.213078510583477,1.6577037278710054,4,9.999998717979963e-09,0.99999999,196
4,2.4272257988201626e-10,2.427235712363128e-10,annual-sunspots,True,True,0.8311703318602904,1.21649589487284,1.6623406637205809,4,9.999999828202988e-09,0.99999999,197
4,2.5515823138631e-10,2.551589410727319e-10,annual-sunspots,True,True,0.8322218416795293,1.219063895011965,1.6644436833590586,4,9.999999717180685e-09,0.99999999,198
4,2.366791334624737e-10,2.366797074323726e-10,annual-sunspots,True,True,0.8310543494478455,1.2116021931963668,1.662108698895691,4,9.999999162069173e-09,0.99999999,199
4,2.305064930821575e-10,2.3050719851077566e-10,annual-sunspots,True,True,0.8324174481921476,1.2076839637941408,1.6648348963842952,4,9.999999717180685e-09,0.99999999,200
4,2.0649629416153382e-10,2.0649701442733681e-10,annual-sunspots,True,True,0.8283550581129562,1.203375825128064,1.6567101162259124,4,9.999999606158383e-09,0.99999999,201
4,2.199356583869117e-10,2.1993636967592972e-10,annual-sunspots,True,True,0.8245225422334923,1.2032878381446386,1.6490450844669846,4,9.999999273091476e-09,0.99999999,202
4,2.446497317594839e-10,2.446502969023745e-10,annual-sunspots,True,True,0.8259409054498171,1.2130797051424271,1.6518818108996343,4,9.999998273890753e-09,0.99999999,203
4,2.479393546714502e-10,2.4793997937680046e-10,annual-sunspots,True,True,0.8325975181166249,1.2152496548700156,1.6651950362332497,4,9.999997940823846e-09,0.99999999,204
4,2.0995931117167497e-10,2.0996003843839575e-10,annual-sunspots,True,True,0.835431788539537,1.2104034076011616,1.670863577079074,4,9.999999162069173e-09,0.99999999,205
4,1.551555293959302e-10,1.5515645196501355e-10,annual-sunspots,True,True,0.7579265259785015,1.211398939485885,1.515853051957003,4,9.999999717180685e-09,0.99999999,206
4,1.4693917690790706e-10,1.4693998423755133e-10,annual-sunspots,True,True,0.7730318280683264,1.2093999628464402,1.5460636561366528,4,9.999998940024568e-09,0.99999999,207
4,1.6646614712250227e-10,1.6646703951827515e-10,annual-sunspots,True,True,0.7835163335808323,1.2114979538146822,1.5670326671616646,4,9.999999717180685e-09,0.99999999,208
4,1.872327568028923e-10,1.8723360603296815e-10,annual-sunspots,True,True,0.791827652319457,1.2093097949675133,1.583655304638914,4,1.0000000050247593e-08,0.99999999,209
4,1.9359648498527685e-10,1.9359715537796077e-10,annual-sunspots,True,True,0.7945975270167087,1.2096697788450133,1.5891950540334174,4,1.0000000494336803e-08,0.99999999,210
4,1.8274203242224237e-10,1.827429196338636e-10,annual-sunspots,True,True,0.8007299128007117,1.2075135444338763,1.6014598256014234,4,9.99999860695766e-09,0.99999999,211
4,1.7420908678808502e-10,1.7420964088082897e-10,annual-sunspots,True,True,0.8097948111965068,1.206724276990699,1.6195896223930135,4,9.99999905104687e-09,0.99999999,212
4,1.5891309776959405e-10,1.589138049257499e-10,annual-sunspots,True,True,0.813240369504993,1.2098290030855838,1.626480739009986,4,9.999999717180685e-09,0.99999999,213
4,1.501856574033984e-10,1.5018608491708355e-10,annual-sunspots,True,True,0.8109779215996564,1.206069997296248,1.6219558431993129,4,9.999998940024568e-09,0.99999999,214
4,1.4897386374986085e-10,1.4897481355618687e-10,annual-sunspots,True,True,0.8122835873620109,1.2116448875575596,1.6245671747240218,4,1.0000000050247593e-08,0.99999999,215
4,1.5120401553988184e-10,1.5120458290745513e-10,annual-sunspots,True,True,0.8074004012577388,1.211972577044488,1.6148008025154776,4,9.99999905104687e-09,0.99999999,216
4,1.5387235333928417e-10,1.538727982049609e-10,annual-sunspots,True,True,0.7970684755717748,1.2131425005769247,1.5941369511435497,4,1.0000000050247593e-08,0.99999999,217
4,1.9167357862104395e-10,1.916745546836874e-10,annual-sunspots,True,True,0.8338674643240147,1.2131428903535313,1.6677349286480294,4,9.999999273091476e-09,0.99999999,218
4,1.9051367997706009e-10,1.905146092047387e-10,annual-sunspots,True,True,0.8394917205243236,1.2115230758281124,1.6789834410486473,4,9.999999384113778e-09,0.99999999,219
4,2.1495095808611957e-10,2.1495184011879104e-10,annual-sunspots,True,True,0.8381918806334662,1.209061135949304,1.6763837612669323,4,9.999998717979963e-09,0.99999999,220
4,2.2042666399049398e-10,2.2042731965705982e-10,annual-sunspots,True,True,0.8380826374518,1.205294523501823,1.6761652749036,4,9.99999905104687e-09,0.99999999,221
4,2.274009642317479e-10,2.274014901701404e-10,annual-sunspots,True,True,0.8363704686261784,1.2020100926425388,1.6727409372523567,4,9.99999949513608e-09,0.99999999,222
4,2.0739666765096175e-10,2.073971688720781e-10,annual-sunspots,True,True,0.8266861554061962,1.2061566922911897,1.6533723108123923,4,9.999999828202988e-09,0.99999999,223
4,2.0894599258500728e-10,2.0894661660220516e-10,annual-sunspots,True,True,0.8258982526807106,1.208980140280738,1.6517965053614212,4,9.999999828202988e-09,0.99999999,224
4,2.1360202244042485e-10,2.1360286144727326e-10,annual-sunspots,True,True,0.8194424080485097,1.2147122203930554,1.6388848160970193,4,1.0000000272292198e-08,0.99999999,225
4,1.207592514939744e-10,1.2075985562667977e-10,annual-sunspots,True,True,0.7595490550911896,1.2181717324557726,1.5190981101823793,4,9.999999606158383e-09,0.99999999,226
4,1.3961301802824196e-10,1.3961380825233343e-10,annual-sunspots,True,True,0.7565954791252478,1.220585101045186,1.5131909582504957,4,9.999999384113778e-09,0.99999999,227
4,1.6344668715448727e-10,1.6344718377952935e-10,annual-sunspots,True,True,0.7610107694515922,1.2220724179181002,1.5220215389031844,4,9.99999993922529e-09,0.99999999,228
4,1.553675258298177e-10,1.5536798131116743e-10,annual-sunspots,True,True,0.7652033121399587,1.2216641396610637,1.5304066242799175,4,9.999998829002266e-09,0.99999999,229
4,2.1072157740561489e-10,2.107221966448467e-10,annual-sunspots,True,True,0.7692628118765932,1.2199966707935843,1.5385256237531864,4,9.999998051846148e-09,0.99999999,230
4,2.087075360008377e-10,2.087086712089079e-10,annual-sunspots,True,True,0.778691947897056,1.2189413925569652,1.557383895794112,4,9.999998717979963e-09,0.99999999,231
4,1.852627270351015e-10,1.8526326017885362e-10,annual-sunspots,True,True,0.7830593572674646,1.2189729428174279,1.5661187145349291,4,9.999999606158383e-09,0.99999999,232
4,1.701878409473275e-10,1.7018841786609356e-10,annual-sunspots,True,True,0.7898796778940647,1.2190683600783294,1.5797593557881293,4,9.999998495935358e-09,0.99999999,233
4,1.4692739894603412e-10,1.4692796090715995e-10,annual-sunspots,True,True,0.7982209508467228,1.2198793220169062,1.5964419016934457,4,9.999999273091476e-09,0.99999999,234
4,1.0284330566137688e-10,1.0284403769921638e-10,annual-sunspots,True,True,0.8071789161907307,1.221798309649997,1.6143578323814614,4,9.999999717180685e-09,0.99999999,235
4,9.999912696543376e-11,1e-10,annual-sunspots,True,True,0.7427053998830745,1.2270195344774968,1.485410799766149,4,1.0000000050247593e-08,0.99999999,236
4,1.0005036010269165e-10,1.0005116502890261e-10,annual-sunspots,True,True,0.7496430914869648,1.2294924004210364,1.4992861829739297,4,9.99999993922529e-09,0.99999999,237
4,1.2136103911893706e-10,1.2136170664411538e-10,annual-sunspots,True,True,0.7466417596110363,1.2301372280254925,1.4932835192220726,4,9.99999993922529e-09,0.99999999,238
4,9.999916115784932e-11,1e-10,annual-sunspots,True,True,0.750860683542794,1.2285148050433943,1.501721367085588,4,9.999999384113778e-09,0.99999999,239
4,1.3372976846980261e-10,1.3373050627950397e-10,annual-sunspots,True,True,0.7550617997259726,1.229457691928809,1.5101235994519453,4,9.999998273890753e-09,0.99999999,240
4,1.1948487603045245e-10,1.1948581857414076e-10,annual-sunspots,True,True,0.7587232981581729,1.2280930185044507,1.5174465963163457,4,9.999998717979963e-09,0.99999999,241
4,1.2745235441268533e-10,1.274532309780619e-10,annual-sunspots,True,True,0.7635793077126634,1.2286255654106633,1.5271586154253267,4,9.999999606158383e-09,0.99999999,242
4,1.3135335452393287e-10,1.3135390164645914e-10,annual-sunspots,True,True,0.7633164807970152,1.2275764054211118,1.5266329615940304,4,9.999997829801544e-09,0.99999999,243
4,1.2131968423126737e-10,1.2132021702569095e-10,annual-sunspots,True,True,0.7616578784777015,1.2267304393907972,1.523315756955403,4,9.999999273091476e-09,0.99999999,244
4,9.999943526106342e-11,1e-10,annual-sunspots,True,True,0.7592409476450086,1.229105613952537,1.5184818952900172,4,9.999999828202988e-09,0.99999999,245
4,9.999943667327821e-11,1e-10,annual-sunspots,True,True,0.7465266525566098,1.2340344057006936,1.4930533051132195,4,9.999999717180685e-09,0.99999999,246
4,9.999924285901041e-11,1e-10,annual-sunspots,True,True,0.7391605179140501,1.2337683615179529,1.4783210358281003,4,1.0000000494336803e-08,0.99999999,247
4,1.129638837850649e-10,1.1296447414716417e-10,annual-sunspots,True,True,0.7371396210941576,1.2367707346670267,1.4742792421883153,4,1.0000000050247593e-08,0.99999999,248
4,9.999953486879801e-11,1e-10,annual-sunspots,True,True,0.732773056828167,1.2300959222026095,1.465546113656334,4,1.0000000050247593e-08,0.99999999,249
4,9.999926807748018e-11,1e-10,annual-sunspots,True,True,0.7296458601142505,1.2267624076092152,1.459291720228501,4,9.999999162069173e-09,0.99999999,250
4,9.999935077602077e-11,1e-10,annual-sunspots,True,True,0.7275423461002086,1.2255421333479868,1.4550846922004173,4,1.0000000050247593e-08,0.99999999,251
4,1.0325630188186025e-10,1.032568574895793e-10,annual-sunspots,True,True,0.7319035956533329,1.237191987611912,1.4638071913066657,4,9.999999606158383e-09,0.99999999,252
4,9.99994338818778e-11,1e-10,annual-sunspots,True,True,0.7293486276332954,1.2340262240822855,1.4586972552665909,4,1.0000000272292198e-08,0.99999999,253
4,9.999949690202368e-11,1e-10,annual-sunspots,True,True,0.7276517716832966,1.2337324137153023,1.4553035433665933,4,1.0000000494336803e-08,0.99999999,254
4,9.999955321403898e-11,1e-10,annual-sunspots,True,True,0.7283945260725289,1.234995031688323,1.4567890521450577,4,9.99999949513608e-09,0.99999999,255
4,9.999950167510403e-11,1e-10,annual-sunspots,True,True,0.73105292811607,1.2343408612144615,1.46210585623214,4,9.999999384113778e-09,0.99999999,256
4,9.999953928323021e-11,1e-10,annual-sunspots,True,True,0.7306924203276943,1.2330688337568936,1.4613848406553887,4,9.999999384113778e-09,0.99999999,257
4,9.99995433265706e-11,1e-10,annual-sunspots,True,True,0.7349019175062238,1.2312615880571118,1.4698038350124476,4,9.999999717180685e-09,0.99999999,258
4,9.999936365305977e-11,1e-10,annual-sunspots,True,True,0.7471005502752252,1.2295999911313669,1.4942011005504503,4,9.999999273091476e-09,0.99999999,259
4,1.6324943816849194e-10,1.6325035353469063e-10,annual-sunspots,True,True,0.7862962243159214,1.2236838112772015,1.5725924486318428,4,9.999999828202988e-09,0.99999999,260
4,1.8771177644805803e-10,1.8771263800645692e-10,annual-sunspots,True,True,0.7859656545989258,1.221868139087982,1.5719313091978515,4,9.99999949513608e-09,0.99999999,261
4,2.1845992636870026e-10,2.1846053401528033e-10,annual-sunspots,True,True,0.7884572973619427,1.2205183549973824,1.5769145947238854,4,9.99999993922529e-09,0.99999999,262
4,1.8573005920688522e-10,1.8573058545606723e-10,annual-sunspots,True,True,0.7856878727555135,1.222100862046295,1.571375745511027,4,1.0000000050247593e-08,0.99999999,263
4,1.4591715137215855e-10,1.4591765011014802e-10,annual-sunspots,True,True,0.7854163667633196,1.2229165166037697,1.5708327335266392,4,9.999998162868451e-09,0.99999999,264
4,1.4798473178351508e-10,1.4798510997108596e-10,annual-sunspots,True,True,0.8037970644516899,1.223433509630671,1.6075941289033797,4,9.999999828202988e-09,0.99999999,265
4,2.0935148624002168e-10,2.0935214824043127e-10,annual-sunspots,True,True,0.7973555506792853,1.2252108872242746,1.5947111013585706,4,1.0000000050247593e-08,0.99999999,266
4,2.0246263562750373e-10,2.024633569199317e-10,annual-sunspots,True,True,0.7997842083255984,1.2274283783389008,1.5995684166511968,4,9.999998829002266e-09,0.99999999,267
4,9.999931383580728e-11,1e-10,annual-sunspots,True,True,0.7354616015452171,1.228609116983405,1.4709232030904342,4,9.999999384113778e-09,0.99999999,268
4,9.999928871846629e-11,1e-10,annual-sunspots,True,True,0.7336207518106352,1.2300351177757531,1.4672415036212705,4,9.999999273091476e-09,0.99999999,269
4,9.999947362863526e-11,1e-10,annual-sunspots,True,True,0.7340314052438717,1.230181567922446,1.4680628104877433,4,9.99999949513608e-09,0.99999999,270
4,1.177978187822297e-10,1.1779840813535405e-10,annual-sunspots,True,True,0.7361519809983018,1.2329663474023715,1.4723039619966036,4,9.999999828202988e-09,0.99999999,271
4,1.164155466153495e-10,1.1641700817775913e-10,annual-sunspots,True,True,0.743315509331664,1.2323647186205577,1.486631018663328,4,9.99999949513608e-09,0.99999999,272
4,1.2681721671194386e-10,1.268179236361892e-10,annual-sunspots,True,True,0.7485142938408849,1.2353393965685238,1.4970285876817697,4,9.999998829002266e-09,0.99999999,273
4,1.2451503285104666e-10,1.2451544846222791e-10,annual-sunspots,True,True,0.752972915251273,1.2333476731081516,1.505945830502546,4,9.99999949513608e-09,0.99999999,274
4,1.323502662552463e-10,1.3235119301861378e-10,annual-sunspots,True,True,0.7524459206546166,1.2314130782273465,1.5048918413092331,4,9.99999993922529e-09,0.99999999,275
4,1.2047097620404904e-10,1.2047127202960907e-10,annual-sunspots,True,True,0.7508871831574332,1.2310286635195444,1.5017743663148664,4,9.999998717979963e-09,0.99999999,276
4,9.999929573878178e-11,1e-10,annual-sunspots,True,True,0.7617519939131476,1.232236242233815,1.5235039878262953,4,1.0000000272292198e-08,0.99999999,277
4,9.999934553328794e-11,1e-10,annual-sunspots,True,True,0.7622754280615195,1.234873881201353,1.524550856123039,4,9.999998495935358e-09,0.99999999,278
4,1.1167774486342197e-10,1.116785988337241e-10,annual-sunspots,True,True,0.7557687129991383,1.2363091591259763,1.5115374259982766,4,1.0000000050247593e-08,0.99999999,279
4,1.267421080087789e-10,1.2674254030310996e-10,annual-sunspots,True,True,0.7560875843694,1.236340065368771,1.5121751687388,4,9.999999606158383e-09,0.99999999,280
4,1.055661449805601e-10,1.0556667159497583e-10,annual-sunspots,True,True,0.761687578193302,1.2329699295204297,1.523375156386604,4,9.999999717180685e-09,0.99999999,281
4,9.999915712975729e-11,1e-10,annual-sunspots,True,True,0.7668010225464289,1.2294055558453145,1.5336020450928578,4,9.999999162069173e-09,0.99999999,282
4,1.2264181566975795e-10,1.226425394686905e-10,annual-sunspots,True,True,0.757003017031968,1.2259391209225126,1.514006034063936,4,9.999998273890753e-09,0.99999999,283
4,1.2840143425572087e-10,1.284023039254594e-10,annual-sunspots,True,True,0.7541465379258077,1.2300732632650797,1.5082930758516153,4,1.0000001604559827e-08,0.99999999,284
4,1.2798401716115652e-10,1.27984577513192e-10,annual-sunspots,True,True,0.7497486036520944,1.2314629772454273,1.4994972073041888,4,9.999999717180685e-09,0.99999999,285
4,1.0967336111187646e-10,1.0967394803579486e-10,annual-sunspots,True,True,0.7455661151153182,1.2327759737803095,1.4911322302306365,4,9.99999860695766e-09,0.99999999,286
4,1.0339305637576743e-10,1.0339348738079156e-10,annual-sunspots,True,True,0.7439685123968013,1.2232707661952553,1.4879370247936026,4,9.999999273091476e-09,0.99999999,287
4,1.0210663673598124e-10,1.0210722287271379e-10,annual-sunspots,True,True,0.7505550235163102,1.2289650408342374,1.5011100470326204,4,9.99999860695766e-09,0.99999999,288
4,1.1412435180551047e-10,1.1412487110148043e-10,annual-sunspots,True,True,0.747394728265903,1.2307298381802578,1.494789456531806,4,9.999999384113778e-09,0.99999999,289
4,1.1690739320605643e-10,1.1690792048649046e-10,annual-sunspots,True,True,0.7567825883407567,1.2295864477776597,1.5135651766815135,4,9.99999905104687e-09,0.99999999,290
4,1.0109254059734241e-10,1.0109301305446811e-10,annual-sunspots,True,True,0.7617352194357767,1.2279495610789202,1.5234704388715534,4,1.0000000050247593e-08,0.99999999,291
4,1.4681856090891824e-10,1.4681922993396064e-10,annual-sunspots,True,True,0.7889598321595301,1.2219077979465403,1.5779196643190603,4,9.999999162069173e-09,0.99999999,292
4,1.844104827650918e-10,1.8441143032185807e-10,annual-sunspots,True,True,0.7877277591005147,1.2204301374491016,1.5754555182010295,4,9.999998717979963e-09,0.99999999,293
4,2.0652599386116638e-10,2.0652714312630518e-10,annual-sunspots,True,True,0.7883844555620745,1.2209611466800545,1.576768911124149,4,9.999998829002266e-09,0.99999999,294
4,1.9541102956074516e-10,1.9541231873815993e-10,annual-sunspots,True,True,0.7916622280634971,1.2209880911694033,1.5833244561269941,4,1.0000000494336803e-08,0.99999999,295
4,1.616205197324899e-10,1.6162100470132988e-10,annual-sunspots,True,True,0.7898777690162374,1.2221352368989062,1.5797555380324748,4,9.999999606158383e-09,0.99999999,296
4,1.8796345394734619e-10,1.879643410330282e-10,mauna-loa-co2,True,True,0.8242138104382636,1.2454521752214618,1.6484276208765272,4,9.999999717180685e-09,0.99999999,0
4,1.8882551665258076e-10,1.8882611866783577e-10,mauna-loa-co2,True,True,0.8228433122923805,1.2422272132406846,1.645686624584761,4,1.0000000050247593e-08,0.99999999,1
4,1.7893266644586586e-10,1.7893333716772338e-10,mauna-loa-co2,True,True,0.8160822748853787,1.241443475549205,1.6321645497707573,4,9.999999606158383e-09,0.99999999,2
4,1.8041812329194814e-10,1.80418782813346e-10,mauna-loa-co2,True,True,0.8006513187957719,1.2399149674272165,1.6013026375915438,4,9.999998940024568e-09,0.99999999,3
4,1.8625184001666726e-10,1.862525260259168e-10,mauna-loa-co2,True,True,0.797034654188064,1.240048300034125,1.594069308376128,4,9.999999273091476e-09,0.99999999,4
4,1.8905761531824282e-10,1.8905862598735932e-10,mauna-loa-co2,True,True,0.8017341927109257,1.24561394051576,1.6034683854218514,4,1.0000000050247593e-08,0.99999999,5
4,1.7511147408948136e-10,1.751122742985961e-10,mauna-loa-co2,True,True,0.8035252830306671,1.242723284180204,1.6070505660613341,4,9.999999384113778e-09,0.99999999,6
4,1.659380860806407e-10,1.6593899444119487e-10,mauna-loa-co2,True,True,0.8073731102474455,1.2411767044733741,1.614746220494891,4,9.99999905104687e-09,0.99999999,7
4,1.668100671030976e-10,1.6681106955090695e-10,mauna-loa-co2,True,True,0.8097190531548633,1.2414770265739246,1.6194381063097265,4,9.999998717979963e-09,0.99999999,8
4,1.8443806795810212e-10,1.8443919922917915e-10,mauna-loa-co2,True,True,0.8147821041285785,1.2434898720682814,1.629564208257157,4,9.999998940024568e-09,0.99999999,9
4,1.8131036494838118e-10,1.813110386583444e-10,mauna-loa-co2,True,True,0.8168106426567543,1.2451942974294112,1.6336212853135086,4,9.999998162868451e-09,0.99999999,10
4,1.7630402593642666e-10,1.7630458813286913e-10,mauna-loa-co2,True,True,0.8177618289281238,1.2455502697909453,1.6355236578562475,4,9.99999905104687e-09,0.99999999,11
4,1.741506611959183e-10,1.7415163639674868e-10,mauna-loa-co2,True,True,0.8186930688300799,1.245597859085298,1.6373861376601597,4,9.999999828202988e-09,0.99999999,12
4,1.7288356534698294e-10,1.7288420866402552e-10,mauna-loa-co2,True,True,0.8189697879076261,1.2455587104158508,1.6379395758152522,4,9.999999384113778e-09,0.99999999,13
4,1.6982841613714901e-10,1.6982898634517422e-10,mauna-loa-co2,True,True,0.8161927088367865,1.2434520812707783,1.632385417673573,4,9.999998940024568e-09,0.99999999,14
4,1.6808849382699288e-10,1.6808915696126454e-10,mauna-loa-co2,True,True,0.809240126563066,1.2447097597935068,1.618480253126132,4,9.999999273091476e-09,0.99999999,15
4,1.7328156310825227e-10,1.7328241939296334e-10,mauna-loa-co2,True,True,0.808378614522717,1.2451337685687616,1.616757229045434,4,9.99999905104687e-09,0.99999999,16
4,1.732362313904192e-10,1.7323721197788239e-10,mauna-loa-co2,True,True,0.8083547074062079,1.2450842425240969,1.6167094148124157,4,9.999998829002266e-09,0.99999999,17
4,1.7164608325975722e-10,1.7164691230033558e-10,mauna-loa-co2,True,True,0.809354194624763,1.2450270072328964,1.618708389249526,4,9.999997607756939e-09,0.99999999,18
4,1.6115390655772808e-10,1.611544814850347e-10,mauna-loa-co2,True,True,0.8101059482142378,1.2411181820378967,1.6202118964284755,4,9.99999949513608e-09,0.99999999,19
4,1.718699211080782e-10,1.7187048492339042e-10,mauna-loa-co2,True,True,0.8194833759743805,1.2453477708969685,1.638966751948761,4,1.0000000272292198e-08,0.99999999,20
4,1.6943608501391056e-10,1.6943658561824365e-10,mauna-loa-co2,True,True,0.819646282281549,1.245414563561149,1.639292564563098,4,9.999998829002266e-09,0.99999999,21
4,1.6864379747847222e-10,1.68644627675724e-10,mauna-loa-co2,True,True,0.8192455497718245,1.2454107035965205,1.638491099543649,4,9.999999162069173e-09,0.99999999,22
4,1.7224908085834315e-10,1.722497221417807e-10,mauna-loa-co2,True,True,0.8187928845632467,1.245413170273463,1.6375857691264935,4,9.99999949513608e-09,0.99999999,23
4,1.7693392546429884e-10,1.7693444569259376e-10,mauna-loa-co2,True,True,0.8181835420982648,1.2452505026431795,1.6363670841965297,4,9.99999993922529e-09,0.99999999,24
4,1.7303763443923954e-10,1.730382763451436e-10,mauna-loa-co2,True,True,0.8152116410405778,1.242273950354579,1.6304232820811555,4,9.999999828202988e-09,0.99999999,25
4,1.6146130848066606e-10,1.614617662338002e-10,mauna-loa-co2,True,True,0.8120093432840078,1.2418642000688354,1.6240186865680155,4,9.999999717180685e-09,0.99999999,26
4,1.5785384729414e-10,1.5785439182928776e-10,mauna-loa-co2,True,True,0.8061059629833962,1.2419317165256316,1.6122119259667924,4,1.0000000050247593e-08,0.99999999,27
4,1.6912894961269487e-10,1.6912963314031964e-10,mauna-loa-co2,True,True,0.8022897088476414,1.2437522142929094,1.6045794176952828,4,9.999998829002266e-09,0.99999999,28
4,1.78619550984367e-10,1.786201127293379e-10,mauna-loa-co2,True,True,0.8005790919101499,1.2457050819575977,1.6011581838202997,4,9.999999384113778e-09,0.99999999,29
4,1.7727860012747344e-10,1.7727915681121562e-10,mauna-loa-co2,True,True,0.8000519997568335,1.245632445545352,1.600103999513667,4,1.0000000494336803e-08,0.99999999,30
4,1.5713358786079595e-10,1.5713399509735643e-10,mauna-loa-co2,True,True,0.8034554648361465,1.2413821426597274,1.606910929672293,4,9.999999828202988e-09,0.99999999,31
4,1.6401217047341147e-10,1.6401294559284295e-10,mauna-loa-co2,True,True,0.8131589181621731,1.2411376830746008,1.6263178363243462,4,9.999999162069173e-09,0.99999999,32
4,1.7615002047764078e-10,1.7615104897272823e-10,mauna-loa-co2,True,True,0.817461942045381,1.2456404659522387,1.634923884090762,4,9.999999606158383e-09,0.99999999,33
4,1.7132064042584823e-10,1.7132129918221674e-10,mauna-loa-co2,True,True,0.8181646567837186,1.2457130753159866,1.6363293135674373,4,1.0000000050247593e-08,0.99999999,34
4,1.6744463445497458e-10,1.67445280975261e-10,mauna-loa-co2,True,True,0.8190128756261394,1.245770020704089,1.638025751252279,4,1.0000000272292198e-08,0.99999999,35
4,1.6938101612846454e-10,1.6938158844042637e-10,mauna-loa-co2,True,True,0.819638004833125,1.2457917622159143,1.63927600966625,4,9.999999717180685e-09,0.99999999,36
4,1.717567978159031e-10,1.717574630348183e-10,mauna-loa-co2,True,True,0.8200520029693678,1.2455490768898065,1.6401040059387355,4,1.0000000272292198e-08,0.99999999,37
4,1.5814873742340155e-10,1.5814927136490498e-10,mauna-loa-co2,True,True,0.8153203803058218,1.2417119317654746,1.6306407606116435,4,9.999999384113778e-09,0.99999999,38
4,1.6025466424390694e-10,1.602554364871446e-10,mauna-loa-co2,True,True,0.806984299453488,1.2429306599490102,1.613968598906976,4,9.999999828202988e-09,0.99999999,39
4,1.6963670272653007e-10,1.6963743981825913e-10,mauna-loa-co2,True,True,0.8042490307328832,1.2456001845240827,1.6084980614657665,4,9.999998162868451e-09,0.99999999,40
4,1.694593154078013e-10,1.694600902150956e-10,mauna-loa-co2,True,True,0.8042065281216214,1.2455829007387853,1.6084130562432428,4,1.0000000050247593e-08,0.99999999,41
4,1.6157124072059718e-10,1.6157184499129376e-10,mauna-loa-co2,True,True,0.8045666088195776,1.2442152312270054,1.6091332176391553,4,9.999999162069173e-09,0.99999999,42
4,1.547756965811089e-10,1.5477618340619935e-10,mauna-loa-co2,True,True,0.810450211310662,1.241163803797569,1.620900422621324,4,9.999998829002266e-09,0.99999999,43
4,1.6156707486130512e-10,1.6156779650688727e-10,mauna-loa-co2,True,True,0.8138074277478884,1.241543721507446,1.6276148554957768,4,9.999999606158383e-09,0.99999999,44
4,1.6867360713680763e-10,1.686742242637946e-10,mauna-loa-co2,True,True,0.8158060664131271,1.2448292050566696,1.6316121328262543,4,9.99999949513608e-09,0.99999999,45
4,1.6424324759913807e-10,1.6424402415801403e-10,mauna-loa-co2,True,True,0.8168520404039714,1.2454320048457594,1.6337040808079428,4,9.999998717979963e-09,0.99999999,46
4,1.605628162249686e-10,1.6056362479190512e-10,mauna-loa-co2,True,True,0.8176827742701155,1.2457312191079455,1.635365548540231,4,1.0000000272292198e-08,0.99999999,47
4,1.604383722581587e-10,1.6043911917933338e-10,mauna-loa-co2,True,True,0.8183131949985208,1.2459055960965433,1.6366263899970417,4,9.999999606158383e-09,0.99999999,48
4,1.621809803861201e-10,1.6218150968653705e-10,mauna-loa-co2,True,True,0.8188738879989983,1.2456694170618106,1.6377477759979966,4,9.99999860695766e-09,0.99999999,49
4,1.6089552578917888e-10,1.6089606110902778e-10,mauna-loa-co2,True,True,0.8176639782936277,1.2439155361076244,1.6353279565872554,4,1.0000000272292198e-08,0.99999999,50
4,1.5857445260736224e-10,1.5857502612554712e-10,mauna-loa-co2,True,True,0.8140375111526963,1.2442110095177394,1.6280750223053926,4,9.999997940823846e-09,0.99999999,51
4,1.6105651782674677e-10,1.6105727707347815e-10,mauna-loa-co2,True,True,0.8103059391462178,1.245731549475455,1.6206118782924357,4,9.999998717979963e-09,0.99999999,52
4,1.6149317874190684e-10,1.6149392101185441e-10,mauna-loa-co2,True,True,0.808305644784598,1.2456491030887038,1.616611289569196,4,9.999999384113778e-09,0.99999999,53
4,1.6159468424756554e-10,1.6159512127652303e-10,mauna-loa-co2,True,True,0.8081950054002299,1.2455348359171565,1.6163900108004599,4,9.999998940024568e-09,0.99999999,54
4,1.5180897604762197e-10,1.518096116475432e-10,mauna-loa-co2,True,True,0.8077336525687482,1.2404846263780291,1.6154673051374964,4,9.999999717180685e-09,0.99999999,55
4,1.5954971842264156e-10,1.595503201376051e-10,mauna-loa-co2,True,True,0.814501091253913,1.2433043144903726,1.629002182507826,4,9.999999717180685e-09,0.99999999,56
4,1.5939144617768612e-10,1.5939208615850107e-10,mauna-loa-co2,True,True,0.816314140276583,1.2458312805428031,1.632628280553166,4,9.999999384113778e-09,0.99999999,57
4,1.5763125340338494e-10,1.5763185586929935e-10,mauna-loa-co2,True,True,0.8165324034673447,1.2457837454772587,1.6330648069346894,4,9.999999273091476e-09,0.99999999,58
4,1.612273601618469e-10,1.6122812554697775e-10,mauna-loa-co2,True,True,0.8169488003005474,1.2458341531460635,1.6338976006010948,4,9.999998717979963e-09,0.99999999,59
4,1.654473543131643e-10,1.654479494728817e-10,mauna-loa-co2,True,True,0.8172106694868069,1.2458262522415857,1.6344213389736137,4,9.99999949513608e-09,0.99999999,60
4,1.678873565465847e-10,1.6788805944080866e-10,mauna-loa-co2,True,True,0.8170962339932125,1.2458399329736562,1.634192467986425,4,1.0000000050247593e-08,0.99999999,61
4,1.573317298606735e-10,1.573323139140083e-10,mauna-loa-co2,True,True,0.8147367028088823,1.2420844567117535,1.6294734056177647,4,9.999999273091476e-09,0.99999999,62
4,1.545901730325464e-10,1.5459072649219216e-10,mauna-loa-co2,True,True,0.8124468306886352,1.2423951427143818,1.6248936613772704,4,9.999999606158383e-09,0.99999999,63
4,1.616737207794754e-10,1.6167435336649397e-10,mauna-loa-co2,True,True,0.8092758336504958,1.2455723214998193,1.6185516673009916,4,1.0000000716381408e-08,0.99999999,64
4,1.6468776895563748e-10,1.646883536941977e-10,mauna-loa-co2,True,True,0.8051804358691875,1.2459272410078728,1.610360871738375,4,9.999999717180685e-09,0.99999999,65
4,1.640641714096661e-10,1.6406468280051032e-10,mauna-loa-co2,True,True,0.8041025345666477,1.2458395697668274,1.6082050691332954,4,9.99999993922529e-09,0.99999999,66
4,1.5589238216648342e-10,1.5589271250906676e-10,mauna-loa-co2,True,True,0.808823093784787,1.2424322908510539,1.617646187569574,4,9.999999717180685e-09,0.99999999,67
4,1.5619345061268554e-10,1.5619392682901637e-10,mauna-loa-co2,True,True,0.8166104001227578,1.2414258476243494,1.6332208002455155,4,9.999999828202988e-09,0.99999999,68
4,1.606900291049708e-10,1.60690643237969e-10,mauna-loa-co2,True,True,0.8211962912897641,1.2456775137543725,1.6423925825795282,4,9.999998495935358e-09,0.99999999,69
4,1.6150648788587816e-10,1.6150737398287533e-10,mauna-loa-co2,True,True,0.82100027033974,1.2458643762862647,1.64200054067948,4,9.999999384113778e-09,0.99999999,70
4,1.6779862457442856e-10,1.6779946439980886e-10,mauna-loa-co2,True,True,0.8212146308867458,1.2459749769389616,1.6424292617734917,4,9.999999162069173e-09,0.99999999,71
4,1.6700127662276537e-10,1.6700174190492391e-10,mauna-loa-co2,True,True,0.8205040669619396,1.2447267581110446,1.6410081339238791,4,9.999997940823846e-09,0.99999999,72
4,1.5676794235268718e-10,1.5676857518329346e-10,mauna-loa-co2,True,True,0.8187244259057195,1.243843390692952,1.637448851811439,4,9.999999606158383e-09,0.99999999,73
4,1.4600078013027513e-10,1.460014831183843e-10,mauna-loa-co2,True,True,0.808974116087265,1.2432992129311762,1.61794823217453,4,1.0000001382515222e-08,0.99999999,74
4,1.4762365025971386e-10,1.4762432474327476e-10,mauna-loa-co2,True,True,0.8001121034897505,1.243320731817854,1.600224206979501,4,9.999998384913056e-09,0.99999999,75
4,1.662718098027621e-10,1.662725751930346e-10,mauna-loa-co2,True,True,0.7965897777063817,1.2452624566600887,1.5931795554127635,4,9.999998273890753e-09,0.99999999,76
4,1.7181062442407756e-10,1.7181129626852816e-10,mauna-loa-co2,True,True,0.7956094057483252,1.245892496984876,1.5912188114966503,4,9.999999384113778e-09,0.99999999,77
4,1.592376445011633e-10,1.5923826701407667e-10,mauna-loa-co2,True,True,0.7975603720498935,1.2440372808286149,1.595120744099787,4,9.999999384113778e-09,0.99999999,78
4,1.455574330276411e-10,1.455581663266267e-10,mauna-loa-co2,True,True,0.8045262377010298,1.2429048920294197,1.6090524754020596,4,9.999999717180685e-09,0.99999999,79
4,1.558326482818637e-10,1.5583338522244712e-10,mauna-loa-co2,True,True,0.8104299353892583,1.2429204283669781,1.6208598707785167,4,9.99999860695766e-09,0.99999999,80
4,1.666069776109398e-10,1.6660784786930823e-10,mauna-loa-co2,True,True,0.8158028094174778,1.244953871916219,1.6316056188349557,4,9.99999860695766e-09,0.99999999,81
4,1.6241189450401418e-10,1.624124955439252e-10,mauna-loa-co2,True,True,0.8172412790820945,1.2457769112272121,1.634482558164189,4,1.0000000272292198e-08,0.99999999,82
4,1.5785626199679732e-10,1.5785707920513538e-10,mauna-loa-co2,True,True,0.8173161340359804,1.2459356438247893,1.6346322680719607,4,9.999999162069173e-09,0.99999999,83
4,1.5649329098099898e-10,1.5649393744470177e-10,mauna-loa-co2,True,True,0.8172909260446128,1.2459030439838887,1.6345818520892257,4,9.99999860695766e-09,0.99999999,84
4,1.5567878726576926e-10,1.5567943912946358e-10,mauna-loa-co2,True,True,0.8167870017242347,1.2456596609774466,1.6335740034484694,4,1.0000001160470617e-08,0.99999999,85
4,1.508675738107826e-10,1.5086811406215784e-10,mauna-loa-co2,True,True,0.8130883196090715,1.245160711110767,1.626176639218143,4,1.0000000272292198e-08,0.99999999,86
4,1.5061391204024766e-10,1.5061470415742918e-10,mauna-loa-co2,True,True,0.8078471775973981,1.2454033373096218,1.6156943551947962,4,9.999998829002266e-09,0.99999999,87
4,1.5427133227797585e-10,1.5427204033396416e-10,mauna-loa-co2,True,True,0.8033643030430448,1.2456158789288194,1.6067286060860897,4,9.999999384113778e-09,0.99999999,88
4,1.5369015596385174e-10,1.536909163093088e-10,mauna-loa-co2,True,True,0.7986205472274897,1.245551310025247,1.5972410944549793,4,1.0000000272292198e-08,0.99999999,89
4,1.4868886799441167e-10,1.4868955798195244e-10,mauna-loa-co2,True,True,0.7973534370313691,1.2457172142776485,1.5947068740627381,4,9.999999606158383e-09,0.99999999,90
4,1.3814915760870583e-10,1.381496530978904e-10,mauna-loa-co2,True,True,0.8000477033624854,1.2430987943150498,1.6000954067249709,4,9.999999162069173e-09,0.99999999,91
4,1.478014546573812e-10,1.4780198666500117e-10,mauna-loa-co2,True,True,0.8127182551800324,1.2440849149159803,1.6254365103600648,4,9.999998384913056e-09,0.99999999,92
4,1.4700414243044919e-10,1.4700466173680767e-10,mauna-loa-co2,True,True,0.8164562995305192,1.2460167950610654,1.6329125990610385,4,1.0000000050247593e-08,0.99999999,93
4,1.4651761446053566e-10,1.4651818694364134e-10,mauna-loa-co2,True,True,0.8186638005439599,1.2460261341843433,1.6373276010879199,4,9.999999606158383e-09,0.99999999,94
4,1.5029749685077006e-10,1.5029819296035377e-10,mauna-loa-co2,True,True,0.8193708118177848,1.2460958539279612,1.6387416236355696,4,9.999999384113778e-09,0.99999999,95
4,1.5423925653909166e-10,1.5423974627278493e-10,mauna-loa-co2,True,True,0.8198511655102692,1.2462088027601774,1.6397023310205383,4,9.999998829002266e-09,0.99999999,96
4,1.5249548873015235e-10,1.524961864447791e-10,mauna-loa-co2,True,True,0.819071653703565,1.2452834067148233,1.63814330740713,4,9.999999828202988e-09,0.99999999,97
4,1.3995318575729958e-10,1.3995393955506008e-10,mauna-loa-co2,True,True,0.8142115968789535,1.2441292716417949,1.628423193757907,4,9.999998940024568e-09,0.99999999,98
4,1.355977388291252e-10,1.355983922582189e-10,mauna-loa-co2,True,True,0.806481890933282,1.244237760886737,1.612963781866564,4,9.999998940024568e-09,0.99999999,99
4,1.423874574272556e-10,1.423879981901961e-10,mauna-loa-co2,True,True,0.8013716838019876,1.2451559000840589,1.6027433676039753,4,9.99999949513608e-09,0.99999999,100
4,1.5037439658151283e-10,1.503749867684626e-10,mauna-loa-co2,True,True,0.7987929533944034,1.246150209907647,1.5975859067888067,4,9.99999860695766e-09,0.99999999,101
4,1.488713995855728e-10,1.488718465453498e-10,mauna-loa-co2,True,True,0.7969822070585301,1.2458555378109666,1.5939644141170601,4,9.999999717180685e-09,0.99999999,102
4,1.3067835054738997e-10,1.3067880902904093e-10,mauna-loa-co2,True,True,0.7984860946464456,1.2423281801987427,1.5969721892928912,4,9.999999273091476e-09,0.99999999,103
4,1.4567697970343357e-10,1.4567778529951255e-10,mauna-loa-co2,True,True,0.8146499501129449,1.2427131100973552,1.6292999002258899,4,9.99999860695766e-09,0.99999999,104
4,1.4674523619502305e-10,1.4674605315348491e-10,mauna-loa-co2,True,True,0.817439046818168,1.2459946755438795,1.634878093636336,4,9.999999717180685e-09,0.99999999,105
4,1.4331958477802072e-10,1.43320167910786e-10,mauna-loa-co2,True,True,0.8184140908631985,1.2462395921375666,1.636828181726397,4,1.0000000050247593e-08,0.99999999,106
4,1.4508759232960593e-10,1.450881773488834e-10,mauna-loa-co2,True,True,0.8187708205694473,1.2462758163845287,1.6375416411388946,4,9.999999162069173e-09,0.99999999,107
4,1.4669680173224404e-10,1.4669748501902692e-10,mauna-loa-co2,True,True,0.8186668206125698,1.2461643265043492,1.6373336412251396,4,9.999999828202988e-09,0.99999999,108
4,1.3899150112817705e-10,1.3899208844342932e-10,mauna-loa-co2,True,True,0.8157699651844277,1.2448794785458026,1.6315399303688554,4,1.0000000272292198e-08,0.99999999,109
4,1.3127854194475e-10,1.312790519767924e-10,mauna-loa-co2,True,True,0.8083162559531591,1.2440110931921362,1.6166325119063183,4,1.0000000938426012e-08,0.99999999,110
4,1.3797111697011216e-10,1.3797169826369127e-10,mauna-loa-co2,True,True,0.7986472937579516,1.2450538199877101,1.5972945875159033,4,9.999999273091476e-09,0.99999999,111
4,1.4885193281997237e-10,1.488526745713685e-10,mauna-loa-co2,True,True,0.7963321372092724,1.246194561194606,1.5926642744185449,4,9.999999384113778e-09,0.99999999,112
4,1.4886704326196875e-10,1.488678614437051e-10,mauna-loa-co2,True,True,0.7943611490472892,1.2462345332205471,1.5887222980945783,4,9.99999860695766e-09,0.99999999,113
4,1.459683736383295e-10,1.459689148780272e-10,mauna-loa-co2,True,True,0.7956828565140791,1.2461809119756988,1.5913657130281582,4,9.999999273091476e-09,0.99999999,114
4,1.322793422695668e-10,1.322800117649722e-10,mauna-loa-co2,True,True,0.8025953477710355,1.2445346643972823,1.605190695542071,4,1.0000000050247593e-08,0.99999999,115
4,1.4051768997360999e-10,1.405184370990901e-10,mauna-loa-co2,True,True,0.8119345960304103,1.2442321107015308,1.6238691920608206,4,1.0000000938426012e-08,0.99999999,116
4,1.4087304921457044e-10,1.4087381108411999e-10,mauna-loa-co2,True,True,0.8154140497737669,1.2460142030732722,1.6308280995475337,4,9.999998051846148e-09,0.99999999,117
4,1.3837759117655584e-10,1.3837822254490025e-10,mauna-loa-co2,True,True,0.8154786834653502,1.2463010121285705,1.6309573669307005,4,1.0000001382515222e-08,0.99999999,118
4,1.409448228333811e-10,1.4094559835764596e-10,mauna-loa-co2,True,True,0.8152108166660567,1.246414715484138,1.6304216333321133,4,9.999999606158383e-09,0.99999999,119
4,1.447752138620564e-10,1.4477578699031622e-10,mauna-loa-co2,True,True,0.8145936839184871,1.2465509210544734,1.6291873678369742,4,1.0000000050247593e-08,0.99999999,120
4,1.3633910436748532e-10,1.3633959548016924e-10,mauna-loa-co2,True,True,0.8113804148830963,1.2449758296744289,1.6227608297661926,4,9.999998384913056e-09,0.99999999,121
4,1.2466199794698978e-10,1.246627979012081e-10,mauna-loa-co2,True,True,0.8048128709564067,1.2445322959611715,1.6096257419128135,4,9.999999606158383e-09,0.99999999,122
4,1.302546181392542e-10,1.3025525014528924e-10,mauna-loa-co2,True,True,0.8006731889455979,1.2447636918661837,1.6013463778911958,4,1.0000001382515222e-08,0.99999999,123
4,1.4343966171764469e-10,1.4344020036299938e-10,mauna-loa-co2,True,True,0.7958462089895079,1.2458589898183319,1.5916924179790157,4,9.99999949513608e-09,0.99999999,124
4,1.486020103066191e-10,1.486027013601395e-10,mauna-loa-co2,True,True,0.7919454889279878,1.24646954012191,1.5838909778559755,4,9.999999828202988e-09,0.99999999,125
4,1.4531866083717985e-10,1.453190692285663e-10,mauna-loa-co2,True,True,0.7895107592507558,1.246147547843489,1.5790215185015115,4,9.99999860695766e-09,0.99999999,126
4,1.2371727121755604e-10,1.2371776110244356e-10,mauna-loa-co2,True,True,0.7955754954159465,1.2442954090174427,1.591150990831893,4,9.99999905104687e-09,0.99999999,127
4,1.2458047067532726e-10,1.2458096327245328e-10,mauna-loa-co2,True,True,0.8116932084146327,1.2446148016298832,1.6233864168292653,4,9.999999384113778e-09,0.99999999,128
4,1.4224331548803863e-10,1.42244035177346e-10,mauna-loa-co2,True,True,0.8194899252792212,1.2463631004686715,1.6389798505584423,4,9.999999162069173e-09,0.99999999,129
4,1.3829370001429302e-10,1.382942804913354e-10,mauna-loa-co2,True,True,0.8204971660868,1.246630310589568,1.6409943321736,4,9.999999162069173e-09,0.99999999,130
4,1.397272584628087e-10,1.3972766505144664e-10,mauna-loa-co2,True,True,0.8209477710146615,1.2467166156520784,1.641895542029323,4,9.999997940823846e-09,0.99999999,131
4,1.443251546906498e-10,1.443257422844992e-10,mauna-loa-co2,True,True,0.8213845996554656,1.24673534000097,1.6427691993109312,4,1.0000000494336803e-08,0.99999999,132
4,1.4773440720885874e-10,1.4773504657349248e-10,mauna-loa-co2,True,True,0.8208616578359827,1.245941170737336,1.6417233156719655,4,9.99999860695766e-09,0.99999999,133
4,1.383745437766295e-10,1.3837502494580815e-10,mauna-loa-co2,True,True,0.8167185141096492,1.2445786529561893,1.6334370282192985,4,9.999999384113778e-09,0.99999999,134
4,1.246390532994648e-10,1.2463981723089942e-10,mauna-loa-co2,True,True,0.8096337069734214,1.2450758807437425,1.6192674139468428,4,9.999999384113778e-09,0.99999999,135
4,1.3391999838105215e-10,1.3392068976912018e-10,mauna-loa-co2,True,True,0.8045076610682689,1.246009306940902,1.6090153221365378,4,9.999999273091476e-09,0.99999999,136
4,1.4180253925817193e-10,1.4180309116043398e-10,mauna-loa-co2,True,True,0.8009618999506423,1.2469606386633285,1.6019237999012845,4,9.999998829002266e-09,0.99999999,137
4,1.4026776296542016e-10,1.4026841532975518e-10,mauna-loa-co2,True,True,0.8000721204544963,1.246910914980861,1.6001442409089925,4,9.999999606158383e-09,0.99999999,138
4,1.1635769258265868e-10,1.1635831416886644e-10,mauna-loa-co2,True,True,0.8005525739878435,1.2435836539083804,1.601105147975687,4,9.999998829002266e-09,0.99999999,139
4,1.21629817285157e-10,1.2163026653328115e-10,mauna-loa-co2,True,True,0.811748139129423,1.244007146932032,1.623496278258846,4,9.999999162069173e-09,0.99999999,140
4,1.3757505063673016e-10,1.3757557785605884e-10,mauna-loa-co2,True,True,0.8175792652145819,1.2469685197612865,1.6351585304291638,4,9.999999606158383e-09,0.99999999,141
4,1.3163588051724144e-10,1.3163647347041024e-10,mauna-loa-co2,True,True,0.8190026758746247,1.2469107920418012,1.6380053517492494,4,9.99999993922529e-09,0.99999999,142
4,1.297539653207591e-10,1.2975456776965128e-10,mauna-loa-co2,True,True,0.8197376486334848,1.2469761965231276,1.6394752972669695,4,1.0000000272292198e-08,0.99999999,143
4,1.309240973968963e-10,1.309247049027187e-10,mauna-loa-co2,True,True,0.8199929071798023,1.2466962374540547,1.6399858143596047,4,9.999999273091476e-09,0.99999999,144
4,1.319046632947255e-10,1.3190525211281703e-10,mauna-loa-co2,True,True,0.8204847556009455,1.2463755505707705,1.640969511201891,4,9.999998829002266e-09,0.99999999,145
4,1.2047157077731826e-10,1.2047213570151572e-10,mauna-loa-co2,True,True,0.8141793403571941,1.245172320623241,1.6283586807143882,4,9.999998273890753e-09,0.99999999,146
4,1.2551956057117842e-10,1.2552015434258905e-10,mauna-loa-co2,True,True,0.8067886934518901,1.2457446544944215,1.6135773869037802,4,9.99999993922529e-09,0.99999999,147
4,1.3512762402411488e-10,1.3512830058698052e-10,mauna-loa-co2,True,True,0.8058700004428102,1.2468113924202264,1.6117400008856204,4,9.999998495935358e-09,0.99999999,148
4,1.3520290167119316e-10,1.3520351096035628e-10,mauna-loa-co2,True,True,0.8050184113773071,1.2468024516343594,1.6100368227546142,4,9.99999860695766e-09,0.99999999,149
4,1.3175185651961188e-10,1.3175247465693e-10,mauna-loa-co2,True,True,0.8059968858273947,1.246849391980124,1.6119937716547894,4,9.99999949513608e-09,0.99999999,150
4,1.1623291543424926e-10,1.1623355377029957e-10,mauna-loa-co2,True,True,0.8111739002815161,1.2447417224325275,1.6223478005630323,4,9.99999905104687e-09,0.99999999,151
4,1.2608583465710213e-10,1.2608652960358132e-10,mauna-loa-co2,True,True,0.8185024546046711,1.24551152289619,1.6370049092093422,4,9.999999162069173e-09,0.99999999,152
4,1.2720960046513474e-10,1.272103988408827e-10,mauna-loa-co2,True,True,0.8210289100341148,1.2467032977033803,1.6420578200682296,4,9.999998940024568e-09,0.99999999,153
4,1.298301970981076e-10,1.2983086619670593e-10,mauna-loa-co2,True,True,0.8212772737575282,1.2469171882290582,1.6425545475150565,4,9.999998717979963e-09,0.99999999,154
4,1.3594725948662199e-10,1.3594777033727061e-10,mauna-loa-co2,True,True,0.8207083460334226,1.2470263453476962,1.6414166920668452,4,9.999999384113778e-09,0.99999999,155
4,1.2907094692287017e-10,1.2907212005932018e-10,mauna-loa-co2,True,True,0.8178173798756009,1.2459106626765437,1.6356347597512018,4,9.99999949513608e-09,0.99999999,156
4,1.155552326836994e-10,1.1555605352507501e-10,mauna-loa-co2,True,True,0.8125179117414185,1.2457634574298697,1.625035823482837,4,9.999998940024568e-09,0.99999999,157
4,1.0641796220822641e-10,1.0641854362598601e-10,mauna-loa-co2,True,True,0.8004396341320812,1.245607625424591,1.6008792682641624,4,9.999998051846148e-09,0.99999999,158
4,1.133451861394396e-10,1.1334579255297081e-10,mauna-loa-co2,True,True,0.787184265898823,1.24563390512561,1.574368531797646,4,9.999999162069173e-09,0.99999999,159
4,1.3171968536077483e-10,1.3172056068032607e-10,mauna-loa-co2,True,True,0.7832857179739011,1.2462333444648659,1.5665714359478022,4,9.999999606158383e-09,0.99999999,160
4,1.4179937726735802e-10,1.4180007858592007e-10,mauna-loa-co2,True,True,0.783894529949599,1.2471499434007431,1.567789059899198,4,9.99999993922529e-09,0.99999999,161
4,1.336801613187761e-10,1.3368076190809474e-10,mauna-loa-co2,True,True,0.7841987263214714,1.245033452409936,1.5683974526429427,4,9.999999162069173e-09,0.99999999,162
4,1.1284182754084432e-10,1.1284225842293803e-10,mauna-loa-co2,True,True,0.7914035127154787,1.2456213001122285,1.5828070254309574,4,1.0000000050247593e-08,0.99999999,163
4,1.1672795238021308e-10,1.1672868483105105e-10,mauna-loa-co2,True,True,0.8001831831125572,1.2456485481565494,1.6003663662251144,4,9.999999384113778e-09,0.99999999,164
4,1.3492719572964752e-10,1.3492787368091812e-10,mauna-loa-co2,True,True,0.8058621411310155,1.2464551124116816,1.611724282262031,4,9.999998051846148e-09,0.99999999,165
4,1.3088935723746736e-10,1.3089030212731262e-10,mauna-loa-co2,True,True,0.8082878694944131,1.246972928774657,1.6165757389888262,4,9.999997274690031e-09,0.99999999,166
4,1.2628313660274028e-10,1.262838642795664e-10,mauna-loa-co2,True,True,0.8089096308473598,1.2470352234034514,1.6178192616947196,4,9.999997718779241e-09,0.99999999,167
4,1.2892838992375442e-10,1.2892899413875915e-10,mauna-loa-co2,True,True,0.8086673497105734,1.2468830177787986,1.6173346994211468,4,9.999999273091476e-09,0.99999999,168
4,1.2995194840456526e-10,1.2995285591921813e-10,mauna-loa-co2,True,True,0.8065060185156687,1.2455584047352977,1.6130120370313374,4,9.999999606158383e-09,0.99999999,169
4,1.0885119520801955e-10,1.0885181093615406e-10,mauna-loa-co2,True,True,0.8000285170401591,1.245517349354217,1.6000570340803182,4,9.99999905104687e-09,0.99999999,170
4,1.2024543104133042e-10,1.2024628217786742e-10,mauna-loa-co2,True,True,0.7935831445184598,1.2460659514485783,1.5871662890369196,4,9.999998940024568e-09,0.99999999,171
4,1.3377900648639278e-10,1.3377971103399976e-10,mauna-loa-co2,True,True,0.7896598786762531,1.2473314645233933,1.5793197573525062,4,1.0000000494336803e-08,0.99999999,172
4,1.3767548710563378e-10,1.376762952623864e-10,mauna-loa-co2,True,True,0.7856378208358772,1.2473346487031316,1.5712756416717544,4,9.999998940024568e-09,0.99999999,173
4,1.1875775554138918e-10,1.1875829917824141e-10,mauna-loa-co2,True,True,0.7834791830202914,1.2443876897093835,1.5669583660405828,4,9.999999162069173e-09,0.99999999,174
4,1.016135312427972e-10,1.0161394380118235e-10,mauna-loa-co2,True,True,0.7953031964736561,1.2453210524831149,1.5906063929473122,4,9.99999993922529e-09,0.99999999,175
4,1.0772353353184093e-10,1.0772408624220152e-10,mauna-loa-co2,True,True,0.811310522945472,1.2456316548659319,1.622621045890944,4,9.99999949513608e-09,0.99999999,176
4,1.227815134789372e-10,1.227824356484749e-10,mauna-loa-co2,True,True,0.8182986956642648,1.2459830811350607,1.6365973913285297,4,9.999999606158383e-09,0.99999999,177
4,1.3728312107325186e-10,1.3728415176765283e-10,mauna-loa-co2,True,True,0.8212109290322622,1.2473817023089466,1.6424218580645245,4,9.999999717180685e-09,0.99999999,178
4,1.3114422251778455e-10,1.311452189514146e-10,mauna-loa-co2,True,True,0.8219160232028454,1.247369023902428,1.6438320464056908,4,9.999999828202988e-09,0.99999999,179
4,1.2822708733302466e-10,1.282281317651541e-10,mauna-loa-co2,True,True,0.8223652443094283,1.2473541530117345,1.6447304886188565,4,9.99999905104687e-09,0.99999999,180
4,1.263765651759334e-10,1.2637718521423149e-10,mauna-loa-co2,True,True,0.8221501676949535,1.2469152923813993,1.644300335389907,4,9.999998384913056e-09,0.99999999,181
4,1.1503111242775668e-10,1.1503185067142101e-10,mauna-loa-co2,True,True,0.8182308875525524,1.2457688113213745,1.6364617751051047,4,9.99999860695766e-09,0.99999999,182
4,1.1502181357552278e-10,1.1502241769964516e-10,mauna-loa-co2,True,True,0.810704951034482,1.2462538757895012,1.621409902068964,4,1.0000000272292198e-08,0.99999999,183
4,1.240433338147373e-10,1.2404450851862424e-10,mauna-loa-co2,True,True,0.806896828335117,1.24737614790319,1.613793656670234,4,9.999999384113778e-09,0.99999999,184
4,1.2558492329766965e-10,1.2558587124303495e-10,mauna-loa-co2,True,True,0.8071675663389641,1.2473843717835482,1.6143351326779283,4,1.0000000272292198e-08,0.99999999,185
4,1.2604831250214542e-10,1.2604925841098995e-10,mauna-loa-co2,True,True,0.8090545201840063,1.2474151089013163,1.6181090403680125,4,9.99999905104687e-09,0.99999999,186
4,1.1259712807361571e-10,1.1259800243035515e-10,mauna-loa-co2,True,True,0.8136100817109184,1.2457060197708354,1.6272201634218368,4,9.999999828202988e-09,0.99999999,187
4,1.2089760097233778e-10,1.2089843484886547e-10,mauna-loa-co2,True,True,0.8181220712105146,1.2458323574950267,1.6362441424210292,4,9.999999717180685e-09,0.99999999,188
4,1.2446904311186523e-10,1.2446978367658822e-10,mauna-loa-co2,True,True,0.8199295700879763,1.2473850630897139,1.6398591401759526,4,9.999999384113778e-09,0.99999999,189
4,1.2286518354349065e-10,1.2286614986814123e-10,mauna-loa-co2,True,True,0.8206162188806179,1.2474011120577333,1.6412324377612357,4,9.999998051846148e-09,0.99999999,190
4,1.2598673474060746e-10,1.2598741965826096e-10,mauna-loa-co2,True,True,0.8207029333181036,1.2474686441235936,1.6414058666362072,4,9.99999993922529e-09,0.99999999,191
4,1.296890989015897e-10,1.2968988860343842e-10,mauna-loa-co2,True,True,0.820290855777593,1.2475151166235459,1.640581711555186,4,9.99999993922529e-09,0.99999999,192
4,1.210482098060004e-10,1.2104901033905675e-10,mauna-loa-co2,True,True,0.8182283678263798,1.2466705278946164,1.6364567356527595,4,9.99999860695766e-09,0.99999999,193
4,1.0734992530671677e-10,1.0735072008699532e-10,mauna-loa-co2,True,True,0.8124490163959643,1.2462590279543415,1.6248980327919287,4,9.999999717180685e-09,0.99999999,194
4,1.0926601831527357e-10,1.0926680116407781e-10,mauna-loa-co2,True,True,0.8050619548068851,1.2467036077566782,1.6101239096137703,4,9.999999606158383e-09,0.99999999,195
4,1.2054955272395324e-10,1.2055027293670862e-10,mauna-loa-co2,True,True,0.8003285138092153,1.2474802180771878,1.6006570276184307,4,9.99999905104687e-09,0.99999999,196
4,1.2589887919002482e-10,1.2589958431740972e-10,mauna-loa-co2,True,True,0.7986380719644949,1.2475501006053622,1.5972761439289898,4,9.999998273890753e-09,0.99999999,197
4,1.2106806391971418e-10,1.2106895035273293e-10,mauna-loa-co2,True,True,0.7987740660501176,1.247210367356034,1.5975481321002352,4,9.999998495935358e-09,0.99999999,198
4,1.0115046578918009e-10,1.0115112718381921e-10,mauna-loa-co2,True,True,0.8056433726098986,1.246034322521063,1.6112867452197972,4,9.99999993922529e-09,0.99999999,199
4,1.1162840308552445e-10,1.1162936244560147e-10,mauna-loa-co2,True,True,0.8144267939781185,1.2461312715526738,1.628853587956237,4,1.0000000272292198e-08,0.99999999,200
4,1.2604169526329623e-10,1.2604282716771182e-10,mauna-loa-co2,True,True,0.8176494445714344,1.24746292920201,1.6352988891428688,4,9.999998717979963e-09,0.99999999,201
4,1.2286057971845603e-10,1.228618886936398e-10,mauna-loa-co2,True,True,0.8188104616543411,1.2475532903280386,1.6376209233086823,4,9.99999993922529e-09,0.99999999,202
4,1.2111678849752936e-10,1.211174736715605e-10,mauna-loa-co2,True,True,0.8198704571759385,1.247605271753474,1.639740914351877,4,9.999997385712334e-09,0.99999999,203
4,1.2115549192767852e-10,1.2115629017320047e-10,mauna-loa-co2,True,True,0.8204179103183686,1.2476019989909244,1.6408358206367373,4,9.99999993922529e-09,0.99999999,204
4,1.101671586873125e-10,1.101678874934368e-10,mauna-loa-co2,True,True,0.8184756680674496,1.2470846278485297,1.6369513361348993,4,9.999998829002266e-09,0.99999999,205
4,9.999925965541548e-11,1e-10,mauna-loa-co2,True,True,0.807508647876259,1.2467197620883008,1.615017295752518,4,9.99999860695766e-09,0.99999999,206
4,1.0317906774355693e-10,1.0317994675295467e-10,mauna-loa-co2,True,True,0.795028714785952,1.2470918109724973,1.590057429571904,4,9.999999273091476e-09,0.99999999,207
4,1.1319129091063592e-10,1.1319219429172069e-10,mauna-loa-co2,True,True,0.7905376236682722,1.247653230720979,1.5810752473365444,4,9.999998940024568e-09,0.99999999,208
4,1.123116426901693e-10,1.1231264532470253e-10,mauna-loa-co2,True,True,0.7903245842230467,1.2476833901921636,1.5806491684460935,4,9.999999273091476e-09,0.99999999,209
4,1.1015893353314805e-10,1.1015949680848982e-10,mauna-loa-co2,True,True,0.7923255416741504,1.2476501177360093,1.5846510833483007,4,9.999999384113778e-09,0.99999999,210
4,9.999944731307407e-11,1e-10,mauna-loa-co2,True,True,0.7983920169077147,1.2469267368932697,1.5967840338154293,4,9.999999828202988e-09,0.99999999,211
4,1.0258424631269883e-10,1.0258488823580628e-10,mauna-loa-co2,True,True,0.8087929647142892,1.2466959116869634,1.6175859294285784,4,9.999999384113778e-09,0.99999999,212
4,1.0870529018486205e-10,1.0870589764164887e-10,mauna-loa-co2,True,True,0.8135836579648861,1.2474923152713904,1.6271673159297722,4,9.999999162069173e-09,0.99999999,213
4,1.0700407934215301e-10,1.0700485506874495e-10,mauna-loa-co2,True,True,0.8135230031567329,1.247639044723414,1.6270460063134657,4,9.99999949513608e-09,0.99999999,214
4,1.10382321722775e-10,1.1038331791797182e-10,mauna-loa-co2,True,True,0.8124891345487266,1.2477385760092283,1.6249782690974532,4,9.999999384113778e-09,0.99999999,215
4,1.1520748816716596e-10,1.1520838844725706e-10,mauna-loa-co2,True,True,0.8113188659035993,1.2478032521710085,1.6226377318071985,4,9.999999606158383e-09,0.99999999,216
4,1.0287864246253913e-10,1.0287934284463759e-10,mauna-loa-co2,True,True,0.8077801425112321,1.2471535996879926,1.6155602850224642,4,9.999998495935358e-09,0.99999999,217
4,9.999913398168694e-11,1e-10,mauna-loa-co2,True,True,0.8007798768075599,1.2469919106460265,1.6015597536151198,4,9.999998829002266e-09,0.99999999,218
4,9.999890702132757e-11,1e-10,mauna-loa-co2,True,True,0.7931441252297229,1.24709705354364,1.5862882504594458,4,9.99999949513608e-09,0.99999999,219
4,1.1436310914628792e-10,1.1436450851598967e-10,mauna-loa-co2,True,True,0.7874667647931465,1.2477959057894519,1.574933529586293,4,9.999999384113778e-09,0.99999999,220
4,1.1571528945149644e-10,1.1571621531262661e-10,mauna-loa-co2,True,True,0.7840277283992485,1.2479513403071423,1.568055456798497,4,9.999997829801544e-09,0.99999999,221
4,1.1198340296180469e-10,1.1198406178645446e-10,mauna-loa-co2,True,True,0.7834437025872609,1.2478967943886738,1.5668874051745219,4,9.999999606158383e-09,0.99999999,222
4,9.999954028141363e-11,1e-10,mauna-loa-co2,True,True,0.789069584844193,1.2470548438661258,1.578139169688386,4,9.99999949513608e-09,0.99999999,223
4,9.999975320547215e-11,1e-10,mauna-loa-co2,True,True,0.8056351137062191,1.247142856046777,1.6112702274124382,4,9.999999828202988e-09,0.99999999,224
4,9.99992042437186e-11,1e-10,mauna-loa-co2,True,True,0.8134845501898246,1.247318827869107,1.6269691003796491,4,9.999999384113778e-09,0.99999999,225
4,1.0280600130517243e-10,1.0280678970937123e-10,mauna-loa-co2,True,True,0.8158994395491697,1.2478730886833327,1.6317988790983393,4,1.0000000050247593e-08,0.99999999,226
4,9.999914281175749e-11,1e-10,mauna-loa-co2,True,True,0.8162145226269877,1.247908978073854,1.6324290452539754,4,9.99999860695766e-09,0.99999999,227
4,9.999943018334576e-11,1e-10,mauna-loa-co2,True,True,0.8164591490465601,1.2479654010431867,1.6329182980931203,4,9.99999993922529e-09,0.99999999,228
4,9.999946357710159e-11,1e-10,mauna-loa-co2,True,True,0.8142229423144307,1.2475863267115417,1.6284458846288614,4,9.999999384113778e-09,0.99999999,229
4,9.999917068182453e-11,1e-10,mauna-loa-co2,True,True,0.8085226017651219,1.247407640212018,1.6170452035302438,4,9.999996941623124e-09,0.99999999,230
4,9.999909358998872e-11,1e-10,mauna-loa-co2,True,True,0.8005909154913201,1.247593917009715,1.6011818309826402,4,1.0000001160470617e-08,0.99999999,231
4,9.999928682542723e-11,1e-10,mauna-loa-co2,True,True,0.7944381399497802,1.2481167530940103,1.5888762798995604,4,9.999999384113778e-09,0.99999999,232
4,9.999918780464416e-11,1e-10,mauna-loa-co2,True,True,0.7916777462735017,1.2481764458414588,1.5833554925470035,4,9.999997940823846e-09,0.99999999,233
4,9.999931433079573e-11,1e-10,mauna-loa-co2,True,True,0.7910927436198881,1.248124321509389,1.5821854872397763,4,9.99999905104687e-09,0.99999999,234
4,9.999961513427528e-11,1e-10,mauna-loa-co2,True,True,0.7960940157668595,1.2472116519960528,1.592188031533719,4,9.999999384113778e-09,0.99999999,235
4,9.99995463449884e-11,1e-10,mauna-loa-co2,True,True,0.8117911563709004,1.2472937104135124,1.6235823127418008,4,1.0000000494336803e-08,0.99999999,236
4,9.999945423101637e-11,1e-10,mauna-loa-co2,True,True,0.8177814401718382,1.2479838055162489,1.6355628803436764,4,9.999999828202988e-09,0.99999999,237
4,9.999924855457689e-11,1e-10,mauna-loa-co2,True,True,0.8185748321241624,1.2480890272237506,1.6371496642483248,4,9.999999384113778e-09,0.99999999,238
4,9.999912218051269e-11,1e-10,mauna-loa-co2,True,True,0.8183476745003597,1.2481456880099815,1.6366953490007194,4,9.999999606158383e-09,0.99999999,239
4,9.999921878133118e-11,1e-10,mauna-loa-co2,True,True,0.8181208041342255,1.2481701278161732,1.636241608268451,4,9.999999162069173e-09,0.99999999,240
4,9.999948584259998e-11,1e-10,mauna-loa-co2,True,True,0.8126651986287737,1.247794725710589,1.6253303972575475,4,9.999998273890753e-09,0.99999999,241
4,9.999927557762235e-11,1e-10,mauna-loa-co2,True,True,0.8036561495551584,1.2477958790736128,1.6073122991103168,4,9.99999993922529e-09,0.99999999,242
4,9.999918829335348e-11,1e-10,mauna-loa-co2,True,True,0.793258702463686,1.2478798459038103,1.586517404927372,4,9.999999162069173e-09,0.99999999,243
4,9.999932981813618e-11,1e-10,mauna-loa-co2,True,True,0.7883510113894805,1.2483536133181603,1.576702022778961,4,1.0000000494336803e-08,0.99999999,244
4,9.999921939696096e-11,1e-10,mauna-loa-co2,True,True,0.7874745621751288,1.2483954397665888,1.5749491243502576,4,9.999999162069173e-09,0.99999999,245
4,9.999931493236992e-11,1e-10,mauna-loa-co2,True,True,0.7878378725100614,1.2483896322451544,1.5756757450201229,4,9.999999273091476e-09,0.99999999,246
4,9.999952385692773e-11,1e-10,mauna-loa-co2,True,True,0.7945154895934521,1.2476892241163302,1.5890309791869042,4,9.999999606158383e-09,0.99999999,247
4,9.999940771701167e-11,1e-10,mauna-loa-co2,True,True,0.8066055972164632,1.2477277089865741,1.6132111944329264,4,9.999999717180685e-09,0.99999999,248
4,9.999919712203268e-11,1e-10,mauna-loa-co2,True,True,0.8128060149367282,1.248147542535227,1.6256120298734564,4,9.999998384913056e-09,0.99999999,249
4,9.999929113289751e-11,1e-10,mauna-loa-co2,True,True,0.8137614111648368,1.2482530818886515,1.6275228223296736,4,9.999999384113778e-09,0.99999999,250
4,9.999902108582909e-11,1e-10,mauna-loa-co2,True,True,0.8132557891977793,1.2482994926071334,1.6265115783955586,4,9.999998940024568e-09,0.99999999,251
4,9.999940893209375e-11,1e-10,mauna-loa-co2,True,True,0.812113141814167,1.248361471439062,1.624226283628334,4,9.99999949513608e-09,0.99999999,252
4,9.99993393388115e-11,1e-10,mauna-loa-co2,True,True,0.8086389932711457,1.2480074263767342,1.6172779865422915,4,9.99999949513608e-09,0.99999999,253
4,9.999940560842023e-11,1e-10,mauna-loa-co2,True,True,0.8013036559858028,1.2479467600921375,1.6026073119716056,4,9.999999717180685e-09,0.99999999,254
4,9.999917468359072e-11,1e-10,mauna-loa-co2,True,True,0.7929760011511976,1.248059426650928,1.5859520023023952,4,9.999998162868451e-09,0.99999999,255
4,9.999922553029794e-11,1e-10,mauna-loa-co2,True,True,0.788514152095577,1.2485392732419474,1.577028304191154,4,9.999999384113778e-09,0.99999999,256
4,9.999899199950536e-11,1e-10,mauna-loa-co2,True,True,0.786056775985029,1.2485928809967186,1.572113551970058,4,9.999998162868451e-09,0.99999999,257
4,9.999954137624229e-11,1e-10,mauna-loa-co2,True,True,0.7837644659374583,1.2483724726792442,1.5675289318749166,4,9.99999993922529e-09,0.99999999,258
4,9.999959612116629e-11,1e-10,mauna-loa-co2,True,True,0.7913746862191893,1.2479146723997885,1.5827493724383785,4,9.999999162069173e-09,0.99999999,259
4,9.99994016280837e-11,1e-10,mauna-loa-co2,True,True,0.8097670829405316,1.2479739160133354,1.6195341658810631,4,1.0000000050247593e-08,0.99999999,260
4,9.999940084841595e-11,1e-10,mauna-loa-co2,True,True,0.8180558342920355,1.2482243249286609,1.636111668584071,4,9.999999384113778e-09,0.99999999,261
4,9.999930419473597e-11,1e-10,mauna-loa-co2,True,True,0.8197854214556263,1.2484156202916037,1.6395708429112525,4,9.999998829002266e-09,0.99999999,262
4,9.999910835511154e-11,1e-10,mauna-loa-co2,True,True,0.8204292115050539,1.2484358018860902,1.6408584230101078,4,9.999997718779241e-09,0.99999999,263
4,9.99995005738e-11,1e-10,mauna-loa-co2,True,True,0.8206669281390375,1.2484576691844134,1.641333856278075,4,1.0000000050247593e-08,0.99999999,264
4,9.999938914235541e-11,1e-10,mauna-loa-co2,True,True,0.8177744445570375,1.2483152971160558,1.635548889114075,4,9.999999273091476e-09,0.99999999,265
4,9.999911759143737e-11,1e-10,mauna-loa-co2,True,True,0.8100811178467001,1.2482719419350126,1.6201622356934002,4,9.999998940024568e-09,0.99999999,266
4,9.999952484664791e-11,1e-10,mauna-loa-co2,True,True,0.8005628865228891,1.2484386646183747,1.6011257730457782,4,9.999999273091476e-09,0.99999999,267
4,9.999952359018676e-11,1e-10,mauna-loa-co2,True,True,0.7956091160114177,1.2486451302122494,1.5912182320228354,4,9.99999905104687e-09,0.99999999,268
4,9.999918975770205e-11,1e-10,mauna-loa-co2,True,True,0.793367107616345,1.2486896393735212,1.58673421523269,4,9.99999860695766e-09,0.99999999,269
4,9.999938769122406e-11,1e-10,mauna-loa-co2,True,True,0.794222946244693,1.2486643349273243,1.588445892489386,4,9.999999384113778e-09,0.99999999,270
4,9.999951245211536e-11,1e-10,mauna-loa-co2,True,True,0.8027063427164443,1.2480873779746293,1.6054126854328885,4,1.0000000050247593e-08,0.99999999,271
4,9.999923240802506e-11,1e-10,mauna-loa-co2,True,True,0.8127516405768742,1.2481257507067016,1.6255032811537484,4,9.999999162069173e-09,0.99999999,272
4,9.999946316304738e-11,1e-10,mauna-loa-co2,True,True,0.8161852834865269,1.2485478340181846,1.6323705669730537,4,9.999999717180685e-09,0.99999999,273
4,9.99994782521219e-11,1e-10,mauna-loa-co2,True,True,0.8173804712049307,1.2485543437545745,1.6347609424098615,4,9.999998829002266e-09,0.99999999,274
4,9.999952539311167e-11,1e-10,mauna-loa-co2,True,True,0.8181847578545637,1.2485885111347923,1.6363695157091274,4,9.999998162868451e-09,0.99999999,275
4,9.999940637868154e-11,1e-10,mauna-loa-co2,True,True,0.8186037920243663,1.2486175146813028,1.6372075840487326,4,9.99999905104687e-09,0.99999999,276
4,9.99993764610155e-11,1e-10,mauna-loa-co2,True,True,0.8173679603913924,1.2485475921575473,1.6347359207827847,4,9.999999162069173e-09,0.99999999,277
4,9.999954987050158e-11,1e-10,mauna-loa-co2,True,True,0.8077991762355162,1.2482784936214593,1.6155983524710325,4,9.999998940024568e-09,0.99999999,278
4,9.999955300249848e-11,1e-10,mauna-loa-co2,True,True,0.7945724538623103,1.248493581569965,1.5891449077246207,4,9.999999273091476e-09,0.99999999,279
4,9.999940970089436e-11,1e-10,mauna-loa-co2,True,True,0.7890588435811208,1.248751684082872,1.5781176871622415,4,1.0000000938426012e-08,0.99999999,280
4,9.99992701067035e-11,1e-10,mauna-loa-co2,True,True,0.7877529562799956,1.2488022743575309,1.5755059125599913,4,9.999999606158383e-09,0.99999999,281
4,9.999952291409212e-11,1e-10,mauna-loa-co2,True,True,0.7882250320479859,1.248771800342838,1.5764500640959718,4,9.999999717180685e-09,0.99999999,282
4,9.999973010155551e-11,1e-10,mauna-loa-co2,True,True,0.7974250175500098,1.2482841702591667,1.5948500351000197,4,9.999999828202988e-09,0.99999999,283
4,9.999937808173801e-11,1e-10,mauna-loa-co2,True,True,0.8105418849836902,1.2483313504984421,1.6210837699673804,4,9.999999828202988e-09,0.99999999,284
4,9.999898389960268e-11,1e-10,mauna-loa-co2,True,True,0.8155199846686528,1.2485969494986326,1.6310399693373057,4,1.0000000716381408e-08,0.99999999,285
4,9.999939502040323e-11,1e-10,mauna-loa-co2,True,True,0.8153833525871662,1.2486530058731478,1.6307667051743324,4,9.999998051846148e-09,0.99999999,286
4,9.999959179566265e-11,1e-10,mauna-loa-co2,True,True,0.8139995684182524,1.2487182228449498,1.6279991368365048,4,9.999998940024568e-09,0.99999999,287
4,9.999921553070247e-11,1e-10,mauna-loa-co2,True,True,0.8118627514688128,1.2487665717955,1.6237255029376256,4,1.0000001160470617e-08,0.99999999,288
4,9.999955929064811e-11,1e-10,mauna-loa-co2,True,True,0.8085011062196545,1.2486958780823545,1.617002212439309,4,1.0000000050247593e-08,0.99999999,289
4,9.999936377763965e-11,1e-10,mauna-loa-co2,True,True,0.7955664919768971,1.2485143411491268,1.5911329839537942,4,9.999998495935358e-09,0.99999999,290
4,9.999930466532463e-11,1e-10,mauna-loa-co2,True,True,0.7884792080734526,1.2486326967841035,1.5769584161469052,4,9.99999860695766e-09,0.99999999,291
4,9.999951885441077e-11,1e-10,mauna-loa-co2,True,True,0.7852815682685437,1.248950057036852,1.5705631365370873,4,9.999998162868451e-09,0.99999999,292
4,9.999948667162144e-11,1e-10,mauna-loa-co2,True,True,0.7832614409587166,1.2489769886358344,1.5665228819174333,4,9.999999828202988e-09,0.99999999,293
4,9.999949864038317e-11,1e-10,mauna-loa-co2,True,True,0.7832624724852283,1.24899801202668,1.5665249449704566,4,9.999999717180685e-09,0.99999999,294
4,9.999970669268386e-11,1e-10,mauna-loa-co2,True,True,0.7901895791905258,1.248611234394426,1.5803791583810516,4,9.999999717180685e-09,0.99999999,295
4,9.999941356641245e-11,1e-10,mauna-loa-co2,True,True,0.8047821027482279,1.2486239030377857,1.6095642054964558,4,9.99999993922529e-09,0.99999999,296
4,9.999933182342498e-11,1e-10,mauna-loa-co2,True,True,0.811638237594942,1.248710373086184,1.623276475189884,4,9.999999828202988e-09,0.99999999,297
4,9.999931371615781e-11,1e-10,mauna-loa-co2,True,True,0.8145469272303589,1.2488466487704881,1.6290938544607179,4,9.999998940024568e-09,0.99999999,298
4,9.999933527223923e-11,1e-10,mauna-loa-co2,True,True,0.815816649653053,1.2488550741929583,1.631633299306106,4,9.999998051846148e-09,0.99999999,299
4,9.999949670357974e-11,1e-10,mauna-loa-co2,True,True,0.815456826887586,1.248881690868895,1.630913653775172,4,9.999998717979963e-09,0.99999999,300
4,9.999943081835822e-11,1e-10,mauna-loa-co2,True,True,0.8113535868208871,1.2487813372107273,1.6227071736417742,4,9.999998051846148e-09,0.99999999,301
4,9.999927327264962e-11,1e-10,mauna-loa-co2,True,True,0.8029790716538803,1.2487528486974018,1.6059581433077605,4,9.999998495935358e-09,0.99999999,302
4,9.999925490580926e-11,1e-10,mauna-loa-co2,True,True,0.7941167688354218,1.2488610070077741,1.5882335376708436,4,1.0000000272292198e-08,0.99999999,303
4,9.99994122544229e-11,1e-10,mauna-loa-co2,True,True,0.7898944198383744,1.2490424996384453,1.5797888396767488,4,1.0000000272292198e-08,0.99999999,304
4,9.999928689830358e-11,1e-10,mauna-loa-co2,True,True,0.7886763080083973,1.2490631115543942,1.5773526160167946,4,9.999998717979963e-09,0.99999999,305
4,9.999951607018023e-11,1e-10,mauna-loa-co2,True,True,0.7872760133453353,1.249050286618205,1.5745520266906705,4,9.999999828202988e-09,0.99999999,306
4,9.999947698415049e-11,1e-10,mauna-loa-co2,True,True,0.7960948655994297,1.2487611095733226,1.5921897311988593,4,9.999999606158383e-09,0.99999999,307
4,9.999933579446716e-11,1e-10,mauna-loa-co2,True,True,0.8114140241164493,1.248724264715591,1.6228280482328985,4,1.0000000050247593e-08,0.99999999,308
4,9.999912498028022e-11,1e-10,mauna-loa-co2,True,True,0.8175845918999659,1.2489417990166718,1.6351691837999318,4,9.999998717979963e-09,0.99999999,309
4,9.999945484238179e-11,1e-10,mauna-loa-co2,True,True,0.8180852447300268,1.2489442909037929,1.6361704894600535,4,1.0000001160470617e-08,0.99999999,310
4,9.999913892989097e-11,1e-10,mauna-loa-co2,True,True,0.8181363080338322,1.2489539745929792,1.6362726160676644,4,9.999999273091476e-09,0.99999999,311
4,9.999931378974215e-11,1e-10,mauna-loa-co2,True,True,0.81783351119711,1.2489715796517542,1.63566702239422,4,9.99999949513608e-09,0.99999999,312
4,9.99994866139422e-11,1e-10,mauna-loa-co2,True,True,0.8162717165928819,1.2490021842228678,1.6325434331857638,4,1.0000000050247593e-08,0.99999999,313
4,9.999919646233113e-11,1e-10,mauna-loa-co2,True,True,0.8072138193552004,1.2488116430352336,1.6144276387104008,4,9.999999273091476e-09,0.99999999,314
4,9.999900627619582e-11,1e-10,mauna-loa-co2,True,True,0.796790718622165,1.2489169396644229,1.59358143724433,4,9.99999949513608e-09,0.99999999,315
4,9.999944059094495e-11,1e-10,mauna-loa-co2,True,True,0.792631438474505,1.2491243571198893,1.58526287694901,4,9.999998717979963e-09,0.99999999,316
4,9.999949904429576e-11,1e-10,mauna-loa-co2,True,True,0.7905911128897084,1.2491500667977629,1.5811822257794168,4,9.999999162069173e-09,0.99999999,317
4,9.999945955485603e-11,1e-10,mauna-loa-co2,True,True,0.7890562534451184,1.2491527739922832,1.5781125068902369,4,9.99999993922529e-09,0.99999999,318
4,9.999960608337148e-11,1e-10,mauna-loa-co2,True,True,0.7987742373160283,1.2489893271166101,1.5975484746320565,4,9.999998940024568e-09,0.99999999,319
4,9.999942271883299e-11,1e-10,mauna-loa-co2,True,True,0.8129980219854426,1.2489049993453971,1.6259960439708852,4,9.99999905104687e-09,0.99999999,320
4,9.999951072110206e-11,1e-10,mauna-loa-co2,True,True,0.8177106565152775,1.2491034547753905,1.635421313030555,4,9.999999384113778e-09,0.99999999,321
4,9.99991054075197e-11,1e-10,mauna-loa-co2,True,True,0.818376817606872,1.2491056746979516,1.636753635213744,4,9.999998273890753e-09,0.99999999,322
4,9.999918672132862e-11,1e-10,mauna-loa-co2,True,True,0.8180309584714095,1.2491191167000673,1.636061916942819,4,9.999997718779241e-09,0.99999999,323
4,9.999925057710482e-11,1e-10,mauna-loa-co2,True,True,0.8172514293646646,1.249140080215488,1.634502858729329,4,1.0000000272292198e-08,0.99999999,324
4,9.999925544102815e-11,1e-10,mauna-loa-co2,True,True,0.815135780046899,1.2490462761931955,1.630271560093798,4,9.99999993922529e-09,0.99999999,325
4,9.999931228052152e-11,1e-10,mauna-loa-co2,True,True,0.8075619345929518,1.248970656523373,1.6151238691859036,4,9.999999828202988e-09,0.99999999,326
4,9.999950921447417e-11,1e-10,mauna-loa-co2,True,True,0.7954279132984199,1.2490380546633464,1.5908558265968398,4,9.999999828202988e-09,0.99999999,327
4,9.999913579580189e-11,1e-10,mauna-loa-co2,True,True,0.7911167875563296,1.2492461911323753,1.5822335751126593,4,9.999999828202988e-09,0.99999999,328
4,9.999946325574974e-11,1e-10,mauna-loa-co2,True,True,0.7906370806481956,1.2492673407203525,1.5812741612963912,4,1.0000000050247593e-08,0.99999999,329
4,9.999880872717759e-11,1e-10,mauna-loa-co2,True,True,0.7915513574039987,1.2492699324494876,1.5831027148079975,4,9.999998717979963e-09,0.99999999,330
4,9.999950387466433e-11,1e-10,mauna-loa-co2,True,True,0.7978861667450357,1.2490798929340223,1.5957723334900713,4,9.99999949513608e-09,0.99999999,331
4,9.999944806848007e-11,1e-10,mauna-loa-co2,True,True,0.8106975031741769,1.2490847857103513,1.6213950063483538,4,9.999999717180685e-09,0.99999999,332
4,9.999946394409583e-11,1e-10,mauna-loa-co2,True,True,0.814095134725927,1.2492386900596983,1.628190269451854,4,9.999999717180685e-09,0.99999999,333
4,9.999892213874744e-11,1e-10,mauna-loa-co2,True,True,0.8142837510775638,1.2492544179892093,1.6285675021551276,4,9.999997607756939e-09,0.99999999,334
4,9.999941086578118e-11,1e-10,mauna-loa-co2,True,True,0.8133184694395179,1.2492659687563699,1.6266369388790358,4,9.999997274690031e-09,0.99999999,335
4,9.999952396363052e-11,1e-10,mauna-loa-co2,True,True,0.8097570915463808,1.2491930167418919,1.6195141830927615,4,9.999998495935358e-09,0.99999999,336
4,9.999889852586347e-11,1e-10,mauna-loa-co2,True,True,0.8056351657643761,1.2491957286765845,1.6112703315287522,4,9.999999384113778e-09,0.99999999,337
4,9.999946128676227e-11,1e-10,mauna-loa-co2,True,True,0.7943318657578802,1.2492025886546845,1.5886637315157603,4,9.999999717180685e-09,0.99999999,338
4,9.999925864496489e-11,1e-10,mauna-loa-co2,True,True,0.7838426876892042,1.2492693746447547,1.5676853753784084,4,9.999999384113778e-09,0.99999999,339
4,9.999960242960673e-11,1e-10,mauna-loa-co2,True,True,0.7793520573115617,1.2494104138673352,1.5587041146231233,4,9.999997607756939e-09,0.99999999,340
4,9.999934678546515e-11,1e-10,mauna-loa-co2,True,True,0.7788235585766058,1.2494366612266403,1.5576471171532116,4,1.0000000494336803e-08,0.99999999,341
4,9.999935959282281e-11,1e-10,mauna-loa-co2,True,True,0.7806479269491098,1.2493354775224514,1.5612958538982196,4,9.999999384113778e-09,0.99999999,342
4,9.999972524041532e-11,1e-10,mauna-loa-co2,True,True,0.7846766631498002,1.249294929155417,1.5693533262996004,4,9.999998940024568e-09,0.99999999,343
4,9.999939906808685e-11,1e-10,mauna-loa-co2,True,True,0.7973870219499184,1.249277384958912,1.5947740438998368,4,9.999999162069173e-09,0.99999999,344
4,9.999941828701412e-11,1e-10,mauna-loa-co2,True,True,0.8037151225261309,1.249294236784051,1.6074302450522617,4,9.999999384113778e-09,0.99999999,345
4,9.999921936994841e-11,1e-10,mauna-loa-co2,True,True,0.8070275715406617,1.2493804044651518,1.6140551430813235,4,9.999998940024568e-09,0.99999999,346
4,9.999944806520525e-11,1e-10,mauna-loa-co2,True,True,0.8068503047477542,1.249387606615021,1.6137006094955084,4,9.99999905104687e-09,0.99999999,347
4,9.999940533000937e-11,1e-10,mauna-loa-co2,True,True,0.8068095588292853,1.249392800707043,1.6136191176585706,4,9.999998495935358e-09,0.99999999,348
4,9.999931242062347e-11,1e-10,mauna-loa-co2,True,True,0.8036980275420769,1.2493795956651352,1.6073960550841537,4,9.999998940024568e-09,0.99999999,349
4,9.999944877237202e-11,1e-10,mauna-loa-co2,True,True,0.7961070348177932,1.2493462279860204,1.5922140696355864,4,9.999999162069173e-09,0.99999999,350
4,9.999956236399586e-11,1e-10,mauna-loa-co2,True,True,0.7890138974915238,1.2493893846002668,1.5780277949830477,4,9.999999273091476e-09,0.99999999,351
4,9.999900364486338e-11,1e-10,mauna-loa-co2,True,True,0.7837599141232405,1.2494926050062525,1.567519828246481,4,9.999998829002266e-09,0.99999999,352
4,9.999956740211089e-11,1e-10,mauna-loa-co2,True,True,0.7801886198582135,1.2495171350939915,1.560377239716427,4,9.999998384913056e-09,0.99999999,353
4,9.999950239492324e-11,1e-10,mauna-loa-co2,True,True,0.7785445947594666,1.2494705946342508,1.5570891895189332,4,9.999999606158383e-09,0.99999999,354
4,9.999973308626869e-11,1e-10,mauna-loa-co2,True,True,0.7866183296057285,1.2494044005916567,1.573236659211457,4,1.0000000272292198e-08,0.99999999,355
4,9.999963282158753e-11,1e-10,mauna-loa-co2,True,True,0.8069702719228778,1.249401487032296,1.6139405438457557,4,1.0000000050247593e-08,0.99999999,356
4,9.999935443632183e-11,1e-10,mauna-loa-co2,True,True,0.8154163098115927,1.249436792477135,1.6308326196231855,4,9.999999717180685e-09,0.99999999,357
4,9.999923561836147e-11,1e-10,mauna-loa-co2,True,True,0.8185806576730826,1.2495220916538985,1.6371613153461653,4,9.999998717979963e-09,0.99999999,358
4,9.999936516613855e-11,1e-10,mauna-loa-co2,True,True,0.8190228111932127,1.249532702077619,1.6380456223864255,4,9.99999993922529e-09,0.99999999,359
4,9.999913822694832e-11,1e-10,mauna-loa-co2,True,True,0.8182555116964627,1.2495211219558755,1.6365110233929254,4,9.99999905104687e-09,0.99999999,360
4,9.999950630641567e-11,1e-10,mauna-loa-co2,True,True,0.8157352402231226,1.2494888353180125,1.6314704804462452,4,1.0000000050247593e-08,0.99999999,361
4,9.999898710441723e-11,1e-10,mauna-loa-co2,True,True,0.8103195395622271,1.2494670316355576,1.6206390791244543,4,9.999999162069173e-09,0.99999999,362
4,9.999920986728107e-11,1e-10,mauna-loa-co2,True,True,0.801456541831253,1.249479190810478,1.602913083662506,4,9.999998829002266e-09,0.99999999,363
4,9.999922828081244e-11,1e-10,mauna-loa-co2,True,True,0.7972337743459608,1.2495213863405703,1.5944675486919215,4,9.999998384913056e-09,0.99999999,364
4,9.999953902290655e-11,1e-10,mauna-loa-co2,True,True,0.7945401526452965,1.2495353219567298,1.589080305290593,4,9.99999905104687e-09,0.99999999,365
4,9.999958988167647e-11,1e-10,mauna-loa-co2,True,True,0.7944215252132042,1.2495396492456625,1.5888430504264084,4,1.0000000050247593e-08,0.99999999,366
4,9.999968997531018e-11,1e-10,mauna-loa-co2,True,True,0.8035582696674204,1.2494460142524166,1.6071165393348408,4,1.0000000272292198e-08,0.99999999,367
4,9.999945204094716e-11,1e-10,mauna-loa-co2,True,True,0.8148975180481599,1.2494768232354643,1.6297950360963198,4,9.999999162069173e-09,0.99999999,368
4,9.999915127816952e-11,1e-10,mauna-loa-co2,True,True,0.819045736314536,1.2495616616795742,1.638091472629072,4,9.999999384113778e-09,0.99999999,369
4,1.1358252176173769e-10,1.1358338380365052e-10,enso-pacific-sst,True,True,0.7331009249187083,1.2300912240097588,1.4662018498374165,4,9.999997385712334e-09,0.99999999,0
4,1.1249107799451819e-10,1.1249202165532465e-10,enso-pacific-sst,True,True,0.735995627075407,1.2296887078101983,1.471991254150814,4,9.999999717180685e-09,0.99999999,1
4,1.1075826018863084e-10,1.1075935101555619e-10,enso-pacific-sst,True,True,0.7391985715348456,1.2310109164782568,1.4783971430696912,4,9.999999717180685e-09,0.99999999,2
4,1.1320736793633424e-10,1.1320850853636237e-10,enso-pacific-sst,True,True,0.7419014264424926,1.230127241835608,1.4838028528849851,4,9.999999273091476e-09,0.99999999,3
4,9.999906993309369e-11,1e-10,enso-pacific-sst,True,True,0.7467344673285573,1.2318451852645071,1.4934689346571146,4,1.0000000050247593e-08,0.99999999,4
4,1.0674774264979157e-10,1.0674860886947422e-10,enso-pacific-sst,True,True,0.7513713807779658,1.2313060380804388,1.5027427615559317,4,9.999998495935358e-09,0.99999999,5
4,1.0997203269560219e-10,1.0997263835299521e-10,enso-pacific-sst,True,True,0.754998447986504,1.2306179777367816,1.509996895973008,4,9.999999828202988e-09,0.99999999,6
4,1.0214674957219408e-10,1.0214747587023302e-10,enso-pacific-sst,True,True,0.7576644115490835,1.2314493416714198,1.515328823098167,4,9.99999905104687e-09,0.99999999,7
4,9.999923795892008e-11,1e-10,enso-pacific-sst,True,True,0.7592383672694694,1.23236588012146,1.5184767345389387,4,1.0000000716381408e-08,0.99999999,8
4,9.999914650898551e-11,1e-10,enso-pacific-sst,True,True,0.7607932041483194,1.231002629253897,1.5215864082966388,4,9.999997940823846e-09,0.99999999,9
4,9.999956967279321e-11,1e-10,enso-pacific-sst,True,True,0.7571213319479075,1.2229103845599525,1.514242663895815,4,9.999999828202988e-09,0.99999999,10
4,9.999932521361312e-11,1e-10,enso-pacific-sst,True,True,0.766981520649789,1.2328644981191998,1.533963041299578,4,9.999998384913056e-09,0.99999999,11
4,9.999899880580367e-11,1e-10,enso-pacific-sst,True,True,0.7632775367858575,1.232580553377816,1.526555073571715,4,9.999999162069173e-09,0.99999999,12
4,9.99995800190949e-11,1e-10,enso-pacific-sst,True,True,0.759631966571283,1.2321239895222287,1.519263933142566,4,9.999999606158383e-09,0.99999999,13
4,9.999934543485223e-11,1e-10,enso-pacific-sst,True,True,0.7501096146038168,1.2152259669857315,1.5002192292076335,4,1.0000000050247593e-08,0.99999999,14
4,9.999935340282791e-11,1e-10,enso-pacific-sst,True,True,0.7535641907732644,1.2263211868553716,1.5071283815465288,4,9.99999949513608e-09,0.99999999,15
4,9.999905973809885e-11,1e-10,enso-pacific-sst,True,True,0.7408915853849181,1.2260371383166049,1.4817831707698361,4,1.0000000272292198e-08,0.99999999,16
4,9.999939030052595e-11,1e-10,enso-pacific-sst,True,True,0.7441176452903346,1.2339778605626668,1.4882352905806693,4,1.0000000272292198e-08,0.99999999,17
4,9.999953073004654e-11,1e-10,enso-pacific-sst,True,True,0.7489231783759063,1.2338838646350168,1.4978463567518125,4,9.999999273091476e-09,0.99999999,18
4,9.999938144371544e-11,1e-10,enso-pacific-sst,True,True,0.7544204113839282,1.231116710370428,1.5088408227678565,4,9.99999993922529e-09,0.99999999,19
4,9.999894998584136e-11,1e-10,enso-pacific-sst,True,True,0.7581610632287876,1.2335202292931924,1.5163221264575752,4,9.999999162069173e-09,0.99999999,20
4,9.999930595898689e-11,1e-10,enso-pacific-sst,True,True,0.7584895504141089,1.2325219226785118,1.5169791008282179,4,9.99999905104687e-09,0.99999999,21
4,9.999926943103891e-11,1e-10,enso-pacific-sst,True,True,0.7601728403258462,1.2298184415177769,1.5203456806516924,4,9.999998940024568e-09,0.99999999,22
4,1.1151957994766527e-10,1.115208088469332e-10,enso-pacific-sst,True,True,0.7626020064451443,1.2304958969057522,1.5252040128902886,4,1.0000000050247593e-08,0.99999999,23
4,1.1163090162243741e-10,1.1163216113677912e-10,enso-pacific-sst,True,True,0.764660201508454,1.2289034655802455,1.529320403016908,4,9.999999606158383e-09,0.99999999,24
4,9.999935100948609e-11,1e-10,enso-pacific-sst,True,True,0.7427271852613218,1.2202519204033662,1.4854543705226435,4,9.99999949513608e-09,0.99999999,25
4,9.99994121581033e-11,1e-10,enso-pacific-sst,True,True,0.7605484712986622,1.2256275045820075,1.5210969425973244,4,9.999999273091476e-09,0.99999999,26
4,1.0481525998621171e-10,1.0481657764956087e-10,enso-pacific-sst,True,True,0.7665448688571012,1.2311212328964243,1.5330897377142023,4,9.999998495935358e-09,0.99999999,27
4,9.999903371263822e-11,1e-10,enso-pacific-sst,True,True,0.7348279610932508,1.229629180272114,1.4696559221865015,4,1.0000000272292198e-08,0.99999999,28
4,9.99991246742109e-11,1e-10,enso-pacific-sst,True,True,0.7321512363825997,1.230230801985705,1.4643024727651994,4,9.999999606158383e-09,0.99999999,29
4,1.0073034209133877e-10,1.0073145245201214e-10,enso-pacific-sst,True,True,0.734144378777846,1.2306438755308955,1.468288757555692,4,9.999999162069173e-09,0.99999999,30
4,1.0584140967900025e-10,1.0584225893008002e-10,enso-pacific-sst,True,True,0.7328004659502748,1.2309287967559044,1.4656009319005496,4,9.999998273890753e-09,0.99999999,31
4,1.1178781732727204e-10,1.1178853252016038e-10,enso-pacific-sst,True,True,0.7343550834337286,1.2302735580259296,1.4687101668674571,4,1.0000000494336803e-08,0.99999999,32
4,1.1857341118775803e-10,1.1857467196383716e-10,enso-pacific-sst,True,True,0.7343025955201177,1.2303492052756135,1.4686051910402353,4,9.999999162069173e-09,0.99999999,33
4,1.2427088650209021e-10,1.2427155635708508e-10,enso-pacific-sst,True,True,0.7333014899026339,1.2294359934938275,1.4666029798052678,4,9.999998051846148e-09,0.99999999,34
4,1.3270085133810932e-10,1.3270172950262485e-10,enso-pacific-sst,True,True,0.7332347689650229,1.2294535425274986,1.4664695379300459,4,9.999998940024568e-09,0.99999999,35
4,1.394562812417866e-10,1.3945708703962405e-10,enso-pacific-sst,True,True,0.7328290074775601,1.2287542614185942,1.4656580149551202,4,9.999997607756939e-09,0.99999999,36
4,1.3006828157865955e-10,1.3006924549556372e-10,enso-pacific-sst,True,True,0.7339204331246305,1.231350540302575,1.467840866249261,4,9.999997829801544e-09,0.99999999,37
4,1.3074244609314166e-10,1.3074318815593612e-10,enso-pacific-sst,True,True,0.7336017740582288,1.2323432831656418,1.4672035481164576,4,9.99999860695766e-09,0.99999999,38
4,1.3116772947677046e-10,1.3116826688823822e-10,enso-pacific-sst,True,True,0.7325717654551742,1.2304374872681871,1.4651435309103484,4,9.999999717180685e-09,0.99999999,39
4,1.3399202946656926e-10,1.339923925111195e-10,enso-pacific-sst,True,True,0.7333964444262067,1.2291944757328896,1.4667928888524133,4,9.99999949513608e-09,0.99999999,40
4,1.522434588909458e-10,1.522440247254983e-10,enso-pacific-sst,True,True,0.7309739583523384,1.2214370011807028,1.4619479167046767,4,9.999998717979963e-09,0.99999999,41
4,1.550370682556835e-10,1.5503768008545445e-10,enso-pacific-sst,True,True,0.7301131913356941,1.217439615636954,1.4602263826713882,4,9.999998940024568e-09,0.99999999,42
4,1.4966586428433698e-10,1.4966644263081004e-10,enso-pacific-sst,True,True,0.7301898507917091,1.2156332618786156,1.4603797015834181,4,9.99999905104687e-09,0.99999999,43
4,1.4533867026288695e-10,1.4533898463136752e-10,enso-pacific-sst,True,True,0.7319816877897819,1.2123683997843084,1.4639633755795638,4,9.99999949513608e-09,0.99999999,44
4,1.613395709234798e-10,1.613399879795471e-10,enso-pacific-sst,True,True,0.7392448811805202,1.2077500692147536,1.4784897623610405,4,9.99999993922529e-09,0.99999999,45
4,1.5432164425705406e-10,1.5432199681703065e-10,enso-pacific-sst,True,True,0.7397369191108877,1.1966249317582427,1.4794738382217754,4,9.999999273091476e-09,0.99999999,46
4,1.655977718304953e-10,1.6559859965849054e-10,enso-pacific-sst,True,True,0.7578454174724871,1.1908751000430877,1.5156908349449743,4,1.0000000050247593e-08,0.99999999,47
4,1.8625251996191535e-10,1.8625313409543497e-10,enso-pacific-sst,True,True,0.7863593263305186,1.1851822743374332,1.5727186526610373,4,9.999998940024568e-09,0.99999999,48
4,1.7783275479904742e-10,1.778332621003582e-10,enso-pacific-sst,True,True,0.7849178928540301,1.1879977777150428,1.5698357857080603,4,9.999998495935358e-09,0.99999999,49
4,1.8254004168428076e-10,1.8254046508760853e-10,enso-pacific-sst,True,True,0.7810045974117488,1.1894604474343156,1.5620091948234975,4,9.999999606158383e-09,0.99999999,50
4,1.7996049147947165e-10,1.7996114606756473e-10,enso-pacific-sst,True,True,0.7686559051955661,1.193841431386867,1.5373118103911323,4,9.99999860695766e-09,0.99999999,51
4,1.7140022495776684e-10,1.7140072659621241e-10,enso-pacific-sst,True,True,0.7698548212993901,1.1854339770243287,1.5397096425987802,4,9.999999717180685e-09,0.99999999,52
4,1.7433572771966733e-10,1.7433616912559287e-10,enso-pacific-sst,True,True,0.7835525941668307,1.194074209022272,1.5671051883336613,4,1.0000000272292198e-08,0.99999999,53
4,1.7448287562214078e-10,1.7448354946543396e-10,enso-pacific-sst,True,True,0.7867743239263265,1.1978940300474246,1.573548647852653,4,9.999999606158383e-09,0.99999999,54
4,1.7891384098582346e-10,1.7891451736067323e-10,enso-pacific-sst,True,True,0.7803924161254203,1.193632531356127,1.5607848322508406,4,9.999998829002266e-09,0.99999999,55
4,1.774943086996655e-10,1.7749482551569778e-10,enso-pacific-sst,True,True,0.7756316095563844,1.1946261314379214,1.5512632191127689,4,9.99999905104687e-09,0.99999999,56
4,1.732710162746928e-10,1.7327158848505214e-10,enso-pacific-sst,True,True,0.789356750532069,1.217714779744394,1.578713501064138,4,9.999999717180685e-09,0.99999999,57
4,1.7353101308745884e-10,1.7353173691754698e-10,enso-pacific-sst,True,True,0.7942219013688256,1.218528311476729,1.5884438027376513,4,9.999999384113778e-09,0.99999999,58
4,1.8268458164678939e-10,1.8268542218610558e-10,enso-pacific-sst,True,True,0.7966570380143541,1.2186469380368536,1.5933140760287081,4,9.999998829002266e-09,0.99999999,59
4,1.803552708372104e-10,1.8035591924323221e-10,enso-pacific-sst,True,True,0.7968592948251363,1.2152415991169414,1.5937185896502726,4,9.999999606158383e-09,0.99999999,60
4,1.791917842849406e-10,1.7919249167748137e-10,enso-pacific-sst,True,True,0.7961303272134156,1.2122151418930618,1.5922606544268312,4,9.999998940024568e-09,0.99999999,61
4,1.7296804679024924e-10,1.7296884398782564e-10,enso-pacific-sst,True,True,0.7540598811982913,1.211367805082919,1.5081197623965825,4,9.99999993922529e-09,0.99999999,62
4,1.2878056843837143e-10,1.2878155051272206e-10,enso-pacific-sst,True,True,0.7151360110502437,1.204163152309893,1.4302720221004874,4,9.99999860695766e-09,0.99999999,63
4,1.2071278489503912e-10,1.2071334631529291e-10,enso-pacific-sst,True,True,0.7097350324215852,1.2034437753185565,1.4194700648431704,4,9.99999993922529e-09,0.99999999,64
4,1.1221958789160026e-10,1.1222025829361899e-10,enso-pacific-sst,True,True,0.7116706534975529,1.213100175574009,1.4233413069951057,4,9.999998717979963e-09,0.99999999,65
4,1.0857846859778873e-10,1.0857938563492909e-10,enso-pacific-sst,True,True,0.7144783926539799,1.220381604994613,1.4289567853079599,4,1.0000000272292198e-08,0.99999999,66
4,1.084817591937601e-10,1.084824585545193e-10,enso-pacific-sst,True,True,0.7161704767769471,1.2245398374608771,1.4323409535538942,4,9.999998384913056e-09,0.99999999,67
4,1.0783619320544956e-10,1.0783700123548933e-10,enso-pacific-sst,True,True,0.7180532383777697,1.2275165267121322,1.4361064767555394,4,9.999999717180685e-09,0.99999999,68
4,1.0393171197935834e-10,1.0393242861220591e-10,enso-pacific-sst,True,True,0.7203241923816418,1.2308092725651254,1.4406483847632836,4,9.999999384113778e-09,0.99999999,69
4,1.0114604104506555e-10,1.0114708662480603e-10,enso-pacific-sst,True,True,0.7218894659711532,1.232459023264084,1.4437789319423064,4,9.999998384913056e-09,0.99999999,70
4,1.0139419309668123e-10,1.0139521267471487e-10,enso-pacific-sst,True,True,0.7234154297628989,1.234209305392541,1.4468308595257977,4,1.0000000272292198e-08,0.99999999,71
4,1.0208164317927591e-10,1.0208252907350958e-10,enso-pacific-sst,True,True,0.724961264477908,1.236200491768474,1.449922528955816,4,9.999998940024568e-09,0.99999999,72
4,1.0654685703998139e-10,1.0654789176999312e-10,enso-pacific-sst,True,True,0.7262263178212351,1.236655399885903,1.4524526356424703,4,1.0000000938426012e-08,0.99999999,73
4,1.1065644737834848e-10,1.1065706156793211e-10,enso-pacific-sst,True,True,0.7273749121211622,1.2370905913299883,1.4547498242423245,4,9.999997829801544e-09,0.99999999,74
4,1.1167043235947136e-10,1.1167141305521731e-10,enso-pacific-sst,True,True,0.7282322772832034,1.2383574993976927,1.4564645545664068,4,9.999998717979963e-09,0.99999999,75
4,1.0017334215624766e-10,1.00173948922737e-10,enso-pacific-sst,True,True,0.7282674940914126,1.2392453063468873,1.4565349881828251,4,9.999999717180685e-09,0.99999999,76
4,9.999905397968354e-11,1e-10,enso-pacific-sst,True,True,0.7288993075409029,1.2404327221326161,1.4577986150818059,4,9.999998940024568e-09,0.99999999,77
4,9.999939233474075e-11,1e-10,enso-pacific-sst,True,True,0.7295641367081134,1.2417651873726476,1.4591282734162268,4,1.0000000272292198e-08,0.99999999,78
4,9.99995291847554e-11,1e-10,enso-pacific-sst,True,True,0.7282837809132675,1.2423281527143966,1.456567561826535,4,9.999999384113778e-09,0.99999999,79
4,9.999881093456695e-11,1e-10,enso-pacific-sst,True,True,0.7254506589119607,1.2410635119777487,1.4509013178239214,4,9.999998384913056e-09,0.99999999,80
4,9.999930197180218e-11,1e-10,enso-pacific-sst,True,True,0.7238779926453459,1.240345868153482,1.4477559852906918,4,9.99999949513608e-09,0.99999999,81
4,9.999937791625402e-11,1e-10,enso-pacific-sst,True,True,0.7239091961940264,1.239899474021014,1.4478183923880528,4,9.999999162069173e-09,0.99999999,82
4,9.99995120722537e-11,1e-10,enso-pacific-sst,True,True,0.7226223802323498,1.2391737657857003,1.4452447604646996,4,9.999999273091476e-09,0.99999999,83
4,9.999957359768073e-11,1e-10,enso-pacific-sst,True,True,0.7215571744994597,1.2384241180210127,1.4431143489989193,4,9.999999384113778e-09,0.99999999,84
4,9.999938429032285e-11,1e-10,enso-pacific-sst,True,True,0.7769646888658391,1.241461627915038,1.5539293777316783,4,9.999999162069173e-09,0.99999999,85
4,9.999911970865856e-11,1e-10,enso-pacific-sst,True,True,0.7739549370688116,1.2418319083015703,1.5479098741376232,4,9.999999273091476e-09,0.99999999,86
4,9.999898561272289e-11,1e-10,enso-pacific-sst,True,True,0.766807163916099,1.2382931468333256,1.533614327832198,4,1.0000000272292198e-08,0.99999999,87
4,9.999958788295287e-11,1e-10,enso-pacific-sst,True,True,0.7598446358175792,1.2367969422802403,1.5196892716351584,4,9.999999828202988e-09,0.99999999,88
4,9.999949848816652e-11,1e-10,enso-pacific-sst,True,True,0.7719884398390472,1.2363349378137627,1.5439768796780944,4,9.999999717180685e-09,0.99999999,89
4,1.0800107511064318e-10,1.0800155219040585e-10,enso-pacific-sst,True,True,0.7817781977543308,1.2355760270495413,1.5635563955086615,4,9.99999993922529e-09,0.99999999,90
4,1.2906930689713843e-10,1.2906993628985785e-10,enso-pacific-sst,True,True,0.8027388659261563,1.2351113363555764,1.6054777318523126,4,9.999998717979963e-09,0.99999999,91
4,1.2789163939547702e-10,1.2789273788683373e-10,enso-pacific-sst,True,True,0.8027569991921865,1.2343273394298264,1.605513998384373,4,9.999999162069173e-09,0.99999999,92
4,1.3518609788775253e-10,1.3518704519219758e-10,enso-pacific-sst,True,True,0.8042639185737931,1.2336218897346183,1.6085278371475862,4,9.999999828202988e-09,0.99999999,93
4,1.4012149480280306e-10,1.401221292698042e-10,enso-pacific-sst,True,True,0.806218705092181,1.2333164205813776,1.612437410184362,4,9.999998273890753e-09,0.99999999,94
4,1.278442068924586e-10,1.2784517293288706e-10,enso-pacific-sst,True,True,0.8082166500713283,1.2323697047092197,1.6164333001426565,4,9.999999384113778e-09,0.99999999,95
4,1.4577405511326494e-10,1.4577467036987453e-10,enso-pacific-sst,True,True,0.810978362864273,1.2322849984728148,1.621956725728546,4,9.999999273091476e-09,0.99999999,96
4,1.458577404982978e-10,1.4585856224198446e-10,enso-pacific-sst,True,True,0.8076232259202046,1.228136268336864,1.6152464518404093,4,9.999999162069173e-09,0.99999999,97
4,1.2678439060621473e-10,1.2678492744907037e-10,enso-pacific-sst,True,True,0.8073303354831135,1.2272497624647638,1.614660670966227,4,1.0000000716381408e-08,0.99999999,98
4,1.424439879207204e-10,1.424444053343883e-10,enso-pacific-sst,True,True,0.8095349058526446,1.2267804416194044,1.6190698117052893,4,1.0000000494336803e-08,0.99999999,99
4,1.4375352884519223e-10,1.4375428728021733e-10,enso-pacific-sst,True,True,0.8157456933488845,1.2255000520258448,1.631491386697769,4,9.999999273091476e-09,0.99999999,100
4,1.5153526154812265e-10,1.5153577939931963e-10,enso-pacific-sst,True,True,0.8150558914284309,1.2228724501767747,1.6301117828568619,4,9.99999905104687e-09,0.99999999,101
4,1.3627591869358844e-10,1.362765310825475e-10,enso-pacific-sst,True,True,0.8079188930459643,1.2224315945721407,1.6158377860919286,4,9.999999828202988e-09,0.99999999,102
4,1.4340915394657188e-10,1.4340980058572635e-10,enso-pacific-sst,True,True,0.8044996874220839,1.2228012726923727,1.6089993748441678,4,1.0000000716381408e-08,0.99999999,103
4,1.731351534309767e-10,1.7313602843577272e-10,enso-pacific-sst,True,True,0.8067534357553185,1.226550909597878,1.613506871510637,4,9.999998940024568e-09,0.99999999,104
4,1.456039231682074e-10,1.4560460176429003e-10,enso-pacific-sst,True,True,0.8074089235422149,1.2207076221159947,1.6148178470844299,4,9.999998273890753e-09,0.99999999,105
4,1.6124227408675983e-10,1.6124318069015768e-10,enso-pacific-sst,True,True,0.810721949247753,1.226409237591949,1.621443898495506,4,9.999999384113778e-09,0.99999999,106
4,1.5942122224483176e-10,1.5942187523170984e-10,enso-pacific-sst,True,True,0.8070304291554061,1.2211164117033853,1.6140608583108123,4,9.99999993922529e-09,0.99999999,107
4,1.4251539553526043e-10,1.4251612065350872e-10,enso-pacific-sst,True,True,0.8052343763551091,1.2198354315750413,1.6104687527102182,4,9.99999860695766e-09,0.99999999,108
4,1.3959993843026515e-10,1.3960061017323237e-10,enso-pacific-sst,True,True,0.803720493094782,1.222758248509279,1.607440986189564,4,1.0000000272292198e-08,0.99999999,109
4,1.1729599780678524e-10,1.1729676743042658e-10,enso-pacific-sst,True,True,0.7769727755056515,1.2178182987611015,1.553945551011303,4,9.999998717979963e-09,0.99999999,110
4,1.3085619154836512e-10,1.3085686615032034e-10,enso-pacific-sst,True,True,0.7853542583091828,1.2189691400743894,1.5707085166183656,4,9.999999606158383e-09,0.99999999,111
4,1.3889022921852764e-10,1.3889095546592185e-10,enso-pacific-sst,True,True,0.7935427293861844,1.2204931717081697,1.5870854587723688,4,9.999998940024568e-09,0.99999999,112
4,1.4341339806184642e-10,1.4341450934052856e-10,enso-pacific-sst,True,True,0.795781595241221,1.2140437749431798,1.591563190482442,4,9.999997718779241e-09,0.99999999,113
4,1.492733553244672e-10,1.4927399645660615e-10,enso-pacific-sst,True,True,0.80149397828934,1.2137815222345711,1.60298795657868,4,9.99999993922529e-09,0.99999999,114
4,1.2174233134900453e-10,1.2174310060995395e-10,enso-pacific-sst,True,True,0.7986622137722317,1.2066142097405494,1.5973244275444634,4,9.999998717979963e-09,0.99999999,115
4,1.3053054196502226e-10,1.3053147040297326e-10,enso-pacific-sst,True,True,0.8007638919032847,1.209110688118469,1.6015277838065693,4,1.0000001160470617e-08,0.99999999,116
4,1.3528357572181952e-10,1.3528447984347098e-10,enso-pacific-sst,True,True,0.8003290783846193,1.2113566616283677,1.6006581567692386,4,9.99999905104687e-09,0.99999999,117
4,1.2998383927713932e-10,1.2998448492931894e-10,enso-pacific-sst,True,True,0.8002251537766412,1.2121889966058004,1.6004503075532823,4,9.999998717979963e-09,0.99999999,118
4,1.4926620746999703e-10,1.4926717668667237e-10,enso-pacific-sst,True,True,0.8043095704254107,1.209336242220367,1.6086191408508215,4,9.999999384113778e-09,0.99999999,119
4,1.507921942537371e-10,1.5079293811853615e-10,enso-pacific-sst,True,True,0.8060003509072096,1.2106252535605242,1.6120007018144191,4,9.999998829002266e-09,0.99999999,120
4,1.6436071329785844e-10,1.643612980881221e-10,enso-pacific-sst,True,True,0.8075686811212506,1.2090638990710625,1.6151373622425012,4,1.0000000050247593e-08,0.99999999,121
4,1.6518895119553792e-10,1.65189667910085e-10,enso-pacific-sst,True,True,0.8050995758978187,1.2100026350880397,1.6101991517956373,4,1.0000000272292198e-08,0.99999999,122
4,1.1326985954323973e-10,1.1327090620190367e-10,enso-pacific-sst,True,True,0.7725276669159087,1.2117671552614253,1.5450553338318174,4,9.999998051846148e-09,0.99999999,123
4,1.170701498461898e-10,1.1707077376377447e-10,enso-pacific-sst,True,True,0.755711617345668,1.2107854680176022,1.511423234691336,4,9.999998940024568e-09,0.99999999,124
4,1.1930533812240377e-10,1.1930611826764783e-10,enso-pacific-sst,True,True,0.7668614931425897,1.2111676087935335,1.5337229862851793,4,9.999998940024568e-09,0.99999999,125
4,1.224157388831972e-10,1.224166218546208e-10,enso-pacific-sst,True,True,0.7738093127763104,1.2128464283593527,1.5476186255526208,4,9.999998273890753e-09,0.99999999,126
4,1.290153058785836e-10,1.2901627361935704e-10,enso-pacific-sst,True,True,0.7776144974206611,1.2150493158727222,1.5552289948413223,4,1.0000000272292198e-08,0.99999999,127
4,1.2849970980774438e-10,1.2850060804567648e-10,enso-pacific-sst,True,True,0.7797902209998526,1.2169046862166217,1.5595804419997052,4,9.99999905104687e-09,0.99999999,128
4,1.2623024031807108e-10,1.262308167765537e-10,enso-pacific-sst,True,True,0.7781194107585645,1.2159674342898343,1.556238821517129,4,9.99999949513608e-09,0.99999999,129
4,1.2630026097805922e-10,1.2630100151208931e-10,enso-pacific-sst,True,True,0.7762782969914311,1.2174039626629929,1.5525565939828623,4,9.999999384113778e-09,0.99999999,130
4,1.2404649613340047e-10,1.240471418575385e-10,enso-pacific-sst,True,True,0.7738364089640787,1.2194217469323887,1.5476728179281574,4,9.99999993922529e-09,0.99999999,131
4,1.2515623897219527e-10,1.25156904052467e-10,enso-pacific-sst,True,True,0.7650507070220098,1.2192461664780905,1.5301014140440197,4,1.0000000494336803e-08,0.99999999,132
4,1.251361222821117e-10,1.2513649259036424e-10,enso-pacific-sst,True,True,0.7498559066406201,1.2199134513805112,1.4997118132812401,4,9.99999993922529e-09,0.99999999,133
4,1.6131229594121498e-10,1.6131290290340137e-10,enso-pacific-sst,True,True,0.8159822562272669,1.2214642813588057,1.6319645124545339,4,9.99999860695766e-09,0.99999999,134
4,1.6100406828893906e-10,1.6100472243657705e-10,enso-pacific-sst,True,True,0.8185861034257327,1.2219531300825954,1.6371722068514654,4,1.0000000050247593e-08,0.99999999,135
4,1.6207619331740186e-10,1.620770438407162e-10,enso-pacific-sst,True,True,0.8161906708484123,1.2200217126089627,1.6323813416968247,4,9.99999905104687e-09,0.99999999,136
4,1.583575057334139e-10,1.5835814517777465e-10,enso-pacific-sst,True,True,0.8106039367713423,1.2197613799730451,1.6212078735426847,4,9.999999273091476e-09,0.99999999,137
4,1.5668627903847246e-10,1.5668685755370622e-10,enso-pacific-sst,True,True,0.806631130578457,1.2190617004774082,1.613262261156914,4,1.0000000050247593e-08,0.99999999,138
4,1.4952799446277782e-10,1.495284995846916e-10,enso-pacific-sst,True,True,0.8041865184621555,1.223252973532275,1.608373036924311,4,9.99999949513608e-09,0.99999999,139
4,1.2747772745485263e-10,1.2747846002725976e-10,enso-pacific-sst,True,True,0.7911096486446629,1.2225434961242228,1.5822192972893259,4,9.999998940024568e-09,0.99999999,140
4,1.331904377641954e-10,1.33191322582088e-10,enso-pacific-sst,True,True,0.7870992718522815,1.2258591540951569,1.574198543704563,4,9.999998717979963e-09,0.99999999,141
4,1.373986288831976e-10,1.373994170415091e-10,enso-pacific-sst,True,True,0.7860890886047581,1.2289063059028096,1.5721781772095162,4,9.999999828202988e-09,0.99999999,142
4,1.349452185140549e-10,1.3494598806615087e-10,enso-pacific-sst,True,True,0.7790736183023373,1.2181437204127692,1.5581472366046747,4,9.99999860695766e-09,0.99999999,143
4,1.3146836206465873e-10,1.314692753209859e-10,enso-pacific-sst,True,True,0.7772739128727915,1.218007023979084,1.554547825745583,4,9.999999828202988e-09,0.99999999,144
4,1.304294897447285e-10,1.3043016132481547e-10,enso-pacific-sst,True,True,0.7761585216941829,1.2203503099252497,1.5523170433883657,4,9.999999828202988e-09,0.99999999,145
4,1.2967968098229844e-10,1.2968018880192934e-10,enso-pacific-sst,True,True,0.7681155262157539,1.2095505557394897,1.5362310524315077,4,9.999999606158383e-09,0.99999999,146
4,1.2625402782206332e-10,1.262544711388179e-10,enso-pacific-sst,True,True,0.7758779845572983,1.2244054389381935,1.5517559691145966,4,9.999999162069173e-09,0.99999999,147
4,1.5371365765311487e-10,1.5371454139848323e-10,enso-pacific-sst,True,True,0.8010654811246972,1.226755107202802,1.6021309622493944,4,9.999998495935358e-09,0.99999999,148
4,1.3329229423862396e-10,1.3329334455154912e-10,enso-pacific-sst,True,True,0.7284281041620074,1.2268285191917778,1.4568562083240149,4,9.999998940024568e-09,0.99999999,149
4,1.208050789328697e-10,1.208060497992768e-10,enso-pacific-sst,True,True,0.7348102437518188,1.2113879973848403,1.4696204875036376,4,1.0000000272292198e-08,0.99999999,150
4,1.2799464668098802e-10,1.2799582475821837e-10,enso-pacific-sst,True,True,0.746312188589376,1.2154333672926032,1.492624377178752,4,9.99999993922529e-09,0.99999999,151
4,1.3673977007596108e-10,1.3674083991821048e-10,enso-pacific-sst,True,True,0.7538145074930243,1.2200359925384654,1.5076290149860485,4,9.999998273890753e-09,0.99999999,152
4,1.4538893002954838e-10,1.4539036744357042e-10,enso-pacific-sst,True,True,0.7596971401571821,1.2219538192969783,1.5193942803143643,4,9.999997829801544e-09,0.99999999,153
4,1.5366826898063322e-10,1.5366921795614472e-10,enso-pacific-sst,True,True,0.7630292889052379,1.2215748264921933,1.5260585778104758,4,9.999999273091476e-09,0.99999999,154
4,1.5833781467309373e-10,1.583387898451657e-10,enso-pacific-sst,True,True,0.765890821937686,1.2172590107225267,1.531781643875372,4,9.99999993922529e-09,0.99999999,155
4,1.8115095220704997e-10,1.8115218623111984e-10,enso-pacific-sst,True,True,0.7687358137071956,1.2174885220800555,1.5374716274143911,4,9.999999828202988e-09,0.99999999,156
4,1.4033748395311569e-10,1.4033837005381196e-10,enso-pacific-sst,True,True,0.7634746344078973,1.2026526259049521,1.5269492688157946,4,9.999997718779241e-09,0.99999999,157
4,1.1843245935085882e-10,1.1843333133020074e-10,enso-pacific-sst,True,True,0.765901418785264,1.2045048614046827,1.531802837570528,4,9.999999384113778e-09,0.99999999,158
4,1.1974924169920108e-10,1.1975022827672844e-10,enso-pacific-sst,True,True,0.7653029451162788,1.2077666822869544,1.5306058902325577,4,9.999998273890753e-09,0.99999999,159
4,9.999901519932378e-11,1e-10,enso-pacific-sst,True,True,0.7254403606713935,1.2140069228587715,1.450880721342787,4,9.999998495935358e-09,0.99999999,160
4,9.999912023099312e-11,1e-10,enso-pacific-sst,True,True,0.7214293336937951,1.2186438246009086,1.4428586673875903,4,9.999998162868451e-09,0.99999999,161
4,9.999923508009293e-11,1e-10,enso-pacific-sst,True,True,0.7246044986094048,1.2263488759041863,1.4492089972188096,4,9.99999949513608e-09,0.99999999,162
4,9.999889345844215e-11,1e-10,enso-pacific-sst,True,True,0.7269639085126762,1.2291419479737518,1.4539278170253525,4,9.999997274690031e-09,0.99999999,163
4,9.999874204762401e-11,1e-10,enso-pacific-sst,True,True,0.7268259454326799,1.2304861723839795,1.4536518908653597,4,9.999999273091476e-09,0.99999999,164
4,9.999937944406875e-11,1e-10,enso-pacific-sst,True,True,0.7299322394276361,1.230601709719508,1.4598644788552722,4,1.0000000050247593e-08,0.99999999,165
4,9.999918821178869e-11,1e-10,enso-pacific-sst,True,True,0.7315188758639198,1.2305901117315012,1.4630377517278397,4,9.999999717180685e-09,0.99999999,166
4,9.999914109101782e-11,1e-10,enso-pacific-sst,True,True,0.7323699130855702,1.2308531498523392,1.4647398261711404,4,9.999999273091476e-09,0.99999999,167
4,9.99994541393473e-11,1e-10,enso-pacific-sst,True,True,0.7342409750141637,1.2332395581108093,1.4684819500283275,4,9.999999162069173e-09,0.99999999,168
4,1.0003893964815056e-10,1.0004019805678605e-10,enso-pacific-sst,True,True,0.7361564160824028,1.236233443125831,1.4723128321648056,4,9.999999384113778e-09,0.99999999,169
4,9.999894495378969e-11,1e-10,enso-pacific-sst,True,True,0.7379130714225899,1.235474099055236,1.4758261428451798,4,1.0000001160470617e-08,0.99999999,170
4,9.999929592999871e-11,1e-10,enso-pacific-sst,True,True,0.7359463152059581,1.2279959927029478,1.4718926304119162,4,9.999999717180685e-09,0.99999999,171
4,9.999945043501332e-11,1e-10,enso-pacific-sst,True,True,0.7378036920168691,1.230265023669084,1.4756073840337383,4,9.99999860695766e-09,0.99999999,172
4,9.999916832333565e-11,1e-10,enso-pacific-sst,True,True,0.7436995971902924,1.2355050156135605,1.4873991943805849,4,9.999998384913056e-09,0.99999999,173
4,9.999879183347624e-11,1e-10,enso-pacific-sst,True,True,0.7441047248662449,1.235979545525997,1.4882094497324898,4,9.999998051846148e-09,0.99999999,174
4,9.999913357092895e-11,1e-10,enso-pacific-sst,True,True,0.7444639857172899,1.2367220557933454,1.4889279714345798,4,9.999999384113778e-09,0.99999999,175
4,9.999924612598167e-11,1e-10,enso-pacific-sst,True,True,0.7457163385522081,1.236927714202225,1.4914326771044162,4,9.999999606158383e-09,0.99999999,176
4,9.999929548881975e-11,1e-10,enso-pacific-sst,True,True,0.7464459168195419,1.2363157941441127,1.4928918336390837,4,9.99999993922529e-09,0.99999999,177
4,9.99994096993273e-11,1e-10,enso-pacific-sst,True,True,0.7470679258607196,1.235072224157807,1.4941358517214391,4,9.999998829002266e-09,0.99999999,178
4,9.99995104462734e-11,1e-10,enso-pacific-sst,True,True,0.7463094033790624,1.2346498671566588,1.4926188067581247,4,9.99999949513608e-09,0.99999999,179
4,9.999956645221828e-11,1e-10,enso-pacific-sst,True,True,0.7432412034468513,1.2349091858392314,1.4864824068937026,4,9.999998940024568e-09,0.99999999,180
4,1.0482304032209094e-10,1.0482361873454968e-10,enso-pacific-sst,True,True,0.7405611329945609,1.2359045311625017,1.4811222659891219,4,9.999999273091476e-09,0.99999999,181
4,1.0507258517770802e-10,1.0507300287880413e-10,enso-pacific-sst,True,True,0.7385174471442724,1.234770410775882,1.4770348942885447,4,1.0000000050247593e-08,0.99999999,182
4,1.2889903703228211e-10,1.2889959418919735e-10,enso-pacific-sst,True,True,0.7387488433642222,1.2389485086329748,1.4774976867284444,4,1.0000000938426012e-08,0.99999999,183
4,1.1760014825052614e-10,1.176007201258564e-10,enso-pacific-sst,True,True,0.736137259955881,1.2336578166683665,1.472274519911762,4,9.999999384113778e-09,0.99999999,184
4,1.1187009158167023e-10,1.118708658964954e-10,enso-pacific-sst,True,True,0.7362337655709822,1.2315548468322037,1.4724675311419644,4,9.999997940823846e-09,0.99999999,185
4,1.0647208431528416e-10,1.0647243914042234e-10,enso-pacific-sst,True,True,0.7368994214467857,1.2300294791979194,1.4737988428935713,4,9.999999717180685e-09,0.99999999,186
4,1.1454788882876343e-10,1.1454820475974545e-10,enso-pacific-sst,True,True,0.7411869383720415,1.23552602312907,1.482373876744083,4,9.999999828202988e-09,0.99999999,187
4,1.3593926878401e-10,1.3593994649698278e-10,enso-pacific-sst,True,True,0.7435464967357954,1.2307822218608337,1.4870929934715909,4,9.999999717180685e-09,0.99999999,188
4,1.2624229074655474e-10,1.2624281593089551e-10,enso-pacific-sst,True,True,0.7438957531331067,1.2294770976503882,1.4877915062662135,4,9.999999828202988e-09,0.99999999,189
4,1.1955048322610707e-10,1.1955079902331855e-10,enso-pacific-sst,True,True,0.7380247840293241,1.2143315055179482,1.4760495680586483,4,9.99999949513608e-09,0.99999999,190
4,1.1511500849499117e-10,1.1511554638778921e-10,enso-pacific-sst,True,True,0.7388074929461764,1.2082855408933004,1.4776149858923529,4,1.0000000272292198e-08,0.99999999,191
4,1.305625035287392e-10,1.30562814012366e-10,enso-pacific-sst,True,True,0.7364742201331463,1.202358251992086,1.4729484402662927,4,9.999998829002266e-09,0.99999999,192
4,1.548274862237597e-10,1.548278622806096e-10,enso-pacific-sst,True,True,0.7975776594749697,1.2252298076017556,1.5951553189499394,4,9.999999606158383e-09,0.99999999,193
4,1.8203241534556566e-10,1.8203337573467967e-10,enso-pacific-sst,True,True,0.8030084159407942,1.2264797075778215,1.6060168318815884,4,1.0000000272292198e-08,0.99999999,194
4,1.813924483568031e-10,1.8139306380433476e-10,enso-pacific-sst,True,True,0.8008050856319501,1.2221300167848455,1.6016101712639002,4,9.999999828202988e-09,0.99999999,195
4,1.8408398240877276e-10,1.8408472293270427e-10,enso-pacific-sst,True,True,0.7995716389880498,1.221590113477344,1.5991432779760997,4,9.999999606158383e-09,0.99999999,196
4,1.7476608810194567e-10,1.7476673410242796e-10,enso-pacific-sst,True,True,0.7984405237474376,1.2239978340870832,1.5968810474948751,4,1.0000000272292198e-08,0.99999999,197
4,1.8784625957878654e-10,1.8784698674186053e-10,enso-pacific-sst,True,True,0.7987560215622287,1.221668292882184,1.5975120431244574,4,9.999999717180685e-09,0.99999999,198
4,1.8353371798213347e-10,1.8353432999978149e-10,enso-pacific-sst,True,True,0.8005504827731185,1.2239921993861214,1.601100965546237,4,9.999998717979963e-09,0.99999999,199
4,1.5104843477068273e-10,1.5104935023728618e-10,enso-pacific-sst,True,True,0.769932770405142,1.2254032220487503,1.539865540810284,4,9.999998273890753e-09,0.99999999,200
4,1.2251611346205914e-10,1.225170131562721e-10,enso-pacific-sst,True,True,0.7397105583418816,1.2208723828947063,1.4794211166837632,4,9.999998940024568e-09,0.99999999,201
4,1.2525658813219523e-10,1.2525746573505267e-10,enso-pacific-sst,True,True,0.7431322304846523,1.222297180981113,1.4862644609693045,4,1.0000000050247593e-08,0.99999999,202
4,1.3224504662813325e-10,1.3224592984036365e-10,enso-pacific-sst,True,True,0.7461106565588689,1.2248813966034087,1.4922213131177378,4,9.99999949513608e-09,0.99999999,203
4,1.445529186869062e-10,1.4455355200984153e-10,enso-pacific-sst,True,True,0.743391579393444,1.2265832201851465,1.486783158786888,4,9.999999717180685e-09,0.99999999,204
4,1.5593584422027896e-10,1.5593661808416276e-10,enso-pacific-sst,True,True,0.7438992062578255,1.2292176392040586,1.487798412515651,4,9.999999828202988e-09,0.99999999,205
4,1.53078991662382e-10,1.5308016894629118e-10,enso-pacific-sst,True,True,0.7462166077756204,1.2287289702817734,1.4924332155512408,4,9.99999905104687e-09,0.99999999,206
4,1.3682965048168474e-10,1.3683051284614775e-10,enso-pacific-sst,True,True,0.7435105207211521,1.228160621855709,1.4870210414423042,4,9.999998940024568e-09,0.99999999,207
4,1.2759238271060265e-10,1.27593414166591e-10,enso-pacific-sst,True,True,0.7410371604394966,1.2290375751827687,1.4820743208789933,4,9.999997274690031e-09,0.99999999,208
4,1.180222826826708e-10,1.1802298220304316e-10,enso-pacific-sst,True,True,0.7350649644396811,1.2261386940002066,1.4701299288793621,4,9.999999273091476e-09,0.99999999,209
4,1.164647354833759e-10,1.1646556883140142e-10,enso-pacific-sst,True,True,0.7364625626503642,1.2293064604655963,1.4729251253007285,4,9.999998495935358e-09,0.99999999,210
4,1.229978759127897e-10,1.2299859093192155e-10,enso-pacific-sst,True,True,0.7396060347230671,1.2331582855944592,1.4792120694461341,4,1.0000000272292198e-08,0.99999999,211
4,1.303546659905909e-10,1.3035550441699257e-10,enso-pacific-sst,True,True,0.7413982305867209,1.2318312661683457,1.4827964611734419,4,9.999999273091476e-09,0.99999999,212
4,1.3215027710993417e-10,1.3215086386802443e-10,enso-pacific-sst,True,True,0.7432312320716019,1.2306968874865933,1.4864624641432038,4,9.999999384113778e-09,0.99999999,213
4,1.2191449520422814e-10,1.2191537425431912e-10,enso-pacific-sst,True,True,0.7440609482675766,1.231117626192897,1.4881218965351533,4,9.999998162868451e-09,0.99999999,214
4,1.1347027361648318e-10,1.1347104447018995e-10,enso-pacific-sst,True,True,0.745189115326462,1.2316980980355872,1.490378230652924,4,1.0000000938426012e-08,0.99999999,215
4,1.0536049617007812e-10,1.0536162134271006e-10,enso-pacific-sst,True,True,0.7471837693630218,1.2323897195170914,1.4943675387260436,4,9.99999993922529e-09,0.99999999,216
4,9.999916458663478e-11,1e-10,enso-pacific-sst,True,True,0.7479820609566202,1.2330970161860857,1.4959641219132405,4,9.999998273890753e-09,0.99999999,217
4,9.999947486726691e-11,1e-10,enso-pacific-sst,True,True,0.7449878745958879,1.2318424946317104,1.4899757491917758,4,9.999998829002266e-09,0.99999999,218
4,9.999933876898128e-11,1e-10,enso-pacific-sst,True,True,0.7428353759814439,1.2311037485073033,1.4856707519628878,4,9.999997496734636e-09,0.99999999,219
4,9.999943360051324e-11,1e-10,enso-pacific-sst,True,True,0.7413881525581913,1.2274260220377253,1.4827763051163827,4,9.999999717180685e-09,0.99999999,220
4,9.999942192414964e-11,1e-10,enso-pacific-sst,True,True,0.7580076846677823,1.231782402093863,1.5160153693355647,4,1.0000000272292198e-08,0.99999999,221
4,9.999887120598866e-11,1e-10,enso-pacific-sst,True,True,0.7479202030702953,1.233014843505035,1.4958404061405906,4,9.999998495935358e-09,0.99999999,222
4,9.999891934784922e-11,1e-10,enso-pacific-sst,True,True,0.739098534563756,1.2328128889417829,1.478197069127512,4,9.99999905104687e-09,0.99999999,223
4,9.999923628645563e-11,1e-10,enso-pacific-sst,True,True,0.7375314461149789,1.232463243329893,1.4750628922299578,4,9.99999949513608e-09,0.99999999,224
4,9.999931739202503e-11,1e-10,enso-pacific-sst,True,True,0.7386375308462059,1.2327981363714418,1.4772750616924117,4,1.0000000716381408e-08,0.99999999,225
4,9.9999213375101e-11,1e-10,enso-pacific-sst,True,True,0.7400823840561814,1.232277750694752,1.4801647681123629,4,9.99999905104687e-09,0.99999999,226
4,1.0302939649869197e-10,1.0303070252935234e-10,enso-pacific-sst,True,True,0.7407837134725697,1.2328014995164767,1.4815674269451393,4,9.999998495935358e-09,0.99999999,227
4,1.1103494319987276e-10,1.1103557121385422e-10,enso-pacific-sst,True,True,0.7412758032797572,1.2319933293019498,1.4825516065595143,4,9.999999162069173e-09,0.99999999,228
4,1.1065783654412401e-10,1.1065832732113593e-10,enso-pacific-sst,True,True,0.7401830939026525,1.2298994143567525,1.480366187805305,4,1.0000000050247593e-08,0.99999999,229
4,1.2492667458418264e-10,1.2492731252575062e-10,enso-pacific-sst,True,True,0.7381625941242886,1.2332582129866094,1.4763251882485773,4,9.999999162069173e-09,0.99999999,230
4,1.241403852844251e-10,1.241409569154496e-10,enso-pacific-sst,True,True,0.7366918212611775,1.2335668639661574,1.473383642522355,4,1.0000000050247593e-08,0.99999999,231
4,1.1999289339773323e-10,1.1999328507643585e-10,enso-pacific-sst,True,True,0.7356592581326804,1.2314393578910559,1.4713185162653608,4,9.999999606158383e-09,0.99999999,232
4,1.211653725809993e-10,1.211659363566431e-10,enso-pacific-sst,True,True,0.7363066513947498,1.2305681523780025,1.4726133027894996,4,1.0000000272292198e-08,0.99999999,233
4,1.418022532346638e-10,1.41802896891837e-10,enso-pacific-sst,True,True,0.7363246287535307,1.2284481320524774,1.4726492575070613,4,9.999999162069173e-09,0.99999999,234
4,1.3329157202558942e-10,1.3329240639431826e-10,enso-pacific-sst,True,True,0.7366559061691438,1.2286292989718417,1.4733118123382876,4,9.999999162069173e-09,0.99999999,235
4,1.3025166673640616e-10,1.3025221209073396e-10,enso-pacific-sst,True,True,0.7341199504518949,1.2287197570680248,1.4682399009037899,4,9.99999860695766e-09,0.99999999,236
4,1.286869682315186e-10,1.2868743806228384e-10,enso-pacific-sst,True,True,0.7316058231722942,1.2300062664927163,1.4632116463445883,4,9.999998829002266e-09,0.99999999,237
4,1.2565064669019537e-10,1.256509684690736e-10,enso-pacific-sst,True,True,0.7269806966315611,1.218225851020986,1.4539613932631221,4,9.999999717180685e-09,0.99999999,238
4,1.242255603954863e-10,1.2422602446032573e-10,enso-pacific-sst,True,True,0.7265970321580573,1.2100407026859288,1.4531940643161145,4,9.99999993922529e-09,0.99999999,239
4,1.3000909985287424e-10,1.3000944903579336e-10,enso-pacific-sst,True,True,0.7435419063573421,1.2232654758003294,1.4870838127146842,4,9.99999993922529e-09,0.99999999,240
4,1.3404369154982786e-10,1.3404402997497667e-10,enso-pacific-sst,True,True,0.789704655157339,1.22005314402807,1.579409310314678,4,9.99999949513608e-09,0.99999999,241
4,1.3471941031510958e-10,1.3472016864894958e-10,enso-pacific-sst,True,True,0.7345650815277222,1.2096015723509657,1.4691301630554443,4,9.999999162069173e-09,0.99999999,242
4,1.232188460962215e-10,1.2321989807449004e-10,enso-pacific-sst,True,True,0.7351680446064,1.2196554376688942,1.4703360892128,4,9.999998717979963e-09,0.99999999,243
4,1.2928919046408274e-10,1.292898717954977e-10,enso-pacific-sst,True,True,0.7374129782067884,1.2298265495859786,1.4748259564135768,4,9.99999949513608e-09,0.99999999,244
4,1.201978644920733e-10,1.2019898654955458e-10,enso-pacific-sst,True,True,0.7344214963030218,1.2324466692743015,1.4688429926060436,4,9.999999828202988e-09,0.99999999,245
4,1.0514992548586872e-10,1.0515040235005481e-10,enso-pacific-sst,True,True,0.7306874841572338,1.2349938060529932,1.4613749683144677,4,9.999999162069173e-09,0.99999999,246
4,1.0080219006711588e-10,1.0080287982412712e-10,enso-pacific-sst,True,True,0.7284594749515879,1.235680787317198,1.4569189499031758,4,9.99999860695766e-09,0.99999999,247
4,9.99991262828294e-11,1e-10,enso-pacific-sst,True,True,0.7287923956022357,1.2395468866331363,1.4575847912044715,4,9.999998829002266e-09,0.99999999,248
4,1.0021281040632509e-10,1.002136804768392e-10,enso-pacific-sst,True,True,0.7301708801157272,1.240034667466077,1.4603417602314543,4,9.999999384113778e-09,0.99999999,249
4,1.0231868842858613e-10,1.0231935288708325e-10,enso-pacific-sst,True,True,0.7309248957498502,1.2407145019180827,1.4618497914997004,4,9.999999162069173e-09,0.99999999,250
4,1.066186790632765e-10,1.0662015546337432e-10,enso-pacific-sst,True,True,0.7315269389269925,1.2410007591749257,1.463053877853985,4,9.999997829801544e-09,0.99999999,251
4,1.1936314522588598e-10,1.1936372066298574e-10,enso-pacific-sst,True,True,0.732157539971515,1.241606386950206,1.46431507994303,4,9.999998273890753e-09,0.99999999,252
4,1.2293129667069604e-10,1.2293243524667743e-10,enso-pacific-sst,True,True,0.7331729341535157,1.241855995992554,1.4663458683070314,4,9.999999717180685e-09,0.99999999,253
4,9.999920687338741e-11,1e-10,enso-pacific-sst,True,True,0.7348566721871067,1.2416568871260563,1.4697133443742134,4,9.999997940823846e-09,0.99999999,254
4,9.999920655230301e-11,1e-10,enso-pacific-sst,True,True,0.7371830051389257,1.2410208530315963,1.4743660102778513,4,9.999998384913056e-09,0.99999999,255
4,9.999908692294341e-11,1e-10,enso-pacific-sst,True,True,0.7391330982497203,1.2413160913058134,1.4782661964994406,4,1.0000000272292198e-08,0.99999999,256
4,9.999927446233774e-11,1e-10,enso-pacific-sst,True,True,0.7406698736709844,1.2412257084702405,1.4813397473419687,4,1.0000000272292198e-08,0.99999999,257
4,9.99993035405719e-11,1e-10,enso-pacific-sst,True,True,0.7424737702767934,1.2411063160275704,1.4849475405535868,4,9.99999993922529e-09,0.99999999,258
4,9.999941205478506e-11,1e-10,enso-pacific-sst,True,True,0.7402284988240251,1.2410429894324313,1.4804569976480502,4,9.99999949513608e-09,0.99999999,259
4,9.999918509404254e-11,1e-10,enso-pacific-sst,True,True,0.7366853323130528,1.2400674560880431,1.4733706646261056,4,1.0000000050247593e-08,0.99999999,260
4,9.999905943752635e-11,1e-10,enso-pacific-sst,True,True,0.7348118778051027,1.239993416976871,1.4696237556102054,4,9.999998829002266e-09,0.99999999,261
4,9.99993680665907e-11,1e-10,enso-pacific-sst,True,True,0.7333706290091407,1.2400532875928394,1.4667412580182815,4,9.999999273091476e-09,0.99999999,262
4,9.999944019424866e-11,1e-10,enso-pacific-sst,True,True,0.7322921118943927,1.2401767685060578,1.4645842237887854,4,9.99999949513608e-09,0.99999999,263
4,9.999939848948165e-11,1e-10,enso-pacific-sst,True,True,0.7310086509705661,1.2410659068386996,1.4620173019411322,4,1.0000000050247593e-08,0.99999999,264
4,9.999929378851946e-11,1e-10,enso-pacific-sst,True,True,0.7296304090624728,1.2421610875487321,1.4592608181249456,4,1.0000000050247593e-08,0.99999999,265
4,9.999924343825546e-11,1e-10,enso-pacific-sst,True,True,0.728501381383878,1.2423715157077377,1.457002762767756,4,9.99999949513608e-09,0.99999999,266
4,9.999918408582865e-11,1e-10,enso-pacific-sst,True,True,0.727005365478897,1.2411550758797971,1.454010730957794,4,9.999997496734636e-09,0.99999999,267
4,1.0285355886686947e-10,1.028542693293386e-10,enso-pacific-sst,True,True,0.7238660112404802,1.2362963382922163,1.4477320224809604,4,9.999999162069173e-09,0.99999999,268
4,9.999921279411513e-11,1e-10,enso-pacific-sst,True,True,0.7242720485393083,1.2376003846028927,1.4485440970786165,4,9.999998273890753e-09,0.99999999,269
4,9.999947520771284e-11,1e-10,enso-pacific-sst,True,True,0.7227534004292633,1.2343045588011785,1.4455068008585266,4,9.999999273091476e-09,0.99999999,270
4,9.999961224733893e-11,1e-10,enso-pacific-sst,True,True,0.7151307511383167,1.2181986282316783,1.4302615022766334,4,9.99999860695766e-09,0.99999999,271
4,9.99992835651388e-11,1e-10,enso-pacific-sst,True,True,0.7219137957680821,1.2301410046590269,1.4438275915361642,4,1.0000000494336803e-08,0.99999999,272
4,9.99995855059693e-11,1e-10,enso-pacific-sst,True,True,0.7192768570740982,1.2254222928526055,1.4385537141481963,4,9.999999828202988e-09,0.99999999,273
4,9.999959553003102e-11,1e-10,enso-pacific-sst,True,True,0.707639342758511,1.202021199253066,1.415278685517022,4,1.0000000272292198e-08,0.99999999,274
4,9.999970232492495e-11,1e-10,enso-pacific-sst,True,True,0.7047715084542409,1.1957723237361493,1.4095430169084817,4,9.999998273890753e-09,0.99999999,275
4,1.0861166994017363e-10,1.0861207141960985e-10,enso-pacific-sst,True,True,0.706369905202165,1.1878342295799174,1.41273981040433,4,9.999999384113778e-09,0.99999999,276
4,1.3030614962225957e-10,1.303065818388999e-10,enso-pacific-sst,True,True,0.7356113964953784,1.1795883635280353,1.4712227929907569,4,1.0000000050247593e-08,0.99999999,277
4,1.4855170843074469e-10,1.4855233137599753e-10,enso-pacific-sst,True,True,0.8001005242270711,1.2173520360859054,1.6002010484541422,4,9.99999949513608e-09,0.99999999,278
4,1.5957856744037823e-10,1.5957941633489798e-10,enso-pacific-sst,True,True,0.8039466097201762,1.21174450366283,1.6078932194403524,4,9.999998717979963e-09,0.99999999,279
4,1.591193574849201e-10,1.59120371178045e-10,enso-pacific-sst,True,True,0.803843975827849,1.2184667471529647,1.607687951655698,4,9.999998384913056e-09,0.99999999,280
4,1.6372477105472314e-10,1.6372594678110555e-10,enso-pacific-sst,True,True,0.8055475784686299,1.2180648577123678,1.6110951569372598,4,1.0000000716381408e-08,0.99999999,281
4,1.562490801336995e-10,1.5624987032332502e-10,enso-pacific-sst,True,True,0.804764922215824,1.2128362482508237,1.609529844431648,4,9.999998829002266e-09,0.99999999,282
4,1.623131322936633e-10,1.6231408983502325e-10,enso-pacific-sst,True,True,0.8047492685796324,1.213962371089513,1.6094985371592647,4,1.0000000272292198e-08,0.99999999,283
4,1.6608310249009578e-10,1.660837204344987e-10,enso-pacific-sst,True,True,0.8090514355938694,1.213653352106017,1.6181028711877388,4,9.999999384113778e-09,0.99999999,284
4,1.5610880285604245e-10,1.5610952035466558e-10,enso-pacific-sst,True,True,0.803403800520261,1.2071573814171397,1.606807601040522,4,9.999999606158383e-09,0.99999999,285
4,1.5366043043197397e-10,1.5366106752984803e-10,enso-pacific-sst,True,True,0.792991484878842,1.207816110285591,1.585982969757684,4,9.99999949513608e-09,0.99999999,286
4,1.4019257419632375e-10,1.4019313731685348e-10,enso-pacific-sst,True,True,0.763195880153188,1.1953840503539468,1.526391760306376,4,1.0000000272292198e-08,0.99999999,287
4,1.4543694316478347e-10,1.454375474494124e-10,enso-pacific-sst,True,True,0.7688717951556397,1.2010486792984194,1.5377435903112795,4,9.999998829002266e-09,0.99999999,288
4,1.5332861635931896e-10,1.5332930998982131e-10,enso-pacific-sst,True,True,0.7733052454659541,1.2003758038269128,1.5466104909319083,4,9.999999384113778e-09,0.99999999,289
4,1.4633876458835883e-10,1.4633945854802144e-10,enso-pacific-sst,True,True,0.7773121360366104,1.2014823347651382,1.5546242720732208,4,9.999998940024568e-09,0.99999999,290
4,1.4221403843936358e-10,1.4221462605152752e-10,enso-pacific-sst,True,True,0.7832014218595418,1.2067621347465178,1.5664028437190836,4,9.999999273091476e-09,0.99999999,291
4,1.3047003933776519e-10,1.304708269672367e-10,enso-pacific-sst,True,True,0.7713125952848379,1.2010510609874314,1.5426251905696757,4,1.0000000938426012e-08,0.99999999,292
4,1.1533092915750882e-10,1.1533190772090776e-10,enso-pacific-sst,True,True,0.7360845730504786,1.2064579042245165,1.4721691461009572,4,9.99999905104687e-09,0.99999999,293
4,1.100406573522503e-10,1.100416108017464e-10,enso-pacific-sst,True,True,0.7195314777774517,1.205594625594133,1.4390629555549035,4,9.999998829002266e-09,0.99999999,294
4,1.1031066406552637e-10,1.1031151684892042e-10,enso-pacific-sst,True,True,0.7211975869328614,1.2151714572744894,1.4423951738657228,4,9.999998273890753e-09,0.99999999,295
4,1.1204786706944334e-10,1.1204858712434579e-10,enso-pacific-sst,True,True,0.7240373789144499,1.2194598484386239,1.4480747578288997,4,9.999999384113778e-09,0.99999999,296
4,1.1620204410311901e-10,1.1620282053604745e-10,enso-pacific-sst,True,True,0.7259138686709328,1.222098414013101,1.4518277373418655,4,9.999999606158383e-09,0.99999999,297
4,1.2044445010006005e-10,1.2044538505684054e-10,enso-pacific-sst,True,True,0.7283985282283779,1.2247129603743547,1.4567970564567558,4,9.999999606158383e-09,0.99999999,298
4,1.232200707946838e-10,1.2322088556062422e-10,enso-pacific-sst,True,True,0.7309489477188638,1.2264270980720702,1.4618978954377275,4,9.99999905104687e-09,0.99999999,299
4,1.2689875809825964e-10,1.2689941137421224e-10,enso-pacific-sst,True,True,0.7349303046369893,1.2311306493933503,1.4698606092739785,4,9.999999828202988e-09,0.99999999,300
4,1.3126328327151685e-10,1.3126401487060048e-10,enso-pacific-sst,True,True,0.7371197854207008,1.2316414639117463,1.4742395708414016,4,9.999997607756939e-09,0.99999999,301
4,1.182351781269153e-10,1.1823604686582176e-10,enso-pacific-sst,True,True,0.7401325290745512,1.23287119424869,1.4802650581491024,4,9.999997274690031e-09,0.99999999,302
4,1.1243421577424117e-10,1.1243482720044814e-10,enso-pacific-sst,True,True,0.7398176968166659,1.2324917905634631,1.4796353936333317,4,9.999999717180685e-09,0.99999999,303
4,1.1060583170324964e-10,1.1060672730189144e-10,enso-pacific-sst,True,True,0.7386108828646905,1.2329674384000173,1.477221765729381,4,9.999998495935358e-09,0.99999999,304
4,1.1057052768401381e-10,1.1057113117351324e-10,enso-pacific-sst,True,True,0.7383123720325904,1.233584354897493,1.4766247440651807,4,1.0000000272292198e-08,0.99999999,305
4,1.0318153437205635e-10,1.0318219768458525e-10,enso-pacific-sst,True,True,0.7384371027818671,1.2341536473532193,1.4768742055637343,4,9.999998717979963e-09,0.99999999,306
4,1.0109059322273424e-10,1.0109121661127591e-10,enso-pacific-sst,True,True,0.7373653976175846,1.2347382472357493,1.4747307952351691,4,9.99999949513608e-09,0.99999999,307
4,9.999933899403837e-11,1e-10,enso-pacific-sst,True,True,0.7359013553359299,1.234780173144657,1.4718027106718599,4,9.99999949513608e-09,0.99999999,308
4,9.999959498066004e-11,1e-10,enso-pacific-sst,True,True,0.7356668266445081,1.2343309362799477,1.4713336532890162,4,9.99999905104687e-09,0.99999999,309
4,9.999957101050359e-11,1e-10,enso-pacific-sst,True,True,0.7355343653385881,1.2333813099001971,1.4710687306771761,4,9.999999606158383e-09,0.99999999,310
4,9.999939732474309e-11,1e-10,enso-pacific-sst,True,True,0.7458425845681446,1.2348656383188028,1.4916851691362891,4,9.999999606158383e-09,0.99999999,311
4,9.999960639280779e-11,1e-10,enso-pacific-sst,True,True,0.7677279742197942,1.2355878776027875,1.5354559484395884,4,9.999999273091476e-09,0.99999999,312
4,9.999957629230877e-11,1e-10,enso-pacific-sst,True,True,0.7806316514312015,1.235722601595611,1.561263302862403,4,1.0000000716381408e-08,0.99999999,313
4,9.999961221651858e-11,1e-10,enso-pacific-sst,True,True,0.7800022247598016,1.235787128720505,1.5600044495196033,4,9.999999162069173e-09,0.99999999,314
4,1.0735086477164231e-10,1.0735161050776467e-10,enso-pacific-sst,True,True,0.7760432880692394,1.2361208671793507,1.5520865761384788,4,9.999997829801544e-09,0.99999999,315
4,1.1640397114847131e-10,1.1640460461439777e-10,enso-pacific-sst,True,True,0.7718856940490674,1.2360760567156723,1.5437713880981347,4,9.999999828202988e-09,0.99999999,316
4,1.0585043523698675e-10,1.0585101164807357e-10,enso-pacific-sst,True,True,0.7689195580495795,1.2353067648939926,1.537839116099159,4,9.999998940024568e-09,0.99999999,317
4,1.1169190309291894e-10,1.116922809590783e-10,enso-pacific-sst,True,True,0.7736411994018448,1.2339225034461259,1.5472823988036897,4,9.99999993922529e-09,0.99999999,318
4,1.3493832093678226e-10,1.3493902471890712e-10,enso-pacific-sst,True,True,0.7824617193123646,1.2324644994424685,1.5649234386247293,4,9.999999717180685e-09,0.99999999,319
4,1.3508214199654616e-10,1.3508282024687033e-10,enso-pacific-sst,True,True,0.7852856441682993,1.2311892401836841,1.5705712883365985,4,1.0000000272292198e-08,0.99999999,320
4,1.4354555597546704e-10,1.4354651157640896e-10,enso-pacific-sst,True,True,0.7909632822984233,1.2291999905772046,1.5819265645968466,4,9.999999606158383e-09,0.99999999,321
4,1.4855673938880923e-10,1.4855750924105866e-10,enso-pacific-sst,True,True,0.7973283243810754,1.2278910934393572,1.5946566487621507,4,9.999999717180685e-09,0.99999999,322
4,1.284172779490213e-10,1.2841780630306416e-10,enso-pacific-sst,True,True,0.801987678962517,1.2282018040227622,1.603975357925034,4,9.999999828202988e-09,0.99999999,323
4,1.2673544142869056e-10,1.2673619576271323e-10,enso-pacific-sst,True,True,0.8021750668019156,1.2257116249326097,1.6043501336038313,4,9.999998051846148e-09,0.99999999,324
4,1.306965154428516e-10,1.3069752036374817e-10,enso-pacific-sst,True,True,0.7995051192254147,1.227650067764939,1.5990102384508293,4,9.999999828202988e-09,0.99999999,325
4,1.4676982024045825e-10,1.467707155099098e-10,enso-pacific-sst,True,True,0.8054873640615893,1.2263988647726831,1.6109747281231785,4,9.999999606158383e-09,0.99999999,326
4,1.6113523766756056e-10,1.6113627313419388e-10,enso-pacific-sst,True,True,0.8088651304515335,1.2241943813050353,1.617730260903067,4,1.0000000494336803e-08,0.99999999,327
4,1.6696427938407816e-10,1.6696484716492616e-10,enso-pacific-sst,True,True,0.8050497436317965,1.2239439088556465,1.610099487263593,4,9.999999828202988e-09,0.99999999,328
4,1.5987124340925793e-10,1.5987246570487874e-10,enso-pacific-sst,True,True,0.8001402837358971,1.2234345213889084,1.6002805674717941,4,9.99999949513608e-09,0.99999999,329
4,1.626250807556619e-10,1.6262602336240336e-10,enso-pacific-sst,True,True,0.7960308680252722,1.223149324478751,1.5920617360505445,4,9.999998162868451e-09,0.99999999,330
4,1.8338980905143922e-10,1.8339057590520166e-10,enso-pacific-sst,True,True,0.7955821345667523,1.2202389239608369,1.5911642691335046,4,9.999999162069173e-09,0.99999999,331
4,1.7396935444728202e-10,1.739702240052926e-10,enso-pacific-sst,True,True,0.7994935510599647,1.2260025966982653,1.5989871021199293,4,9.999999828202988e-09,0.99999999,332
4,1.6691492510223339e-10,1.669159705552347e-10,enso-pacific-sst,True,True,0.798542563053306,1.2268340297535567,1.597085126106612,4,9.99999905104687e-09,0.99999999,333
4,1.6816550981602247e-10,1.6816650736221842e-10,enso-pacific-sst,True,True,0.7976279732385332,1.2280424726253636,1.5952559464770664,4,9.999999162069173e-09,0.99999999,334
4,1.6566530157992788e-10,1.6566610924772338e-10,enso-pacific-sst,True,True,0.794847585071688,1.2301048985228527,1.589695170143376,4,9.999997607756939e-09,0.99999999,335
4,1.539988099508992e-10,1.5399960981329562e-10,enso-pacific-sst,True,True,0.7918854608874563,1.2317263246178842,1.5837709217749125,4,1.0000000050247593e-08,0.99999999,336
4,1.5316247590811212e-10,1.531633411393251e-10,enso-pacific-sst,True,True,0.7887019774164179,1.2316052333339582,1.5774039548328358,4,9.99999949513608e-09,0.99999999,337
4,1.705556886288414e-10,1.7055641322019343e-10,enso-pacific-sst,True,True,0.7855802968331198,1.2324664343899654,1.5711605936662396,4,9.99999949513608e-09,0.99999999,338
4,1.477199867877063e-10,1.477207457576119e-10,enso-pacific-sst,True,True,0.7854244540094113,1.2322662367918467,1.5708489080188226,4,9.999998829002266e-09,0.99999999,339
4,1.2865712312622135e-10,1.2865802656685988e-10,enso-pacific-sst,True,True,0.7831963351583001,1.2330840382619297,1.5663926703166002,4,9.999998717979963e-09,0.99999999,340
4,1.1302354809709398e-10,1.1302404380921071e-10,enso-pacific-sst,True,True,0.786104405065487,1.2338070226356919,1.572208810130974,4,9.999997940823846e-09,0.99999999,341
4,1.1269882036846931e-10,1.1269949314570124e-10,enso-pacific-sst,True,True,0.7886461161312838,1.234218403722223,1.5772922322625675,4,9.999998384913056e-09,0.99999999,342
4,1.088717114362358e-10,1.0887208078462701e-10,enso-pacific-sst,True,True,0.7841720750083347,1.2350132715760276,1.5683441500166695,4,9.999999273091476e-09,0.99999999,343
4,1.2376828111735406e-10,1.2376887050523148e-10,enso-pacific-sst,True,True,0.8115341423759316,1.234755672596875,1.6230682847518632,4,9.999999273091476e-09,0.99999999,344
4,1.4751479170490093e-10,1.4751529091052082e-10,enso-pacific-sst,True,True,0.8166802683315559,1.2356949284358079,1.6333605366631119,4,9.999999828202988e-09,0.99999999,345
4,1.5902150396703114e-10,1.5902252323270586e-10,enso-pacific-sst,True,True,0.8222937764626402,1.2349526537371232,1.6445875529252805,4,9.999998273890753e-09,0.99999999,346
4,1.696060415923039e-10,1.6960702411720367e-10,enso-pacific-sst,True,True,0.8222994465187291,1.236804157707398,1.6445988930374582,4,9.999999717180685e-09,0.99999999,347
4,1.620257390423671e-10,1.6202664668129374e-10,enso-pacific-sst,True,True,0.8208048344801016,1.23673950869923,1.641609668960203,4,9.999999717180685e-09,0.99999999,348
4,1.4392674913793753e-10,1.4392777413909575e-10,enso-pacific-sst,True,True,0.772653778742882,1.236037810937606,1.545307557485764,4,9.999997607756939e-09,0.99999999,349
4,1.1318884492517951e-10,1.1318943036044263e-10,enso-pacific-sst,True,True,0.7837261768029573,1.2324237177067277,1.5674523536059146,4,9.999999384113778e-09,0.99999999,350
4,1.269462547383188e-10,1.269469491863381e-10,enso-pacific-sst,True,True,0.7923741649857323,1.2362039487971304,1.5847483299714646,4,9.999999828202988e-09,0.99999999,351
4,1.4083481541848053e-10,1.408362150961134e-10,enso-pacific-sst,True,True,0.7978397308078227,1.2356821186764924,1.5956794616156453,4,9.999998829002266e-09,0.99999999,352
4,1.4680494860335938e-10,1.4680592613333122e-10,enso-pacific-sst,True,True,0.8015330748513828,1.2342918417288034,1.6030661497027656,4,9.999999384113778e-09,0.99999999,353
4,1.5383189332219977e-10,1.5383298337326995e-10,enso-pacific-sst,True,True,0.8042622549321435,1.2331224880028242,1.608524509864287,4,9.99999905104687e-09,0.99999999,354
4,1.5110867603861413e-10,1.5110931759417021e-10,enso-pacific-sst,True,True,0.8055134723442889,1.2339229254562731,1.6110269446885779,4,9.99999860695766e-09,0.99999999,355
4,1.431287352616153e-10,1.4312964942946398e-10,enso-pacific-sst,True,True,0.8044127410700651,1.233374243636244,1.6088254821401302,4,9.999999162069173e-09,0.99999999,356
4,1.4509017423635267e-10,1.450910487393557e-10,enso-pacific-sst,True,True,0.8066348886520526,1.2331684334638666,1.6132697773041051,4,9.999998717979963e-09,0.99999999,357
4,1.5306533172154476e-10,1.530660404026594e-10,enso-pacific-sst,True,True,0.8096333767823999,1.232639882888705,1.6192667535647998,4,1.0000000272292198e-08,0.99999999,358
4,1.563623458339719e-10,1.5636312120641977e-10,enso-pacific-sst,True,True,0.8124888896297048,1.2320708114893772,1.6249777792594096,4,9.99999905104687e-09,0.99999999,359
4,1.5580150899997891e-10,1.5580238538716907e-10,enso-pacific-sst,True,True,0.814928698426565,1.2314675357467144,1.62985739685313,4,1.0000000272292198e-08,0.99999999,360
4,1.5658916762220364e-10,1.5658990153220476e-10,enso-pacific-sst,True,True,0.8150849589439079,1.232150517695783,1.6301699178878157,4,1.0000000050247593e-08,0.99999999,361
4,1.5330962961709183e-10,1.5331055523622575e-10,enso-pacific-sst,True,True,0.8137958117446764,1.2322151321212178,1.6275916234893528,4,9.999999273091476e-09,0.99999999,362
4,1.3927874065034615e-10,1.3927947065197357e-10,enso-pacific-sst,True,True,0.8118984790038265,1.2268151605198834,1.623796958007653,4,9.999999828202988e-09,0.99999999,363
4,1.3752407753159576e-10,1.3752462060647695e-10,enso-pacific-sst,True,True,0.8174790220433507,1.227764320926168,1.6349580440867013,4,1.0000000272292198e-08,0.99999999,364
4,1.4543078803710804e-10,1.4543141753554278e-10,enso-pacific-sst,True,True,0.8228145950063106,1.2291052022659956,1.6456291900126212,4,9.999999273091476e-09,0.99999999,365
4,1.1943529458173484e-10,1.194359373876849e-10,enso-pacific-sst,True,True,0.8111217324727695,1.2284859650446036,1.622243464945539,4,9.999999384113778e-09,0.99999999,366
4,1.147691291034918e-10,1.1476985098485468e-10,enso-pacific-sst,True,True,0.7913091290975343,1.2269334885849117,1.5826182581950685,4,9.99999949513608e-09,0.99999999,367
4,1.1075165698046547e-10,1.1075264631635341e-10,enso-pacific-sst,True,True,0.7695324942167363,1.2227487029636168,1.5390649884334726,4,9.999998273890753e-09,0.99999999,368
4,1.020730406422554e-10,1.0207370479520793e-10,enso-pacific-sst,True,True,0.7543295734947931,1.2273972011214123,1.5086591469895863,4,9.999998717979963e-09,0.99999999,369
4,9.999912420311216e-11,1e-10,enso-pacific-sst,True,True,0.7415410924352096,1.2308406425893699,1.4830821848704192,4,9.999998384913056e-09,0.99999999,370
4,9.999924998218973e-11,1e-10,enso-pacific-sst,True,True,0.7262197482819888,1.2314547349196376,1.4524394965639775,4,1.0000000050247593e-08,0.99999999,371
4,9.999923007103885e-11,1e-10,enso-pacific-sst,True,True,0.7230054936148854,1.2302197881090304,1.4460109872297708,4,9.999998940024568e-09,0.99999999,372
4,9.999910351566435e-11,1e-10,enso-pacific-sst,True,True,0.7269195386911866,1.237817885995601,1.4538390773823733,4,9.99999949513608e-09,0.99999999,373
4,9.99991017012367e-11,1e-10,enso-pacific-sst,True,True,0.729259118493365,1.2399269170058815,1.45851823698673,4,9.999998162868451e-09,0.99999999,374
4,9.999884905217401e-11,1e-10,enso-pacific-sst,True,True,0.7298907796644017,1.2408266801373622,1.4597815593288035,4,9.999999384113778e-09,0.99999999,375
4,9.999919329839232e-11,1e-10,enso-pacific-sst,True,True,0.7296239109403503,1.241127935013035,1.4592478218807006,4,1.0000000938426012e-08,0.99999999,376
4,9.999904962723745e-11,1e-10,enso-pacific-sst,True,True,0.7292318920060067,1.2409687129777316,1.4584637840120134,4,9.999998273890753e-09,0.99999999,377
4,9.999908167986288e-11,1e-10,enso-pacific-sst,True,True,0.7293293697584874,1.2414471344127813,1.4586587395169748,4,9.99999993922529e-09,0.99999999,378
4,9.999926891269948e-11,1e-10,enso-pacific-sst,True,True,0.7302101218222578,1.2423239964642767,1.4604202436445155,4,9.999998384913056e-09,0.99999999,379
4,9.999878690896864e-11,1e-10,enso-pacific-sst,True,True,0.7314596777534335,1.2433600055069118,1.462919355506867,4,9.999998940024568e-09,0.99999999,380
4,9.999933250330191e-11,1e-10,enso-pacific-sst,True,True,0.7318879137761829,1.239981387101862,1.4637758275523658,4,9.999999162069173e-09,0.99999999,381
4,9.999914443605704e-11,1e-10,enso-pacific-sst,True,True,0.7350451585657766,1.2405054287950645,1.4700903171315531,4,9.999998495935358e-09,0.99999999,382
4,9.999931237769569e-11,1e-10,enso-pacific-sst,True,True,0.7374500007545464,1.2409727699506488,1.4749000015090927,4,1.0000000272292198e-08,0.99999999,383
4,9.999933867800008e-11,1e-10,enso-pacific-sst,True,True,0.739206994548276,1.2418817192906881,1.478413989096552,4,9.99999905104687e-09,0.99999999,384
4,9.9999222633667e-11,1e-10,enso-pacific-sst,True,True,0.7410948970515074,1.2436630436814462,1.4821897941030149,4,9.999998495935358e-09,0.99999999,385
4,9.99996044921823e-11,1e-10,enso-pacific-sst,True,True,0.741944027773325,1.2451853620177504,1.48388805554665,4,9.99999905104687e-09,0.99999999,386
4,9.999932329720927e-11,1e-10,enso-pacific-sst,True,True,0.7388779773249032,1.2445414085407247,1.4777559546498065,4,9.99999905104687e-09,0.99999999,387
4,9.999943819724884e-11,1e-10,enso-pacific-sst,True,True,0.7369435224844728,1.2426045788781332,1.4738870449689456,4,9.99999905104687e-09,0.99999999,388
4,9.99989011410137e-11,1e-10,enso-pacific-sst,True,True,0.7350169092592569,1.2423723201172514,1.4700338185185138,4,9.99999993922529e-09,0.99999999,389
4,9.999922686727584e-11,1e-10,enso-pacific-sst,True,True,0.7332821974968068,1.2418471807015625,1.4665643949936136,4,9.999997940823846e-09,0.99999999,390
4,9.99992973124005e-11,1e-10,enso-pacific-sst,True,True,0.7316624156711221,1.2411404039916236,1.4633248313422442,4,9.999998717979963e-09,0.99999999,391
4,9.999941701807384e-11,1e-10,enso-pacific-sst,True,True,0.7306585419952186,1.2434448608592477,1.4613170839904372,4,9.999999828202988e-09,0.99999999,392
4,9.999921231830529e-11,1e-10,enso-pacific-sst,True,True,0.7283084606012363,1.2421300921066012,1.4566169212024727,4,1.0000000494336803e-08,0.99999999,393
4,9.999938559078298e-11,1e-10,enso-pacific-sst,True,True,0.7268787671619438,1.2421193921541192,1.4537575343238875,4,9.99999949513608e-09,0.99999999,394
4,9.999931059673291e-11,1e-10,enso-pacific-sst,True,True,0.7257719278850963,1.2407534898022996,1.4515438557701925,4,9.99999993922529e-09,0.99999999,395
4,9.999949413348146e-11,1e-10,enso-pacific-sst,True,True,0.7251930417234457,1.2403616714190415,1.4503860834468913,4,9.99999949513608e-09,0.99999999,396
4,9.999940336091223e-11,1e-10,enso-pacific-sst,True,True,0.7241195910588154,1.2392556293686827,1.4482391821176308,4,9.99999993922529e-09,0.99999999,397
4,9.99994737525505e-11,1e-10,enso-pacific-sst,True,True,0.7210469207290584,1.235666154236178,1.4420938414581168,4,9.999998384913056e-09,0.99999999,398
4,9.999940748382831e-11,1e-10,enso-pacific-sst,True,True,0.7185250839392094,1.2337295719331474,1.4370501678784189,4,9.99999905104687e-09,0.99999999,399
4,9.999965212600918e-11,1e-10,enso-pacific-sst,True,True,0.7160465939066438,1.2289050681663563,1.4320931878132876,4,9.99999905104687e-09,0.99999999,400
4,9.999977647808351e-11,1e-10,enso-pacific-sst,True,True,0.7125762262120332,1.2212378948653826,1.4251524524240664,4,9.99999993922529e-09,0.99999999,401
4,9.999977094993951e-11,1e-10,enso-pacific-sst,True,True,0.7106431481755896,1.2153145787610986,1.4212862963511792,4,9.99999949513608e-09,0.99999999,402
4,9.999965778399776e-11,1e-10,enso-pacific-sst,True,True,0.7199619472647091,1.2273981658281876,1.4399238945294182,4,9.999999717180685e-09,0.99999999,403
4,9.999961708316862e-11,1e-10,enso-pacific-sst,True,True,0.7415407037540837,1.2237534138784691,1.4830814075081673,4,9.999999606158383e-09,0.99999999,404
4,1.1770826181580605e-10,1.1770866317661227e-10,enso-pacific-sst,True,True,0.7535127704695456,1.2193883843669369,1.5070255409390911,4,9.99999949513608e-09,0.99999999,405
4,1.4358387604145847e-10,1.4358442987588713e-10,enso-pacific-sst,True,True,0.7845822066525553,1.2143626198842583,1.5691644133051106,4,9.999999384113778e-09,0.99999999,406
4,1.6193889904619225e-10,1.6193928128776523e-10,enso-pacific-sst,True,True,0.7941618285864528,1.215718818472924,1.5883236571729056,4,9.999999273091476e-09,0.99999999,407
4,1.7411189297195494e-10,1.7411282843717856e-10,enso-pacific-sst,True,True,0.8020428560239553,1.2213271150811515,1.6040857120479106,4,9.999999717180685e-09,0.99999999,408
4,1.680461401608078e-10,1.6804681075294543e-10,enso-pacific-sst,True,True,0.8023995687712081,1.2227820811860663,1.6047991375424162,4,9.99999949513608e-09,0.99999999,409
4,1.6287409047615623e-10,1.6287485821074755e-10,enso-pacific-sst,True,True,0.7977221946185813,1.2180259915844038,1.5954443892371626,4,9.999999828202988e-09,0.99999999,410
4,1.745877256587345e-10,1.74588427713158e-10,enso-pacific-sst,True,True,0.7998014088019068,1.2198549121488655,1.5996028176038135,4,9.999999717180685e-09,0.99999999,411
4,1.8260876996104093e-10,1.826097500955041e-10,enso-pacific-sst,True,True,0.8050813605957964,1.2244705809821352,1.6101627211915928,4,9.999998717979963e-09,0.99999999,412
4,1.6907630887526533e-10,1.69076884474129e-10,enso-pacific-sst,True,True,0.8034662401307336,1.2230335091704079,1.6069324802614673,4,9.999999162069173e-09,0.99999999,413
4,1.6681993877080422e-10,1.6682065489564015e-10,enso-pacific-sst,True,True,0.8010699925828924,1.2252287793043148,1.6021399851657847,4,9.99999905104687e-09,0.99999999,414
4,1.6995304388377483e-10,1.6995360392009345e-10,enso-pacific-sst,True,True,0.7961463790235972,1.2178599167702187,1.5922927580471944,4,9.999999717180685e-09,0.99999999,415
4,1.4494539788657745e-10,1.4494620045456168e-10,enso-pacific-sst,True,True,0.7936034581125622,1.2181746046666366,1.5872069162251243,4,9.99999949513608e-09,0.99999999,416
4,1.3188901308336568e-10,1.318897058757321e-10,enso-pacific-sst,True,True,0.790035032780184,1.2183592628772022,1.580070065560368,4,9.99999993922529e-09,0.99999999,417
4,1.2753953815650827e-10,1.27540014925492e-10,enso-pacific-sst,True,True,0.7829947914892955,1.2188164107941741,1.565989582978591,4,1.0000000050247593e-08,0.99999999,418
4,1.3864304026282728e-10,1.3864378422286674e-10,enso-pacific-sst,True,True,0.7808808837538327,1.2240219186896018,1.5617617675076654,4,9.99999949513608e-09,0.99999999,419
4,1.4457302587969938e-10,1.4457381506227353e-10,enso-pacific-sst,True,True,0.7734476816616669,1.2229876198231675,1.5468953633233338,4,9.999999606158383e-09,0.99999999,420
4,1.291291693061991e-10,1.2912982431973136e-10,enso-pacific-sst,True,True,0.7670134704369769,1.2269356676332888,1.5340269408739537,4,9.999998940024568e-09,0.99999999,421
4,1.3604370001958117e-10,1.3604460064027563e-10,enso-pacific-sst,True,True,0.7644490582578352,1.2285688978767537,1.5288981165156703,4,9.999999273091476e-09,0.99999999,422
4,1.147487292777798e-10,1.1474955808405355e-10,enso-pacific-sst,True,True,0.7601780160277916,1.2312229995131427,1.5203560320555831,4,9.99999993922529e-09,0.99999999,423
4,1.1557128059765247e-10,1.1557207792032726e-10,enso-pacific-sst,True,True,0.7587506140054542,1.2326434456483675,1.5175012280109084,4,1.0000000494336803e-08,0.99999999,424
4,1.2497968830611188e-10,1.249805940180683e-10,enso-pacific-sst,True,True,0.7574340218272817,1.234276648277187,1.5148680436545634,4,9.99999905104687e-09,0.99999999,425
4,1.3299246104289564e-10,1.3299312780517735e-10,enso-pacific-sst,True,True,0.7593705988972771,1.2350323092378477,1.5187411977945542,4,9.999999717180685e-09,0.99999999,426
4,1.4381341933310965e-10,1.438144120968319e-10,enso-pacific-sst,True,True,0.7615370530279011,1.2357765320698637,1.5230741060558022,4,9.999999828202988e-09,0.99999999,427
4,1.63635050743227e-10,1.6363608754278484e-10,enso-pacific-sst,True,True,0.7648398688925898,1.2362519127126612,1.5296797377851796,4,9.999998273890753e-09,0.99999999,428
4,1.6024526423076446e-10,1.6024636335247998e-10,enso-pacific-sst,True,True,0.766178323374958,1.2378897710794394,1.532356646749916,4,9.99999949513608e-09,0.99999999,429
4,1.4333689168330913e-10,1.433376800188532e-10,enso-pacific-sst,True,True,0.7657110705688274,1.2393423615151933,1.5314221411376547,4,1.0000000938426012e-08,0.99999999,430
4,1.2509069707398424e-10,1.2509170930006445e-10,enso-pacific-sst,True,True,0.7656824150790945,1.240627064874602,1.531364830158189,4,9.999999717180685e-09,0.99999999,431
4,1.0981861881539425e-10,1.098192366332618e-10,enso-pacific-sst,True,True,0.7634059718154936,1.239811307514843,1.5268119436309873,4,9.999998273890753e-09,0.99999999,432
4,9.999930526653791e-11,1e-10,enso-pacific-sst,True,True,0.7617100148184939,1.2402412729713248,1.5234200296369877,4,9.999998940024568e-09,0.99999999,433
4,9.999942407328808e-11,1e-10,enso-pacific-sst,True,True,0.7575697542810469,1.2398367521970066,1.5151395085620938,4,9.999999162069173e-09,0.99999999,434
4,9.999954672523765e-11,1e-10,enso-pacific-sst,True,True,0.7537766350863782,1.2395855195432346,1.5075532701727563,4,9.99999949513608e-09,0.99999999,435
4,9.99994736241673e-11,1e-10,enso-pacific-sst,True,True,0.7475648900204023,1.2381413251393891,1.4951297800408045,4,9.999998940024568e-09,0.99999999,436
4,9.999962568128504e-11,1e-10,enso-pacific-sst,True,True,0.7428876104800064,1.2389994510884756,1.4857752209600128,4,1.0000000272292198e-08,0.99999999,437
4,9.999914861255585e-11,1e-10,enso-pacific-sst,True,True,0.7397955430748815,1.2406130222450231,1.479591086149763,4,9.99999905104687e-09,0.99999999,438
4,9.999932316721589e-11,1e-10,enso-pacific-sst,True,True,0.7375233159737263,1.2408994034450656,1.4750466319474527,4,9.99999905104687e-09,0.99999999,439
4,9.99991889156313e-11,1e-10,enso-pacific-sst,True,True,0.7358157088802537,1.2408926237202742,1.4716314177605074,4,9.99999949513608e-09,0.99999999,440
4,9.99990079903469e-11,1e-10,enso-pacific-sst,True,True,0.7348793186025346,1.2409779099129992,1.4697586372050693,4,1.0000000050247593e-08,0.99999999,441
4,1.0419042545151805e-10,1.0419117609201976e-10,enso-pacific-sst,True,True,0.7344186600838218,1.2411250552340012,1.4688373201676437,4,9.999997940823846e-09,0.99999999,442
4,1.2870739521592766e-10,1.2870842692491474e-10,enso-pacific-sst,True,True,0.7341606398840524,1.240015952187512,1.468321279768105,4,9.999998051846148e-09,0.99999999,443
4,1.385366546766575e-10,1.385374428117173e-10,enso-pacific-sst,True,True,0.7346970794173858,1.2397666688833522,1.4693941588347716,4,9.999998495935358e-09,0.99999999,444
4,1.1796989395674857e-10,1.1797056295742225e-10,enso-pacific-sst,True,True,0.7356013960287082,1.2380944157188607,1.4712027920574164,4,9.999999162069173e-09,0.99999999,445
4,1.288343528767425e-10,1.2883522442023652e-10,enso-pacific-sst,True,True,0.7368694694400724,1.2361560401284406,1.4737389388801447,4,1.0000000272292198e-08,0.99999999,446
4,1.3091164476798616e-10,1.3091263967481363e-10,enso-pacific-sst,True,True,0.7370737737896185,1.2349931920410753,1.474147547579237,4,9.999998495935358e-09,0.99999999,447
4,1.262006390810656e-10,1.2620125519430532e-10,enso-pacific-sst,True,True,0.7372354259033048,1.23400111675289,1.4744708518066096,4,9.999997829801544e-09,0.99999999,448
4,1.2771108221096343e-10,1.2771175422709772e-10,enso-pacific-sst,True,True,0.7364100919185717,1.2322538214448113,1.4728201838371433,4,9.99999949513608e-09,0.99999999,449
4,1.202406767568973e-10,1.2024131359403926e-10,enso-pacific-sst,True,True,0.7340330978582998,1.2284381182335375,1.4680661957165997,4,9.99999993922529e-09,0.99999999,450
4,1.1160524720498294e-10,1.1160577513041425e-10,enso-pacific-sst,True,True,0.7314773513083498,1.223043126338628,1.4629547026166996,4,1.0000000938426012e-08,0.99999999,451
4,1.054042601544677e-10,1.0540459409228967e-10,enso-pacific-sst,True,True,0.7294451719152835,1.2201822627581005,1.458890343830567,4,9.999999384113778e-09,0.99999999,452
4,1.0103776503048231e-10,1.010380554260044e-10,enso-pacific-sst,True,True,0.7241404911896493,1.2064978669922557,1.4482809823792986,4,1.0000000050247593e-08,0.99999999,453
4,1.0423584009200403e-10,1.0423613053972267e-10,enso-pacific-sst,True,True,0.7350378754433066,1.2104291619492116,1.4700757508866131,4,9.99999993922529e-09,0.99999999,454
4,1.154417976896887e-10,1.154422335699848e-10,enso-pacific-sst,True,True,0.7565114110292034,1.2137817348354816,1.5130228220584068,4,9.99999949513608e-09,0.99999999,455
4,1.4375458752895474e-10,1.4375488023444056e-10,enso-pacific-sst,True,True,0.7878446806137399,1.216098195269423,1.5756893612274798,4,9.999999717180685e-09,0.99999999,456
4,1.8316694960596247e-10,1.831677564742178e-10,enso-pacific-sst,True,True,0.800441825554973,1.2175989034517787,1.600883651109946,4,9.99999949513608e-09,0.99999999,457
4,1.71936893513673e-10,1.71937708622849e-10,enso-pacific-sst,True,True,0.7975538584835764,1.217076845295625,1.5951077169671528,4,9.99999993922529e-09,0.99999999,458
4,1.776052600925435e-10,1.776058706152339e-10,enso-pacific-sst,True,True,0.7952374516113283,1.220157442570883,1.5904749032226566,4,9.999998940024568e-09,0.99999999,459
4,1.8054765360289162e-10,1.805486946097341e-10,enso-pacific-sst,True,True,0.7930361822834748,1.2217047076010812,1.5860723645669497,4,9.999999828202988e-09,0.99999999,460
4,1.6154591017514436e-10,1.615468480274806e-10,enso-pacific-sst,True,True,0.792922065394976,1.2230495911682304,1.585844130789952,4,9.999997496734636e-09,0.99999999,461
4,1.460057457941192e-10,1.4600621539901558e-10,enso-pacific-sst,True,True,0.7954119605800214,1.2243633712868647,1.5908239211600428,4,9.999997829801544e-09,0.99999999,462
4,1.3401829636280154e-10,1.3401877916787242e-10,enso-pacific-sst,True,True,0.7981551130084938,1.2246385868708753,1.5963102260169877,4,9.99999993922529e-09,0.99999999,463
4,1.2907311974950636e-10,1.2907360769100688e-10,enso-pacific-sst,True,True,0.8056891705026376,1.2262455178015594,1.611378341005275,4,9.99999993922529e-09,0.99999999,464
4,1.5813488512733135e-10,1.5813565961094497e-10,enso-pacific-sst,True,True,0.8147510237893568,1.2268165053007958,1.6295020475787136,4,9.999998829002266e-09,0.99999999,465
4,1.5961867644975725e-10,1.596194403018736e-10,enso-pacific-sst,True,True,0.8230686311383387,1.2270640103304078,1.6461372622766774,4,9.99999993922529e-09,0.99999999,466
4,1.5811958117497559e-10,1.581204200424851e-10,enso-pacific-sst,True,True,0.8249313241797677,1.2312279378706226,1.6498626483595353,4,9.999999828202988e-09,0.99999999,467
4,1.5809774047691157e-10,1.580984040274532e-10,enso-pacific-sst,True,True,0.8261961595245653,1.2351396699451547,1.6523923190491305,4,9.999999162069173e-09,0.99999999,468
4,1.51493306152409e-10,1.5149388207003487e-10,enso-pacific-sst,True,True,0.8259488189728464,1.2355058907596728,1.6518976379456929,4,9.999999606158383e-09,0.99999999,469
4,1.4379667204252833e-10,1.4379742594034667e-10,enso-pacific-sst,True,True,0.8267094556280886,1.235893908774234,1.6534189112561772,4,1.0000000272292198e-08,0.99999999,470
4,1.3338150351064814e-10,1.3338211799487624e-10,enso-pacific-sst,True,True,0.8240623584757057,1.2339117598640266,1.6481247169514115,4,9.99999949513608e-09,0.99999999,471
4,1.47303050634717e-10,1.4730365830375411e-10,enso-pacific-sst,True,True,0.8242669507334274,1.2356150948042037,1.6485339014668547,4,9.999999606158383e-09,0.99999999,472
4,1.469590076129853e-10,1.4695961808354997e-10,enso-pacific-sst,True,True,0.8269095484923628,1.236258873504582,1.6538190969847255,4,1.0000000272292198e-08,0.99999999,473
4,1.499230240082043e-10,1.4992370759945568e-10,enso-pacific-sst,True,True,0.8225269889787321,1.2342188526161955,1.6450539779574642,4,9.999999606158383e-09,0.99999999,474
4,1.3665097139793484e-10,1.3665187019095655e-10,enso-pacific-sst,True,True,0.8129820262008989,1.2360243959445443,1.6259640524017978,4,9.999999606158383e-09,0.99999999,475
4,1.3022484492822925e-10,1.3022605995489263e-10,enso-pacific-sst,True,True,0.8090751190763046,1.2347817164167278,1.6181502381526092,4,9.99999993922529e-09,0.99999999,476
4,1.3963733896702208e-10,1.3963834309145443e-10,enso-pacific-sst,True,True,0.8057535760334844,1.2360743596515587,1.6115071520669688,4,1.0000000716381408e-08,0.99999999,477
4,1.3557653045538708e-10,1.3557771764181128e-10,enso-pacific-sst,True,True,0.7999736193301024,1.2375155607879038,1.5999472386602047,4,9.999999828202988e-09,0.99999999,478
4,1.382075933916759e-10,1.3820821378867174e-10,enso-pacific-sst,True,True,0.7962423456190353,1.2371359980401444,1.5924846912380706,4,9.999999828202988e-09,0.99999999,479
4,1.401161027287767e-10,1.401168056323725e-10,enso-pacific-sst,True,True,0.7929239466875999,1.2382418511323317,1.5858478933751998,4,9.99999905104687e-09,0.99999999,480
4,1.5039429842647292e-10,1.503954406993011e-10,enso-pacific-sst,True,True,0.7945381225038852,1.2378180127845777,1.5890762450077704,4,9.999997274690031e-09,0.99999999,481
4,1.6765667955454837e-10,1.6765783488460455e-10,enso-pacific-sst,True,True,0.7950913744210825,1.2391133159713585,1.590182748842165,4,9.999999606158383e-09,0.99999999,482
4,1.52609042436736e-10,1.526097466561644e-10,enso-pacific-sst,True,True,0.7912450370037186,1.2387935069630611,1.5824900740074372,4,9.999998273890753e-09,0.99999999,483
4,1.0766146963090927e-10,1.0766234228413357e-10,enso-pacific-sst,True,True,0.7631518010040571,1.2384583211113522,1.5263036020081142,4,9.999997940823846e-09,0.99999999,484
4,9.999879310136293e-11,1e-10,enso-pacific-sst,True,True,0.7572429710265298,1.239759450943407,1.5144859420530596,4,9.999999273091476e-09,0.99999999,485
4,9.999911100723902e-11,1e-10,enso-pacific-sst,True,True,0.7645173420300257,1.2402475094144139,1.5290346840600515,4,9.999999606158383e-09,0.99999999,486
4,9.999903685142458e-11,1e-10,enso-pacific-sst,True,True,0.7650375826376391,1.2379494737855006,1.5300751652752782,4,9.999999717180685e-09,0.99999999,487
4,9.999906037015071e-11,1e-10,enso-pacific-sst,True,True,0.7658165910900023,1.23727821794287,1.5316331821800047,4,9.999998717979963e-09,0.99999999,488
4,9.999909700456554e-11,1e-10,enso-pacific-sst,True,True,0.7627491820527025,1.2281224616053668,1.525498364105405,4,9.999999828202988e-09,0.99999999,489
4,9.999913440857768e-11,1e-10,enso-pacific-sst,True,True,0.7636771141606018,1.2264428219182442,1.5273542283212036,4,9.999998829002266e-09,0.99999999,490
4,9.999896492282438e-11,1e-10,enso-pacific-sst,True,True,0.7657218086407102,1.2270023059805846,1.5314436172814203,4,9.999999606158383e-09,0.99999999,491
4,9.999920404776732e-11,1e-10,enso-pacific-sst,True,True,0.7675126074474924,1.2277928466211514,1.5350252148949848,4,1.0000000050247593e-08,0.99999999,492
4,9.999928187191328e-11,1e-10,enso-pacific-sst,True,True,0.7694310838252459,1.2301710500989724,1.5388621676504919,4,9.999998495935358e-09,0.99999999,493
4,9.999929985294417e-11,1e-10,enso-pacific-sst,True,True,0.771595066280659,1.2327405917961687,1.543190132561318,4,9.999999162069173e-09,0.99999999,494
4,9.999959531798309e-11,1e-10,enso-pacific-sst,True,True,0.7735627771410909,1.2337033811322717,1.5471255542821818,4,9.999999162069173e-09,0.99999999,495
4,9.999927296196501e-11,1e-10,enso-pacific-sst,True,True,0.7803452470240164,1.2379974702711367,1.5606904940480328,4,1.0000000494336803e-08,0.99999999,496
4,9.999900855537068e-11,1e-10,enso-pacific-sst,True,True,0.784819385922666,1.2389885717951723,1.569638771845332,4,1.0000000494336803e-08,0.99999999,497
4,9.999942426490104e-11,1e-10,enso-pacific-sst,True,True,0.78734766828947,1.2389405792040518,1.57469533657894,4,9.999999162069173e-09,0.99999999,498
4,9.999929519323853e-11,1e-10,enso-pacific-sst,True,True,0.7814068724004519,1.2308097287467368,1.5628137448009038,4,1.0000000050247593e-08,0.99999999,499
4,9.999892137612073e-11,1e-10,enso-pacific-sst,True,True,0.7782194192558165,1.2304184499450184,1.556438838511633,4,9.999998495935358e-09,0.99999999,500
4,9.999931670611484e-11,1e-10,enso-pacific-sst,True,True,0.7744799160268985,1.2301276748257282,1.548959832053797,4,9.999999717180685e-09,0.99999999,501
4,9.999948523257507e-11,1e-10,enso-pacific-sst,True,True,0.7695826322341666,1.2305546466518973,1.5391652644683331,4,9.999999273091476e-09,0.99999999,502
4,9.999923702132962e-11,1e-10,enso-pacific-sst,True,True,0.7641651888700369,1.2309554594499443,1.5283303777400739,4,9.999999717180685e-09,0.99999999,503
4,9.999948194081962e-11,1e-10,enso-pacific-sst,True,True,0.7566975516392496,1.229989588409341,1.5133951032784991,4,9.99999949513608e-09,0.99999999,504
4,9.999954832181772e-11,1e-10,enso-pacific-sst,True,True,0.7520358452621259,1.2284690718002043,1.5040716905242517,4,9.999999717180685e-09,0.99999999,505
4,9.999941646314869e-11,1e-10,enso-pacific-sst,True,True,0.7456532835113633,1.2267637004343672,1.4913065670227266,4,9.999999606158383e-09,0.99999999,506
4,9.999945034301101e-11,1e-10,enso-pacific-sst,True,True,0.731867663501942,1.2219074856831262,1.463735327003884,4,9.999999606158383e-09,0.99999999,507
4,9.999952834139956e-11,1e-10,enso-pacific-sst,True,True,0.7324345293665216,1.2242981949225333,1.4648690587330433,4,9.99999949513608e-09,0.99999999,508
4,9.999956630683085e-11,1e-10,enso-pacific-sst,True,True,0.7725506589784272,1.22844729424215,1.5451013179568545,4,9.99999949513608e-09,0.99999999,509
4,1.0790021825767354e-10,1.0790090871541575e-10,enso-pacific-sst,True,True,0.7778647520942357,1.235445198897374,1.5557295041884713,4,9.99999860695766e-09,0.99999999,510
4,1.2627248122724962e-10,1.2627360171374608e-10,enso-pacific-sst,True,True,0.7768968862736376,1.2354726949431267,1.5537937725472752,4,1.0000000050247593e-08,0.99999999,511
4,1.337315251255382e-10,1.3373220084769254e-10,enso-pacific-sst,True,True,0.7752257925841723,1.2356969325313898,1.5504515851683447,4,9.99999905104687e-09,0.99999999,512
4,1.2762296511896436e-10,1.2762363777464582e-10,enso-pacific-sst,True,True,0.777736145206241,1.2345897154005514,1.555472290412482,4,1.0000000716381408e-08,0.99999999,513
4,9.999866729075952e-11,1e-10,enso-pacific-sst,True,True,0.7725430105281693,1.2344768404660493,1.5450860210563386,4,9.99999905104687e-09,0.99999999,514
4,9.999930167285747e-11,1e-10,enso-pacific-sst,True,True,0.7766947035802877,1.2257970263442615,1.5533894071605754,4,9.99999905104687e-09,0.99999999,515
4,9.999868180148997e-11,1e-10,enso-pacific-sst,True,True,0.7779663097161121,1.2320618550001114,1.5559326194322243,4,9.99999993922529e-09,0.99999999,516
4,1.1706575059361565e-10,1.1706644944727155e-10,enso-pacific-sst,True,True,0.7772787657165312,1.2354770934986208,1.5545575314330624,4,1.0000000050247593e-08,0.99999999,517
4,1.2185404723872307e-10,1.2185489790365563e-10,enso-pacific-sst,True,True,0.7815323776769575,1.2353014759303562,1.563064755353915,4,9.999997496734636e-09,0.99999999,518
4,1.0252263715741193e-10,1.0252386727483656e-10,enso-pacific-sst,True,True,0.783202106702988,1.2344063759964876,1.566404213405976,4,1.0000000050247593e-08,0.99999999,519
4,9.999876365687002e-11,1e-10,enso-pacific-sst,True,True,0.7853419886626548,1.2335164927319067,1.5706839773253096,4,9.999999162069173e-09,0.99999999,520
4,9.999923812101858e-11,1e-10,enso-pacific-sst,True,True,0.7899558615611493,1.232402079904538,1.5799117231222986,4,1.0000000494336803e-08,0.99999999,521
4,1.027162566831327e-10,1.0271714052533915e-10,enso-pacific-sst,True,True,0.7963581774053505,1.2308444915589205,1.592716354810701,4,9.999998829002266e-09,0.99999999,522
4,1.089886987763984e-10,1.089894657757392e-10,enso-pacific-sst,True,True,0.8002026942352259,1.2292265523394332,1.6004053884704519,4,9.999999162069173e-09,0.99999999,523
4,1.1340063094955418e-10,1.1340179658378775e-10,enso-pacific-sst,True,True,0.8020097618186753,1.2281358101217157,1.6040195236373507,4,9.999998051846148e-09,0.99999999,524
4,1.091500824444646e-10,1.091510463624684e-10,enso-pacific-sst,True,True,0.802429365284262,1.2255878529173563,1.604858730568524,4,1.0000000494336803e-08,0.99999999,525
4,1.2714977578488516e-10,1.271504847727029e-10,enso-pacific-sst,True,True,0.8070309859402022,1.2254474740608032,1.6140619718804043,4,9.99999993922529e-09,0.99999999,526
4,1.4768107461756344e-10,1.4768256019903207e-10,enso-pacific-sst,True,True,0.807172550744088,1.227562763791346,1.614345101488176,4,9.999999717180685e-09,0.99999999,527
4,1.427816735845257e-10,1.4278235318170235e-10,enso-pacific-sst,True,True,0.8006927256524814,1.2263389435498442,1.6013854513049628,4,9.999999162069173e-09,0.99999999,528
4,1.418388392628326e-10,1.4183953080852497e-10,enso-pacific-sst,True,True,0.7918158500459338,1.2274630372311655,1.5836317000918676,4,9.99999949513608e-09,0.99999999,529
4,1.3602360581382637e-10,1.3602416498785387e-10,enso-pacific-sst,True,True,0.783928559541575,1.228125524033281,1.56785711908315,4,9.999999828202988e-09,0.99999999,530
4,1.3061940684209162e-10,1.306204048111228e-10,enso-pacific-sst,True,True,0.7800060354316624,1.2270674611546575,1.5600120708633247,4,9.999999828202988e-09,0.99999999,531
4,9.999910952607095e-11,1e-10,enso-pacific-sst,True,True,0.7740241732008818,1.226696915648974,1.5480483464017636,4,9.99999949513608e-09,0.99999999,532
4,1.0096930360422705e-10,1.0096986029394579e-10,enso-pacific-sst,True,True,0.7699452683445615,1.2257427730353407,1.539890536689123,4,9.999999273091476e-09,0.99999999,533
4,1.045873296148045e-10,1.0458817924555105e-10,enso-pacific-sst,True,True,0.7652264748334147,1.2249377644880537,1.5304529496668293,4,9.999998829002266e-09,0.99999999,534
4,1.0720029778151815e-10,1.0720124955958986e-10,enso-pacific-sst,True,True,0.7605973033992014,1.2231088183504046,1.5211946067984028,4,9.99999993922529e-09,0.99999999,535
4,1.1843564193140955e-10,1.1843660509413181e-10,enso-pacific-sst,True,True,0.7554618664775197,1.2195144731452219,1.5109237329550393,4,1.0000000050247593e-08,0.99999999,536
4,1.2244686562632208e-10,1.224473091799412e-10,enso-pacific-sst,True,True,0.7468126523382079,1.2145847922728241,1.4936253046764159,4,9.999999717180685e-09,0.99999999,537
4,1.1803377385014822e-10,1.1803451692892024e-10,enso-pacific-sst,True,True,0.7495147275862171,1.208753392722732,1.4990294551724341,4,9.999998940024568e-09,0.99999999,538
4,1.0583530172064549e-10,1.0583582621132561e-10,enso-pacific-sst,True,True,0.7432305241398581,1.205249033675567,1.4864610482797163,4,9.99999993922529e-09,0.99999999,539
4,1.263296164444106e-10,1.2633002575436543e-10,enso-pacific-sst,True,True,0.7462034163471881,1.2046645527719302,1.4924068326943762,4,9.99999905104687e-09,0.99999999,540
4,1.4789382899325548e-10,1.478946835403582e-10,enso-pacific-sst,True,True,0.7986136456698385,1.2090713318676243,1.597227291339677,4,9.999999717180685e-09,0.99999999,541
4,1.4357892247861745e-10,1.4357958264191704e-10,enso-pacific-sst,True,True,0.8017626856317457,1.2140638670603319,1.6035253712634914,4,1.0000000272292198e-08,0.99999999,542
4,1.2133649170977221e-10,1.213372291389575e-10,enso-pacific-sst,True,True,0.7416049114127689,1.1996828246484572,1.4832098228255377,4,9.999997718779241e-09,0.99999999,543
4,1.0347221515121594e-10,1.0347299891706102e-10,enso-pacific-sst,True,True,0.7280569877128413,1.2065281139110404,1.4561139754256827,4,9.99999860695766e-09,0.99999999,544
4,9.99991942035529e-11,1e-10,enso-pacific-sst,True,True,0.7102008648124473,1.2059004632135175,1.4204017296248945,4,1.0000000494336803e-08,0.99999999,545
4,9.999919283202062e-11,1e-10,enso-pacific-sst,True,True,0.7097563587614175,1.2117117672152091,1.419512717522835,4,9.999999273091476e-09,0.99999999,546
4,9.999935730399242e-11,1e-10,enso-pacific-sst,True,True,0.7110580308043422,1.2167459771456162,1.4221160616086843,4,9.999998051846148e-09,0.99999999,547
4,9.999895434810613e-11,1e-10,enso-pacific-sst,True,True,0.7124094300286661,1.2206640515212903,1.4248188600573322,4,9.999999717180685e-09,0.99999999,548
4,9.999917697234248e-11,1e-10,enso-pacific-sst,True,True,0.7146074865732264,1.2257287969211539,1.4292149731464527,4,9.99999860695766e-09,0.99999999,549
4,9.999931465064256e-11,1e-10,enso-pacific-sst,True,True,0.7160743417790754,1.2289826555063303,1.4321486835581507,4,9.999999828202988e-09,0.99999999,550
4,9.999891701886359e-11,1e-10,enso-pacific-sst,True,True,0.7182399385422223,1.2335719618835415,1.4364798770844447,4,9.999999606158383e-09,0.99999999,551
4,9.999868640424011e-11,1e-10,enso-pacific-sst,True,True,0.7188892642329199,1.2349451579515813,1.4377785284658398,4,9.99999905104687e-09,0.99999999,552
4,9.999902967068033e-11,1e-10,enso-pacific-sst,True,True,0.7195413850496389,1.2361858552157146,1.4390827700992779,4,9.999999273091476e-09,0.99999999,553
4,9.999922323802461e-11,1e-10,enso-pacific-sst,True,True,0.7206107114469609,1.237990556774665,1.4412214228939217,4,9.99999949513608e-09,0.99999999,554
4,9.999940063468858e-11,1e-10,enso-pacific-sst,True,True,0.7226787500320694,1.2418819036738742,1.4453575000641388,4,9.99999993922529e-09,0.99999999,555
4,9.99991222821657e-11,1e-10,enso-pacific-sst,True,True,0.7236096391786921,1.2435017175804246,1.4472192783573843,4,9.999998273890753e-09,0.99999999,556
4,9.99993947786919e-11,1e-10,enso-pacific-sst,True,True,0.7240987566011345,1.2445045989528487,1.448197513202269,4,9.999998829002266e-09,0.99999999,557
4,9.999925186203155e-11,1e-10,enso-pacific-sst,True,True,0.7248299469280354,1.245462448305108,1.4496598938560707,4,9.999999828202988e-09,0.99999999,558
4,9.999948232413901e-11,1e-10,enso-pacific-sst,True,True,0.7256297350834826,1.246188454599927,1.4512594701669652,4,1.0000000050247593e-08,0.99999999,559
4,9.999910539938151e-11,1e-10,enso-pacific-sst,True,True,0.7263664162053232,1.2466396294246818,1.4527328324106463,4,9.999997385712334e-09,0.99999999,560
4,9.999932821974371e-11,1e-10,enso-pacific-sst,True,True,0.727280177233691,1.2476593445030526,1.454560354467382,4,9.999999384113778e-09,0.99999999,561
4,9.999946927621264e-11,1e-10,enso-pacific-sst,True,True,0.7279963092736966,1.2482766958842328,1.4559926185473933,4,9.99999905104687e-09,0.99999999,562
4,9.999958045398662e-11,1e-10,enso-pacific-sst,True,True,0.7285221466179042,1.2478562072513755,1.4570442932358083,4,1.0000000050247593e-08,0.99999999,563
4,9.999942208752174e-11,1e-10,enso-pacific-sst,True,True,0.7298028492428853,1.2473685232945915,1.4596056984857706,4,9.99999949513608e-09,0.99999999,564
4,9.999961475658354e-11,1e-10,enso-pacific-sst,True,True,0.7322385736820154,1.246813445645298,1.4644771473640308,4,1.0000000272292198e-08,0.99999999,565
4,9.999957183745813e-11,1e-10,enso-pacific-sst,True,True,0.7341149044536538,1.2470848828146517,1.4682298089073076,4,9.99999949513608e-09,0.99999999,566
4,9.999942922567057e-11,1e-10,enso-pacific-sst,True,True,0.7331590095942291,1.2467904099373828,1.4663180191884582,4,9.999999717180685e-09,0.99999999,567
4,9.999933139645999e-11,1e-10,enso-pacific-sst,True,True,0.7310085598972373,1.244824667795423,1.4620171197944747,4,9.999998829002266e-09,0.99999999,568
4,9.999905976207621e-11,1e-10,enso-pacific-sst,True,True,0.7306988792749014,1.2450866988131688,1.4613977585498028,4,1.0000000272292198e-08,0.99999999,569
4,9.999902424473041e-11,1e-10,enso-pacific-sst,True,True,0.7298403476454669,1.2428705945092358,1.4596806952909338,4,9.999997940823846e-09,0.99999999,570
4,9.999929368915821e-11,1e-10,enso-pacific-sst,True,True,0.7283705047720241,1.2414791281609927,1.4567410095440483,4,9.999998940024568e-09,0.99999999,571
4,9.999916991816497e-11,1e-10,enso-pacific-sst,True,True,0.7274048408863958,1.2404732441287547,1.4548096817727916,4,9.999998273890753e-09,0.99999999,572
4,9.999940088577737e-11,1e-10,enso-pacific-sst,True,True,0.7266263756271449,1.2393292096770183,1.4532527512542899,4,1.0000000716381408e-08,0.99999999,573
4,9.999968424620614e-11,1e-10,enso-pacific-sst,True,True,0.7260266182585767,1.238319619959082,1.4520532365171535,4,9.999999717180685e-09,0.99999999,574
4,9.999969516653089e-11,1e-10,enso-pacific-sst,True,True,0.7248309850739549,1.2355032856124613,1.4496619701479099,4,9.999999717180685e-09,0.99999999,575
4,9.999972697108752e-11,1e-10,enso-pacific-sst,True,True,0.7255199113223797,1.236287136615978,1.4510398226447594,4,9.999998940024568e-09,0.99999999,576
4,9.999963642506519e-11,1e-10,enso-pacific-sst,True,True,0.7270296801601652,1.2384322131480363,1.4540593603203305,4,9.999999162069173e-09,0.99999999,577
4,9.999979004654978e-11,1e-10,enso-pacific-sst,True,True,0.726669121360217,1.2370435406993923,1.453338242720434,4,9.999999384113778e-09,0.99999999,578
4,9.999963569197067e-11,1e-10,enso-pacific-sst,True,True,0.7250640557713053,1.2324207780603191,1.4501281115426106,4,9.99999905104687e-09,0.99999999,579
4,9.999974999639738e-11,1e-10,enso-pacific-sst,True,True,0.7243357900893348,1.2276423747644887,1.4486715801786696,4,9.99999949513608e-09,0.99999999,580
4,9.999973225121649e-11,1e-10,enso-pacific-sst,True,True,0.7298251215136432,1.2244913201951533,1.4596502430272864,4,9.999999273091476e-09,0.99999999,581
4,9.999960525057003e-11,1e-10,enso-pacific-sst,True,True,0.7366656082522907,1.218685396924974,1.4733312165045813,4,9.99999905104687e-09,0.99999999,582
4,1.1974288553716928e-10,1.197433438247997e-10,enso-pacific-sst,True,True,0.7586571780710929,1.2259288917336966,1.5173143561421858,4,1.0000000050247593e-08,0.99999999,583
4,1.3468191957626393e-10,1.3468228535994934e-10,enso-pacific-sst,True,True,0.7931307484210921,1.2169020331965714,1.5862614968421842,4,9.999999828202988e-09,0.99999999,584
4,1.4732873874761378e-10,1.4732959270121178e-10,enso-pacific-sst,True,True,0.8075713948619896,1.2251190798594698,1.6151427897239792,4,9.999998940024568e-09,0.99999999,585
4,1.67098799754373e-10,1.6709999788272206e-10,enso-pacific-sst,True,True,0.8154439805382387,1.2268494430856307,1.6308879610764775,4,9.999998273890753e-09,0.99999999,586
4,1.5149783352161126e-10,1.5149833293607658e-10,enso-pacific-sst,True,True,0.8139596132908781,1.2245508981845648,1.6279192265817561,4,9.999999273091476e-09,0.99999999,587
4,1.5643296761884774e-10,1.5643359328852189e-10,enso-pacific-sst,True,True,0.8159271780233927,1.2249855471307018,1.6318543560467853,4,9.99999993922529e-09,0.99999999,588
4,1.5614498101130207e-10,1.5614559795496648e-10,enso-pacific-sst,True,True,0.8154481725548555,1.22356730620292,1.630896345109711,4,9.999999162069173e-09,0.99999999,589
4,1.3705274921060438e-10,1.3705349020392713e-10,enso-pacific-sst,True,True,0.810574805887031,1.2176603749037578,1.621149611774062,4,9.99999993922529e-09,0.99999999,590
4,1.4813404409438942e-10,1.4813496515030805e-10,enso-pacific-sst,True,True,0.8042034496523942,1.2212636308855553,1.6084068993047884,4,1.0000000716381408e-08,0.99999999,591
4,1.3122716913059766e-10,1.312279018168626e-10,enso-pacific-sst,True,True,0.8015435293640659,1.2219705725218022,1.6030870587281318,4,9.999998940024568e-09,0.99999999,592
4,1.487078990873536e-10,1.4870873105710092e-10,enso-pacific-sst,True,True,0.8077404773287321,1.2210241264905228,1.6154809546574642,4,9.999999384113778e-09,0.99999999,593
4,1.5933466739102807e-10,1.5933537102583997e-10,enso-pacific-sst,True,True,0.8120257148201308,1.222781683906946,1.6240514296402615,4,9.999999162069173e-09,0.99999999,594
4,1.626050869941091e-10,1.6260578036893322e-10,enso-pacific-sst,True,True,0.8132903000358875,1.2224857632942459,1.626580600071775,4,1.0000000050247593e-08,0.99999999,595
4,1.5576440696720374e-10,1.5576521948462812e-10,enso-pacific-sst,True,True,0.8130808438056452,1.2212609905104432,1.6261616876112903,4,9.99999905104687e-09,0.99999999,596
4,1.548420180070268e-10,1.5484283100125356e-10,enso-pacific-sst,True,True,0.8104683979947326,1.2190391225375934,1.6209367959894652,4,9.999999273091476e-09,0.99999999,597
4,1.49621207212718e-10,1.496218330169598e-10,enso-pacific-sst,True,True,0.8110607978781066,1.2197384068073625,1.6221215957562132,4,9.999999384113778e-09,0.99999999,598
4,1.7050414899941127e-10,1.7050525990012375e-10,enso-pacific-sst,True,True,0.8113741799253633,1.2223338772574657,1.6227483598507266,4,9.99999993922529e-09,0.99999999,599
4,1.7204791609110358e-10,1.7204872718483758e-10,enso-pacific-sst,True,True,0.8062595837661872,1.221808968037045,1.6125191675323745,4,1.0000000272292198e-08,0.99999999,600
4,1.7398948143068983e-10,1.7399045133762764e-10,enso-pacific-sst,True,True,0.8073083791925233,1.2207552877693009,1.6146167583850466,4,1.0000000272292198e-08,0.99999999,601
4,1.4284314304524146e-10,1.4284415308740477e-10,enso-pacific-sst,True,True,0.8070343050748388,1.220359174418366,1.6140686101496775,4,9.999998829002266e-09,0.99999999,602
4,1.1505974958383623e-10,1.1506074208182442e-10,enso-pacific-sst,True,True,0.750303818921623,1.210128349511006,1.500607637843246,4,9.99999905104687e-09,0.99999999,603
4,9.99991992486962e-11,1e-10,enso-pacific-sst,True,True,0.7467588931867245,1.205669748418571,1.493517786373449,4,1.0000000494336803e-08,0.99999999,604
4,1.0955582850196711e-10,1.0955659458031037e-10,enso-pacific-sst,True,True,0.7444984479634136,1.2098010639119172,1.4889968959268272,4,9.99999993922529e-09,0.99999999,605
4,1.1503179066754026e-10,1.1503250756736447e-10,enso-pacific-sst,True,True,0.7512953138283305,1.209749735927574,1.502590627656661,4,9.999999384113778e-09,0.99999999,606
4,1.1340472120695202e-10,1.1340554457905067e-10,enso-pacific-sst,True,True,0.7577306284526426,1.2074444758106424,1.5154612569052852,4,9.999998940024568e-09,0.99999999,607
4,1.2097411050903866e-10,1.2097503926933212e-10,enso-pacific-sst,True,True,0.7686035551629722,1.2229017602980314,1.5372071103259444,4,9.99999993922529e-09,0.99999999,608
4,1.2206656623174382e-10,1.2206784934171975e-10,enso-pacific-sst,True,True,0.7708908641060264,1.230336604160174,1.5417817282120527,4,9.999999384113778e-09,0.99999999,609
4,1.1358953338823275e-10,1.1359033641990883e-10,enso-pacific-sst,True,True,0.7694740634651641,1.2305138285194457,1.5389481269303282,4,9.999998717979963e-09,0.99999999,610
4,1.2472688556252097e-10,1.247281855228129e-10,enso-pacific-sst,True,True,0.7685385240026458,1.2309049761618445,1.5370770480052915,4,9.999998162868451e-09,0.99999999,611
4,1.2911998217667605e-10,1.2912123598695025e-10,enso-pacific-sst,True,True,0.7694720328430961,1.2318277569200107,1.5389440656861921,4,9.999999384113778e-09,0.99999999,612
4,1.5298776013680635e-10,1.5298913915559084e-10,enso-pacific-sst,True,True,0.7728987053162011,1.230579203795243,1.5457974106324022,4,9.999999273091476e-09,0.99999999,613
4,1.28380368905768e-10,1.283814524320308e-10,enso-pacific-sst,True,True,0.768809686546099,1.2297081335864055,1.537619373092198,4,9.99999860695766e-09,0.99999999,614
4,1.3262076371737687e-10,1.3262125790710094e-10,enso-pacific-sst,True,True,0.7641845354300073,1.2315779820606165,1.5283690708600146,4,1.0000000272292198e-08,0.99999999,615
4,1.331233818232118e-10,1.3312418747095791e-10,enso-pacific-sst,True,True,0.7615255351078837,1.233553139254204,1.5230510702157674,4,9.999999162069173e-09,0.99999999,616
4,1.0875408305828046e-10,1.0875493984996113e-10,enso-pacific-sst,True,True,0.7559083632203422,1.2318363249879913,1.5118167264406843,4,1.0000000272292198e-08,0.99999999,617
4,9.9999289008635e-11,1e-10,enso-pacific-sst,True,True,0.7561766876118869,1.230464641923998,1.5123533752237739,4,1.0000000050247593e-08,0.99999999,618
4,9.999919603855275e-11,1e-10,enso-pacific-sst,True,True,0.7568244616091191,1.2331267682250018,1.5136489232182382,4,9.999999273091476e-09,0.99999999,619
4,9.999917085964765e-11,1e-10,enso-pacific-sst,True,True,0.7569233748437822,1.2330443267905902,1.5138467496875645,4,1.0000000938426012e-08,0.99999999,620
4,9.99994625946897e-11,1e-10,enso-pacific-sst,True,True,0.7597120948764406,1.2321976195308981,1.5194241897528813,4,9.999999606158383e-09,0.99999999,621
4,9.9999438998039e-11,1e-10,enso-pacific-sst,True,True,0.7592074498264363,1.2300985967462477,1.5184148996528726,4,1.0000000272292198e-08,0.99999999,622
4,9.99994838627767e-11,1e-10,enso-pacific-sst,True,True,0.7601581307082287,1.2282011076583506,1.5203162614164574,4,9.99999993922529e-09,0.99999999,623
4,9.99993847536439e-11,1e-10,enso-pacific-sst,True,True,0.7928154741201395,1.2304305899425465,1.585630948240279,4,1.0000000050247593e-08,0.99999999,624
4,9.99992421448156e-11,1e-10,enso-pacific-sst,True,True,0.7955218033023899,1.2302957151350085,1.5910436066047797,4,9.999999273091476e-09,0.99999999,625
4,9.999898702599984e-11,1e-10,enso-pacific-sst,True,True,0.7994991691339073,1.2335518184804237,1.5989983382678146,4,9.999999273091476e-09,0.99999999,626
4,1.0355782999583356e-10,1.0355901357581427e-10,enso-pacific-sst,True,True,0.8021923154319875,1.2326494093343563,1.604384630863975,4,9.999999273091476e-09,0.99999999,627
4,1.0587721314392361e-10,1.0587797668160772e-10,enso-pacific-sst,True,True,0.8045961944606616,1.2312798143661086,1.609192388921323,4,9.999998273890753e-09,0.99999999,628
4,9.999921210268706e-11,1e-10,enso-pacific-sst,True,True,0.79545527715501,1.2260837585599722,1.59091055431002,4,9.999999828202988e-09,0.99999999,629
4,9.99994431843013e-11,1e-10,enso-pacific-sst,True,True,0.7977696809133891,1.2304771508670902,1.5955393618267781,4,1.0000000494336803e-08,0.99999999,630
4,9.999933418341717e-11,1e-10,enso-pacific-sst,True,True,0.7926026142849747,1.229652562843944,1.5852052285699494,4,9.999998829002266e-09,0.99999999,631
4,9.999887398793622e-11,1e-10,enso-pacific-sst,True,True,0.7924610867244662,1.2293414127207392,1.5849221734489325,4,9.999998940024568e-09,0.99999999,632
4,9.999919252218784e-11,1e-10,enso-pacific-sst,True,True,0.7928848961558562,1.2266600968968204,1.5857697923117124,4,9.99999993922529e-09,0.99999999,633
4,9.999927139545064e-11,1e-10,enso-pacific-sst,True,True,0.7921540017030452,1.2218496221015929,1.5843080034060903,4,1.0000000272292198e-08,0.99999999,634
4,9.999936333421224e-11,1e-10,enso-pacific-sst,True,True,0.784808385942708,1.2161589653787916,1.569616771885416,4,1.0000000494336803e-08,0.99999999,635
4,9.999887380987259e-11,1e-10,enso-pacific-sst,True,True,0.7985755978058255,1.2227023172602358,1.597151195611651,4,9.999999162069173e-09,0.99999999,636
4,9.999928111511649e-11,1e-10,enso-pacific-sst,True,True,0.8018099784231653,1.2209218758574307,1.6036199568463305,4,9.99999949513608e-09,0.99999999,637
4,9.999941613697667e-11,1e-10,enso-pacific-sst,True,True,0.7980038296784848,1.2186864121895062,1.5960076593569696,4,9.999999828202988e-09,0.99999999,638
4,9.999917911948505e-11,1e-10,enso-pacific-sst,True,True,0.7858126493183586,1.2138127546148416,1.5716252986367172,4,9.999998495935358e-09,0.99999999,639
4,9.999958594674959e-11,1e-10,enso-pacific-sst,True,True,0.7881494734236952,1.2191131215494773,1.5762989468473905,4,9.999999606158383e-09,0.99999999,640
4,9.999936290206082e-11,1e-10,enso-pacific-sst,True,True,0.8004314558472493,1.2198136345156076,1.6008629116944986,4,9.99999993922529e-09,0.99999999,641
4,1.0518118166664641e-10,1.0518239054033458e-10,enso-pacific-sst,True,True,0.8000161600462955,1.2165918074704405,1.600032320092591,4,9.99999993922529e-09,0.99999999,642
4,1.0860720894449167e-10,1.0860793782971281e-10,enso-pacific-sst,True,True,0.7992061795646324,1.2195403613110534,1.5984123591292647,4,9.999998829002266e-09,0.99999999,643
4,1.162512348775828e-10,1.1625222429948337e-10,enso-pacific-sst,True,True,0.7994478942524191,1.223575227679726,1.5988957885048383,4,1.0000000272292198e-08,0.99999999,644
4,1.0890058515015573e-10,1.0890134709069208e-10,enso-pacific-sst,True,True,0.7946304320459674,1.2228121241755492,1.5892608640919348,4,9.99999949513608e-09,0.99999999,645
4,1.0864640170379818e-10,1.086471189759197e-10,enso-pacific-sst,True,True,0.7909774950998387,1.2181542152386446,1.5819549901996774,4,9.99999993922529e-09,0.99999999,646
4,1.1061685469661466e-10,1.1061769333360479e-10,enso-pacific-sst,True,True,0.7896994366397345,1.2156349954344594,1.579398873279469,4,9.999999606158383e-09,0.99999999,647
4,1.2050580490028892e-10,1.205065819685811e-10,enso-pacific-sst,True,True,0.7905717471617919,1.214355102551818,1.5811434943235838,4,9.99999949513608e-09,0.99999999,648
4,1.1392775847963684e-10,1.1392842811190946e-10,enso-pacific-sst,True,True,0.7919619041306014,1.2152754137508741,1.5839238082612028,4,9.99999905104687e-09,0.99999999,649
4,9.999906766582376e-11,1e-10,enso-pacific-sst,True,True,0.7884837092904121,1.2125304321418886,1.5769674185808242,4,9.999999606158383e-09,0.99999999,650
4,1.0595056403765495e-10,1.0595125595304763e-10,enso-pacific-sst,True,True,0.7868313806268085,1.212613043676806,1.573662761253617,4,9.999999273091476e-09,0.99999999,651
4,1.026741433984453e-10,1.026748235726034e-10,enso-pacific-sst,True,True,0.7833533401637426,1.2143118044479444,1.5667066803274852,4,9.999998384913056e-09,0.99999999,652
4,1.0789881867877443e-10,1.0789958889940936e-10,enso-pacific-sst,True,True,0.7818813861143007,1.21724635386984,1.5637627722286014,4,9.999998717979963e-09,0.99999999,653
4,1.1316451033570567e-10,1.13165272699312e-10,enso-pacific-sst,True,True,0.7809018724873267,1.2217479711148207,1.5618037449746534,4,9.999999273091476e-09,0.99999999,654
4,1.0879402702132842e-10,1.087947826259742e-10,enso-pacific-sst,True,True,0.7793721150045576,1.2251127672413116,1.5587442300091152,4,9.999998273890753e-09,0.99999999,655
4,9.999941407760335e-11,1e-10,enso-pacific-sst,True,True,0.7684179279874332,1.2144810235322052,1.5368358559748665,4,9.99999860695766e-09,0.99999999,656
4,9.999938809472981e-11,1e-10,enso-pacific-sst,True,True,0.7579900307873298,1.2125980808471122,1.5159800615746597,4,9.999998829002266e-09,0.99999999,657
4,9.999952770999619e-11,1e-10,enso-pacific-sst,True,True,0.7463487542597996,1.2105137213178123,1.4926975085195993,4,9.999999606158383e-09,0.99999999,658
4,1.0315189134543656e-10,1.0315261211325631e-10,enso-pacific-sst,True,True,0.7566444808164334,1.22398026929367,1.5132889616328669,4,1.0000000272292198e-08,0.99999999,659
4,1.1145409012880698e-10,1.1145498617754482e-10,enso-pacific-sst,True,True,0.7551616880543593,1.228793231340719,1.5103233761087187,4,9.999999273091476e-09,0.99999999,660
4,1.1410441899245511e-10,1.141051200205726e-10,enso-pacific-sst,True,True,0.7539738803257101,1.2298325715829668,1.5079477606514202,4,9.999998940024568e-09,0.99999999,661
4,1.147224291922423e-10,1.1472326777722509e-10,enso-pacific-sst,True,True,0.7579747246724003,1.2314885201346424,1.5159494493448007,4,9.999997274690031e-09,0.99999999,662
4,1.1198725290916285e-10,1.1198841547802153e-10,enso-pacific-sst,True,True,0.7641526182582072,1.2313210935806516,1.5283052365164145,4,9.999999606158383e-09,0.99999999,663
4,1.1138104597114479e-10,1.1138199419172945e-10,enso-pacific-sst,True,True,0.7661087631806823,1.225388828347419,1.5322175263613647,4,9.999999384113778e-09,0.99999999,664
4,9.999919587678248e-11,1e-10,enso-pacific-sst,True,True,0.7602264305243743,1.2280837174812294,1.5204528610487487,4,9.999998495935358e-09,0.99999999,665
4,9.999910072603723e-11,1e-10,enso-pacific-sst,True,True,0.7526028810278915,1.2286848575134295,1.505205762055783,4,9.99999949513608e-09,0.99999999,666
4,1.1404385801626726e-10,1.1404479394934413e-10,enso-pacific-sst,True,True,0.757334537763169,1.2303276766397526,1.514669075526338,4,9.99999993922529e-09,0.99999999,667
4,1.2519093973764833e-10,1.2519213366521714e-10,enso-pacific-sst,True,True,0.7559612152719929,1.2323047751857392,1.5119224305439858,4,9.999997940823846e-09,0.99999999,668
4,1.167330198661626e-10,1.1673408494201843e-10,enso-pacific-sst,True,True,0.7543604410103428,1.2326840914195307,1.5087208820206857,4,9.999999828202988e-09,0.99999999,669
4,1.1459676040569495e-10,1.1459758678983573e-10,enso-pacific-sst,True,True,0.749064223049098,1.2322200686773135,1.498128446098196,4,1.0000000050247593e-08,0.99999999,670
4,1.0693043604211998e-10,1.0693127587825521e-10,enso-pacific-sst,True,True,0.7445660132270233,1.2313831597258291,1.4891320264540466,4,1.0000000050247593e-08,0.99999999,671
4,1.0263275050936231e-10,1.0263392633323018e-10,enso-pacific-sst,True,True,0.7415333634914736,1.231074684971734,1.4830667269829472,4,1.0000000050247593e-08,0.99999999,672
4,1.0599950842504562e-10,1.0600070265775995e-10,enso-pacific-sst,True,True,0.7398936793513784,1.2250614763909127,1.4797873587027568,4,9.999999384113778e-09,0.99999999,673
4,9.999894681408773e-11,1e-10,enso-pacific-sst,True,True,0.745043562606109,1.2300780833697516,1.490087125212218,4,9.999998940024568e-09,0.99999999,674
4,9.999951135445572e-11,1e-10,enso-pacific-sst,True,True,0.7462713762020162,1.2314724691668708,1.4925427524040324,4,9.999999606158383e-09,0.99999999,675
4,9.999959933099043e-11,1e-10,enso-pacific-sst,True,True,0.7462806171148944,1.2337562028099736,1.4925612342297887,4,9.999999828202988e-09,0.99999999,676
4,9.99991882743609e-11,1e-10,enso-pacific-sst,True,True,0.744152333006331,1.2340947456524192,1.488304666012662,4,9.999999828202988e-09,0.99999999,677
4,1.25940614070206e-10,1.2594142433039688e-10,enso-pacific-sst,True,True,0.7413618446373769,1.233952965143092,1.4827236892747537,4,9.999998829002266e-09,0.99999999,678
4,9.999931445857992e-11,1e-10,enso-pacific-sst,True,True,0.7406130231217358,1.2355720757065498,1.4812260462434717,4,9.999999162069173e-09,0.99999999,679
4,1.0354314454216454e-10,1.0354382870684132e-10,enso-pacific-sst,True,True,0.7410252551325043,1.2348898982389978,1.4820505102650086,4,9.999998051846148e-09,0.99999999,680
4,1.1324957258675303e-10,1.1325029694118943e-10,enso-pacific-sst,True,True,0.7422966956951577,1.233171667575768,1.4845933913903153,4,9.999999384113778e-09,0.99999999,681
4,1.1660279251401523e-10,1.166038661499115e-10,enso-pacific-sst,True,True,0.7457685058157627,1.2314902499447782,1.4915370116315254,4,9.99999860695766e-09,0.99999999,682
4,1.0429088938414296e-10,1.042915005722981e-10,enso-pacific-sst,True,True,0.7417538750917464,1.2269879057952853,1.4835077501834928,4,9.999998940024568e-09,0.99999999,683
4,9.999947615707294e-11,1e-10,enso-pacific-sst,True,True,0.7434694251198672,1.2215151664561943,1.4869388502397345,4,9.999999606158383e-09,0.99999999,684
4,1.0250961495136143e-10,1.0251006940493589e-10,enso-pacific-sst,True,True,0.7438979322914772,1.2187536939180281,1.4877958645829543,4,9.999999606158383e-09,0.99999999,685
4,1.1614125659196051e-10,1.1614221918107725e-10,enso-pacific-sst,True,True,0.747462568208319,1.2309859038000117,1.494925136416638,4,9.999999828202988e-09,0.99999999,686
4,1.2223204711462397e-10,1.2223278665754093e-10,enso-pacific-sst,True,True,0.7427094808025848,1.2267621303368035,1.4854189616051696,4,9.999998717979963e-09,0.99999999,687
4,1.2783671324768861e-10,1.2783744664522043e-10,enso-pacific-sst,True,True,0.7399413342301423,1.2272806063826789,1.4798826684602846,4,9.99999905104687e-09,0.99999999,688
4,1.1340140568394513e-10,1.1340220697512565e-10,enso-pacific-sst,True,True,0.739524917299594,1.2266673703466742,1.479049834599188,4,1.0000001382515222e-08,0.99999999,689
4,9.999913511840323e-11,1e-10,enso-pacific-sst,True,True,0.7406374811493648,1.2281630621459274,1.4812749622987296,4,9.999999828202988e-09,0.99999999,690
4,9.999945657520279e-11,1e-10,enso-pacific-sst,True,True,0.7367166155696135,1.2286408024744104,1.473433231139227,4,9.99999860695766e-09,0.99999999,691
4,9.999938694358331e-11,1e-10,enso-pacific-sst,True,True,0.7309405292512101,1.2262497100700638,1.4618810585024202,4,9.999998717979963e-09,0.99999999,692
4,9.999957540716258e-11,1e-10,enso-pacific-sst,True,True,0.7236668666059647,1.229478616887326,1.4473337332119294,4,9.999998940024568e-09,0.99999999,693
4,9.999962527574274e-11,1e-10,enso-pacific-sst,True,True,0.7155731815983316,1.213573240467064,1.4311463631966632,4,1.0000000272292198e-08,0.99999999,694
4,9.999951119370172e-11,1e-10,enso-pacific-sst,True,True,0.7251099700139741,1.2269582779600503,1.4502199400279483,4,1.0000000050247593e-08,0.99999999,695
4,9.999911209861726e-11,1e-10,enso-pacific-sst,True,True,0.8090405390127311,1.2308698093318522,1.6180810780254622,4,9.99999860695766e-09,0.99999999,696
4,1.1471743418907102e-10,1.1471828769404847e-10,enso-pacific-sst,True,True,0.8138689844537589,1.2336736134774562,1.6277379689075178,4,9.999998495935358e-09,0.99999999,697
4,1.0713150276615349e-10,1.071322125187987e-10,enso-pacific-sst,True,True,0.8119325871926807,1.2329367698392195,1.6238651743853614,4,9.999999717180685e-09,0.99999999,698
4,9.999899818707042e-11,1e-10,enso-pacific-sst,True,True,0.809560895873508,1.2315489442068888,1.619121791747016,4,9.999999828202988e-09,0.99999999,699
4,9.999904623382524e-11,1e-10,enso-pacific-sst,True,True,0.8084311952492441,1.2315682472570981,1.6168623904984882,4,9.999999273091476e-09,0.99999999,700
4,9.999942106656749e-11,1e-10,enso-pacific-sst,True,True,0.8049697623931205,1.23247029585806,1.609939524786241,4,9.99999949513608e-09,0.99999999,701
4,9.99993399580198e-11,1e-10,enso-pacific-sst,True,True,0.8013826288771831,1.2332170659556363,1.6027652577543663,4,9.999999162069173e-09,0.99999999,702
4,9.99995233731961e-11,1e-10,enso-pacific-sst,True,True,0.7859399275525232,1.2329835608747648,1.5718798551050464,4,9.999996830600821e-09,0.99999999,703
4,9.999904289937149e-11,1e-10,enso-pacific-sst,True,True,0.739370226458807,1.2285676310565437,1.478740452917614,4,9.999998717979963e-09,0.99999999,704
4,9.999920417083257e-11,1e-10,enso-pacific-sst,True,True,0.7346887477371526,1.225104268522034,1.4693774954743053,4,9.999999384113778e-09,0.99999999,705
4,9.999927985068748e-11,1e-10,enso-pacific-sst,True,True,0.7379589323802276,1.232045592466448,1.4759178647604552,4,9.999998940024568e-09,0.99999999,706
4,9.999946789916302e-11,1e-10,enso-pacific-sst,True,True,0.7376771124184601,1.2322502039225678,1.4753542248369202,4,9.999997940823846e-09,0.99999999,707
4,1.9648123603745184e-10,1.964816869031364e-10,zachary-karate-network,True,True,0.09047537707428926,0.09047537707428926,0.3058438044429313,4,9.999999384113778e-09,0.99999999,0
4,2.0109482367948296e-10,2.010952716709393e-10,zachary-karate-network,True,False,0.0183398302995563,-0.0183398302995563,0.2015404291789102,4,9.999999384113778e-09,0.99999999,1
4,1.9981786281718895e-10,1.9981829565785567e-10,zachary-karate-network,True,False,0.0390642539609407,-0.0390642539609407,0.18358922404633318,4,9.999999384113778e-09,0.99999999,2
4,2.0402730911176506e-10,2.0402776569552398e-10,zachary-karate-network,True,False,0.046946466634883395,-0.046946466634883395,0.17084310490897286,4,9.999999384113778e-09,0.99999999,3
4,2.0628375230281206e-10,2.062842374640357e-10,zachary-karate-network,True,True,0.01669276887701224,0.01669276887701224,0.2234324752373865,4,9.999999384113778e-09,0.99999999,4
4,2.0504831464290225e-10,2.0504873197242218e-10,zachary-karate-network,True,True,0.18735296269523075,0.18735296269523075,0.39240914643067304,4,9.999999384113778e-09,0.99999999,5
4,2.0527069999590933e-10,2.0527116263923511e-10,zachary-karate-network,True,True,0.17037992700874072,0.17037992700874072,0.3754876058804188,4,9.999999384113778e-09,0.99999999,6
4,2.052165804901719e-10,2.05217055265118e-10,zachary-karate-network,True,False,0.09364734428271848,-0.09364734428271848,0.1259521823505591,4,9.999999384113778e-09,0.99999999,7
4,2.0405877485846473e-10,2.040592823398807e-10,zachary-karate-network,True,False,0.11485591892407215,-0.11485591892407215,0.10640039527458935,4,9.999999384113778e-09,0.99999999,8
4,2.0781511201954838e-10,2.078155347330583e-10,zachary-karate-network,True,True,0.3436812526293643,0.4836705784631965,0.6873625052587286,4,9.999999384113778e-09,0.99999999,9
4,2.063141282057596e-10,2.0631455471334845e-10,zachary-karate-network,True,True,0.056876354857136914,0.056876354857136914,0.2627507016943235,4,9.999999384113778e-09,0.99999999,10
4,2.077603567364138e-10,2.0776081401795401e-10,zachary-karate-network,True,True,0.37860206789355666,0.5541939460472519,0.7572041357871133,4,9.999999384113778e-09,0.99999999,11
4,2.0735825344917845e-10,2.073586918487162e-10,zachary-karate-network,True,True,0.05305637483373477,0.05305637483373477,0.2610880572524807,4,9.999999384113778e-09,0.99999999,12
4,2.0418296252242006e-10,2.0418340370096026e-10,zachary-karate-network,True,False,0.10016141680060572,-0.10016141680060572,0.12174149141810868,4,9.999999384113778e-09,0.99999999,13
4,2.0684733608071075e-10,2.0684780018775856e-10,zachary-karate-network,True,False,0.1018602818519175,-0.1018602818519175,0.1106970373104761,4,9.999999384113778e-09,0.99999999,14
4,2.064123685233656e-10,2.064128045219683e-10,zachary-karate-network,True,False,0.10666239479669172,-0.10666239479669172,0.10718366697371362,4,9.999999384113778e-09,0.99999999,15
4,2.0685645498987748e-10,2.0685688845991657e-10,zachary-karate-network,True,True,0.2768314769870497,0.3506799106518762,0.5536629539740994,4,9.999999384113778e-09,0.99999999,16
4,2.0753733710648254e-10,2.0753781100151136e-10,zachary-karate-network,True,True,0.12652457262356637,0.12652457262356637,0.33229520050732647,4,9.999999384113778e-09,0.99999999,17
4,2.0760465235317452e-10,2.0760509834839947e-10,zachary-karate-network,True,True,0.0774062496529621,0.0774062496529621,0.28383755801161825,4,9.999999384113778e-09,0.99999999,18
4,2.0691252436131642e-10,2.0691301213132368e-10,zachary-karate-network,True,False,0.12469526335844666,-0.12469526335844666,0.09537366346076794,4,9.999999384113778e-09,0.99999999,19
4,2.0710608847751515e-10,2.071065276007189e-10,zachary-karate-network,True,False,0.0869301493763745,-0.0869301493763745,0.12413220333482468,4,9.999999384113778e-09,0.99999999,20
4,2.0723514542521176e-10,2.072355931300248e-10,zachary-karate-network,True,False,0.05929693183524139,-0.05929693183524139,0.15270312308064027,4,9.999999384113778e-09,0.99999999,21
4,2.0683359388464666e-10,2.0683405808595815e-10,zachary-karate-network,True,False,0.10514629250411728,-0.10514629250411728,0.10770185486147295,4,9.999999384113778e-09,0.99999999,22
4,2.031903321805689e-10,2.0319075515929025e-10,zachary-karate-network,True,False,0.04928203807502085,-0.04928203807502085,0.16464775133669962,4,9.999999384113778e-09,0.99999999,23
4,2.0641411648495985e-10,2.0641453720977237e-10,zachary-karate-network,True,False,0.10433375488511834,-0.10433375488511834,0.10928447195836054,4,9.999999384113778e-09,0.99999999,24
4,2.0498972245408976e-10,2.0499017648210442e-10,zachary-karate-network,True,False,0.08556325298563136,-0.08556325298563136,0.12869891802017225,4,9.999999384113778e-09,0.99999999,25
4,2.066871316831977e-10,2.066875974807773e-10,zachary-karate-network,True,False,0.0803840062885115,-0.0803840062885115,0.1305181637108887,4,9.999999384113778e-09,0.99999999,26
4,2.050565700003488e-10,2.0505701177511955e-10,zachary-karate-network,True,False,0.09984180457207868,-0.09984180457207868,0.11587256457811637,4,9.999999384113778e-09,0.99999999,27
4,2.0655524975872692e-10,2.0655568466003657e-10,zachary-karate-network,True,False,0.13487695082967485,-0.13487695082967485,0.08388027838878398,4,9.999999384113778e-09,0.99999999,28
4,2.0512392340138669e-10,2.051243744303554e-10,zachary-karate-network,True,False,0.06784508070702071,-0.06784508070702071,0.14454700905580287,4,9.999999384113778e-09,0.99999999,29
4,2.0546124798314343e-10,2.0546166840465563e-10,zachary-karate-network,True,False,0.12482630770163662,-0.12482630770163662,0.0945789435427537,4,9.999999384113778e-09,0.99999999,30
4,2.031748181099939e-10,2.0317528219681216e-10,zachary-karate-network,True,False,0.07426282313473319,-0.07426282313473319,0.1422183480232083,4,9.999999384113778e-09,0.99999999,31
4,1.9807435266992197e-10,1.9807479698895307e-10,zachary-karate-network,True,True,0.05770464211873961,0.05770464211873961,0.27228918963279874,4,9.999999384113778e-09,0.99999999,32
4,1.943728207024502e-10,1.9437327749333527e-10,zachary-karate-network,True,True,0.1313989708327415,0.1313989708327415,0.3468771275435864,4,9.999999384113778e-09,0.99999999,33
