file,start,residual,bound,violation,extra_angle_allowance,certificate_available
len1_cond1_1.csv,0.0,0.003735000000000044,0.008332324671851772,False,0.0,True
len1_cond1_1.csv,0.5,-0.0011300000000000754,0.008222914008519464,False,0.0,True
len1_cond1_1.csv,1.0,0.00156000000000045,0.008278749463509748,False,0.0,True
len1_cond1_1.csv,1.5,-0.0025600000000003398,0.008162642766694948,False,0.0,True
len1_cond1_1.csv,2.0,0.0018299999999997763,0.008203504315311333,False,0.0,True
len1_cond1_1.csv,2.5,-0.00047499999999978115,0.008064368567740001,False,0.0,True
len1_cond1_1.csv,3.0,0.002074999999999827,0.008108186008243019,False,0.0,True
len1_cond1_1.csv,3.5,-0.0017299999999997873,0.007996999572918304,False,0.0,True
len1_cond1_1.csv,4.0,0.0027849999999998154,0.008016178152481271,False,0.0,True
len1_cond1_1.csv,4.5,-0.002909999999999746,0.007908894689265446,False,0.0,True
len1_cond1_1.csv,5.0,0.0005049999999999777,0.007831872168348141,False,0.0,True
len1_cond1_1.csv,5.5,-0.00046499999999971564,0.007740641436269752,False,0.0,True
len1_cond1_1.csv,6.0,0.0018849999999996925,0.007635641017868105,False,0.0,True
len1_cond1_1.csv,6.5,-0.004469999999999863,0.007594905419260839,False,0.0,True
len1_cond1_1.csv,7.0,0.004174999999999596,0.007753443254122482,False,0.0,True
len1_cond1_1.csv,7.5,-0.003089999999999704,0.0077719299905383565,False,0.0,True
len1_cond1_1.csv,8.0,0.0021549999999998515,0.00799978152490668,False,0.0,True
len1_cond1_1.csv,8.5,-0.0001299999999996304,0.007943359585927815,False,0.0,True
len1_cond1_1.csv,9.0,-0.0011500000000002897,0.007940949875390225,False,0.0,True
len1_cond1_1.csv,9.5,0.0020750000000001184,0.007831077846629474,False,0.0,True
len1_cond1_1.csv,10.0,-0.002869999999999845,0.007642181794229784,False,0.0,True
len1_cond1_1.csv,10.5,0.0008499999999994484,0.0075855333959733385,False,0.0,True
len1_cond1_1.csv,11.0,0.00129999999999994,0.007367687649897317,False,0.0,True
len1_cond1_1.csv,11.5,-0.0018599999999999728,0.007464775633684593,False,0.0,True
len1_cond1_1.csv,12.0,0.001454999999999873,0.007489899471138423,False,0.0,True
len1_cond1_1.csv,12.5,-0.001254999999999895,0.0077896929125273445,False,0.0,True
len1_cond1_1.csv,13.0,0.0004849999999999577,0.007984796279900072,False,0.0,True
len1_cond1_1.csv,13.5,0.0003599999999995829,0.008143162713038945,False,0.0,True
len1_cond1_1.csv,14.0,-0.0015649999999994835,0.008401619444149914,False,0.0,True
len1_cond1_1.csv,14.5,0.004694999999999561,0.00831159253972332,False,0.0,True
len1_cond1_1.csv,15.0,-0.005104999999999249,0.008225725389840087,False,0.0,True
len1_cond1_1.csv,15.5,0.003449999999999509,0.008138445384623261,False,0.0,True
len1_cond1_1.csv,16.0,-0.0029850000000011256,0.0078010614678675465,False,0.0,True
len1_cond1_1.csv,16.5,0.004575000000001328,0.007772447428486541,False,0.0,True
len1_cond1_1.csv,17.0,-0.004755000000001175,0.007537567770624353,False,0.0,True
len1_cond1_1.csv,17.5,0.002540000000000875,0.0075989672558937444,False,0.0,True
len1_cond1_1.csv,18.0,-0.0024100000000006894,0.007385419242670594,False,0.0,True
len1_cond1_1.csv,18.5,0.0025900000000003143,0.007510919420085745,False,0.0,True
len1_cond1_1.csv,19.0,-0.0015249999999997765,0.0073262362553565465,False,0.0,True
len1_cond1_1.csv,19.5,0.0024100000000000232,0.007475304062223782,False,0.0,True
len1_cond1_1.csv,20.0,-0.00205500000000014,0.007298026144099008,False,0.0,True
len1_cond1_1.csv,20.5,0.001040000000000152,0.007437886687155353,False,0.0,True
len1_cond1_1.csv,21.0,-0.0012799999999999478,0.007252797161845922,False,0.0,True
len1_cond1_1.csv,21.5,0.0020449999999998525,0.007407036635213433,False,0.0,True
len1_cond1_1.csv,22.0,-0.0018650000000000055,0.007211030781907881,False,0.0,True
len1_cond1_1.csv,22.5,0.0015650000000004827,0.007365455701985975,False,0.0,True
len1_cond1_1.csv,23.0,-0.0013850000000004137,0.007157439780622543,False,0.0,True
len1_cond1_1.csv,23.5,0.0011500000000006505,0.007309181443671256,False,0.0,True
len1_cond1_1.csv,24.0,-0.003215000000000856,0.0071118598904369055,False,0.0,True
len1_cond1_1.csv,24.5,0.0037450000000001094,0.007264325885104502,False,0.0,True
len1_cond1_1.csv,25.0,-0.0031300000000005213,0.007072152503513927,False,0.0,True
len1_cond1_1.csv,25.5,0.0027850000000004815,0.007243481259574961,False,0.0,True
len1_cond1_1.csv,26.0,-0.0013600000000000279,0.007055037484887915,False,0.0,True
len1_cond1_1.csv,26.5,0.0011599999999999389,0.0071348144942581125,False,0.0,True
len1_cond1_1.csv,27.0,-0.0012700000000003264,0.007013315652756782,False,0.0,True
len1_cond1_1.csv,27.5,0.0009700000000000264,0.007061497210538901,False,0.0,True
len1_cond1_1.csv,28.0,-0.0026500000000005963,0.006965773383467258,False,0.0,True
len1_cond1_1.csv,28.5,0.0027850000000004815,0.007025020949573367,False,0.0,True
len1_cond1_1.csv,29.0,-0.002115000000000422,0.006822757324322968,False,0.0,True
len1_cond1_1.csv,29.5,0.001520000000000521,0.006999585247889481,False,0.0,True
len1_cond1_1.csv,30.0,-0.0018000000000001348,0.0068320678011269936,False,0.0,True
len1_cond1_1.csv,30.5,0.0019000000000004569,0.007052134826647244,False,0.0,True
len1_cond1_1.csv,31.0,-0.0010700000000004595,0.006873281621984447,False,0.0,True
len1_cond1_1.csv,31.5,0.0024500000000003963,0.007097914612941927,False,0.0,True
len1_cond1_1.csv,32.0,-0.0018950000000012013,0.00692442695910005,False,0.0,True
len1_cond1_1.csv,32.5,0.0001400000000005841,0.0071374874518165664,False,0.0,True
len1_cond1_1.csv,33.0,0.0015999999999992132,0.006949662758318694,False,0.0,True
len1_cond1_1.csv,33.5,-0.00016999999999883775,0.007061317674627104,False,0.0,True
len1_cond1_1.csv,34.0,-0.0023100000000004783,0.006970429059405817,False,0.0,True
len1_cond1_1.csv,34.5,0.0008400000000005903,0.006974386606997569,False,0.0,True
len1_cond1_1.csv,35.0,4.4999999999156826e-05,0.006915543599990763,False,0.0,True
len1_cond1_1.csv,35.5,5.50000000003395e-05,0.0067557777600113795,False,0.0,True
len1_cond1_1.csv,36.0,-0.0002450000000009398,0.006845093549464458,False,0.0,True
len1_cond1_1.csv,36.5,0.0005400000000002209,0.006626616502849538,False,0.0,True
len1_cond1_1.csv,37.0,-0.0006099999999998051,0.006752954337157524,False,0.0,True
len1_cond1_1.csv,37.5,-0.0010599999999998944,0.006635732109541999,False,0.0,True
len1_cond1_1.csv,38.0,0.0015649999999998165,0.006746407213462143,False,0.0,True
len1_cond1_1.csv,38.5,-0.0013450000000000961,0.006562452833398673,False,0.0,True
len1_cond1_1.csv,39.0,0.0008100000000003105,0.006762376503458107,False,0.0,True
len1_cond1_1.csv,39.5,0.0018299999999994987,0.006729534174799225,False,0.0,True
len1_cond1_1.csv,40.0,-0.00025999999999981593,0.006896908340928624,False,0.0,True
len1_cond1_1.csv,40.5,-0.0008300000000009411,0.006812054812968418,False,0.0,True
len1_cond1_1.csv,41.0,-0.0010999999999989352,0.007007300469707776,False,0.0,True
len1_cond1_1.csv,41.5,0.00014999999999898428,0.007008306574029947,False,0.0,True
len1_cond1_1.csv,42.0,-0.0007599999999989837,0.007078730014635038,False,0.0,True
len1_cond1_1.csv,42.5,0.0017849999999990374,0.0070699681228885095,False,0.0,True
len1_cond1_1.csv,43.0,0.0007350000000011514,0.007157209809553734,False,0.0,True
len1_cond1_1.csv,43.5,-0.003110000000000168,0.007150690210267761,False,0.0,True
len1_cond1_1.csv,44.0,0.002780000000000671,0.007115091241529441,False,0.0,True
len1_cond1_1.csv,44.5,-0.0012900000000003464,0.007040561254373224,False,0.0,True
len1_cond1_1.csv,45.0,0.0011799999999999589,0.007069510711253384,False,0.0,True
len1_cond1_1.csv,45.5,-0.0029600000000004068,0.0069449930848706955,False,0.0,True
len1_cond1_1.csv,46.0,0.0037249999999999783,0.0069551309258771765,False,0.0,True
len1_cond1_1.csv,46.5,-0.0030049999999999244,0.0067492991611120354,False,0.0,True
len1_cond1_1.csv,47.0,0.0032249999999993673,0.006811198325434737,False,0.0,True
len1_cond1_1.csv,47.5,-0.004174999999999929,0.00661151797516695,False,0.0,True
len1_cond1_1.csv,48.0,0.004225000000000256,0.006751977436707859,False,0.0,True
len1_cond1_1.csv,48.5,-0.004495000000000138,0.006541688265501804,False,0.0,True
len1_cond1_1.csv,49.0,0.004645000000000232,0.006674286249184199,False,0.0,True
len1_cond1_1.csv,49.5,-0.0031850000000001044,0.006478945858654299,False,0.0,True
len1_cond1_1.csv,50.0,0.002794999999999992,0.006630429513864975,False,0.0,True
len1_cond1_1.csv,50.5,-0.0024450000000002525,0.006395711015525371,False,0.0,True
len1_cond1_1.csv,51.0,0.002935000000000687,0.006552295103189928,False,0.0,True
len1_cond1_1.csv,51.5,-0.0026599999999998847,0.00634196558661325,False,0.0,True
len1_cond1_1.csv,52.0,0.001700000000000812,0.006525927643055633,False,0.0,True
len1_cond1_1.csv,52.5,-0.0032450000000006085,0.006298891401231502,False,0.0,True
len1_cond1_1.csv,53.0,0.004145000000000509,0.00652507791228081,False,0.0,True
len1_cond1_1.csv,53.5,-0.003115000000000756,0.006297213994506806,False,0.0,True
len1_cond1_1.csv,54.0,0.003080000000001304,0.006485679879567131,False,0.0,True
len1_cond1_1.csv,54.5,-0.0023350000000013083,0.006280133058652757,False,0.0,True
len1_cond1_1.csv,55.0,0.0011300000000002974,0.006465447560717865,False,0.0,True
len1_cond1_1.csv,55.5,-0.0022250000000010317,0.006242412173488036,False,0.0,True
len1_cond1_1.csv,56.0,0.003510000000000457,0.006456392769249936,False,0.0,True
len1_cond1_1.csv,56.5,-0.0036700000000010613,0.006232311692571099,False,0.0,True
len1_cond1_1.csv,57.0,0.0013550000000012163,0.006431634046492027,False,0.0,True
len1_cond1_1.csv,57.5,-0.00013000000000118472,0.006185510864667256,False,0.0,True
len1_cond1_1.csv,58.0,0.0015250000000011088,0.00639108999315493,False,0.0,True
len1_cond1_1.csv,58.5,-0.002200000000000757,0.006170732812798621,False,0.0,True
len1_cond1_1.csv,59.0,0.0017300000000002314,0.006373633309642783,False,0.0,True
len1_cond2_1.csv,0.0,-0.0005900000000000349,0.006860882446124652,False,0.0,True
len1_cond2_1.csv,0.5,0.0007800000000000029,0.006887221329675927,False,0.0,True
len1_cond2_1.csv,1.0,0.0020300000000000318,0.006862575633930262,False,0.0,True
len1_cond2_1.csv,1.5,-0.0027799999999998937,0.006904523598805837,False,0.0,True
len1_cond2_1.csv,2.0,0.002180000000000182,0.007008337542210861,False,0.0,True
len1_cond2_1.csv,2.5,-0.000280000000000058,0.007008527903697848,False,0.0,True
len1_cond2_1.csv,3.0,-0.001274999999999804,0.00718153678016527,False,0.0,True
len1_cond2_1.csv,3.5,0.0002049999999998997,0.007085549624225712,False,0.0,True
len1_cond2_1.csv,4.0,0.0002950000000000452,0.007200657595133913,False,0.0,True
len1_cond2_1.csv,4.5,-0.0010300000000003084,0.007120717375831839,False,0.0,True
len1_cond2_1.csv,5.0,-0.001214999999999744,0.007195257100867235,False,0.0,True
len1_cond2_1.csv,5.5,0.00169499999999978,0.0071682485507912775,False,0.0,True
len1_cond2_1.csv,6.0,-0.000360000000000138,0.007132514644089807,False,0.0,True
len1_cond2_1.csv,6.5,0.0022299999999998432,0.006919450038545853,False,0.0,True
len1_cond2_1.csv,7.0,-0.00270999999999999,0.006959569863821266,False,0.0,True
len1_cond2_1.csv,7.5,0.003689999999999749,0.006784028156610307,False,0.0,True
len1_cond2_1.csv,8.0,-0.004684999999999606,0.006821358279144297,False,0.0,True
len1_cond2_1.csv,8.5,0.0011699999999993382,0.006616980664025765,False,0.0,True
len1_cond2_1.csv,9.0,-0.0016249999999994325,0.006629088217152168,False,0.0,True
len1_cond2_1.csv,9.5,0.0038149999999994577,0.006546501634932891,False,0.0,True
len1_cond2_1.csv,10.0,-0.0027249999999996444,0.006492245678554417,False,0.0,True
len1_cond2_1.csv,10.5,0.0026849999999994933,0.006434357891004626,False,0.0,True
len1_cond2_1.csv,11.0,-0.002314999999999401,0.006387230823593597,False,0.0,True
len1_cond2_1.csv,11.5,0.002134999999999332,0.006272922186440079,False,0.0,True
len1_cond2_1.csv,12.0,-0.0030649999999994293,0.006264396446639819,False,0.0,True
len1_cond2_1.csv,12.5,0.0018599999999994177,0.006206099120412545,False,0.0,True
len1_cond2_1.csv,13.0,-0.000994999999999524,0.006187309641596945,False,0.0,True
len1_cond2_1.csv,13.5,0.0014099999999995783,0.006150885593083145,False,0.0,True
len1_cond2_1.csv,14.0,-0.0025849999999993933,0.006117521336950095,False,0.0,True
len1_cond2_1.csv,14.5,0.0037399999999995215,0.00606902302839887,False,0.0,True
len1_cond2_1.csv,15.0,-0.002014999999999767,0.00606902302839887,False,0.0,True
len1_cond2_1.csv,15.5,-3.3306690738754696e-16,0.005999244734576664,False,0.0,True
len1_cond2_1.csv,16.0,-0.0010550000000003612,0.005987459953575278,False,0.0,True
len1_cond2_1.csv,16.5,0.0023500000000000743,0.0059291486036829625,False,0.0,True
len1_cond2_1.csv,17.0,-0.003710000000000213,0.0059291486036829625,False,0.0,True
len1_cond2_1.csv,17.5,0.00319500000000017,0.005874700813950476,False,0.0,True
len1_cond2_1.csv,18.0,-0.0005250000000002197,0.005867626233027761,False,0.0,True
len1_cond2_1.csv,18.5,0.0015250000000002206,0.0058120967427828,False,0.0,True
len1_cond2_1.csv,19.0,-0.0019299999999997652,0.00580486916168991,False,0.0,True
len1_cond2_1.csv,19.5,0.0014550000000002061,0.0057424035226219285,False,0.0,True
len1_cond2_1.csv,20.0,-0.0027800000000000047,0.005752225731719328,False,0.0,True
len1_cond2_1.csv,20.5,0.002175000000000149,0.00569568079263208,False,0.0,True
len1_cond2_1.csv,21.0,0.0005149999999998212,0.0056910866934616906,False,0.0,True
len1_cond2_1.csv,21.5,-3.999999999992898e-05,0.005633007765305106,False,0.0,True
len1_cond2_1.csv,22.0,-0.0023300000000000542,0.005633007765305106,False,0.0,True
len1_cond2_1.csv,22.5,0.0016849999999997145,0.005595483190192722,False,0.0,True
len1_cond2_1.csv,23.0,-0.001100000000000101,0.005571936590742503,False,0.0,True
len1_cond2_1.csv,23.5,0.0013900000000000023,0.005534430440997002,False,0.0,True
len1_cond2_1.csv,24.0,-0.000920000000000254,0.005534430440997002,False,0.0,True
len1_cond2_1.csv,24.5,0.000500000000000056,0.005490125837130414,False,0.0,True
len1_cond2_1.csv,25.0,-0.002320000000000322,0.005490125837130414,False,0.0,True
len1_cond2_1.csv,25.5,0.0022199999999999998,0.005452737327714684,False,0.0,True
len1_cond2_1.csv,26.0,-0.0008099999999999774,0.0054340652407051365,False,0.0,True
len1_cond2_1.csv,26.5,0.0013500000000000734,0.005397412168640033,False,0.0,True
len1_cond2_1.csv,27.0,-0.0006499999999997064,0.005397412168640033,False,0.0,True
len1_cond2_1.csv,27.5,-6.000000000028205e-05,0.005353984227617916,False,0.0,True
len1_cond2_1.csv,28.0,-0.0001900000000001345,0.005353984227617916,False,0.0,True
len1_cond2_1.csv,28.5,0.00048000000000003595,0.005316826125314955,False,0.0,True
len1_cond2_1.csv,29.0,-0.0007499999999999174,0.005316826125314955,False,0.0,True
len1_cond2_1.csv,29.5,0.001040000000000041,0.005279729301921738,False,0.0,True
len1_cond2_1.csv,30.0,-0.000340000000000229,0.005279729301921738,False,0.0,True
len1_cond2_1.csv,30.5,-0.00039000000000000146,0.005236527751488944,False,0.0,True
len1_cond2_1.csv,31.0,0.00033999999999989594,0.005236527751488944,False,0.0,True
len1_cond2_1.csv,31.5,0.0005650000000002597,0.005198856743260646,False,0.0,True
len1_cond2_1.csv,32.0,-0.0017699999999997162,0.00522017077125503,False,0.0,True
len1_cond2_1.csv,32.5,0.0022800000000000598,0.005183278820389252,False,0.0,True
len1_cond2_1.csv,33.0,-0.001815000000000011,0.005186819703525936,False,0.0,True
len1_cond2_1.csv,33.5,0.0017750000000008592,0.005144239484062843,False,0.0,True
len1_cond2_1.csv,34.0,-0.0010650000000000936,0.005146451529215739,False,0.0,True
len1_cond2_1.csv,34.5,-0.00040999999999957737,0.0051013069359799445,False,0.0,True
len1_cond2_1.csv,35.0,-0.0004950000000008004,0.0051013069359799445,False,0.0,True
len1_cond2_1.csv,35.5,0.0007949999999999902,0.005085217969582571,False,0.0,True
len1_cond2_1.csv,36.0,-0.0003099999999996994,0.005064576934635616,False,0.0,True
len1_cond2_1.csv,36.5,-0.0007049999999999557,0.005046236088241855,False,0.0,True
len1_cond2_1.csv,37.0,0.0004450000000000287,0.005030264963586918,False,0.0,True
len1_cond2_1.csv,37.5,0.00098000000000098,0.005009602999003525,False,0.0,True
len1_cond2_1.csv,38.0,-0.0019250000000000655,0.005009602999003525,False,0.0,True
len1_cond2_1.csv,38.5,0.0012050000000005667,0.0049937134168483305,False,0.0,True
len1_cond2_1.csv,39.0,0.0002899999999995684,0.004966946832818448,False,0.0,True
len1_cond2_1.csv,39.5,0.0006250000000005418,0.004948692972048017,False,0.0,True
len1_cond2_1.csv,40.0,-0.0006850000000007128,0.0049511556358388725,False,0.0,True
len1_cond2_1.csv,40.5,0.0001799999999996249,0.004911405608969236,False,0.0,True
len1_cond2_1.csv,41.0,-0.0004600000000006266,0.004912234804759475,False,0.0,True
len1_cond2_1.csv,41.5,0.0005000000000005,0.00487499509960341,False,0.0,True
len1_cond2_1.csv,42.0,-0.0011600000000007715,0.00487499509960341,False,0.0,True
len1_cond2_1.csv,42.5,0.0004300000000003745,0.004856814564553904,False,0.0,True
len1_cond2_1.csv,43.0,0.0007899999999997909,0.004832599602224503,False,0.0,True
len1_cond2_1.csv,43.5,-0.0006799999999990702,0.004814457760350297,False,0.0,True
len1_cond2_1.csv,44.0,0.0003799999999992698,0.004814457760350297,False,0.0,True
len1_cond2_1.csv,44.5,-0.00012999999999940837,0.0047782241321186044,False,0.0,True
len1_cond2_1.csv,45.0,-6.000000000033756e-05,0.0047782241321186044,False,0.0,True
len1_cond2_1.csv,45.5,0.00019000000000041206,0.00476013244756687,False,0.0,True
len1_cond2_1.csv,46.0,-0.00164000000000053,0.00476013244756687,False,0.0,True
len1_cond2_1.csv,46.5,0.0020299999999997542,0.0047429834757084085,False,0.0,True
len1_cond2_1.csv,47.0,9.999999999676934e-06,0.0047429834757084085,False,0.0,True
len1_cond2_1.csv,47.5,-0.0009699999999994158,0.004699948597958383,False,0.0,True
len1_cond2_1.csv,48.0,0.0005699999999997374,0.004699948597958383,False,0.0,True
len1_cond2_1.csv,48.5,-0.00017999999999968042,0.0046828969246391385,False,0.0,True
len1_cond2_1.csv,49.0,0.00012999999999990797,0.0046828969246391385,False,0.0,True
len1_cond2_1.csv,49.5,-9.999999999921183e-05,0.004645944467489727,False,0.0,True
len1_cond2_1.csv,50.0,-0.0010750000000003257,0.004645944467489727,False,0.0,True
len1_cond2_1.csv,50.5,0.0014950000000001906,0.004632039455964295,False,0.0,True
len1_cond2_1.csv,51.0,-0.0016250000000003761,0.004628984360078082,False,0.0,True
len1_cond2_1.csv,51.5,0.0024900000000002698,0.004614146835809668,False,0.0,True
len1_cond2_1.csv,52.0,-0.0009950000000002457,0.004614146835809668,False,0.0,True
len1_cond2_1.csv,52.5,-0.001764999999999406,0.004569267499216278,False,0.0,True
len1_cond2_1.csv,53.0,0.0016650000000002496,0.004572471575922056,False,0.0,True
len1_cond2_1.csv,53.5,-0.00018999999999980144,0.004551390987407411,False,0.0,True
len1_cond2_1.csv,54.0,-0.0009849999999999581,0.004551390987407411,False,0.0,True
len1_cond2_1.csv,54.5,0.0019300000000000428,0.004542205247851092,False,0.0,True
len1_cond2_1.csv,55.0,-0.0001300000000005741,0.00453683365266017,False,0.0,True
len1_cond2_1.csv,55.5,0.00027999999999994696,0.0045068132331252545,False,0.0,True
len1_cond2_1.csv,56.0,-0.00041000000000007697,0.0045190440657288,False,0.0,True
len1_cond2_1.csv,56.5,-0.0011299999999994093,0.00448915133773667,False,0.0,True
len1_cond2_1.csv,57.0,-0.000840000000000285,0.00448915133773667,False,0.0,True
len1_cond2_1.csv,57.5,0.002539999999999931,0.0044794420256962,False,0.0,True
len1_cond2_1.csv,58.0,9.999999999343867e-06,0.004471512607429037,False,0.0,True
len1_cond2_1.csv,58.5,0.000640000000000418,0.004430447611817104,False,0.0,True
len1_cond2_1.csv,59.0,-0.0015699999999997938,0.004453897383365918,False,0.0,True
len1_cond3_1.csv,0.0,-0.0014850000000000696,0.0066258290163133254,False,0.0,True
len1_cond3_1.csv,0.5,0.00048000000000003595,0.006498159867761378,False,0.0,True
len1_cond3_1.csv,1.0,0.0010099999999999554,0.0065176528832039966,False,0.0,True
len1_cond3_1.csv,1.5,-0.0011699999999997823,0.006397138846909591,False,0.0,True
len1_cond3_1.csv,2.0,-0.0007399999999998519,0.0063735349624873695,False,0.0,True
len1_cond3_1.csv,2.5,0.0007299999999998974,0.006329406073548205,False,0.0,True
len1_cond3_1.csv,3.0,-0.0003649999999999487,0.0062190021683233235,False,0.0,True
len1_cond3_1.csv,3.5,0.0010799999999999144,0.00623735051418234,False,0.0,True
len1_cond3_1.csv,4.0,0.00010000000000015552,0.006162676563263165,False,0.0,True
len1_cond3_1.csv,4.5,-0.0016100000000001669,0.006183126159746109,False,0.0,True
len1_cond3_1.csv,5.0,0.000540000000000096,0.006071055015543694,False,0.0,True
len1_cond3_1.csv,5.5,0.002474999999999894,0.006063941372013427,False,0.0,True
len1_cond3_1.csv,6.0,-0.0025100000000000122,0.005964824468646195,False,0.0,True
len1_cond3_1.csv,6.5,0.00023999999999996247,0.005952588420192783,False,0.0,True
len1_cond3_1.csv,7.0,3.000000000011327e-05,0.0058670132213794225,False,0.0,True
len1_cond3_1.csv,7.5,9.999999999996123e-05,0.005861842654319899,False,0.0,True
len1_cond3_1.csv,8.0,6.0000000000254294e-05,0.005786002446638747,False,0.0,True
len1_cond3_1.csv,8.5,-0.0012350000000001249,0.005832310538159526,False,0.0,True
len1_cond3_1.csv,9.0,0.0021600000000001895,0.0056582770558271924,False,0.0,True
len1_cond3_1.csv,9.5,0.00047999999999978615,0.0056547014952437,False,0.0,True
len1_cond3_1.csv,10.0,-0.001104999999999981,0.005644895390723541,False,0.0,True
len1_cond3_1.csv,10.5,-0.000370000000000148,0.0055385046872216915,False,0.0,True
len1_cond3_1.csv,11.0,8.999999999992347e-05,0.00553039703225676,False,0.0,True
len1_cond3_1.csv,11.5,-0.0015550000000000147,0.0054773065228758255,False,0.0,True
len1_cond3_1.csv,12.0,0.00290000000000018,0.005418752536570199,False,0.0,True
len1_cond3_1.csv,12.5,-0.002540000000000202,0.005418752536570199,False,0.0,True
len1_cond3_1.csv,13.0,0.00040000000000006697,0.005312915964839125,False,0.0,True
len1_cond3_1.csv,13.5,0.0007249999999999826,0.005364834896251917,False,0.0,True
len1_cond3_1.csv,14.0,0.000725000000000052,0.005259179642775639,False,0.0,True
len1_cond3_1.csv,14.5,-0.0011549999999998506,0.005310548385730097,False,0.0,True
len1_cond3_1.csv,15.0,-2.000000000004082e-05,0.00520699591077365,False,0.0,True
len1_cond3_1.csv,15.5,-0.0007250000000000242,0.005207974006097127,False,0.0,True
len1_cond3_1.csv,16.0,0.0014750000000004412,0.005105010681633956,False,0.0,True
len1_cond3_1.csv,16.5,-0.0013050000000001932,0.005206485407682773,False,0.0,True
len1_cond3_1.csv,17.0,0.0012100000000003766,0.005104876275193323,False,0.0,True
len1_cond3_1.csv,17.5,0.0009099999999996758,0.005105010681633956,False,0.0,True
len1_cond3_1.csv,18.0,-1.0000000000086329e-05,0.005104876275193323,False,0.0,True
len1_cond3_1.csv,18.5,-0.001729999999999906,0.005104876275193323,False,0.0,True
len1_cond3_1.csv,19.0,0.0006100000000000107,0.005055134080087261,False,0.0,True
len1_cond3_1.csv,19.5,0.001189999999999909,0.005005260993279732,False,0.0,True
len1_cond3_1.csv,20.0,-0.0014550000000000491,0.005005402906958206,False,0.0,True
len1_cond3_1.csv,20.5,0.0014449999999998657,0.004954718929007297,False,0.0,True
len1_cond3_1.csv,21.0,-0.0022399999999996962,0.005005402906958206,False,0.0,True
len1_cond3_1.csv,21.5,0.0017050000000003512,0.005005260993279732,False,0.0,True
len1_cond3_1.csv,22.0,-0.0019500000000000376,0.004905427589317455,False,0.0,True
len1_cond3_1.csv,22.5,0.00166500000000007,0.004954718929007297,False,0.0,True
len1_cond3_1.csv,23.0,-0.0014299999999999357,0.004855189149096347,False,0.0,True
len1_cond3_1.csv,23.5,0.002239999999999795,0.004805885223382478,False,0.0,True
len1_cond3_1.csv,24.0,-0.0022200000000001776,0.00480604554111816,False,0.0,True
len1_cond3_1.csv,24.5,0.0022099999999998,0.004805885223382478,False,0.0,True
len1_cond3_1.csv,25.0,-0.0014600000000002328,0.00480604554111816,False,0.0,True
len1_cond3_1.csv,25.5,-0.0003599999999999619,0.004855033862653696,False,0.0,True
len1_cond3_1.csv,26.0,0.0014300000000003312,0.004757047508594822,False,0.0,True
len1_cond3_1.csv,26.5,0.0005199999999997793,0.004756881789713706,False,0.0,True
len1_cond3_1.csv,27.0,-0.002234999999999875,0.004756881789713706,False,0.0,True
len1_cond3_1.csv,27.5,0.0011800000000002772,0.004707257052670936,False,0.0,True
len1_cond3_1.csv,28.0,-0.00015000000000001384,0.004658375177097838,False,0.0,True
len1_cond3_1.csv,28.5,-0.0001299999999998325,0.004707257052670936,False,0.0,True
len1_cond3_1.csv,29.0,-7.632783294297951e-17,0.004609810158608736,False,0.0,True
len1_cond3_1.csv,29.5,0.00016000000000009236,0.004658997834181531,False,0.0,True
len1_cond3_1.csv,30.0,0.0001499999999998499,0.004658553109432286,False,0.0,True
len1_cond3_1.csv,30.5,-0.0011749999999999278,0.0046104566145879974,False,0.0,True
len1_cond3_1.csv,31.0,0.0008349999999998567,0.004560652897826175,False,0.0,True
len1_cond3_1.csv,31.5,3.49999999999049e-05,0.004611195011608583,False,0.0,True
len1_cond3_1.csv,32.0,0.0014899999999994917,0.004561133448414515,False,0.0,True
len1_cond3_1.csv,32.5,-0.000849999999999785,0.004513690541943977,False,0.0,True
len1_cond3_1.csv,33.0,-0.0007899999999999435,0.004513690541943977,False,0.0,True
len1_cond3_1.csv,33.5,-0.0002799999999996555,0.004563373455881283,False,0.0,True
len1_cond3_1.csv,34.0,-0.0008999999999997794,0.004513690541943977,False,0.0,True
len1_cond3_1.csv,34.5,0.003069999999999587,0.004516721296275774,False,0.0,True
len1_cond3_1.csv,35.0,-0.0012399999999999495,0.004467230394872576,False,0.0,True
len1_cond3_1.csv,35.5,-6.500000000016909e-05,0.004468793637645402,False,0.0,True
len1_cond3_1.csv,36.0,-0.00134499999999977,0.004418477255278896,False,0.0,True
len1_cond3_1.csv,36.5,0.0022750000000001727,0.0044706665497343335,False,0.0,True
len1_cond3_1.csv,37.0,-0.002329999999999624,0.004420113900780108,False,0.0,True
len1_cond3_1.csv,37.5,0.001090000000000084,0.0044243569893278115,False,0.0,True
len1_cond3_1.csv,38.0,0.000989999999999873,0.0043725221488508945,False,0.0,True
len1_cond3_1.csv,38.5,-0.0008949999999992853,0.0044243569893278115,False,0.0,True
len1_cond3_1.csv,39.0,-2.0000000000380824e-05,0.004326354402024728,False,0.0,True
len1_cond3_1.csv,39.5,0.001199999999999625,0.004331738695356242,False,0.0,True
len1_cond3_1.csv,40.0,-0.002104999999999864,0.004281883480858959,False,0.0,True
len1_cond3_1.csv,40.5,0.0008250000000004989,0.004429879385309717,False,0.0,True
len1_cond3_1.csv,41.0,0.00026000000000003104,0.0043288710007854045,False,0.0,True
len1_cond3_1.csv,41.5,0.0006300000000003803,0.0043349542232997374,False,0.0,True
len1_cond3_1.csv,42.0,-0.0007700000000004023,0.004238301295636024,False,0.0,True
len1_cond3_1.csv,42.5,-0.0012899999999997566,0.0042920384254310955,False,0.0,True
len1_cond3_1.csv,43.0,0.0015599999999996866,0.004238301295636024,False,0.0,True
len1_cond3_1.csv,43.5,0.00036999999999957206,0.004338513977404168,False,0.0,True
len1_cond3_1.csv,44.0,-0.0014900000000003313,0.00424187850092848,False,0.0,True
len1_cond3_1.csv,44.5,-0.00037499999999986156,0.004297588219794608,False,0.0,True
len1_cond3_1.csv,45.0,0.0014099999999994672,0.0041948516756500865,False,0.0,True
len1_cond3_1.csv,45.5,2.000000000010327e-05,0.004205252477923305,False,0.0,True
len1_cond3_1.csv,46.0,-0.0014600000000007801,0.00419904745152311,False,0.0,True
len1_cond3_1.csv,46.5,-9.000000000002062e-05,0.004210355182162186,False,0.0,True
len1_cond3_1.csv,47.0,0.0016500000000002485,0.00419904745152311,False,0.0,True
len1_cond3_1.csv,47.5,0.0010299999999998227,0.004210355182162186,False,0.0,True
len1_cond3_1.csv,48.0,-0.0027399999999997288,0.0041600633215311475,False,0.0,True
len1_cond3_1.csv,48.5,0.0006000000000008637,0.004171287619958702,False,0.0,True
len1_cond3_1.csv,49.0,0.0014799999999998287,0.0041600633215311475,False,0.0,True
len1_cond3_1.csv,49.5,0.0004900000000001847,0.004171287619958702,False,0.0,True
len1_cond3_1.csv,50.0,-0.0016199999999996217,0.004165478295351433,False,0.0,True
len1_cond3_1.csv,50.5,0.0005549999999996252,0.004133821944957559,False,0.0,True
len1_cond3_1.csv,51.0,-0.00032999999999987206,0.004076323161987157,False,0.0,True
len1_cond3_1.csv,51.5,0.0007200000000000123,0.004089963773867126,False,0.0,True
len1_cond3_1.csv,52.0,-0.0007399999999996576,0.004082933273488226,False,0.0,True
len1_cond3_1.csv,52.5,0.00022000000000049758,0.004089963773867126,False,0.0,True
len1_cond3_1.csv,53.0,-0.0003100000000003239,0.004082933273488226,False,0.0,True
len1_cond3_1.csv,53.5,-0.0007299999999998419,0.0040556209989502994,False,0.0,True
len1_cond3_1.csv,54.0,0.0007699999999998403,0.003998151116052539,False,0.0,True
len1_cond3_1.csv,54.5,0.0004499999999999643,0.0040556209989502994,False,0.0,True
len1_cond3_1.csv,55.0,9.999999999955878e-05,0.004047670490744465,False,0.0,True
len1_cond3_1.csv,55.5,-0.00010999999999972143,0.0040556209989502994,False,0.0,True
len1_cond3_1.csv,56.0,0.0008900000000002933,0.004047670490744465,False,0.0,True
len1_cond3_1.csv,56.5,-0.0019350000000001033,0.004014777523897836,False,0.0,True
len1_cond3_1.csv,57.0,5.000000000088267e-06,0.003965107918731623,False,0.0,True
len1_cond3_1.csv,57.5,-5.00000000044909e-06,0.004023725354295577,False,0.0,True
len1_cond3_1.csv,58.0,9.99999999970469e-06,0.003965107918731623,False,0.0,True
len1_cond3_1.csv,58.5,0.0016899999999998028,0.003946384295205021,False,0.0,True
len1_cond3_1.csv,59.0,-0.0016599999999996062,0.003936005577275229,False,0.0,True
len2_cond1_1.csv,0.0,0.001334999999999975,0.0036493823362208824,False,0.0,True
len2_cond1_1.csv,0.5,-0.0021700000000000053,0.003664373648688558,False,0.0,True
len2_cond1_1.csv,1.0,0.0010950000000000681,0.0036366152256300565,False,0.0,True
len2_cond1_1.csv,1.5,-0.0006550000000000722,0.003601138378875133,False,0.0,True
len2_cond1_1.csv,2.0,0.0002749999999999697,0.003635018296333236,False,0.0,True
len2_cond1_1.csv,2.5,0.0020500000000000657,0.003607462237893477,False,0.0,True
len2_cond1_1.csv,3.0,-0.0027049999999999297,0.003557081781849163,False,0.0,True
len2_cond1_1.csv,3.5,0.003554999999999975,0.003629186959890599,False,0.0,True
len2_cond1_1.csv,4.0,-0.002409999999999912,0.0036680258096652056,False,0.0,True
len2_cond1_1.csv,4.5,0.0003699999999997594,0.003616473980967677,False,0.0,True
len2_cond1_1.csv,5.0,-0.0007949999999998791,0.0036084261506673845,False,0.0,True
len2_cond1_1.csv,5.5,0.0008749999999999591,0.003596664537082628,False,0.0,True
len2_cond1_1.csv,6.0,0.00021000000000003655,0.0036074881865963467,False,0.0,True
len2_cond1_1.csv,6.5,-0.0010349999999999804,0.0036033749368887683,False,0.0,True
len2_cond1_1.csv,7.0,0.0020399999999999863,0.0036432883246299936,False,0.0,True
len2_cond1_1.csv,7.5,-0.001554999999999862,0.003645683522430011,False,0.0,True
len2_cond1_1.csv,8.0,5.999999999983796e-05,0.003604715782899604,False,0.0,True
len2_cond1_1.csv,8.5,0.00015000000000015,0.0035763458434260147,False,0.0,True
len2_cond1_1.csv,9.0,0.0012399999999999634,0.0036194804824764863,False,0.0,True
len2_cond1_1.csv,9.5,-0.0002600000000001577,0.0035820684321495964,False,0.0,True
len2_cond1_1.csv,10.0,-0.0005949999999997901,0.0035874541918286193,False,0.0,True
len2_cond1_1.csv,10.5,-0.001010000000000122,0.0036549727184364573,False,0.0,True
len2_cond1_1.csv,11.0,-0.0007799999999997809,0.0035860079832717388,False,0.0,True
len2_cond1_1.csv,11.5,0.0008899999999997243,0.0035960871140933567,False,0.0,True
len2_cond1_1.csv,12.0,0.0005049999999998112,0.003556535093304219,False,0.0,True
len2_cond1_1.csv,12.5,0.0003300000000000525,0.0035691803131891707,False,0.0,True
len2_cond1_1.csv,13.0,-0.0010700000000002305,0.003564681503133254,False,0.0,True
len2_cond1_1.csv,13.5,0.0008000000000001894,0.0035735817827510603,False,0.0,True
len2_cond1_1.csv,14.0,0.0004299999999998194,0.003639792092605578,False,0.0,True
len2_cond1_1.csv,14.5,-0.0014849999999999586,0.003568477829819546,False,0.0,True
len2_cond1_1.csv,15.0,0.00014999999999992797,0.0035733382031773436,False,0.0,True
len2_cond1_1.csv,15.5,0.0008200000000000429,0.0035411687636787747,False,0.0,True
len2_cond1_1.csv,16.0,-0.0005849999999998634,0.003585065190955035,False,0.0,True
len2_cond1_1.csv,16.5,4.000000000001225e-05,0.003555710680629453,False,0.0,True
len2_cond1_1.csv,17.0,-1.4999999999876223e-05,0.003598663833674941,False,0.0,True
len2_cond1_1.csv,17.5,0.0020499999999999963,0.003600546861973736,False,0.0,True
len2_cond1_1.csv,18.0,-0.0036049999999999693,0.0035402210048014063,True,3.238949759928151e-05,True
len2_cond1_1.csv,18.5,0.0012150000000002437,0.003557619957682735,False,0.0,True
len2_cond1_1.csv,19.0,0.000200000000000089,0.003482953036365208,False,0.0,True
len2_cond1_1.csv,19.5,0.0021250000000002656,0.0035788549587117127,False,0.0,True
len2_cond1_1.csv,20.0,-0.0007150000000001877,0.003554740169133877,False,0.0,True
len2_cond1_1.csv,20.5,-0.0008049999999998891,0.0035634529967276743,False,0.0,True
len2_cond1_1.csv,21.0,-0.0001749999999998142,0.003582020500918044,False,0.0,True
len2_cond1_1.csv,21.5,-0.00031999999999987594,0.0035181980430761886,False,0.0,True
len2_cond1_1.csv,22.0,0.0004350000000004628,0.0035293257730088373,False,0.0,True
len2_cond1_1.csv,22.5,0.0013749999999999596,0.0034805682117718317,False,0.0,True
len2_cond1_1.csv,23.0,-0.0017049999999999566,0.0035430560771988967,False,0.0,True
len2_cond1_1.csv,23.5,0.002214999999999856,0.0035246827511706868,False,0.0,True
len2_cond1_1.csv,24.0,-0.0024700000000001943,0.003560093992061324,False,0.0,True
len2_cond1_1.csv,24.5,0.0003650000000000597,0.0035414126794456272,False,0.0,True
len2_cond1_1.csv,25.0,-0.0012850000000001471,0.0034864032283660256,False,0.0,True
len2_cond1_1.csv,25.5,0.0019050000000001566,0.0034985590383906015,False,0.0,True
len2_cond1_1.csv,26.0,-0.0003750000000000975,0.003456354627639253,False,0.0,True
len2_cond1_1.csv,26.5,-0.0006650000000002002,0.003487018356813469,False,0.0,True
len2_cond1_1.csv,27.0,-0.00017999999999995797,0.0035349251038657567,False,0.0,True
len2_cond1_1.csv,27.5,9.999999999732445e-06,0.0035207308354606396,False,0.0,True
len2_cond1_1.csv,28.0,0.000750000000000417,0.003501713831834231,False,0.0,True
len2_cond1_1.csv,28.5,-0.0008199999999998764,0.00346434323999512,False,0.0,True
len2_cond1_1.csv,29.0,3.500000000017378e-05,0.003467208282940946,False,0.0,True
len2_cond1_1.csv,29.5,0.0009999999999999454,0.0034635299254153346,False,0.0,True
len2_cond1_1.csv,30.0,-0.0005500000000002083,0.0034691849259562016,False,0.0,True
len2_cond1_1.csv,30.5,0.0010900000000000076,0.0034779406341178412,False,0.0,True
len2_cond1_1.csv,31.0,0.0004599999999996274,0.0034916054742350966,False,0.0,True
len2_cond1_1.csv,31.5,0.0001700000000001145,0.0034640266028455532,False,0.0,True
len2_cond1_1.csv,32.0,-0.0007750000000000257,0.0034452154686707226,False,0.0,True
len2_cond1_1.csv,32.5,-0.0003349999999999187,0.0034451248648866744,False,0.0,True
len2_cond1_1.csv,33.0,-0.0005799999999993033,0.0033998043282792807,False,0.0,True
len2_cond1_1.csv,33.5,0.0018899999999992811,0.0034222279665232285,False,0.0,True
len2_cond1_1.csv,34.0,-0.0011149999999994498,0.0035241874229370914,False,0.0,True
len2_cond1_1.csv,34.5,-0.000530000000000308,0.003456354627639253,False,0.0,True
len2_cond1_1.csv,35.0,-0.00014500000000000624,0.0034320968376425672,False,0.0,True
len2_cond1_1.csv,35.5,-0.0007600000000000384,0.0034175113427818834,False,0.0,True
len2_cond1_1.csv,36.0,8.500000000022379e-05,0.0034446801157682685,False,0.0,True
len2_cond1_1.csv,36.5,0.0008949999999999236,0.0034208803883879696,False,0.0,True
len2_cond1_1.csv,37.0,5.000000000379701e-06,0.003415257044283973,False,0.0,True
len2_cond1_1.csv,37.5,-0.0008399999999995078,0.003443396197722267,False,0.0,True
len2_cond1_1.csv,38.0,0.00014499999999906255,0.003424084809774586,False,0.0,True
len2_cond1_1.csv,38.5,0.0011650000000003602,0.003406690074193879,False,0.0,True
len2_cond1_1.csv,39.0,-0.00037500000000073586,0.003391987102972646,False,0.0,True
len2_cond1_1.csv,39.5,-0.0002949999999993791,0.0033764433837350965,False,0.0,True
len2_cond1_1.csv,40.0,0.00047499999999965625,0.0033947186196137333,False,0.0,True
len2_cond1_1.csv,40.5,-0.001525000000000068,0.0034123261233729675,False,0.0,True
len2_cond1_1.csv,41.0,0.002225000000000643,0.0034310918349174267,False,0.0,True
len2_cond1_1.csv,41.5,-0.00013000000000018552,0.0033967762470282327,False,0.0,True
len2_cond1_1.csv,42.0,-0.0009250000000002312,0.003379790876438509,False,0.0,True
len2_cond1_1.csv,42.5,-0.0011649999999998606,0.003356399769169939,False,0.0,True
len2_cond1_1.csv,43.0,0.0007749999999998036,0.0033619145340941254,False,0.0,True
len2_cond1_1.csv,43.5,-7.000000000023654e-05,0.003370087859730319,False,0.0,True
len2_cond1_1.csv,44.0,-0.00022500000000044706,0.003377227353941266,False,0.0,True
len2_cond1_1.csv,44.5,0.0008499999999999619,0.003384422786217681,False,0.0,True
len2_cond1_1.csv,45.0,-0.00038499999999974666,0.003385508288597667,False,0.0,True
len2_cond1_1.csv,45.5,0.0004300000000003745,0.003362707915033413,False,0.0,True
len2_cond1_1.csv,46.0,-0.0011650000000003047,0.0033334018360560626,False,0.0,True
len2_cond1_1.csv,46.5,0.0019799999999999818,0.003348434978270083,False,0.0,True
len2_cond1_1.csv,47.0,-0.0007750000000004906,0.003319406408662632,False,0.0,True
len2_cond1_1.csv,47.5,0.0006449999999995626,0.003345891657727456,False,0.0,True
len2_cond1_1.csv,48.0,0.00017500000000042482,0.003366282867136687,False,0.0,True
len2_cond1_1.csv,48.5,-0.0003300000000000525,0.003357692611580217,False,0.0,True
len2_cond1_1.csv,49.0,0.0001550000000003493,0.0033364583676116655,False,0.0,True
len2_cond1_1.csv,49.5,-0.0021549999999992964,0.003313025099329978,False,0.0,True
len2_cond1_1.csv,50.0,0.0020849999999999758,0.0033422099707781233,False,0.0,True
len2_cond1_1.csv,50.5,0.0009450000000002443,0.003272095565824454,False,0.0,True
len2_cond1_1.csv,51.0,-0.002219999999999861,0.003352349549164444,False,0.0,True
len2_cond1_1.csv,51.5,0.0012599999999999278,0.003358052737260699,False,0.0,True
len2_cond1_1.csv,52.0,-0.00020000000000047757,0.0033411826762384193,False,0.0,True
len2_cond1_1.csv,52.5,0.00037500000000018074,0.00332556118904078,False,0.0,True
len2_cond1_1.csv,53.0,6.000000000017103e-05,0.0033017408991043995,False,0.0,True
len2_cond1_1.csv,53.5,-0.0016850000000003251,0.003284036623047635,False,0.0,True
len2_cond1_1.csv,54.0,0.0020099999999995625,0.003326793387706686,False,0.0,True
len2_cond1_1.csv,54.5,-0.0003399999999998127,0.0033584701396446714,False,0.0,True
len2_cond1_1.csv,55.0,-0.0001750000000003138,0.003337233308475235,False,0.0,True
len2_cond1_1.csv,55.5,-0.00046500000000065933,0.0033118016951880977,False,0.0,True
len2_cond1_1.csv,56.0,-0.0007849999999998136,0.0033037977749615054,False,0.0,True
len2_cond1_1.csv,56.5,-2.4999999999941735e-05,0.003286342269668306,False,0.0,True
len2_cond1_1.csv,57.0,0.0018400000000004246,0.003317025140766576,False,0.0,True
len2_cond1_1.csv,57.5,-0.0004750000000000882,0.003319956979089915,False,0.0,True
len2_cond1_1.csv,58.0,-0.0014750000000005037,0.0032978792828044804,False,0.0,True
len2_cond1_1.csv,58.5,0.00048000000000003595,0.0033249198663502103,False,0.0,True
len2_cond1_1.csv,59.0,-0.0007649999999996271,0.003277818858859227,False,0.0,True
len2_cond2_1.csv,0.0,-0.003130000000000077,0.004668328577782302,False,0.0,True
len2_cond2_1.csv,0.5,0.0023050000000001125,0.0046132839666574435,False,0.0,True
len2_cond2_1.csv,1.0,-0.0005100000000000451,0.004565461949958895,False,0.0,True
len2_cond2_1.csv,1.5,0.0007549999999999502,0.004565461949958895,False,0.0,True
len2_cond2_1.csv,2.0,0.00042999999999993044,0.004749562078651957,False,0.0,True
len2_cond2_1.csv,2.5,-0.0027249999999998664,0.00454043099844936,False,0.0,True
len2_cond2_1.csv,3.0,0.0032249999999999224,0.004486971566212486,False,0.0,True
len2_cond2_1.csv,3.5,-0.002354999999999996,0.004451724212958701,False,0.0,True
len2_cond2_1.csv,4.0,0.0009549999999998726,0.004415735617382106,False,0.0,True
len2_cond2_1.csv,4.5,0.0005699999999999594,0.004425920539430681,False,0.0,True
len2_cond2_1.csv,5.0,-0.0022449999999997194,0.004526317116607121,False,0.0,True
len2_cond2_1.csv,5.5,0.003109999999999946,0.004393588203846873,False,0.0,True
len2_cond2_1.csv,6.0,-0.0027049999999998464,0.004351066275620181,False,0.0,True
len2_cond2_1.csv,6.5,9.00000000000345e-05,0.0042644496337197945,False,0.0,True
len2_cond2_1.csv,7.0,0.0012350000000000971,0.004242859261064545,False,0.0,True
len2_cond2_1.csv,7.5,-0.0004299999999998749,0.004301049743994464,False,0.0,True
len2_cond2_1.csv,8.0,0.0014799999999998148,0.004233461885861616,False,0.0,True
len2_cond2_1.csv,8.5,-0.0019049999999998235,0.004359163795161026,False,0.0,True
len2_cond2_1.csv,9.0,0.001014999999999766,0.004210569837221406,False,0.0,True
len2_cond2_1.csv,9.5,-0.0010999999999997678,0.004176785465152341,False,0.0,True
len2_cond2_1.csv,10.0,0.00013999999999969592,0.004156320629062854,False,0.0,True
len2_cond2_1.csv,10.5,0.00025000000000009737,0.00413683836152534,False,0.0,True
len2_cond2_1.csv,11.0,0.00016999999999994797,0.004109050666765655,False,0.0,True
len2_cond2_1.csv,11.5,0.0012899999999996803,0.004184736244934011,False,0.0,True
len2_cond2_1.csv,12.0,-0.0022599999999997067,0.004117770570648763,False,0.0,True
len2_cond2_1.csv,12.5,0.001494999999999802,0.004080889377706767,False,0.0,True
len2_cond2_1.csv,13.0,-0.0007050000000000667,0.0040590553984233575,False,0.0,True
len2_cond2_1.csv,13.5,0.0005100000000000382,0.00404977959787162,False,0.0,True
len2_cond2_1.csv,14.0,4.9999999999911227e-05,0.004069794539228419,False,0.0,True
len2_cond2_1.csv,14.5,-0.0014100000000000779,0.004037231028645808,False,0.0,True
len2_cond2_1.csv,15.0,0.0018399999999999528,0.004043076115278272,False,0.0,True
len2_cond2_1.csv,15.5,-0.0008649999999996716,0.0039968980207754955,False,0.0,True
len2_cond2_1.csv,16.0,-7.49999999998252e-05,0.003956481134179215,False,0.0,True
len2_cond2_1.csv,16.5,-0.000140000000000029,0.003920401214032471,False,0.0,True
len2_cond2_1.csv,17.0,-0.0007750000000001367,0.003950421987567894,False,0.0,True
len2_cond2_1.csv,17.5,0.0012300000000002864,0.003945071785364377,False,0.0,True
len2_cond2_1.csv,18.0,-0.0011750000000004812,0.004027249748809557,False,0.0,True
len2_cond2_1.csv,18.5,-0.000240000000000129,0.003938203540722495,False,0.0,True
len2_cond2_1.csv,19.0,0.0017649999999996835,0.0039020263722053727,False,0.0,True
len2_cond2_1.csv,19.5,-0.0007550000000000612,0.0038568661969902406,False,0.0,True
len2_cond2_1.csv,20.0,-9.500000000017828e-05,0.003867062709859451,False,0.0,True
len2_cond2_1.csv,20.5,-0.0012300000000001199,0.003928816719822694,False,0.0,True
len2_cond2_1.csv,21.0,0.0024900000000001032,0.003862182229424323,False,0.0,True
len2_cond2_1.csv,21.5,-0.0011900000000002464,0.003954661832149214,False,0.0,True
len2_cond2_1.csv,22.0,0.00020500000000001073,0.0038442627523994598,False,0.0,True
len2_cond2_1.csv,22.5,-0.0012150000000000771,0.0038287598587980554,False,0.0,True
len2_cond2_1.csv,23.0,0.0026499999999999857,0.0038106778723089423,False,0.0,True
len2_cond2_1.csv,23.5,-0.00228999999999982,0.0038235405327633537,False,0.0,True
len2_cond2_1.csv,24.0,2.5000000000052758e-05,0.003773431111652437,False,0.0,True
len2_cond2_1.csv,24.5,0.0010999999999998789,0.0038289763387653964,False,0.0,True
len2_cond2_1.csv,25.0,-0.0008750000000002922,0.0038185224879775112,False,0.0,True
len2_cond2_1.csv,25.5,0.002080000000000193,0.003769695862602131,False,0.0,True
len2_cond2_1.csv,26.0,-0.001740000000000519,0.003754456409352779,False,0.0,True
len2_cond2_1.csv,26.5,-0.0008399999999999519,0.0037234244248719245,False,0.0,True
len2_cond2_1.csv,27.0,0.0004200000000001772,0.003746650482031347,False,0.0,True
len2_cond2_1.csv,27.5,-0.0006499999999998174,0.003719525468272665,False,0.0,True
len2_cond2_1.csv,28.0,0.0033500000000002417,0.003793625064357855,False,0.0,True
len2_cond2_1.csv,28.5,-0.002589999999999981,0.003710831602417742,False,0.0,True
len2_cond2_1.csv,29.0,-0.0004449999999999177,0.003687262065696701,False,0.0,True
len2_cond2_1.csv,29.5,0.0008899999999996688,0.003655654533064009,False,0.0,True
len2_cond2_1.csv,30.0,0.0004700000000001925,0.0036341580561617525,False,0.0,True
len2_cond2_1.csv,30.5,0.0005249999999998242,0.003641262221780922,False,0.0,True
len2_cond2_1.csv,31.0,-0.0026299999999999657,0.0036110549203998785,False,0.0,True
len2_cond2_1.csv,31.5,0.0031150000000000344,0.003699585122844457,False,0.0,True
len2_cond2_1.csv,32.0,-0.0008100000000004215,0.0036326490869174116,False,0.0,True
len2_cond2_1.csv,32.5,-0.0017599999999994287,0.003603443077940964,False,0.0,True
len2_cond2_1.csv,33.0,0.0009399999999999409,0.0035599290555691472,False,0.0,True
len2_cond2_1.csv,33.5,-0.00026499999999957113,0.0035795188274832194,False,0.0,True
len2_cond2_1.csv,34.0,0.00124500000000001,0.00355507301374059,False,0.0,True
len2_cond2_1.csv,34.5,-0.0008550000000004943,0.0035788549587117127,False,0.0,True
len2_cond2_1.csv,35.0,-0.0005850000000001132,0.0035947381326366995,False,0.0,True
len2_cond2_1.csv,35.5,-0.000760000000000538,0.0035402210048014063,False,0.0,True
len2_cond2_1.csv,36.0,0.0017650000000005717,0.0035541081371700993,False,0.0,True
len2_cond2_1.csv,36.5,-0.0018650000000000055,0.003508776247016852,False,0.0,True
len2_cond2_1.csv,37.0,0.001369999999999677,0.0035564805461079513,False,0.0,True
len2_cond2_1.csv,37.5,7.000000000015327e-05,0.003485567129849063,False,0.0,True
len2_cond2_1.csv,38.0,-0.0011700000000001154,0.0035486001560714525,False,0.0,True
len2_cond2_1.csv,38.5,0.0011049999999999116,0.0035411687636787747,False,0.0,True
len2_cond2_1.csv,39.0,-0.0006650000000003597,0.003475368292726988,False,0.0,True
len2_cond2_1.csv,39.5,0.001314999999999733,0.003474357523698248,False,0.0,True
len2_cond2_1.csv,40.0,-0.00035500000000021625,0.003448636113732015,False,0.0,True
len2_cond2_1.csv,40.5,-0.0002699999999999578,0.0034499842013173817,False,0.0,True
len2_cond2_1.csv,41.0,0.001529999999999726,0.0034258666940300423,False,0.0,True
len2_cond2_1.csv,41.5,-0.002525000000000055,0.0034567251824969333,False,0.0,True
len2_cond2_1.csv,42.0,0.000610000000000166,0.0034469605864577216,False,0.0,True
len2_cond2_1.csv,42.5,0.0008400000000000629,0.003416682979933314,False,0.0,True
len2_cond2_1.csv,43.0,-0.0007599999999996498,0.003403515304455597,False,0.0,True
len2_cond2_1.csv,43.5,-0.000530000000000308,0.003385110580057654,False,0.0,True
len2_cond2_1.csv,44.0,0.0006250000000002781,0.003360804649815605,False,0.0,True
len2_cond2_1.csv,44.5,0.00035499999999991094,0.0034409774676321383,False,0.0,True
len2_cond2_1.csv,45.0,-0.002785000000000537,0.003416087453362651,False,0.0,True
len2_cond2_1.csv,45.5,0.004020000000000634,0.003389031719681369,True,0.00031548414015963237,True
len2_cond2_1.csv,46.0,-0.001194999999999946,0.0033650823775865576,False,0.0,True
len2_cond2_1.csv,46.5,-0.00031999999999993145,0.003348180124957141,False,0.0,True
len2_cond2_1.csv,47.0,0.0003899999999993631,0.0033305713574595898,False,0.0,True
len2_cond2_1.csv,47.5,-0.0007899999999999366,0.0033471288659370022,False,0.0,True
len2_cond2_1.csv,48.0,0.0016000000000004067,0.0033894139516145822,False,0.0,True
len2_cond2_1.csv,48.5,-0.0011499999999994848,0.0033729318664581847,False,0.0,True
len2_cond2_1.csv,49.0,-0.0005149999999998767,0.0033245349790002217,False,0.0,True
len2_cond2_1.csv,49.5,0.0010749999999995485,0.0033005625651339075,False,0.0,True
len2_cond2_1.csv,50.0,-0.0005099999999998994,0.0032993535571740956,False,0.0,True
len2_cond2_1.csv,50.5,-0.00020000000000038043,0.0032642304299744535,False,0.0,True
len2_cond2_1.csv,51.0,-0.0008550000000002583,0.0033075125640478,False,0.0,True
len2_cond2_1.csv,51.5,0.0021800000000006536,0.0033374240361654945,False,0.0,True
len2_cond2_1.csv,52.0,0.0002899999999997349,0.003325313935467044,False,0.0,True
len2_cond2_1.csv,52.5,-0.002519999999999356,0.003264786739008186,False,0.0,True
len2_cond2_1.csv,53.0,0.0007449999999995516,0.003249672658541267,False,0.0,True
len2_cond2_1.csv,53.5,0.0012400000000004352,0.003247176417688893,False,0.0,True
len2_cond2_1.csv,54.0,4.999999999782956e-06,0.0032332517938039257,False,0.0,True
len2_cond2_1.csv,54.5,-0.0006949999999996403,0.0032717258612674,False,0.0,True
len2_cond2_1.csv,55.0,0.00026999999999999247,0.003283778813301652,False,0.0,True
len2_cond2_1.csv,55.5,-0.0005600000000000604,0.0032528104813356303,False,0.0,True
len2_cond2_1.csv,56.0,0.0016050000000000786,0.0032252897277191446,False,0.0,True
len2_cond2_1.csv,56.5,-0.001635000000000053,0.003207463394272642,False,0.0,True
len2_cond2_1.csv,57.0,0.0006399999999999739,0.00320302422120107,False,0.0,True
len2_cond2_1.csv,57.5,-0.0001699999999996496,0.0032101268054962355,False,0.0,True
len2_cond2_1.csv,58.0,-0.0008549999999997865,0.0032044578744875162,False,0.0,True
len2_cond2_1.csv,58.5,0.0001100000000003043,0.0031994063610688394,False,0.0,True
len2_cond2_1.csv,59.0,-0.00011499999999997623,0.003197269673987011,False,0.0,True
len2_cond3_1.csv,0.0,0.0008399999999999901,0.0042315525476477,False,0.0,True
len2_cond3_1.csv,0.5,0.0006149999999999767,0.004038292263436825,False,0.0,True
len2_cond3_1.csv,1.0,-0.0004549999999999832,0.004192162155199348,False,0.0,True
len2_cond3_1.csv,1.5,0.0009200000000001429,0.004014754898076754,False,0.0,True
len2_cond3_1.csv,2.0,-0.0014100000000000223,0.00399812090796834,False,0.0,True
len2_cond3_1.csv,2.5,0.00039999999999990044,0.003948320615424767,False,0.0,True
len2_cond3_1.csv,3.0,0.0016400000000000858,0.003910493475083074,False,0.0,True
len2_cond3_1.csv,3.5,-0.0013199999999999878,0.00391980022357277,False,0.0,True
len2_cond3_1.csv,4.0,0.0018500000000000183,0.0038869236868831506,False,0.0,True
len2_cond3_1.csv,4.5,-0.0028849999999996934,0.003929095387337104,False,0.0,True
len2_cond3_1.csv,5.0,0.0012449999999996075,0.003842850410584169,False,0.0,True
len2_cond3_1.csv,5.5,0.00039500000000014523,0.0038079803775435093,False,0.0,True
len2_cond3_1.csv,6.0,-0.0012550000000000616,0.0037995696405296858,False,0.0,True
len2_cond3_1.csv,6.5,0.002000000000000182,0.003787959019710696,False,0.0,True
len2_cond3_1.csv,7.0,-0.0020399999999999863,0.003728722211236243,False,0.0,True
len2_cond3_1.csv,7.5,0.0028999999999997916,0.003785161074474899,False,0.0,True
len2_cond3_1.csv,8.0,-0.002029999999999643,0.0037430223513030573,False,0.0,True
len2_cond3_1.csv,8.5,0.0012249999999999206,0.0037096946706651254,False,0.0,True
len2_cond3_1.csv,9.0,-0.0025399999999998757,0.003665656284916768,False,0.0,True
len2_cond3_1.csv,9.5,4.499999999996174e-05,0.003673008954569532,False,0.0,True
len2_cond3_1.csv,10.0,0.00045000000000000595,0.003705434452384291,False,0.0,True
len2_cond3_1.csv,10.5,0.0017100000000002114,0.0036360947034813724,False,0.0,True
len2_cond3_1.csv,11.0,-0.00017000000000000348,0.0036654047786288547,False,0.0,True
len2_cond3_1.csv,11.5,-0.0004699999999997484,0.0036200238811518763,False,0.0,True
len2_cond3_1.csv,12.0,0.00043999999999999595,0.0035834248610768123,False,0.0,True
len2_cond3_1.csv,12.5,-0.001575000000000104,0.0035641117845614436,False,0.0,True
len2_cond3_1.csv,13.0,0.0022849999999999954,0.003569590895723551,False,0.0,True
len2_cond3_1.csv,13.5,-0.0004050000000000442,0.003519523847821068,False,0.0,True
len2_cond3_1.csv,14.0,-0.00180499999999989,0.003616229010948867,False,0.0,True
len2_cond3_1.csv,14.5,0.0013699999999998713,0.0035613352104549934,False,0.0,True
len2_cond3_1.csv,15.0,-0.0019549999999999845,0.003512189667442011,False,0.0,True
len2_cond3_1.csv,15.5,0.0016349999999997755,0.0034985590383906015,False,0.0,True
len2_cond3_1.csv,16.0,3.499999999997949e-05,0.0034720121921111577,False,0.0,True
len2_cond3_1.csv,16.5,-0.00024000000000014288,0.0034499842013173817,False,0.0,True
len2_cond3_1.csv,17.0,0.0012650000000001549,0.0034258666940300423,False,0.0,True
len2_cond3_1.csv,17.5,-0.0015899999999999248,0.0035272536380101336,False,0.0,True
len2_cond3_1.csv,18.0,0.0008800000000001584,0.003451752683018695,False,0.0,True
len2_cond3_1.csv,18.5,-0.00040999999999991044,0.003431327693563641,False,0.0,True
len2_cond3_1.csv,19.0,-0.0009849999999999581,0.003409142129061113,False,0.0,True
len2_cond3_1.csv,19.5,0.0004649999999998544,0.0034064068406269602,False,0.0,True
len2_cond3_1.csv,20.0,0.00011999999999974184,0.0033886946559398617,False,0.0,True
len2_cond3_1.csv,20.5,0.0003499999999999892,0.003409324044681929,False,0.0,True
len2_cond3_1.csv,21.0,0.00024999999999997247,0.0034234648090741534,False,0.0,True
len2_cond3_1.csv,21.5,-0.0006049999999998001,0.0033438935903043476,False,0.0,True
len2_cond3_1.csv,22.0,0.0003449999999999287,0.003358114395757758,False,0.0,True
len2_cond3_1.csv,22.5,0.002070000000000183,0.0033384332629634557,False,0.0,True
len2_cond3_1.csv,23.0,-0.003069999999999823,0.003324519326851315,False,0.0,True
len2_cond3_1.csv,23.5,0.0025249999999998538,0.003309150814517578,False,0.0,True
len2_cond3_1.csv,24.0,-0.0006500000000000672,0.0033233353622631762,False,0.0,True
len2_cond3_1.csv,24.5,-0.00041999999999992044,0.0033336450952039564,False,0.0,True
len2_cond3_1.csv,25.0,9.49999999997897e-05,0.003279078601812809,False,0.0,True
len2_cond3_1.csv,25.5,-0.0007099999999998219,0.0033033826356371806,False,0.0,True
len2_cond3_1.csv,26.0,0.0002499999999997782,0.0032642970956898096,False,0.0,True
len2_cond3_1.csv,26.5,5.499999999990235e-05,0.0032787531633106156,False,0.0,True
len2_cond3_1.csv,27.0,-0.00029499999999996196,0.0032368677673941066,False,0.0,True
len2_cond3_1.csv,27.5,0.00013000000000015777,0.0032738628341182447,False,0.0,True
len2_cond3_1.csv,28.0,0.0011350000000001637,0.0032816951753851017,False,0.0,True
len2_cond3_1.csv,28.5,-0.0007649999999999046,0.0032281219098495026,False,0.0,True
len2_cond3_1.csv,29.0,-0.0004100000000003545,0.0032369198894711083,False,0.0,True
len2_cond3_1.csv,29.5,0.00022000000000024778,0.0032111242014968766,False,0.0,True
len2_cond3_1.csv,30.0,0.00013000000000011613,0.0032182816446778484,False,0.0,True
len2_cond3_1.csv,30.5,-0.0012500000000000289,0.0032044578744875162,False,0.0,True
len2_cond3_1.csv,31.0,0.00040500000000007197,0.0032234496600476803,False,0.0,True
len2_cond3_1.csv,31.5,1.4999999999931735e-05,0.0032066075068895956,False,0.0,True
len2_cond3_1.csv,32.0,0.0013850000000003027,0.00318126181248207,False,0.0,True
len2_cond3_1.csv,32.5,-0.0007450000000002732,0.003172521202916737,False,0.0,True
len2_cond3_1.csv,33.0,-0.00047999999999978615,0.0031613964938959883,False,0.0,True
len2_cond3_1.csv,33.5,0.00028999999999995696,0.003165465178462143,False,0.0,True
len2_cond3_1.csv,34.0,0.00023500000000011012,0.0032083679879329596,False,0.0,True
len2_cond3_1.csv,34.5,-0.00037999999999949186,0.003164871251860737,False,0.0,True
len2_cond3_1.csv,35.0,0.0001050000000002993,0.0031879874666860507,False,0.0,True
len2_cond3_1.csv,35.5,0.0027800000000004488,0.003124070655038638,False,0.0,True
len2_cond3_1.csv,36.0,-0.002219999999999861,0.00314215743146469,False,0.0,True
len2_cond3_1.csv,36.5,-0.0010449999999992965,0.003122806983836882,False,0.0,True
len2_cond3_1.csv,37.0,-0.0005900000000003854,0.0031192388729811777,False,0.0,True
len2_cond3_1.csv,37.5,0.00020999999999969654,0.0031104784541774576,False,0.0,True
len2_cond3_1.csv,38.0,0.0020349999999995927,0.003164871251860737,False,0.0,True
len2_cond3_1.csv,38.5,-0.00183499999999992,0.003106849405767961,False,0.0,True
len2_cond3_1.csv,39.0,0.0010350000000003967,0.003093183084434796,False,0.0,True
len2_cond3_1.csv,39.5,-0.0005199999999999372,0.003086744769287369,False,0.0,True
len2_cond3_1.csv,40.0,-0.001254999999999909,0.0030962320569190233,False,0.0,True
len2_cond3_1.csv,40.5,0.0008599999999998843,0.0030773087390865827,False,0.0,True
len2_cond3_1.csv,41.0,0.0006749999999998008,0.0030807449587841513,False,0.0,True
len2_cond3_1.csv,41.5,0.00023000000000028553,0.0030693645512599376,False,0.0,True
len2_cond3_1.csv,42.0,-0.0007000000000003115,0.0030798862114208196,False,0.0,True
len2_cond3_1.csv,42.5,9.000000000050634e-05,0.003035328824496179,False,0.0,True
len2_cond3_1.csv,43.0,0.000510000000000066,0.0030478660702731915,False,0.0,True
len2_cond3_1.csv,43.5,-0.0003899999999992243,0.003014376057620393,False,0.0,True
len2_cond3_1.csv,44.0,0.00046000000000008534,0.003006006228853559,False,0.0,True
len2_cond3_1.csv,44.5,-0.001670000000000088,0.0030182650197748953,False,0.0,True
len2_cond3_1.csv,45.0,0.00034499999999951236,0.003036531702795813,False,0.0,True
len2_cond3_1.csv,45.5,0.001084999999999614,0.0030125222314708144,False,0.0,True
len2_cond3_1.csv,46.0,0.000280000000000169,0.0029894861443068082,False,0.0,True
len2_cond3_1.csv,46.5,-0.0013050000000003892,0.0030102933802237516,False,0.0,True
len2_cond3_1.csv,47.0,0.0011249999999997234,0.0029679494078847833,False,0.0,True
len2_cond3_1.csv,47.5,0.00014999999999984123,0.0030019530661142446,False,0.0,True
len2_cond3_1.csv,48.0,0.0008550000000000502,0.0030182650197748953,False,0.0,True
len2_cond3_1.csv,48.5,-0.001799999999999552,0.002994364334168302,False,0.0,True
len2_cond3_1.csv,49.0,3.5000000000090514e-05,0.0029818376253085625,False,0.0,True
len2_cond3_1.csv,49.5,0.00046000000000001595,0.0029594290393947583,False,0.0,True
len2_cond3_1.csv,50.0,0.0013350000000001139,0.0029708821787333565,False,0.0,True
len2_cond3_1.csv,50.5,-0.0010349999999994947,0.0029483049318084504,False,0.0,True
len2_cond3_1.csv,51.0,-0.0006849999999999148,0.0029656027305098457,False,0.0,True
len2_cond3_1.csv,51.5,0.0005100000000003713,0.002923700822258906,False,0.0,True
len2_cond3_1.csv,52.0,-0.0012199999999996658,0.0029387652630030138,False,0.0,True
len2_cond3_1.csv,52.5,0.0012949999999999073,0.0029480593657526997,False,0.0,True
len2_cond3_1.csv,53.0,0.0012250000000001426,0.0029123863543887027,False,0.0,True
len2_cond3_1.csv,53.5,-0.0013400000000002438,0.0029107406763028173,False,0.0,True
len2_cond3_1.csv,54.0,0.0005949999999999914,0.002903479355253877,False,0.0,True
len2_cond3_1.csv,54.5,-0.0010950000000001514,0.002930757111548513,False,0.0,True
len2_cond3_1.csv,55.0,0.0006999999999996315,0.002923700822258906,False,0.0,True
len2_cond3_1.csv,55.5,-0.001249999999999446,0.0029237015894962677,False,0.0,True
len2_cond3_1.csv,56.0,0.0017600000000000948,0.0029092301353226906,False,0.0,True
len2_cond3_1.csv,56.5,-0.0007249999999997536,0.0028888314730147933,False,0.0,True
len2_cond3_1.csv,57.0,-0.0005649999999996352,0.0028968967960785325,False,0.0,True
len2_cond3_1.csv,57.5,0.0013399999999999315,0.002864248084121129,False,0.0,True
len2_cond3_1.csv,58.0,-0.00046000000000005065,0.0028628655685000058,False,0.0,True
len2_cond3_1.csv,58.5,-0.00047500000000029463,0.002893553019479112,False,0.0,True
len2_cond3_1.csv,59.0,0.0007200000000000539,0.0028926065938249534,False,0.0,True
len3_cond1_1.csv,0.0,0.00175499999999984,0.003226670567837699,False,0.0,True
len3_cond1_1.csv,0.5,-0.0004350000000000742,0.003218408065985507,False,0.0,True
len3_cond1_1.csv,1.0,-0.0006749999999999673,0.0032294938564456435,False,0.0,True
len3_cond1_1.csv,1.5,0.0009149999999999991,0.0032217466897021705,False,0.0,True
len3_cond1_1.csv,2.0,-0.0011199999999998989,0.0032125614295062587,False,0.0,True
len3_cond1_1.csv,2.5,0.0022649999999999615,0.003194685422256386,False,0.0,True
len3_cond1_1.csv,3.0,-0.0007499999999999868,0.0032578205650298404,False,0.0,True
len3_cond1_1.csv,3.5,-0.0020050000000000345,0.003210490802105422,False,0.0,True
len3_cond1_1.csv,4.0,0.002114999999999978,0.003226670567837699,False,0.0,True
len3_cond1_1.csv,4.5,-0.0022849999999999815,0.003225416297978313,False,0.0,True
len3_cond1_1.csv,5.0,0.001099999999999983,0.003209788838203111,False,0.0,True
len3_cond1_1.csv,5.5,0.0015299999999999203,0.0032369426634946763,False,0.0,True
len3_cond1_1.csv,6.0,4.0000000000151026e-05,0.0032087812188885912,False,0.0,True
len3_cond1_1.csv,6.5,-0.0010099999999999554,0.003194685422256386,False,0.0,True
len3_cond1_1.csv,7.0,4.499999999998949e-05,0.0032044594662278113,False,0.0,True
len3_cond1_1.csv,7.5,-0.0008349999999999191,0.0031949712485889337,False,0.0,True
len3_cond1_1.csv,8.0,0.00024999999999941735,0.0032087812188885912,False,0.0,True
len3_cond1_1.csv,8.5,-0.0005949999999999012,0.0031802379136487095,False,0.0,True
len3_cond1_1.csv,9.0,0.0010249999999999912,0.003164655448536124,False,0.0,True
len3_cond1_1.csv,9.5,0.001754999999999951,0.0032217334450772633,False,0.0,True
len3_cond1_1.csv,10.0,-0.0027449999999997754,0.003193329691786634,False,0.0,True
len3_cond1_1.csv,10.5,0.0019000000000000128,0.003194685422256386,False,0.0,True
len3_cond1_1.csv,11.0,-0.0010950000000001237,0.003186259168564605,False,0.0,True
len3_cond1_1.csv,11.5,-2.999999999986347e-05,0.003177113658517923,False,0.0,True
len3_cond1_1.csv,12.0,0.001734999999999709,0.003193861217892646,False,0.0,True
len3_cond1_1.csv,12.5,-0.002134999999999998,0.0031616379871052657,False,0.0,True
len3_cond1_1.csv,13.0,-0.000710000000000089,0.003173922694670088,False,0.0,True
len3_cond1_1.csv,13.5,0.0015299999999999203,0.0031814464055214325,False,0.0,True
len3_cond1_1.csv,14.0,-0.001274999999999804,0.003161321293733604,False,0.0,True
len3_cond1_1.csv,14.5,0.0007149999999997991,0.0031656022677772205,False,0.0,True
len3_cond1_1.csv,15.0,1.0000000000044695e-05,0.003137983204791213,False,0.0,True
len3_cond1_1.csv,15.5,0.0005650000000002597,0.003158735978598636,False,0.0,True
len3_cond1_1.csv,16.0,-0.0012399999999997968,0.0031803269734780168,False,0.0,True
len3_cond1_1.csv,16.5,0.00165499999999974,0.003133866698676207,False,0.0,True
len3_cond1_1.csv,17.0,-0.0010450000000002506,0.0031585166702428756,False,0.0,True
len3_cond1_1.csv,17.5,0.002200000000000202,0.003189129173714323,False,0.0,True
len3_cond1_1.csv,18.0,-0.001975000000000393,0.0031509260205697413,False,0.0,True
len3_cond1_1.csv,18.5,0.0008199999999999319,0.0031389064444602302,False,0.0,True
len3_cond1_1.csv,19.0,-0.0008800000000002001,0.0031507130810141232,False,0.0,True
len3_cond1_1.csv,19.5,-0.0011350000000003302,0.0031141966349301515,False,0.0,True
len3_cond1_1.csv,20.0,0.0005050000000000887,0.0031730349135350496,False,0.0,True
len3_cond1_1.csv,20.5,0.0002500000000000835,0.003106700217082193,False,0.0,True
len3_cond1_1.csv,21.0,0.0003749999999997644,0.003146817001626911,False,0.0,True
len3_cond1_1.csv,21.5,0.0017300000000003424,0.0031718373670299674,False,0.0,True
len3_cond1_1.csv,22.0,-0.0008200000000001539,0.003134861689458781,False,0.0,True
len3_cond1_1.csv,22.5,-0.0001700000000001145,0.0031149900344508595,False,0.0,True
len3_cond1_1.csv,23.0,0.000915000000000124,0.003113466249167647,False,0.0,True
len3_cond1_1.csv,23.5,-0.0028100000000003678,0.0031262631450140006,False,0.0,True
len3_cond1_1.csv,24.0,0.0025850000000002815,0.0031475484688721694,False,0.0,True
len3_cond1_1.csv,24.5,-0.0012499999999999734,0.00308987688090093,False,0.0,True
len3_cond1_1.csv,25.0,-0.00024000000000021227,0.0031127874166863396,False,0.0,True
len3_cond1_1.csv,25.5,0.0005350000000001187,0.0031545152743986983,False,0.0,True
len3_cond1_1.csv,26.0,5.000000000032756e-06,0.0031168779904255607,False,0.0,True
len3_cond1_1.csv,26.5,-0.0005799999999995809,0.003100396327821439,False,0.0,True
len3_cond1_1.csv,27.0,-8.499999999982133e-05,0.0031034726018710442,False,0.0,True
len3_cond1_1.csv,27.5,-0.001320000000000432,0.0030837063324808296,False,0.0,True
len3_cond1_1.csv,28.0,0.0011450000000002847,0.0031311312819400803,False,0.0,True
len3_cond1_1.csv,28.5,0.0022050000000002346,0.0030611552014852515,False,0.0,True
len3_cond1_1.csv,29.0,-0.0009299999999998892,0.0030808696421016266,False,0.0,True
len3_cond1_1.csv,29.5,0.00026500000000023727,0.0030819116414174813,False,0.0,True
len3_cond1_1.csv,30.0,-0.0008050000000002777,0.0031204096156444887,False,0.0,True
len3_cond1_1.csv,30.5,0.0009200000000001429,0.0030783598333744213,False,0.0,True
len3_cond1_1.csv,31.0,0.0003799999999999637,0.0030764780804182286,False,0.0,True
len3_cond1_1.csv,31.5,-0.001304999999999945,0.003100177473878565,False,0.0,True
len3_cond1_1.csv,32.0,0.0003449999999998177,0.0030978240001901607,False,0.0,True
len3_cond1_1.csv,32.5,0.0004500000000001725,0.003040177559089428,False,0.0,True
len3_cond1_1.csv,33.0,-0.0017999999999996075,0.003077323781839938,False,0.0,True
len3_cond1_1.csv,33.5,0.0018350000000000866,0.0030706398549989536,False,0.0,True
len3_cond1_1.csv,34.0,-0.0016199999999999548,0.0030736712773445016,False,0.0,True
len3_cond1_1.csv,34.5,0.0024100000000000232,0.003054347869348363,False,0.0,True
len3_cond1_1.csv,35.0,-0.0004449999999999732,0.003026958678646479,False,0.0,True
len3_cond1_1.csv,35.5,-0.00013000000000035206,0.0030627648992481763,False,0.0,True
len3_cond1_1.csv,36.0,-0.0011599999999994948,0.0030851519640026455,False,0.0,True
len3_cond1_1.csv,36.5,0.0006949999999996681,0.003017496510617549,False,0.0,True
len3_cond1_1.csv,37.0,-0.0012100000000001832,0.0030302948596650663,False,0.0,True
len3_cond1_1.csv,37.5,0.0007650000000002932,0.0030048656562371096,False,0.0,True
len3_cond1_1.csv,38.0,0.0004550000000005383,0.003078725274079646,False,0.0,True
len3_cond1_1.csv,38.5,-0.001254999999999784,0.0030281660569660054,False,0.0,True
len3_cond1_1.csv,39.0,-0.0007499999999995288,0.0029775717424687575,False,0.0,True
len3_cond1_1.csv,39.5,0.0022899999999990706,0.0030292518946663594,False,0.0,True
len3_cond1_1.csv,40.0,-0.001014999999999655,0.0030730048820377977,False,0.0,True
len3_cond1_1.csv,40.5,-0.0008450000000005398,0.002992535510912287,False,0.0,True
len3_cond1_1.csv,41.0,0.0014150000000001384,0.0030119991668904524,False,0.0,True
len3_cond1_1.csv,41.5,-0.00047999999999953635,0.002972138847478963,False,0.0,True
len3_cond1_1.csv,42.0,0.0015699999999995162,0.003053080790145344,False,0.0,True
len3_cond1_1.csv,42.5,-0.0010099999999995113,0.0030079356390846712,False,0.0,True
len3_cond1_1.csv,43.0,-0.0010400000000000964,0.002942808129368107,False,0.0,True
len3_cond1_1.csv,43.5,0.00032499999999999196,0.003001069023005057,False,0.0,True
len3_cond1_1.csv,44.0,0.00032000000000032003,0.0030320979740956037,False,0.0,True
len3_cond1_1.csv,44.5,-0.0015250000000009978,0.002975250088445472,False,0.0,True
len3_cond1_1.csv,45.0,0.0016800000000006254,0.002998348537881494,False,0.0,True
len3_cond1_1.csv,45.5,7.00000000000145e-05,0.002972860255447785,False,0.0,True
len3_cond1_1.csv,46.0,-0.0005649999999992605,0.0030318409611018848,False,0.0,True
len3_cond1_1.csv,46.5,0.00014999999999987246,0.002998366015287449,False,0.0,True
len3_cond1_1.csv,47.0,0.0009700000000000819,0.002931381120860721,False,0.0,True
len3_cond1_1.csv,47.5,-0.001224999999999643,0.003035346649131332,False,0.0,True
len3_cond1_1.csv,48.0,0.0007549999999995061,0.0030318409611018848,False,0.0,True
len3_cond1_1.csv,48.5,-0.00022000000000099718,0.0029598700561520057,False,0.0,True
len3_cond1_1.csv,49.0,-0.0001649999999993046,0.0029874410437559507,False,0.0,True
len3_cond1_1.csv,49.5,-0.0007099999999995998,0.00297960325634377,False,0.0,True
len3_cond1_1.csv,50.0,-0.0003300000000000525,0.0030112983847536234,False,0.0,True
len3_cond1_1.csv,50.5,0.002175000000000371,0.002984844940336367,False,0.0,True
len3_cond1_1.csv,51.0,-0.0009050000000003222,0.0029425993780360545,False,0.0,True
len3_cond1_1.csv,51.5,-0.0016500000000001097,0.0029924024853906937,False,0.0,True
len3_cond1_1.csv,52.0,0.0022900000000003473,0.0030112983847536234,False,0.0,True
len3_cond1_1.csv,52.5,-0.0022600000000000398,0.0029539992193115135,False,0.0,True
len3_cond1_1.csv,53.0,0.00012500000000015277,0.002975671021774589,False,0.0,True
len3_cond1_1.csv,53.5,0.0017199999999997079,0.002936979796771652,False,0.0,True
len3_cond1_1.csv,54.0,-0.0009299999999999864,0.00299642672393873,False,0.0,True
len3_cond1_1.csv,54.5,0.0011550000000002392,0.0029794191585794465,False,0.0,True
len3_cond1_1.csv,55.0,1.5000000000098268e-05,0.0029394734374542757,False,0.0,True
len3_cond1_1.csv,55.5,-0.000359999999999569,0.0029574960398265236,False,0.0,True
len3_cond1_1.csv,56.0,2.500000000010827e-05,0.003017652435958956,False,0.0,True
len3_cond1_1.csv,56.5,-0.00030500000000011074,0.00295075700461688,False,0.0,True
len3_cond1_1.csv,57.0,0.00039999999999990044,0.002964820949865404,False,0.0,True
len3_cond1_1.csv,57.5,-0.0010599999999999915,0.0029599769033176104,False,0.0,True
len3_cond1_1.csv,58.0,-0.00028500000000025727,0.002960407996110341,False,0.0,True
len3_cond1_1.csv,58.5,0.0015250000000006647,0.002980718642121721,False,0.0,True
len3_cond1_1.csv,59.0,-0.0013399999999999523,0.002943745215924466,False,0.0,True
len3_cond2_1.csv,0.0,0.0035049999999999804,0.0032901375531608334,True,0.00010743122341957327,True
len3_cond2_1.csv,0.5,-0.0018649999999998945,0.003334451116104694,False,0.0,True
len3_cond2_1.csv,1.0,0.00011500000000003174,0.0033298288740442007,False,0.0,True
len3_cond2_1.csv,1.5,0.0021249999999999325,0.0032782160346859273,False,0.0,True
len3_cond2_1.csv,2.0,-0.003614999999999924,0.0033390303658445523,True,0.00013798481707768574,True
len3_cond2_1.csv,2.5,0.0013450000000001516,0.0032261721507924794,False,0.0,True
len3_cond2_1.csv,3.0,0.00048500000000002014,0.0033171960134253413,False,0.0,True
len3_cond2_1.csv,3.5,-0.0012600000000000389,0.0033001810826668327,False,0.0,True
len3_cond2_1.csv,4.0,0.001334999999999864,0.003201127946306869,False,0.0,True
len3_cond2_1.csv,4.5,-0.002134999999999998,0.003264573416438447,False,0.0,True
len3_cond2_1.csv,5.0,0.001165000000000041,0.003207098199982419,False,0.0,True
len3_cond2_1.csv,5.5,0.0013799999999999368,0.003177113658517923,False,0.0,True
len3_cond2_1.csv,6.0,-0.002134999999999998,0.0032341620406195846,False,0.0,True
len3_cond2_1.csv,6.5,0.0003049999999999997,0.003127751312833788,False,0.0,True
len3_cond2_1.csv,7.0,0.0021399999999999753,0.0031707824043979947,False,0.0,True
len3_cond2_1.csv,7.5,-0.002114999999999867,0.0031949712485889337,False,0.0,True
len3_cond2_1.csv,8.0,0.0012449999999997186,0.003082363726930003,False,0.0,True
len3_cond2_1.csv,8.5,-0.0006649999999998046,0.0031235253904131014,False,0.0,True
len3_cond2_1.csv,9.0,0.0017450000000000937,0.0030598488391748273,False,0.0,True
len3_cond2_1.csv,9.5,0.00044499999999980666,0.003095502766646905,False,0.0,True
len3_cond2_1.csv,10.0,-0.0025799999999999157,0.0031149900344508595,False,0.0,True
len3_cond2_1.csv,10.5,0.0014000000000000679,0.0030212546349659207,False,0.0,True
len3_cond2_1.csv,11.0,2.000000000003735e-05,0.0030654811615235507,False,0.0,True
len3_cond2_1.csv,11.5,-0.001174999999999593,0.0030847799694938326,False,0.0,True
len3_cond2_1.csv,12.0,0.0017699999999997162,0.002989697385066944,False,0.0,True
len3_cond2_1.csv,12.5,-0.0022400000000000753,0.0030287828224382107,False,0.0,True
len3_cond2_1.csv,13.0,0.0006800000000000209,0.002983135125226177,False,0.0,True
len3_cond2_1.csv,13.5,0.0026499999999995416,0.002986702386762077,False,0.0,True
len3_cond2_1.csv,14.0,-0.003214999999999746,0.0030481404793241173,True,8.342976033781429e-05,True
len3_cond2_1.csv,14.5,0.0006599999999999939,0.0029197876443719075,False,0.0,True
len3_cond2_1.csv,15.0,0.00036499999999999033,0.0029431494566800574,False,0.0,True
len3_cond2_1.csv,15.5,-0.0015850000000000586,0.0029997149348098442,False,0.0,True
len3_cond2_1.csv,16.0,0.0008900000000001684,0.0029353608572659884,False,0.0,True
len3_cond2_1.csv,16.5,0.0007500000000000284,0.002966017482664369,False,0.0,True
len3_cond2_1.csv,17.0,-0.0007550000000002763,0.002884090881409035,False,0.0,True
len3_cond2_1.csv,17.5,0.0007750000000000257,0.002936979796771652,False,0.0,True
len3_cond2_1.csv,18.0,0.0011499999999998733,0.0029698522233512605,False,0.0,True
len3_cond2_1.csv,18.5,0.00027500000000013625,0.002857130840556106,False,0.0,True
len3_cond2_1.csv,19.0,-0.0005699999999998623,0.0028861356800058335,False,0.0,True
len3_cond2_1.csv,19.5,-0.001034999999999675,0.0029206148677190106,False,0.0,True
len3_cond2_1.csv,20.0,0.0001549999999997942,0.0028569080513929685,False,0.0,True
len3_cond2_1.csv,20.5,-0.0017700000000002158,0.0028895406881820312,False,0.0,True
len3_cond2_1.csv,21.0,0.000980000000000203,0.002827565380268845,False,0.0,True
len3_cond2_1.csv,21.5,0.001030000000000142,0.002895757082588437,False,0.0,True
len3_cond2_1.csv,22.0,0.00016499999999963766,0.002936194883310249,False,0.0,True
len3_cond2_1.csv,22.5,-0.000320000000000098,0.0027976430859040268,False,0.0,True
len3_cond2_1.csv,23.0,0.00035000000000015574,0.0028506214747627823,False,0.0,True
len3_cond2_1.csv,23.5,-0.0018549999999999955,0.002873602489366585,False,0.0,True
len3_cond2_1.csv,24.0,0.00016499999999991521,0.0028397374197837374,False,0.0,True
len3_cond2_1.csv,24.5,0.0007849999999999246,0.0028427101468360013,False,0.0,True
len3_cond2_1.csv,25.0,1.5000000000181535e-05,0.0027462825264779143,False,0.0,True
len3_cond2_1.csv,25.5,0.00011500000000028154,0.0028044376443412565,False,0.0,True
len3_cond2_1.csv,26.0,-0.0006649999999999712,0.0029047437892793897,False,0.0,True
len3_cond2_1.csv,26.5,-0.00018499999999999073,0.0027622260483856254,False,0.0,True
len3_cond2_1.csv,27.0,0.0009249999999997316,0.0028037521084798922,False,0.0,True
len3_cond2_1.csv,27.5,-0.0017449999999999966,0.0028074783096175933,False,0.0,True
len3_cond2_1.csv,28.0,0.001980000000000315,0.0028132089207991485,False,0.0,True
len3_cond2_1.csv,28.5,0.0010350000000000081,0.0028150168590644594,False,0.0,True
len3_cond2_1.csv,29.0,-0.0019150000000001943,0.0027202512706051775,False,0.0,True
len3_cond2_1.csv,29.5,0.0014000000000002344,0.0027501713166205913,False,0.0,True
len3_cond2_1.csv,30.0,-0.00013999999999986246,0.002821863769597214,False,0.0,True
len3_cond2_1.csv,30.5,0.0008250000000001312,0.0027197622420622233,False,0.0,True
len3_cond2_1.csv,31.0,-0.001109999999999861,0.0027734831332000202,False,0.0,True
len3_cond2_1.csv,31.5,8.499999999994623e-05,0.00280355683206081,False,0.0,True
len3_cond2_1.csv,32.0,-0.0003099999999996439,0.0027307518873419586,False,0.0,True
len3_cond2_1.csv,32.5,-0.00012000000000012001,0.0027829056522223486,False,0.0,True
len3_cond2_1.csv,33.0,9.500000000026154e-05,0.0026844319404076217,False,0.0,True
len3_cond2_1.csv,33.5,0.00019500000000043094,0.002707660241674216,False,0.0,True
len3_cond2_1.csv,34.0,0.0013649999999993945,0.002777060522480247,False,0.0,True
len3_cond2_1.csv,34.5,-0.0014750000000003372,0.0026789040940270585,False,0.0,True
len3_cond2_1.csv,35.0,0.001459999999999656,0.002753938130426449,False,0.0,True
len3_cond2_1.csv,35.5,-0.0015200000000000907,0.0027263225800585175,False,0.0,True
len3_cond2_1.csv,36.0,0.0017550000000000066,0.0027036066967436128,False,0.0,True
len3_cond2_1.csv,36.5,-0.002319999999999822,0.002739801520883431,False,0.0,True
len3_cond2_1.csv,37.0,0.002249999999999752,0.0026519488898620555,False,0.0,True
len3_cond2_1.csv,37.5,-0.0014500000000001734,0.002730973299475109,False,0.0,True
len3_cond2_1.csv,38.0,0.0006049999999999667,0.0027460932619300343,False,0.0,True
len3_cond2_1.csv,38.5,-0.0005549999999999722,0.0026457037408852023,False,0.0,True
len3_cond2_1.csv,39.0,-0.0003699999999995929,0.0026993461523722702,False,0.0,True
len3_cond2_1.csv,39.5,0.00011500000000085747,0.0026898759156716726,False,0.0,True
len3_cond2_1.csv,40.0,-0.00016000000000043757,0.002640497498418452,False,0.0,True
len3_cond2_1.csv,40.5,0.00023999999999985144,0.002697494190867439,False,0.0,True
len3_cond2_1.csv,41.0,0.00045000000000039453,0.002610948391060882,False,0.0,True
len3_cond2_1.csv,41.5,0.0011649999999998155,0.002660342256294727,False,0.0,True
len3_cond2_1.csv,42.0,-0.0021299999999996044,0.002730973299475109,False,0.0,True
len3_cond2_1.csv,42.5,0.0007850000000001467,0.0026109248457935074,False,0.0,True
len3_cond2_1.csv,43.0,-0.0010549999999999726,0.002675640802758753,False,0.0,True
len3_cond2_1.csv,43.5,0.0012450000000001349,0.0026096326545329077,False,0.0,True
len3_cond2_1.csv,44.0,0.0004500000000006166,0.0026438522208785497,False,0.0,True
len3_cond2_1.csv,44.5,-0.0020250000000006096,0.0026850052450138615,False,0.0,True
len3_cond2_1.csv,45.0,0.0025600000000001732,0.002574565936708538,False,0.0,True
len3_cond2_1.csv,45.5,-0.0012550000000003114,0.002648247184777068,False,0.0,True
len3_cond2_1.csv,46.0,-0.00020000000000022777,0.0026510976187116486,False,0.0,True
len3_cond2_1.csv,46.5,0.00042500000000017524,0.002600537981720848,False,0.0,True
len3_cond2_1.csv,47.0,-0.0007050000000003998,0.0026385299434673426,False,0.0,True
len3_cond2_1.csv,47.5,0.00044000000000017636,0.002562871114352063,False,0.0,True
len3_cond2_1.csv,48.0,8.00000000000245e-05,0.0026122109114478987,False,0.0,True
len3_cond2_1.csv,48.5,-0.00026999999999999247,0.0026535419563709175,False,0.0,True
len3_cond2_1.csv,49.0,0.0008299999999997754,0.0025432669254135836,False,0.0,True
len3_cond2_1.csv,49.5,-0.0010350000000006743,0.0025948388962894376,False,0.0,True
len3_cond2_1.csv,50.0,1.5000000000181535e-05,0.002559456082523177,False,0.0,True
len3_cond2_1.csv,50.5,0.00017999999999990246,0.002567408618247215,False,0.0,True
len3_cond2_1.csv,51.0,0.00013999999999997348,0.002603477137816033,False,0.0,True
len3_cond2_1.csv,51.5,0.0015499999999998848,0.0025376721401934835,False,0.0,True
len3_cond2_1.csv,52.0,-0.002034999999999204,0.002593992636653394,False,0.0,True
len3_cond2_1.csv,52.5,4.500000000007276e-05,0.0026387836212076474,False,0.0,True
len3_cond2_1.csv,53.0,-1.4999999999820712e-05,0.0025131717157538085,False,0.0,True
len3_cond2_1.csv,53.5,-0.0009300000000001807,0.0025725043654697514,False,0.0,True
len3_cond2_1.csv,54.0,0.00176500000000019,0.0025330485665686735,False,0.0,True
len3_cond2_1.csv,54.5,-0.0009349999999996861,0.0025238413301618755,False,0.0,True
len3_cond2_1.csv,55.0,0.0007849999999997026,0.002577541324220165,False,0.0,True
len3_cond2_1.csv,55.5,-0.0007150000000004375,0.002478383227317109,False,0.0,True
len3_cond2_1.csv,56.0,0.00023000000000000104,0.002557133399628928,False,0.0,True
len3_cond2_1.csv,56.5,-0.0011399999999996413,0.0025708668509976298,False,0.0,True
len3_cond2_1.csv,57.0,0.0018849999999995815,0.002484391644763156,False,0.0,True
len3_cond2_1.csv,57.5,-0.0010450000000002957,0.002554250303508334,False,0.0,True
len3_cond2_1.csv,58.0,0.0005449999999994444,0.0025158244785528153,False,0.0,True
len3_cond2_1.csv,58.5,-0.0005450000000001842,0.0024939542620775156,False,0.0,True
len3_cond2_1.csv,59.0,-9.000000000009001e-05,0.0025434712902639763,False,0.0,True
len3_cond3_1.csv,0.0,0.0011250000000002647,0.0037029155270907983,False,0.0,True
len3_cond3_1.csv,0.5,0.00046999999999997044,0.003685550082299408,False,0.0,True
len3_cond3_1.csv,1.0,-0.0008349999999999608,0.0036634462056416546,False,0.0,True
len3_cond3_1.csv,1.5,0.0018999999999999018,0.0035709624406931864,False,0.0,True
len3_cond3_1.csv,2.0,-0.0029199999999998116,0.003628436114822632,False,0.0,True
len3_cond3_1.csv,2.5,0.0015500000000001624,0.0035334723613116743,False,0.0,True
len3_cond3_1.csv,3.0,-0.0008899999999999741,0.003530462700996072,False,0.0,True
len3_cond3_1.csv,3.5,0.0008149999999997881,0.003572065595241187,False,0.0,True
len3_cond3_1.csv,4.0,-0.0004300000000001525,0.0034688928862272386,False,0.0,True
len3_cond3_1.csv,4.5,-5.999999999994898e-05,0.0034464585940723116,False,0.0,True
len3_cond3_1.csv,5.0,0.00037500000000012523,0.0034175728096215345,False,0.0,True
len3_cond3_1.csv,5.5,0.0002950000000000452,0.0034356538128109803,False,0.0,True
len3_cond3_1.csv,6.0,-0.0006049999999997446,0.003386164912707438,False,0.0,True
len3_cond3_1.csv,6.5,0.0017349999999999866,0.0032879291668223088,False,0.0,True
len3_cond3_1.csv,7.0,-0.0013750000000001261,0.00326461536387483,False,0.0,True
len3_cond3_1.csv,7.5,-0.0004249999999998977,0.0034174860960942003,False,0.0,True
len3_cond3_1.csv,8.0,0.0019099999999998563,0.0032534610770436467,False,0.0,True
len3_cond3_1.csv,8.5,-0.0029199999999998116,0.0032686387308223054,False,0.0,True
len3_cond3_1.csv,9.0,0.0010650000000002602,0.003261566944633678,False,0.0,True
len3_cond3_1.csv,9.5,0.0006849999999998246,0.0032498088021888413,False,0.0,True
len3_cond3_1.csv,10.0,-0.002354999999999885,0.0031878186766366506,False,0.0,True
len3_cond3_1.csv,10.5,0.0022000000000000353,0.0031410313580973173,False,0.0,True
len3_cond3_1.csv,11.0,-0.00048500000000029075,0.0031448674041144997,False,0.0,True
len3_cond3_1.csv,11.5,-8.999999999992347e-05,0.0032151298347766564,False,0.0,True
len3_cond3_1.csv,12.0,0.0001999999999996449,0.0030809928639514575,False,0.0,True
len3_cond3_1.csv,12.5,0.0012799999999999478,0.0030844782167099537,False,0.0,True
len3_cond3_1.csv,13.0,-0.0015749999999997988,0.0030577004886127436,False,0.0,True
len3_cond3_1.csv,13.5,0.0004750000000000032,0.003068910999435376,False,0.0,True
len3_cond3_1.csv,14.0,-5.500000000002725e-05,0.0030318517201639063,False,0.0,True
len3_cond3_1.csv,14.5,-5.0000000000050004e-05,0.002966368787837412,False,0.0,True
len3_cond3_1.csv,15.0,3.0000000000002247e-05,0.002973786956149107,False,0.0,True
len3_cond3_1.csv,15.5,0.0002249999999999197,0.0030302948596650663,False,0.0,True
len3_cond3_1.csv,16.0,0.0009749999999999481,0.0029419578985547395,False,0.0,True
len3_cond3_1.csv,16.5,-0.0003850000000000797,0.0029545212587328952,False,0.0,True
len3_cond3_1.csv,17.0,-0.0019100000000000505,0.002916691069273857,False,0.0,True
len3_cond3_1.csv,17.5,0.0012600000000001499,0.00293475293625064,False,0.0,True
len3_cond3_1.csv,18.0,-0.000320000000000209,0.0029113303609374364,False,0.0,True
len3_cond3_1.csv,18.5,-0.0013950000000001461,0.00288094415003013,False,0.0,True
len3_cond3_1.csv,19.0,0.00016499999999991521,0.0028632973256008326,False,0.0,True
len3_cond3_1.csv,19.5,0.0006099999999998329,0.0028919342527005142,False,0.0,True
len3_cond3_1.csv,20.0,-0.00023499999999976318,0.0028483966690091545,False,0.0,True
len3_cond3_1.csv,20.5,0.00025999999999992696,0.0028405158389389943,False,0.0,True
len3_cond3_1.csv,21.0,3.500000000018766e-05,0.0028380307498807283,False,0.0,True
len3_cond3_1.csv,21.5,0.000760000000000205,0.002848719085223135,False,0.0,True
len3_cond3_1.csv,22.0,0.001074999999999826,0.0028155879736878617,False,0.0,True
len3_cond3_1.csv,22.5,-0.0019449999999997525,0.002781891989418061,False,0.0,True
len3_cond3_1.csv,23.0,0.0019049999999997541,0.0027898136864173122,False,0.0,True
len3_cond3_1.csv,23.5,-0.0022500000000001963,0.0028125318019958934,False,0.0,True
len3_cond3_1.csv,24.0,-0.0002649999999999597,0.0027622260483856254,False,0.0,True
len3_cond3_1.csv,24.5,-0.00024000000000024002,0.0027526277365572615,False,0.0,True
len3_cond3_1.csv,25.0,-4.999999999907856e-06,0.0027652874955947622,False,0.0,True
len3_cond3_1.csv,25.5,0.0010999999999999899,0.002774854847954161,False,0.0,True
len3_cond3_1.csv,26.0,-0.0006050000000002997,0.0027429504355234342,False,0.0,True
len3_cond3_1.csv,26.5,0.0011450000000000626,0.0027196813285894827,False,0.0,True
len3_cond3_1.csv,27.0,1.942890293094024e-16,0.0026944464990550543,False,0.0,True
len3_cond3_1.csv,27.5,-0.0007850000000003132,0.00273871734223128,False,0.0,True
len3_cond3_1.csv,28.0,0.0006250000000002087,0.0026996650749298787,False,0.0,True
len3_cond3_1.csv,28.5,0.0002749999999998032,0.0026956092720924066,False,0.0,True
len3_cond3_1.csv,29.0,-0.0004100000000000041,0.0026709136868388536,False,0.0,True
len3_cond3_1.csv,29.5,0.0011700000000002264,0.0026829856456764114,False,0.0,True
len3_cond3_1.csv,30.0,0.0001549999999997942,0.0026828327106356137,False,0.0,True
len3_cond3_1.csv,30.5,-0.0008749999999999591,0.002648534540339962,False,0.0,True
len3_cond3_1.csv,31.0,0.0013299999999998417,0.0026829856456764114,False,0.0,True
len3_cond3_1.csv,31.5,-0.0013000000000002454,0.0026276909598974634,False,0.0,True
len3_cond3_1.csv,32.0,0.00036500000000011523,0.00263174282488118,False,0.0,True
len3_cond3_1.csv,32.5,2.0000000000131024e-05,0.0026305992937822233,False,0.0,True
len3_cond3_1.csv,33.0,4.5000000000232354e-05,0.0026096326545329077,False,0.0,True
len3_cond3_1.csv,33.5,-0.0003249999999997699,0.002630603432800708,False,0.0,True
len3_cond3_1.csv,34.0,-0.0008249999999999091,0.0026280792106483488,False,0.0,True
len3_cond3_1.csv,34.5,0.0011350000000001081,0.0026021799129141657,False,0.0,True
len3_cond3_1.csv,35.0,0.00011500000000030236,0.0026012712432104826,False,0.0,True
len3_cond3_1.csv,35.5,-0.0020349999999998702,0.0026028100305759234,False,0.0,True
len3_cond3_1.csv,36.0,0.0007000000000000339,0.0026115672973622077,False,0.0,True
len3_cond3_1.csv,36.5,0.0008350000000004743,0.0025889932760427823,False,0.0,True
len3_cond3_1.csv,37.0,-0.0010100000000002468,0.002552621671728281,False,0.0,True
len3_cond3_1.csv,37.5,0.0003749999999997644,0.0025908911526575907,False,0.0,True
len3_cond3_1.csv,38.0,0.0015399999999994307,0.0025929613228205628,False,0.0,True
len3_cond3_1.csv,38.5,-0.0007450000000001622,0.002546077208604671,False,0.0,True
len3_cond3_1.csv,39.0,-0.0011050000000004528,0.002567408618247215,False,0.0,True
len3_cond3_1.csv,39.5,0.00016500000000033155,0.0025618638185328753,False,0.0,True
len3_cond3_1.csv,40.0,0.0005399999999998184,0.0025842558153076995,False,0.0,True
len3_cond3_1.csv,40.5,-0.00043000000000009697,0.0025423377973263113,False,0.0,True
len3_cond3_1.csv,41.0,0.0015349999999997033,0.002522427010111888,False,0.0,True
len3_cond3_1.csv,41.5,-0.00038500000000026013,0.002531600032115786,False,0.0,True
len3_cond3_1.csv,42.0,-0.00034999999999996145,0.002553579563366215,False,0.0,True
len3_cond3_1.csv,42.5,0.0009449999999998626,0.0025034760634251862,False,0.0,True
len3_cond3_1.csv,43.0,-0.002270000000000272,0.0025192261666746553,False,0.0,True
len3_cond3_1.csv,43.5,0.002194999999999697,0.002531695704391545,False,0.0,True
len3_cond3_1.csv,44.0,-0.0016399999999996417,0.0025110773962758446,False,0.0,True
len3_cond3_1.csv,44.5,-0.0010149999999999604,0.0025034760634251862,False,0.0,True
len3_cond3_1.csv,45.0,0.0004900000000001847,0.002490997347165054,False,0.0,True
len3_cond3_1.csv,45.5,-0.0001449999999998397,0.0025346184243871025,False,0.0,True
len3_cond3_1.csv,46.0,0.0006399999999998907,0.0025017364902575473,False,0.0,True
len3_cond3_1.csv,46.5,0.00044000000000035677,0.0024672358545321264,False,0.0,True
len3_cond3_1.csv,47.0,-7.999999999983021e-05,0.0024721349691083664,False,0.0,True
len3_cond3_1.csv,47.5,-0.0009599999999998846,0.002483062297882214,False,0.0,True
len3_cond3_1.csv,48.0,0.0021750000000000935,0.0024748527730669993,False,0.0,True
len3_cond3_1.csv,48.5,-0.001715000000000022,0.002478957469262893,False,0.0,True
len3_cond3_1.csv,49.0,-0.00016999999999969817,0.0024536985241084275,False,0.0,True
len3_cond3_1.csv,49.5,0.0005000000000000802,0.0024396770803662765,False,0.0,True
len3_cond3_1.csv,50.0,-6.0000000000753895e-05,0.0024902731686447946,False,0.0,True
len3_cond3_1.csv,50.5,-0.0004750000000000587,0.0024372463708154934,False,0.0,True
len3_cond3_1.csv,51.0,-0.0007150000000000489,0.002433375053263555,False,0.0,True
len3_cond3_1.csv,51.5,0.002359999999999817,0.00244198821304035,False,0.0,True
len3_cond3_1.csv,52.0,-0.00015500000000037706,0.0024471069280595677,False,0.0,True
len3_cond3_1.csv,52.5,0.00027000000000038105,0.0024410592443735537,False,0.0,True
len3_cond3_1.csv,53.0,-0.002079999999999582,0.0024105785945557484,False,0.0,True
len3_cond3_1.csv,53.5,0.0010650000000000876,0.002425758988506197,False,0.0,True
len3_cond3_1.csv,54.0,0.00026500000000057033,0.0024444662201771068,False,0.0,True
len3_cond3_1.csv,54.5,0.000235000000000124,0.0024200554047368885,False,0.0,True
len3_cond3_1.csv,55.0,-0.0004649999999996046,0.0024157954729612284,False,0.0,True
len3_cond3_1.csv,55.5,-0.000779999999999937,0.0024026522575390837,False,0.0,True
len3_cond3_1.csv,56.0,0.00040000000000033065,0.00240751030257235,False,0.0,True
len3_cond3_1.csv,56.5,-0.0005799999999998862,0.0024135228705639026,False,0.0,True
len3_cond3_1.csv,57.0,0.0021899999999999142,0.0023965884922577457,False,0.0,True
len3_cond3_1.csv,57.5,-0.000570000000000008,0.0024189634145214247,False,0.0,True
len3_cond3_1.csv,58.0,-0.0012549999999997563,0.002405809194305931,False,0.0,True
len3_cond3_1.csv,58.5,0.00033999999999959063,0.0024110410110154724,False,0.0,True
len3_cond3_1.csv,59.0,-0.0005750000000002142,0.002399172377924132,False,0.0,True
len4_cond1_1.csv,0.0,0.0009399999999999409,0.0032562516542863594,False,0.0,True
len4_cond1_1.csv,0.5,-0.0011249999999998206,0.003230622019590343,False,0.0,True
len4_cond1_1.csv,1.0,-0.0007349999999999302,0.0031844689510592784,False,0.0,True
len4_cond1_1.csv,1.5,0.001100000000000101,0.0032393081092431074,False,0.0,True
len4_cond1_1.csv,2.0,0.001080000000000192,0.003216301147814805,False,0.0,True
len4_cond1_1.csv,2.5,-0.0022000000000000353,0.0031577489309778497,False,0.0,True
len4_cond1_1.csv,3.0,0.0016700000000000603,0.0032209170537164863,False,0.0,True
len4_cond1_1.csv,3.5,-8.999999999992347e-05,0.0031917802408454633,False,0.0,True
len4_cond1_1.csv,4.0,-0.001550000000000079,0.0031719162136740076,False,0.0,True
len4_cond1_1.csv,4.5,0.0020049999999999235,0.0032038891266659994,False,0.0,True
len4_cond1_1.csv,5.0,-0.0028799999999997716,0.0031689289958026054,False,0.0,True
len4_cond1_1.csv,5.5,0.0005949999999998457,0.003129481700856829,False,0.0,True
len4_cond1_1.csv,6.0,0.0020049999999999235,0.0031842615837287605,False,0.0,True
len4_cond1_1.csv,6.5,0.00016499999999997073,0.0031364227059200145,False,0.0,True
len4_cond1_1.csv,7.0,-0.002155000000000129,0.0030985580753061185,False,0.0,True
len4_cond1_1.csv,7.5,0.0037399999999999656,0.003192330435502636,True,0.00027383478224866475,True
len4_cond1_1.csv,8.0,-0.0036849999999999383,0.003126525297664821,True,0.00027923735116755857,True
len4_cond1_1.csv,8.5,0.001584999999999892,0.0030804693093301827,False,0.0,True
len4_cond1_1.csv,9.0,0.000620000000000287,0.003226387968107567,False,0.0,True
len4_cond1_1.csv,9.5,-0.0010299999999998644,0.0031084280970625857,False,0.0,True
len4_cond1_1.csv,10.0,-0.00012999999999996348,0.003078350353958213,False,0.0,True
len4_cond1_1.csv,10.5,0.0026449999999997864,0.0031895232572989518,False,0.0,True
len4_cond1_1.csv,11.0,-0.003195000000000059,0.0030946293398302865,True,5.018533008488608e-05,True
len4_cond1_1.csv,11.5,0.00040000000000006697,0.003083878020989232,False,0.0,True
len4_cond1_1.csv,12.0,0.0019649999999999945,0.003205316240009964,False,0.0,True
len4_cond1_1.csv,12.5,-0.0025800000000000267,0.003092114925063138,False,0.0,True
len4_cond1_1.csv,13.0,0.0021250000000000435,0.0030596529411615944,False,0.0,True
len4_cond1_1.csv,13.5,-0.000980000000000092,0.0031467899852376,False,0.0,True
len4_cond1_1.csv,14.0,0.00016000000000016001,0.0030828110280723916,False,0.0,True
len4_cond1_1.csv,14.5,-0.00033500000000014074,0.0030628675453428216,False,0.0,True
len4_cond1_1.csv,15.0,8.999999999992347e-05,0.0030668063988224434,False,0.0,True
len4_cond1_1.csv,15.5,0.00034499999999959563,0.0030906869207333537,False,0.0,True
len4_cond1_1.csv,16.0,-0.0008549999999997171,0.0030580143779250072,False,0.0,True
len4_cond1_1.csv,16.5,0.0008050000000001112,0.0030671617232340236,False,0.0,True
len4_cond1_1.csv,17.0,-0.0017250000000006427,0.0030890461302086193,False,0.0,True
len4_cond1_1.csv,17.5,0.0025450000000004636,0.003046042443678201,False,0.0,True
len4_cond1_1.csv,18.0,-0.0009299999999997643,0.003046735514295108,False,0.0,True
len4_cond1_1.csv,18.5,-0.0011500000000004285,0.003119037857887206,False,0.0,True
len4_cond1_1.csv,19.0,0.002315000000000178,0.0030415091776072414,False,0.0,True
len4_cond1_1.csv,19.5,-0.0007649999999999602,0.0029809915987671905,False,0.0,True
len4_cond1_1.csv,20.0,-0.002100000000000657,0.0031626917768889148,False,0.0,True
len4_cond1_1.csv,20.5,0.0021650000000000835,0.0030241716893794606,False,0.0,True
len4_cond1_1.csv,21.0,-0.0005100000000001215,0.0029696327492215813,False,0.0,True
len4_cond1_1.csv,21.5,9.999999999732445e-06,0.003186728299273471,False,0.0,True
len4_cond1_1.csv,22.0,-0.0010499999999998844,0.003014059889692657,False,0.0,True
len4_cond1_1.csv,22.5,0.0012749999999999706,0.0029877792608775777,False,0.0,True
len4_cond1_1.csv,23.0,-0.0010050000000000336,0.0031752738898999763,False,0.0,True
len4_cond1_1.csv,23.5,0.0021099999999999453,0.003014059422410129,False,0.0,True
len4_cond1_1.csv,24.0,-0.001395000000000035,0.0030128235792784806,False,0.0,True
len4_cond1_1.csv,24.5,0.0014199999999999768,0.0031275576314466367,False,0.0,True
len4_cond1_1.csv,25.0,-0.0015899999999998693,0.003012192726823895,False,0.0,True
len4_cond1_1.csv,25.5,-9.000000000010389e-05,0.0029928535025528172,False,0.0,True
len4_cond1_1.csv,26.0,0.0005999999999999339,0.00308322972617021,False,0.0,True
len4_cond1_1.csv,26.5,9.000000000014552e-05,0.003011226190635422,False,0.0,True
len4_cond1_1.csv,27.0,0.0009150000000000234,0.0030055168446598926,False,0.0,True
len4_cond1_1.csv,27.5,-0.0007449999999997736,0.003002721909535499,False,0.0,True
len4_cond1_1.csv,28.0,0.001214999999999966,0.0030093458326055744,False,0.0,True
len4_cond1_1.csv,28.5,-0.0011149999999999077,0.003002182747351874,False,0.0,True
len4_cond1_1.csv,29.0,4.999999999921734e-06,0.0030069875193763536,False,0.0,True
len4_cond1_1.csv,29.5,-0.0002750000000000252,0.002998841593890244,False,0.0,True
len4_cond1_1.csv,30.0,-4.000000000001225e-05,0.002981319967483329,False,0.0,True
len4_cond1_1.csv,30.5,-0.00013500000000010726,0.0029933453134209694,False,0.0,True
len4_cond1_1.csv,31.0,0.00138000000000027,0.002993077684602671,False,0.0,True
len4_cond1_1.csv,31.5,-0.0013749999999998763,0.002970755864716279,False,0.0,True
len4_cond1_1.csv,32.0,-0.0002350000000003183,0.003034780591542037,False,0.0,True
len4_cond1_1.csv,32.5,0.0003400000000007841,0.00298764910216823,False,0.0,True
len4_cond1_1.csv,33.0,0.0010849999999996696,0.0029420265507107126,False,0.0,True
len4_cond1_1.csv,33.5,-0.002060000000000617,0.0030121011382327314,False,0.0,True
len4_cond1_1.csv,34.0,-6.499999999920458e-05,0.0029772329616432063,False,0.0,True
len4_cond1_1.csv,34.5,0.0024249999999992333,0.002945066702598569,False,0.0,True
len4_cond1_1.csv,35.0,-0.0030100000000005123,0.0029966801581569552,True,6.6599209217784025e-06,True
len4_cond1_1.csv,35.5,0.00036500000000061483,0.00298776935644503,False,0.0,True
len4_cond1_1.csv,36.0,-3.500000000017378e-05,0.0029114580472685515,False,0.0,True
len4_cond1_1.csv,36.5,-0.0004850000000005128,0.0029904703230954114,False,0.0,True
len4_cond1_1.csv,37.0,0.002855000000000163,0.003000465789988231,False,0.0,True
len4_cond1_1.csv,37.5,-0.0018449999999992084,0.002914675033507234,False,0.0,True
len4_cond1_1.csv,38.0,-0.00040000000000040004,0.002969316884658656,False,0.0,True
len4_cond1_1.csv,38.5,0.0024400000000001087,0.0030223841726084036,False,0.0,True
len4_cond1_1.csv,39.0,-0.0011249999999998206,0.0029080013319569874,False,0.0,True
len4_cond1_1.csv,39.5,-0.0020450000000004076,0.0029081978088989187,False,0.0,True
len4_cond1_1.csv,40.0,0.003629999999999689,0.0030585154280385234,True,0.0002857422859805827,True
len4_cond1_1.csv,40.5,-0.0022899999999999032,0.0028978283636685595,False,0.0,True
len4_cond1_1.csv,41.0,0.0008549999999995506,0.0028587429550592717,False,0.0,True
len4_cond1_1.csv,41.5,0.0013700000000004264,0.003043440280639606,False,0.0,True
len4_cond1_1.csv,42.0,-0.0017099999999998783,0.0028928481283706266,False,0.0,True
len4_cond1_1.csv,42.5,-0.0006949999999998624,0.0028423926206276955,False,0.0,True
len4_cond1_1.csv,43.0,0.002275000000000027,0.0030253723159322132,False,0.0,True
len4_cond1_1.csv,43.5,-0.0014599999999995728,0.002889334940040485,False,0.0,True
len4_cond1_1.csv,44.0,0.00012000000000005062,0.0028555913879411373,False,0.0,True
len4_cond1_1.csv,44.5,0.001080000000000414,0.002928045635763181,False,0.0,True
len4_cond1_1.csv,45.0,-0.002254999999999674,0.0028759058163645517,False,0.0,True
len4_cond1_1.csv,45.5,1.0000000000301434e-05,0.0028582993451115877,False,0.0,True
len4_cond1_1.csv,46.0,0.0004900000000002125,0.0029206307012432037,False,0.0,True
len4_cond1_1.csv,46.5,-0.0008100000000008656,0.0028607658659987574,False,0.0,True
len4_cond1_1.csv,47.0,0.0010699999999998905,0.00286390953096376,False,0.0,True
len4_cond1_1.csv,47.5,0.0009050000000003777,0.0029212195427001848,False,0.0,True
len4_cond1_1.csv,48.0,-0.0003900000000006676,0.002856036455125927,False,0.0,True
len4_cond1_1.csv,48.5,-0.0018549999999996902,0.0028716195123683814,False,0.0,True
len4_cond1_1.csv,49.0,0.0018499999999997963,0.002886426130164187,False,0.0,True
len4_cond1_1.csv,49.5,-0.0007150000000004653,0.002844666496067084,False,0.0,True
len4_cond1_1.csv,50.0,0.000370000000000148,0.0028396712557974633,False,0.0,True
len4_cond1_1.csv,50.5,0.0007149999999999102,0.0029070780435055013,False,0.0,True
len4_cond1_1.csv,51.0,-0.0016900000000008575,0.002842422049060419,False,0.0,True
len4_cond1_1.csv,51.5,0.0009550000000003722,0.0028335296231331948,False,0.0,True
len4_cond1_1.csv,52.0,0.0018950000000001466,0.0028927098666053043,False,0.0,True
len4_cond1_1.csv,52.5,-0.0018249999999995214,0.0028643417466464294,False,0.0,True
len4_cond1_1.csv,53.0,-0.0018399999999997307,0.0028468785640448527,False,0.0,True
len4_cond1_1.csv,53.5,0.0022099999999998787,0.002866345155023357,False,0.0,True
len4_cond1_1.csv,54.0,0.00023000000000050758,0.002896041898390001,False,0.0,True
len4_cond1_1.csv,54.5,-0.00010500000000024379,0.002830377438290515,False,0.0,True
len4_cond1_1.csv,55.0,-0.0005149999999990995,0.0028526249101118247,False,0.0,True
len4_cond1_1.csv,55.5,-0.00043500000000018524,0.0029433001079042335,False,0.0,True
len4_cond1_1.csv,56.0,0.0015600000000002279,0.0028373416598574644,False,0.0,True
len4_cond1_1.csv,56.5,-0.0010949999999993743,0.0028284073217187166,False,0.0,True
len4_cond1_1.csv,57.0,-1.9999999999797957e-05,0.002970017714474696,False,0.0,True
len4_cond1_1.csv,57.5,-0.000200000000000089,0.002832483728358097,False,0.0,True
len4_cond1_1.csv,58.0,-0.0014349999999998808,0.002815189911135574,False,0.0,True
len4_cond1_1.csv,58.5,0.00012500000000015277,0.0028650582458142992,False,0.0,True
len4_cond1_1.csv,59.0,0.001040000000000041,0.0028359427316803154,False,0.0,True
len4_cond2_1.csv,0.0,0.0008350000000000302,0.002922296960599073,False,0.0,True
len4_cond2_1.csv,0.5,-0.002955000000000041,0.0029792076816183323,False,0.0,True
len4_cond2_1.csv,1.0,0.0033250000000000224,0.0028075358721190136,True,0.0002587320639405043,True
len4_cond2_1.csv,1.5,-0.0021900000000000253,0.002852278292011745,False,0.0,True
len4_cond2_1.csv,2.0,0.00032999999999994145,0.0029227815556756246,False,0.0,True
len4_cond2_1.csv,2.5,0.0003450000000000397,0.0027642753202128285,False,0.0,True
len4_cond2_1.csv,3.0,0.0005350000000000077,0.0028137089275509265,False,0.0,True
len4_cond2_1.csv,3.5,-0.0004299999999998194,0.0028379560454501246,False,0.0,True
len4_cond2_1.csv,4.0,0.0009799999999998699,0.002730778934140888,False,0.0,True
len4_cond2_1.csv,4.5,-0.0006349999999999342,0.0027866898894757684,False,0.0,True
len4_cond2_1.csv,5.0,-0.0007949999999998791,0.0027397128441247346,False,0.0,True
len4_cond2_1.csv,5.5,0.0010299999999998644,0.0027010764316002986,False,0.0,True
len4_cond2_1.csv,6.0,7.500000000013052e-05,0.0027433650624805028,False,0.0,True
len4_cond2_1.csv,6.5,-0.0009950000000000792,0.0026941592344245048,False,0.0,True
len4_cond2_1.csv,7.0,0.0017099999999998783,0.002670235049809873,False,0.0,True
len4_cond2_1.csv,7.5,-0.0004999999999999449,0.0026786787194630866,False,0.0,True
len4_cond2_1.csv,8.0,-0.0010699999999998488,0.0026797217476329984,False,0.0,True
len4_cond2_1.csv,8.5,0.0007749999999999702,0.002642418395714799,False,0.0,True
len4_cond2_1.csv,9.0,-0.0012649999999999606,0.002668063181878387,False,0.0,True
len4_cond2_1.csv,9.5,-0.0007099999999997664,0.0027028135019538206,False,0.0,True
len4_cond2_1.csv,10.0,0.0020249999999997215,0.0026318758662491662,False,0.0,True
len4_cond2_1.csv,10.5,-0.00010500000000002174,0.0026318100577904396,False,0.0,True
len4_cond2_1.csv,11.0,-0.00032999999999988594,0.00267102460390199,False,0.0,True
len4_cond2_1.csv,11.5,0.00022999999999995246,0.0026430270645960317,False,0.0,True
len4_cond2_1.csv,12.0,-0.0002550000000000052,0.0026209843247105083,False,0.0,True
len4_cond2_1.csv,12.5,-0.000995000000000107,0.0026066232818909136,False,0.0,True
len4_cond2_1.csv,13.0,0.0009949999999999681,0.002636898301438314,False,0.0,True
len4_cond2_1.csv,13.5,-0.0009949999999999681,0.002604182268141162,False,0.0,True
len4_cond2_1.csv,14.0,0.0005149999999998073,0.0026041601719030017,False,0.0,True
len4_cond2_1.csv,14.5,-0.00044000000000010697,0.002626028032078734,False,0.0,True
len4_cond2_1.csv,15.0,0.00017999999999995797,0.0025825428642470066,False,0.0,True
len4_cond2_1.csv,15.5,-0.00013999999999995266,0.0025262470210573092,False,0.0,True
len4_cond2_1.csv,16.0,0.0010850000000001137,0.0025695698663074236,False,0.0,True
len4_cond2_1.csv,16.5,-0.0011299999999999644,0.0025673603326897736,False,0.0,True
len4_cond2_1.csv,17.0,0.000904999999999781,0.002525654207709227,False,0.0,True
len4_cond2_1.csv,17.5,0.0006800000000000694,0.0025463693884672425,False,0.0,True
len4_cond2_1.csv,18.0,-0.0013600000000000279,0.0025498777452081455,False,0.0,True
len4_cond2_1.csv,18.5,-0.0007050000000002055,0.002510465712606626,False,0.0,True
len4_cond2_1.csv,19.0,0.0010299999999999199,0.002564107290127218,False,0.0,True
len4_cond2_1.csv,19.5,-0.0009450000000001957,0.0025285218869812993,False,0.0,True
len4_cond2_1.csv,20.0,0.0022250000000001158,0.00247092347616503,False,0.0,True
len4_cond2_1.csv,20.5,-0.0008699999999999264,0.002529486174840654,False,0.0,True
len4_cond2_1.csv,21.0,0.0003999999999997339,0.002534701371637594,False,0.0,True
len4_cond2_1.csv,21.5,-0.0003750000000000142,0.0024512296144107884,False,0.0,True
len4_cond2_1.csv,22.0,0.00011500000000003174,0.002489080465646656,False,0.0,True
len4_cond2_1.csv,22.5,-0.0005050000000000887,0.0025517656193218214,False,0.0,True
len4_cond2_1.csv,23.0,0.0004050000000000997,0.0024474310746507213,False,0.0,True
len4_cond2_1.csv,23.5,-9.999999999996123e-05,0.002462949412028163,False,0.0,True
len4_cond2_1.csv,24.0,-0.001184999999999936,0.0024936452061346368,False,0.0,True
len4_cond2_1.csv,24.5,0.0021250000000000435,0.0024330260293435133,False,0.0,True
len4_cond2_1.csv,25.0,0.00016999999999990634,0.0024734712792329333,False,0.0,True
len4_cond2_1.csv,25.5,-0.0010800000000001364,0.0025127076301280043,False,0.0,True
len4_cond2_1.csv,26.0,0.0010650000000000936,0.0024228250670862627,False,0.0,True
len4_cond2_1.csv,26.5,0.0002649999999999528,0.0024743928666172577,False,0.0,True
len4_cond2_1.csv,27.0,-0.0017400000000000748,0.002465991515290477,False,0.0,True
len4_cond2_1.csv,27.5,-0.0005949999999997901,0.002405912271780852,False,0.0,True
len4_cond2_1.csv,28.0,0.0003350000000000297,0.0024240792033389386,False,0.0,True
len4_cond2_1.csv,28.5,-0.00020500000000017726,0.002454422931025369,False,0.0,True
len4_cond2_1.csv,29.0,0.0007250000000001422,0.0023958235702313717,False,0.0,True
len4_cond2_1.csv,29.5,-0.000979999999999731,0.002415385211737422,False,0.0,True
len4_cond2_1.csv,30.0,0.0010999999999996568,0.002415724810335331,False,0.0,True
len4_cond2_1.csv,30.5,0.0012550000000000616,0.0024131775522280743,False,0.0,True
len4_cond2_1.csv,31.0,-0.00022500000000019726,0.002400058458200574,False,0.0,True
len4_cond2_1.csv,31.5,-0.0020249999999999713,0.002415724810335331,False,0.0,True
len4_cond2_1.csv,32.0,0.0012250000000002537,0.002415704044053552,False,0.0,True
len4_cond2_1.csv,32.5,0.000580000000000136,0.0023897645706958204,False,0.0,True
len4_cond2_1.csv,33.0,-0.0010999999999999899,0.0024075394688897467,False,0.0,True
len4_cond2_1.csv,33.5,0.0005800000000000249,0.0023976790249781756,False,0.0,True
len4_cond2_1.csv,34.0,-0.0005599999999993388,0.002376515000060261,False,0.0,True
len4_cond2_1.csv,34.5,0.00030999999999985726,0.002367821502934774,False,0.0,True
len4_cond2_1.csv,35.0,0.00017000000000039206,0.0023728247541669623,False,0.0,True
len4_cond2_1.csv,35.5,-0.001244999999999885,0.002370354469311235,False,0.0,True
len4_cond2_1.csv,36.0,2.0000000000366946e-05,0.0023433920113323558,False,0.0,True
len4_cond2_1.csv,36.5,0.0025399999999998757,0.0023853075484659473,True,7.73462257669641e-05,True
len4_cond2_1.csv,37.0,-0.0021449999999995084,0.002361500857520741,False,0.0,True
len4_cond2_1.csv,37.5,0.0005500000000004668,0.002297759552436432,False,0.0,True
len4_cond2_1.csv,38.0,0.0014600000000000724,0.002324813289348782,False,0.0,True
len4_cond2_1.csv,38.5,-0.0004549999999999277,0.002349998104873116,False,0.0,True
len4_cond2_1.csv,39.0,-0.0007950000000000179,0.00230977224045626,False,0.0,True
len4_cond2_1.csv,39.5,0.00035000000000001696,0.0023253524452950224,False,0.0,True
len4_cond2_1.csv,40.0,-0.0012700000000002154,0.002363796408656645,False,0.0,True
len4_cond2_1.csv,40.5,0.0012499999999996958,0.0023020971119579715,False,0.0,True
len4_cond2_1.csv,41.0,-0.0014350000000000335,0.0023386371230320244,False,0.0,True
len4_cond2_1.csv,41.5,5.9999999999615916e-05,0.0023733407801935233,False,0.0,True
len4_cond2_1.csv,42.0,0.0007849999999998691,0.0022894342652570844,False,0.0,True
len4_cond2_1.csv,42.5,0.0014749999999996016,0.002319436398404157,False,0.0,True
len4_cond2_1.csv,43.0,-0.0016849999999999365,0.002315507321763231,False,0.0,True
len4_cond2_1.csv,43.5,-0.00017499999999975868,0.0022777609549224547,False,0.0,True
len4_cond2_1.csv,44.0,0.0007449999999998153,0.0023088324107877253,False,0.0,True
len4_cond2_1.csv,44.5,5.000000000066063e-05,0.002337259131197273,False,0.0,True
len4_cond2_1.csv,45.0,0.00039999999999990044,0.0022711289727928106,False,0.0,True
len4_cond2_1.csv,45.5,-0.0010399999999999021,0.002290229140316786,False,0.0,True
len4_cond2_1.csv,46.0,-0.0006050000000000777,0.0023353133820578995,False,0.0,True
len4_cond2_1.csv,46.5,-0.0004799999999992588,0.0022656204590572305,False,0.0,True
len4_cond2_1.csv,47.0,0.0008049999999995838,0.0022730915369365487,False,0.0,True
len4_cond2_1.csv,47.5,0.0014749999999995322,0.0022797102899848377,False,0.0,True
len4_cond2_1.csv,48.0,-0.0007949999999998791,0.002275666516598488,False,0.0,True
len4_cond2_1.csv,48.5,-0.00010499999999991072,0.0022746662309561082,False,0.0,True
len4_cond2_1.csv,49.0,-0.000315000000000093,0.0022372012573698545,False,0.0,True
len4_cond2_1.csv,49.5,0.0009050000000003777,0.0022688087833534665,False,0.0,True
len4_cond2_1.csv,50.0,-0.001280000000000392,0.002265973701430784,False,0.0,True
len4_cond2_1.csv,50.5,0.0010849999999994475,0.0022312813732675994,False,0.0,True
len4_cond2_1.csv,51.0,-0.000300000000000078,0.002244821852332001,False,0.0,True
len4_cond2_1.csv,51.5,-0.0002400000000000735,0.0022601514986286125,False,0.0,True
len4_cond2_1.csv,52.0,5.0000000000986755e-06,0.0022330852222147432,False,0.0,True
len4_cond2_1.csv,52.5,0.0001550000000000995,0.0022556546740832586,False,0.0,True
len4_cond2_1.csv,53.0,-0.00029000000000034554,0.0022539256366373196,False,0.0,True
len4_cond2_1.csv,53.5,0.0008550000000001612,0.002241580771067503,False,0.0,True
len4_cond2_1.csv,54.0,0.0007399999999997964,0.0022173243589857115,False,0.0,True
len4_cond2_1.csv,54.5,-0.0025400000000002088,0.0022460563219907498,True,0.00014697183900472938,True
len4_cond2_1.csv,55.0,0.001999999999999863,0.0022212254409804044,False,0.0,True
len4_cond2_1.csv,55.5,-0.0007200000000004703,0.0022346955339147294,False,0.0,True
len4_cond2_1.csv,56.0,-0.0017649999999997945,0.0022575479471050007,False,0.0,True
len4_cond2_1.csv,56.5,0.0022549999999999792,0.0022164858786317583,True,1.925706068411047e-05,True
len4_cond2_1.csv,57.0,-0.001674999999999524,0.002221135397478589,False,0.0,True
len4_cond2_1.csv,57.5,0.0014049999999997675,0.002257701382030836,False,0.0,True
len4_cond2_1.csv,58.0,-0.0002749999999996644,0.0022001319221513155,False,0.0,True
len4_cond2_1.csv,58.5,0.00015000000000067737,0.0022169702789479194,False,0.0,True
len4_cond2_1.csv,59.0,-0.0006599999999995498,0.0022554218761432834,False,0.0,True
len4_cond3_1.csv,0.0,0.000905000000000003,0.002833125494831356,False,0.0,True
len4_cond3_1.csv,0.5,-0.0002300000000000635,0.0028136856780562663,False,0.0,True
len4_cond3_1.csv,1.0,-0.0010649999999999826,0.0027818869276259876,False,0.0,True
len4_cond3_1.csv,1.5,0.0014850000000000418,0.0027659091176447216,False,0.0,True
len4_cond3_1.csv,2.0,-0.000980000000000092,0.002753118455568444,False,0.0,True
len4_cond3_1.csv,2.5,-0.0017299999999997873,0.00275006544983045,False,0.0,True
len4_cond3_1.csv,3.0,0.0019899999999999085,0.002737734010422277,False,0.0,True
len4_cond3_1.csv,3.5,-0.00034999999999996145,0.0027101062312334524,False,0.0,True
len4_cond3_1.csv,4.0,0.0007100000000000994,0.002727301410302365,False,0.0,True
len4_cond3_1.csv,4.5,-0.0019000000000000128,0.002676809005473624,False,0.0,True
len4_cond3_1.csv,5.0,0.0013500000000000179,0.002705504328821769,False,0.0,True
len4_cond3_1.csv,5.5,-0.0017300000000000093,0.0027128332515012955,False,0.0,True
len4_cond3_1.csv,6.0,0.00030999999999997696,0.0026513394674766468,False,0.0,True
len4_cond3_1.csv,6.5,0.0022199999999999442,0.00267167417750946,False,0.0,True
len4_cond3_1.csv,7.0,-0.0020449999999997415,0.0026984110322917296,False,0.0,True
len4_cond3_1.csv,7.5,0.0011799999999999589,0.002626596514347581,False,0.0,True
len4_cond3_1.csv,8.0,0.0009649999999999381,0.002603744130197613,False,0.0,True
len4_cond3_1.csv,8.5,-0.0023249999999999105,0.002676809005473624,False,0.0,True
len4_cond3_1.csv,9.0,0.001645000000000063,0.0025870324929093327,False,0.0,True
len4_cond3_1.csv,9.5,0.0001300000000000745,0.0025946789574674152,False,0.0,True
len4_cond3_1.csv,10.0,-0.0009000000000000119,0.002633236238573298,False,0.0,True
len4_cond3_1.csv,10.5,0.0005850000000000577,0.0025530024680502374,False,0.0,True
len4_cond3_1.csv,11.0,-0.0015750000000000763,0.002553387279825248,False,0.0,True
len4_cond3_1.csv,11.5,0.000720000000000165,0.0025473648846738154,False,0.0,True
len4_cond3_1.csv,12.0,0.0020600000000000618,0.002531379073092757,False,0.0,True
len4_cond3_1.csv,12.5,-0.0016050000000001098,0.002506469695095935,False,0.0,True
len4_cond3_1.csv,13.0,6.500000000014827e-05,0.002536999901067388,False,0.0,True
len4_cond3_1.csv,13.5,0.0009249999999998426,0.0025004243011431193,False,0.0,True
len4_cond3_1.csv,14.0,-0.0005199999999999094,0.0025072789446195787,False,0.0,True
len4_cond3_1.csv,14.5,-0.00012000000000012001,0.0025368138942971183,False,0.0,True
len4_cond3_1.csv,15.0,-0.0006950000000001122,0.002487479594724876,False,0.0,True
len4_cond3_1.csv,15.5,-7.500000000004725e-05,0.002479464214156484,False,0.0,True
len4_cond3_1.csv,16.0,-0.0011700000000001154,0.0024899514195940112,False,0.0,True
len4_cond3_1.csv,16.5,0.0015050000000004227,0.0024857847372237586,False,0.0,True
len4_cond3_1.csv,17.0,0.0003349999999998077,0.002450746483366374,False,0.0,True
len4_cond3_1.csv,17.5,-0.0011099999999999166,0.002460023352298288,False,0.0,True
len4_cond3_1.csv,18.0,-0.00015999999999993797,0.002502866690787536,False,0.0,True
len4_cond3_1.csv,18.5,-0.00039500000000031177,0.0024440171344061474,False,0.0,True
len4_cond3_1.csv,19.0,0.0018499999999999073,0.0024268560434015825,False,0.0,True
len4_cond3_1.csv,19.5,0.0003650000000000042,0.002484251494874668,False,0.0,True
len4_cond3_1.csv,20.0,0.0003149999999998432,0.00243093613955816,False,0.0,True
len4_cond3_1.csv,20.5,-0.002714999999999912,0.0024256185760025677,True,0.000144690711998672,True
len4_cond3_1.csv,21.0,0.002559999999999951,0.0024677789330338896,True,4.611053348303068e-05,True
len4_cond3_1.csv,21.5,-0.0006350000000002187,0.0024192710448156527,False,0.0,True
len4_cond3_1.csv,22.0,-1.0000000000096737e-05,0.00240210058848269,False,0.0,True
len4_cond3_1.csv,22.5,-0.00041000000000002146,0.0024628081582055796,False,0.0,True
len4_cond3_1.csv,23.0,-0.0008200000000000984,0.00241718254049856,False,0.0,True
len4_cond3_1.csv,23.5,0.0007000000000002005,0.0024145090318725103,False,0.0,True
len4_cond3_1.csv,24.0,-0.00025500000000011624,0.002453001022573928,False,0.0,True
len4_cond3_1.csv,24.5,0.0006150000000000322,0.0024050725488506714,False,0.0,True
len4_cond3_1.csv,25.0,-0.0010099999999998444,0.0023858041849021345,False,0.0,True
len4_cond3_1.csv,25.5,0.0014450000000000296,0.002393185193617427,False,0.0,True
len4_cond3_1.csv,26.0,-0.0020600000000001173,0.002386765990591277,False,0.0,True
len4_cond3_1.csv,26.5,0.0022999999999999965,0.002376751824802288,False,0.0,True
len4_cond3_1.csv,27.0,-2.9999999999946736e-05,0.002370879999690657,False,0.0,True
len4_cond3_1.csv,27.5,-0.0009250000000001757,0.002413562375843185,False,0.0,True
len4_cond3_1.csv,28.0,0.0005350000000002297,0.0023553916406790984,False,0.0,True
len4_cond3_1.csv,28.5,0.0008399999999996882,0.0023621268395415777,False,0.0,True
len4_cond3_1.csv,29.0,-0.0005000000000001115,0.0023784060740868404,False,0.0,True
len4_cond3_1.csv,29.5,-0.0020949999999995694,0.0023404552073999466,False,0.0,True
len4_cond3_1.csv,30.0,0.0018699999999999412,0.002319436398404157,False,0.0,True
len4_cond3_1.csv,30.5,-0.0009099999999998554,0.0023679463113730733,False,0.0,True
len4_cond3_1.csv,31.0,0.00182499999999991,0.002323877576148806,False,0.0,True
len4_cond3_1.csv,31.5,-0.0013550000000000367,0.0023088324107877253,False,0.0,True
len4_cond3_1.csv,32.0,7.999999999991347e-05,0.0023535373293308848,False,0.0,True
len4_cond3_1.csv,32.5,0.0014899999999997693,0.002305387194214867,False,0.0,True
len4_cond3_1.csv,33.0,-0.0020799999999999846,0.002286120718970243,False,0.0,True
len4_cond3_1.csv,33.5,0.000954999999999484,0.0023098324463088613,False,0.0,True
len4_cond3_1.csv,34.0,-9.999999999948939e-05,0.0022948696478914702,False,0.0,True
len4_cond3_1.csv,34.5,6.499999999973194e-05,0.00228022605896466,False,0.0,True
len4_cond3_1.csv,35.0,-0.0018949999999992861,0.002279270513463204,False,0.0,True
len4_cond3_1.csv,35.5,0.001574999999999882,0.00230977224045626,False,0.0,True
len4_cond3_1.csv,36.0,0.0005749999999997701,0.00226450054804017,False,0.0,True
len4_cond3_1.csv,36.5,-0.0012450000000002043,0.0022596845769903813,False,0.0,True
len4_cond3_1.csv,37.0,0.0005949999999996791,0.0023053473429951264,False,0.0,True
len4_cond3_1.csv,37.5,5.0000000000355316e-05,0.00225501595467262,False,0.0,True
len4_cond3_1.csv,38.0,-0.00033999999999995145,0.0022728316138846717,False,0.0,True
len4_cond3_1.csv,38.5,0.00014500000000011726,0.0022833220962228274,False,0.0,True
len4_cond3_1.csv,39.0,0.0005849999999999467,0.0022382656215167635,False,0.0,True
len4_cond3_1.csv,39.5,-0.0007899999999996616,0.0022695164602583636,False,0.0,True
len4_cond3_1.csv,40.0,-0.0002649999999999597,0.002249906826236724,False,0.0,True
len4_cond3_1.csv,40.5,-0.00015999999999977144,0.002224728677269648,False,0.0,True
len4_cond3_1.csv,41.0,0.0015949999999995343,0.002238096703987153,False,0.0,True
len4_cond3_1.csv,41.5,-0.002259999999999679,0.002246485086139194,True,6.757456930242263e-06,True
len4_cond3_1.csv,42.0,0.0006300000000001305,0.002217207537758365,False,0.0,True
len4_cond3_1.csv,42.5,-0.0006999999999994511,0.0022125467911862503,False,0.0,True
len4_cond3_1.csv,43.0,0.0006299999999999084,0.002236522714647109,False,0.0,True
len4_cond3_1.csv,43.5,-0.000660000000000327,0.0022061856081492274,False,0.0,True
len4_cond3_1.csv,44.0,0.0016549999999999065,0.00221794082640001,False,0.0,True
len4_cond3_1.csv,44.5,-0.0011249999999998067,0.002191634862922378,False,0.0,True
len4_cond3_1.csv,45.0,0.0017399999999994087,0.0022168654685861934,False,0.0,True
len4_cond3_1.csv,45.5,-0.0006849999999999912,0.002187856165835473,False,0.0,True
len4_cond3_1.csv,46.0,0.0008050000000001389,0.0021996413685451237,False,0.0,True
len4_cond3_1.csv,46.5,0.00013999999999986246,0.0022014511092538517,False,0.0,True
len4_cond3_1.csv,47.0,-0.0019949999999994694,0.002183237959710247,False,0.0,True
len4_cond3_1.csv,47.5,0.001440000000000139,0.0021731362609791237,False,0.0,True
len4_cond3_1.csv,48.0,-0.0006799999999996809,0.00220874517868588,False,0.0,True
len4_cond3_1.csv,48.5,0.0012649999999999884,0.0021740089200008948,False,0.0,True
len4_cond3_1.csv,49.0,-0.0015049999999997045,0.002158692143854681,False,0.0,True
len4_cond3_1.csv,49.5,-5.0000000000494094e-05,0.0021876510070703552,False,0.0,True
len4_cond3_1.csv,50.0,-6.999999999970918e-05,0.0021632033848524943,False,0.0,True
len4_cond3_1.csv,50.5,0.00010999999999963816,0.002144407813595289,False,0.0,True
len4_cond3_1.csv,51.0,0.00042500000000009197,0.002194543590296318,False,0.0,True
len4_cond3_1.csv,51.5,0.0008800000000001862,0.0021617877609060423,False,0.0,True
len4_cond3_1.csv,52.0,-0.0012050000000002198,0.002142231359957813,False,0.0,True
len4_cond3_1.csv,52.5,-0.000539999999999638,0.00219049539429423,False,0.0,True
len4_cond3_1.csv,53.0,-0.00020500000000048257,0.002167892709016325,False,0.0,True
len4_cond3_1.csv,53.5,-0.00014500000000042257,0.002139500366356054,False,0.0,True
len4_cond3_1.csv,54.0,-5.000000000476845e-06,0.0021521273922921625,False,0.0,True
len4_cond3_1.csv,54.5,0.001840000000000036,0.002169546124562167,False,0.0,True
len4_cond3_1.csv,55.0,-0.00013999999999955715,0.002139096007162839,False,0.0,True
len4_cond3_1.csv,55.5,-0.0014400000000004166,0.002141212614322309,False,0.0,True
len4_cond3_1.csv,56.0,0.0006949999999999457,0.0021620405501716605,False,0.0,True
len4_cond3_1.csv,56.5,-0.001265000000000488,0.002129134692717545,False,0.0,True
len4_cond3_1.csv,57.0,0.0005599999999999078,0.0021381419080371816,False,0.0,True
len4_cond3_1.csv,57.5,0.0008749999999997649,0.0021433150517511344,False,0.0,True
len4_cond3_1.csv,58.0,0.0002299999999998137,0.0021237762631686747,False,0.0,True
len4_cond3_1.csv,58.5,-0.0010949999999998877,0.002118559081458001,False,0.0,True
len4_cond3_1.csv,59.0,9.000000000031205e-05,0.0021307840124876794,False,0.0,True
len5_cond1_1.csv,0.0,0.0017400000000000193,0.002367030431275394,False,0.0,True
len5_cond1_1.csv,0.5,-0.00023499999999998522,0.0023846894558071877,False,0.0,True
len5_cond1_1.csv,1.0,-0.0024250000000000105,0.002375291552509001,True,2.485422374550448e-05,True
len5_cond1_1.csv,1.5,0.0019949999999999413,0.0023631233780427928,False,0.0,True
len5_cond1_1.csv,2.0,8.500000000000174e-05,0.0024242924789257495,False,0.0,True
len5_cond1_1.csv,2.5,-0.0002549999999999497,0.0023684098746802142,False,0.0,True
len5_cond1_1.csv,3.0,-0.0005349999999999522,0.0023604701242949905,False,0.0,True
len5_cond1_1.csv,3.5,0.0008449999999999847,0.0023770293207766814,False,0.0,True
len5_cond1_1.csv,4.0,0.0006350000000001355,0.0023672086849439097,False,0.0,True
len5_cond1_1.csv,4.5,-0.0016399999999998638,0.0023765573195072298,False,0.0,True
len5_cond1_1.csv,5.0,0.0006549999999998501,0.002355538572858736,False,0.0,True
len5_cond1_1.csv,5.5,0.0011999999999999997,0.0023257128019217635,False,0.0,True
len5_cond1_1.csv,6.0,-0.001794999999999991,0.0024148417905398923,False,0.0,True
len5_cond1_1.csv,6.5,0.00013500000000005175,0.0023399250824337418,False,0.0,True
len5_cond1_1.csv,7.0,0.0006249999999999312,0.0023708048619861715,False,0.0,True
len5_cond1_1.csv,7.5,-0.0010899999999999244,0.002397602582694748,False,0.0,True
len5_cond1_1.csv,8.0,0.00048500000000017973,0.002361425685693718,False,0.0,True
len5_cond1_1.csv,8.5,0.0018699999999997607,0.0023683929255389757,False,0.0,True
len5_cond1_1.csv,9.0,-0.0012849999999998696,0.0023586226784325474,False,0.0,True
len5_cond1_1.csv,9.5,-0.0012799999999999478,0.002325795410590553,False,0.0,True
len5_cond1_1.csv,10.0,-0.00038499999999974666,0.002373032493817414,False,0.0,True
len5_cond1_1.csv,10.5,0.0013150000000000661,0.002352527318307857,False,0.0,True
len5_cond1_1.csv,11.0,6.999999999998674e-05,0.0023685659877852147,False,0.0,True
len5_cond1_1.csv,11.5,-3.0000000000196536e-05,0.0023882982287437007,False,0.0,True
len5_cond1_1.csv,12.0,0.0013399999999999523,0.002349237668384307,False,0.0,True
len5_cond1_1.csv,12.5,-0.002495000000000025,0.002320118436762531,True,8.744078161874698e-05,True
len5_cond1_1.csv,13.0,-0.0004700000000001925,0.002340232249695347,False,0.0,True
len5_cond1_1.csv,13.5,0.00025500000000006073,0.002342080002468857,False,0.0,True
len5_cond1_1.csv,14.0,0.000980000000000314,0.0023591695671427828,False,0.0,True
len5_cond1_1.csv,14.5,-0.0005149999999999322,0.002326509874061521,False,0.0,True
len5_cond1_1.csv,15.0,0.0005299999999999055,0.002330537755075031,False,0.0,True
len5_cond1_1.csv,15.5,0.00018999999999991246,0.002375982685438774,False,0.0,True
len5_cond1_1.csv,16.0,0.0007150000000000212,0.0023245869875318137,False,0.0,True
len5_cond1_1.csv,16.5,-0.0007400000000001294,0.0023473081633175966,False,0.0,True
len5_cond1_1.csv,17.0,-0.00012000000000023103,0.0023845571524279,False,0.0,True
len5_cond1_1.csv,17.5,-0.0008000000000001062,0.00232593617177572,False,0.0,True
len5_cond1_1.csv,18.0,0.0015100000000000668,0.0023290429313379286,False,0.0,True
len5_cond1_1.csv,18.5,0.00028999999999990145,0.0023314402053999,False,0.0,True
len5_cond1_1.csv,19.0,-0.0004750000000000379,0.0022986504026604035,False,0.0,True
len5_cond1_1.csv,19.5,-0.0005399999999999849,0.0023504472584376045,False,0.0,True
len5_cond1_1.csv,20.0,0.0012350000000000971,0.0023251794028175173,False,0.0,True
len5_cond1_1.csv,20.5,-0.0020350000000000923,0.0023272999325514446,False,0.0,True
len5_cond1_1.csv,21.0,-4.999999999810711e-06,0.002353382244775234,False,0.0,True
len5_cond1_1.csv,21.5,-0.00014000000000019552,0.002311165133831417,False,0.0,True
len5_cond1_1.csv,22.0,-3.500000000017378e-05,0.0023198215595540677,False,0.0,True
len5_cond1_1.csv,22.5,0.0020300000000003093,0.0023167392382934535,False,0.0,True
len5_cond1_1.csv,23.0,0.0001349999999998297,0.0023387298719408554,False,0.0,True
len5_cond1_1.csv,23.5,-0.0007100000000000994,0.0023370048126996343,False,0.0,True
len5_cond1_1.csv,24.0,-0.00017500000000025828,0.0023067267143750975,False,0.0,True
len5_cond1_1.csv,24.5,0.00032999999999987206,0.0023130522439083886,False,0.0,True
len5_cond1_1.csv,25.0,-0.0006650000000000267,0.0023644898392341943,False,0.0,True
len5_cond1_1.csv,25.5,0.0003200000000002645,0.002302035235431645,False,0.0,True
len5_cond1_1.csv,26.0,0.0005499999999997729,0.002329895016525483,False,0.0,True
len5_cond1_1.csv,26.5,-0.0019050000000001566,0.0023502274478576436,False,0.0,True
len5_cond1_1.csv,27.0,0.0020950000000000135,0.002300168767399814,False,0.0,True
len5_cond1_1.csv,27.5,-0.0016950000000000576,0.0023456827856702363,False,0.0,True
len5_cond1_1.csv,28.0,0.00022999999999995246,0.0023145806923796602,False,0.0,True
len5_cond1_1.csv,28.5,0.0013599999999997434,0.0022889402993607547,False,0.0,True
len5_cond1_1.csv,29.0,-0.0016000000000002679,0.0023397812787691675,False,0.0,True
len5_cond1_1.csv,29.5,0.00043999999999999595,0.0023145806923796602,False,0.0,True
len5_cond1_1.csv,30.0,-0.00014499999999970092,0.0022959213700354895,False,0.0,True
len5_cond1_1.csv,30.5,0.001415000000000055,0.002346610733308467,False,0.0,True
len5_cond1_1.csv,31.0,-0.0012250000000003092,0.002304095708001064,False,0.0,True
len5_cond1_1.csv,31.5,0.0011399999999996968,0.002319923362127485,False,0.0,True
len5_cond1_1.csv,32.0,-0.0018099999999999783,0.0023069099758851073,False,0.0,True
len5_cond1_1.csv,32.5,0.0006299999999993255,0.002302243432879048,False,0.0,True
len5_cond1_1.csv,33.0,0.0004599999999997939,0.002324519184785311,False,0.0,True
len5_cond1_1.csv,33.5,-0.00030999999999947736,0.0022976179399361667,False,0.0,True
len5_cond1_1.csv,34.0,0.0006650000000001897,0.002272929413618096,False,0.0,True
len5_cond1_1.csv,34.5,0.0012599999999995948,0.0023444105435126697,False,0.0,True
len5_cond1_1.csv,35.0,-0.0006749999999998146,0.0022885609890600303,False,0.0,True
len5_cond1_1.csv,35.5,-0.0003200000000007086,0.0023166422565286116,False,0.0,True
len5_cond1_1.csv,36.0,-0.0019249999999999545,0.0023375367890825236,False,0.0,True
len5_cond1_1.csv,36.5,0.0028849999999999154,0.002298089660438197,True,0.00029345516978085916,True
len5_cond1_1.csv,37.0,-0.0013099999999997003,0.002301157269488105,False,0.0,True
len5_cond1_1.csv,37.5,-0.0005950000000004563,0.0023109350828840625,False,0.0,True
len5_cond1_1.csv,38.0,0.0007200000000002205,0.002287651997971445,False,0.0,True
len5_cond1_1.csv,38.5,-0.00023499999999948562,0.0022845854758681496,False,0.0,True
len5_cond1_1.csv,39.0,-0.0007449999999995516,0.0023021705845109857,False,0.0,True
len5_cond1_1.csv,39.5,0.00031499999999994033,0.0022929595015389053,False,0.0,True
len5_cond1_1.csv,40.0,0.0012950000000000461,0.0023296906818903508,False,0.0,True
len5_cond1_1.csv,40.5,-0.0020899999999994257,0.002297824369890583,False,0.0,True
len5_cond1_1.csv,41.0,0.0001599999999996049,0.002283333352424254,False,0.0,True
len5_cond1_1.csv,41.5,0.0003700000000003145,0.0023119581502450692,False,0.0,True
len5_cond1_1.csv,42.0,-0.00035500000000027176,0.00229047627432226,False,0.0,True
len5_cond1_1.csv,42.5,0.00028499999999959114,0.002311133761122027,False,0.0,True
len5_cond1_1.csv,43.0,-0.0005150000000000432,0.0022794933787153296,False,0.0,True
len5_cond1_1.csv,43.5,0.0013449999999994786,0.002289197971063981,False,0.0,True
len5_cond1_1.csv,44.0,0.0007199999999999429,0.0023107709499627653,False,0.0,True
len5_cond1_1.csv,44.5,-0.0009999999999999454,0.002272398340253876,False,0.0,True
len5_cond1_1.csv,45.0,0.0012500000000004452,0.002271892260345652,False,0.0,True
len5_cond1_1.csv,45.5,-0.0012650000000002937,0.0023320874823259514,False,0.0,True
len5_cond1_1.csv,46.0,0.0006199999999998984,0.0022676027155931868,False,0.0,True
len5_cond1_1.csv,46.5,0.0001799999999996249,0.002299932870082854,False,0.0,True
len5_cond1_1.csv,47.0,-0.0006499999999997064,0.0023061569508933573,False,0.0,True
len5_cond1_1.csv,47.5,-0.0005850000000003353,0.0022696998521392346,False,0.0,True
len5_cond1_1.csv,48.0,0.0003950000000004228,0.0023005773636524604,False,0.0,True
len5_cond1_1.csv,48.5,-0.00020999999999982144,0.0022779304295656756,False,0.0,True
len5_cond1_1.csv,49.0,0.0013000000000001205,0.0022690380181472768,False,0.0,True
len5_cond1_1.csv,49.5,-0.0005399999999998739,0.0022918850915805223,False,0.0,True
len5_cond1_1.csv,50.0,-0.0004149999999994991,0.0022739915191472126,False,0.0,True
len5_cond1_1.csv,50.5,-0.00042500000000017524,0.0022708364450269494,False,0.0,True
len5_cond1_1.csv,51.0,0.0008199999999999319,0.0022899777761443193,False,0.0,True
len5_cond1_1.csv,51.5,8.499999999989072e-05,0.002253960475559256,False,0.0,True
len5_cond1_1.csv,52.0,-0.00027499999999969216,0.002243498167962122,False,0.0,True
len5_cond1_1.csv,52.5,-0.00013000000000018552,0.002254945644869463,False,0.0,True
len5_cond1_1.csv,53.0,-0.00016500000000033155,0.002256220705562792,False,0.0,True
len5_cond1_1.csv,53.5,0.0006949999999998346,0.0022845854758681496,False,0.0,True
len5_cond1_1.csv,54.0,0.00020999999999987695,0.0022492769235762265,False,0.0,True
len5_cond1_1.csv,54.5,-0.0018299999999995958,0.0022502878762253138,False,0.0,True
len5_cond1_1.csv,55.0,0.0004949999999994681,0.002307396534903194,False,0.0,True
len5_cond1_1.csv,55.5,0.0009099999999997443,0.0022428714913703,False,0.0,True
len5_cond1_1.csv,56.0,-0.0004900000000002125,0.002243498167962122,False,0.0,True
len5_cond1_1.csv,56.5,-0.0012199999999996658,0.00228482505658174,False,0.0,True
len5_cond1_1.csv,57.0,0.0013449999999997075,0.002244324146421927,False,0.0,True
len5_cond1_1.csv,57.5,-0.00010999999999938836,0.0022290542339834787,False,0.0,True
len5_cond1_1.csv,58.0,0.0005599999999996719,0.0022496843513515837,False,0.0,True
len5_cond1_1.csv,58.5,-0.0002950000000001389,0.0022185529527992704,False,0.0,True
len5_cond1_1.csv,59.0,-0.00036999999999992594,0.002297033789406814,False,0.0,True
len5_cond2_1.csv,0.0,-0.0007049999999999834,0.0024149257876709745,False,0.0,True
len5_cond2_1.csv,0.5,0.0003549999999999942,0.0024154481021537947,False,0.0,True
len5_cond2_1.csv,1.0,0.0005699999999998484,0.0024325562638377396,False,0.0,True
len5_cond2_1.csv,1.5,-0.001590000000000008,0.0023805420670251973,False,0.0,True
len5_cond2_1.csv,2.0,0.0023050000000000015,0.0024594060503294424,False,0.0,True
len5_cond2_1.csv,2.5,-0.0002449999999999397,0.0024099623215067248,False,0.0,True
len5_cond2_1.csv,3.0,-0.0010100000000000109,0.002427111744159563,False,0.0,True
len5_cond2_1.csv,3.5,-0.00047000000000008146,0.0024134293101553076,False,0.0,True
len5_cond2_1.csv,4.0,0.0011099999999999166,0.002392050471185902,False,0.0,True
len5_cond2_1.csv,4.5,-0.00199500000000008,0.0024180892481288976,False,0.0,True
len5_cond2_1.csv,5.0,0.0015600000000001168,0.002370111209341588,False,0.0,True
len5_cond2_1.csv,5.5,-0.0009450000000000049,0.002361674725926495,False,0.0,True
len5_cond2_1.csv,6.0,0.0005999999999999339,0.0023956320795712653,False,0.0,True
len5_cond2_1.csv,6.5,3.500000000006276e-05,0.0023534931646626307,False,0.0,True
len5_cond2_1.csv,7.0,-0.0012950000000000739,0.00238434912340457,False,0.0,True
len5_cond2_1.csv,7.5,0.0010149999999999881,0.002406605284868868,False,0.0,True
len5_cond2_1.csv,8.0,0.001324999999999965,0.002331806166675232,False,0.0,True
len5_cond2_1.csv,8.5,-0.0003600000000000825,0.0023208049481274577,False,0.0,True
len5_cond2_1.csv,9.0,-0.001294999999999935,0.0023437387140686026,False,0.0,True
len5_cond2_1.csv,9.5,0.00012499999999991684,0.0023179699630085657,False,0.0,True
len5_cond2_1.csv,10.0,0.0008499999999999064,0.002342066041715404,False,0.0,True
len5_cond2_1.csv,10.5,-0.0006650000000001377,0.0023314402053999,False,0.0,True
len5_cond2_1.csv,11.0,-0.0006850000000001577,0.0022929595015389053,False,0.0,True
len5_cond2_1.csv,11.5,0.0004050000000000997,0.002341624563156135,False,0.0,True
len5_cond2_1.csv,12.0,0.0008649999999997826,0.0023065393177914943,False,0.0,True
len5_cond2_1.csv,12.5,-0.0003449999999999842,0.0023218332870583096,False,0.0,True
len5_cond2_1.csv,13.0,0.0007099999999999884,0.0023101393709529707,False,0.0,True
len5_cond2_1.csv,13.5,0.00020500000000017726,0.002294252581554304,False,0.0,True
len5_cond2_1.csv,14.0,0.0002449999999999952,0.0023155300300353216,False,0.0,True
len5_cond2_1.csv,14.5,-0.001414999999999944,0.0022859191977217127,False,0.0,True
len5_cond2_1.csv,15.0,-0.00029499999999995155,0.0022997643961913455,False,0.0,True
len5_cond2_1.csv,15.5,0.00029999999999996696,0.002320073024728212,False,0.0,True
len5_cond2_1.csv,16.0,0.0015400000000000968,0.0022706232325087426,False,0.0,True
len5_cond2_1.csv,16.5,-0.0014250000000000929,0.0023036561072852296,False,0.0,True
len5_cond2_1.csv,17.0,0.0011049999999999116,0.002298680428827081,False,0.0,True
len5_cond2_1.csv,17.5,-0.0018700000000000938,0.002245957606387697,False,0.0,True
len5_cond2_1.csv,18.0,0.0022300000000003983,0.002279542942786869,False,0.0,True
len5_cond2_1.csv,18.5,5.499999999947214e-05,0.0022804744559898615,False,0.0,True
len5_cond2_1.csv,19.0,-0.001735000000000153,0.0022384788230692715,False,0.0,True
len5_cond2_1.csv,19.5,0.0005849999999999467,0.0022672596063747397,False,0.0,True
len5_cond2_1.csv,20.0,-0.0013900000000001134,0.002255297201556304,False,0.0,True
len5_cond2_1.csv,20.5,0.0006450000000001663,0.002239851739917367,False,0.0,True
len5_cond2_1.csv,21.0,0.0005650000000002597,0.002246447477972203,False,0.0,True
len5_cond2_1.csv,21.5,0.0002049999999998997,0.0022418001995114373,False,0.0,True
len5_cond2_1.csv,22.0,-0.0015500000000003011,0.002246816559068076,False,0.0,True
len5_cond2_1.csv,22.5,0.0023650000000002835,0.002251747545295067,True,5.6626227352608144e-05,True
len5_cond2_1.csv,23.0,-0.0012449999999998573,0.0022245413951438686,False,0.0,True
len5_cond2_1.csv,23.5,0.0012100000000000444,0.0022446981047335468,False,0.0,True
len5_cond2_1.csv,24.0,-0.001264999999999905,0.0022143059453267125,False,0.0,True
len5_cond2_1.csv,24.5,0.0008899999999998354,0.002233893899823191,False,0.0,True
len5_cond2_1.csv,25.0,0.0002749999999998587,0.0022482890444971582,False,0.0,True
len5_cond2_1.csv,25.5,0.00042000000000008697,0.0022046397120235907,False,0.0,True
len5_cond2_1.csv,26.0,-0.0011350000000000943,0.002202779235690535,False,0.0,True
len5_cond2_1.csv,26.5,-0.0004450000000000287,0.002246923481222321,False,0.0,True
len5_cond2_1.csv,27.0,0.0015550000000001396,0.0021972315679003257,False,0.0,True
len5_cond2_1.csv,27.5,-0.0006099999999998051,0.002203657738995685,False,0.0,True
len5_cond2_1.csv,28.0,-0.0027800000000001157,0.00221963592150018,True,0.00028018203924996756,True
len5_cond2_1.csv,28.5,0.0014550000000001506,0.0021823604652042704,False,0.0,True
len5_cond2_1.csv,29.0,0.0008850000000000802,0.0021705371689480467,False,0.0,True
len5_cond2_1.csv,29.5,-0.000250000000000139,0.002189435972681882,False,0.0,True
len5_cond2_1.csv,30.0,0.0010349999999999665,0.0021830208976940427,False,0.0,True
len5_cond2_1.csv,30.5,-0.0020999999999999908,0.0022108100931880134,False,0.0,True
len5_cond2_1.csv,31.0,0.0009699999999998599,0.0021788257169228107,False,0.0,True
len5_cond2_1.csv,31.5,0.001030000000000142,0.0021830268207559,False,0.0,True
len5_cond2_1.csv,32.0,-0.002209999999999712,0.0021940606987880837,True,7.969650605814046e-06,True
len5_cond2_1.csv,32.5,0.002354999999999774,0.002173499832816234,True,9.075008359176991e-05,True
len5_cond2_1.csv,33.0,-0.0011549999999997396,0.0021810260079401416,False,0.0,True
len5_cond2_1.csv,33.5,-2.499999999971969e-05,0.0021663895955831448,False,0.0,True
len5_cond2_1.csv,34.0,-0.001119999999999649,0.0021481605596523315,False,0.0,True
len5_cond2_1.csv,34.5,0.0005499999999996619,0.0021962474293908225,False,0.0,True
len5_cond2_1.csv,35.0,0.0003949999999999787,0.0021573045569761983,False,0.0,True
len5_cond2_1.csv,35.5,0.00036500000000042054,0.0021357659431549413,False,0.0,True
len5_cond2_1.csv,36.0,0.0007150000000001877,0.0021912682950851266,False,0.0,True
len5_cond2_1.csv,36.5,-0.0010550000000006943,0.002142259775629058,False,0.0,True
len5_cond2_1.csv,37.0,7.500000000049134e-05,0.002138575766189032,False,0.0,True
len5_cond2_1.csv,37.5,-0.00030999999999986594,0.002175112245402456,False,0.0,True
len5_cond2_1.csv,38.0,0.0007149999999998546,0.0021238141909056705,False,0.0,True
len5_cond2_1.csv,38.5,0.0003699999999998982,0.002122406579525248,False,0.0,True
len5_cond2_1.csv,39.0,-0.0007699999999997709,0.0021418109946306297,False,0.0,True
len5_cond2_1.csv,39.5,0.0016699999999997966,0.002120693466119492,False,0.0,True
len5_cond2_1.csv,40.0,-0.0011699999999995603,0.002103708832109349,False,0.0,True
len5_cond2_1.csv,40.5,-0.0012599999999998723,0.0021288047712476462,False,0.0,True
len5_cond2_1.csv,41.0,0.0002799999999999747,0.0021267369199336433,False,0.0,True
len5_cond2_1.csv,41.5,0.0009599999999996833,0.0021483133862642053,False,0.0,True
len5_cond2_1.csv,42.0,-0.0005399999999996519,0.0021191624650696776,False,0.0,True
len5_cond2_1.csv,42.5,0.0004999999999999172,0.0021097948723235354,False,0.0,True
len5_cond2_1.csv,43.0,-0.0008750000000002922,0.0021254697342859012,False,0.0,True
len5_cond2_1.csv,43.5,0.0005249999999999422,0.0020990140512017787,False,0.0,True
len5_cond2_1.csv,44.0,0.0003500000000006276,0.0021244110087415124,False,0.0,True
len5_cond2_1.csv,44.5,0.0010300000000005305,0.002100930944624903,False,0.0,True
len5_cond2_1.csv,45.0,-0.0024099999999997387,0.002071399619136333,True,0.00016930019043170257,True
len5_cond2_1.csv,45.5,0.001360000000000361,0.0021124482718872413,False,0.0,True
len5_cond2_1.csv,46.0,0.0007149999999991885,0.0020869629739827373,False,0.0,True
len5_cond2_1.csv,46.5,-0.0003200000000000494,0.002098598630728427,False,0.0,True
len5_cond2_1.csv,47.0,-0.0018899999999997252,0.002108750117163832,False,0.0,True
len5_cond2_1.csv,47.5,0.002499999999999891,0.002074552456159249,True,0.00021272377192032101,True
len5_cond2_1.csv,48.0,-0.0015599999999998115,0.0020696842035989676,False,0.0,True
len5_cond2_1.csv,48.5,-0.0004299999999998194,0.0020900636188959307,False,0.0,True
len5_cond2_1.csv,49.0,-5.0000000003935785e-06,0.0020579979655269117,False,0.0,True
len5_cond2_1.csv,49.5,-0.00015499999999946112,0.002087126764218658,False,0.0,True
len5_cond2_1.csv,50.0,0.00035499999999960563,0.0020714471155445476,False,0.0,True
len5_cond2_1.csv,50.5,-0.000624999999999723,0.0020588043385283195,False,0.0,True
len5_cond2_1.csv,51.0,0.0017349999999995425,0.0020738873464900935,False,0.0,True
len5_cond2_1.csv,51.5,-0.0013050000000000561,0.0020652052705265084,False,0.0,True
len5_cond2_1.csv,52.0,0.0001849999999995397,0.002066366384971208,False,0.0,True
len5_cond2_1.csv,52.5,0.0008099999999998109,0.002078797253589276,False,0.0,True
len5_cond2_1.csv,53.0,-0.0015549999999998065,0.002058171238352336,False,0.0,True
len5_cond2_1.csv,53.5,0.0027499999999997526,0.0020472921817092466,True,0.000351353909145253,True
len5_cond2_1.csv,54.0,-0.0009000000000004005,0.00206260403728609,False,0.0,True
len5_cond2_1.csv,54.5,-0.001330000000000206,0.0020379378402609455,False,0.0,True
len5_cond2_1.csv,55.0,0.0005350000000000632,0.002052971283240786,False,0.0,True
len5_cond2_1.csv,55.5,0.0012799999999993372,0.0020378058506927716,False,0.0,True
len5_cond2_1.csv,56.0,-0.002640000000000149,0.002032296080954935,True,0.00030385195952260693,True
len5_cond2_1.csv,56.5,0.0004350000000000187,0.002044251048592195,False,0.0,True
len5_cond2_1.csv,57.0,0.0012949999999998518,0.002035644854026874,False,0.0,True
len5_cond2_1.csv,57.5,4.0000000000275926e-05,0.002028001641897255,False,0.0,True
len5_cond2_1.csv,58.0,2.4999999999997247e-05,0.002051110530054015,False,0.0,True
len5_cond2_1.csv,58.5,0.000225000000000114,0.0020219199774736173,False,0.0,True
len5_cond2_1.csv,59.0,0.0008050000000000279,0.002009751624919733,False,0.0,True
len5_cond3_1.csv,0.0,-0.00036999999999998145,0.002503345691253116,False,0.0,True
len5_cond3_1.csv,0.5,-0.0015100000000000113,0.0025262443031030977,False,0.0,True
len5_cond3_1.csv,1.0,0.0017099999999998783,0.002508294604686359,False,0.0,True
len5_cond3_1.csv,1.5,-0.0004500000000000025,0.0024828100340575777,False,0.0,True
len5_cond3_1.csv,2.0,-0.00019000000000002348,0.002513419630888034,False,0.0,True
len5_cond3_1.csv,2.5,-0.0007150000000000212,0.0024521803856363054,False,0.0,True
len5_cond3_1.csv,3.0,0.0020600000000000063,0.0024563372510049727,False,0.0,True
len5_cond3_1.csv,3.5,-0.0023699999999999832,0.002484296908653617,False,0.0,True
len5_cond3_1.csv,4.0,0.00037999999999988043,0.0024124372898070186,False,0.0,True
len5_cond3_1.csv,4.5,0.002344999999999986,0.0024104782703061904,False,0.0,True
len5_cond3_1.csv,5.0,-0.0012299999999998423,0.002401467975035704,False,0.0,True
len5_cond3_1.csv,5.5,3.5000000000021125e-05,0.0023730751747941233,False,0.0,True
len5_cond3_1.csv,6.0,-0.0005550000000001942,0.002402898192105947,False,0.0,True
len5_cond3_1.csv,6.5,0.0012250000000000316,0.0023586226784325474,False,0.0,True
len5_cond3_1.csv,7.0,-0.0005199999999999094,0.0023658060291654524,False,0.0,True
len5_cond3_1.csv,7.5,-0.00036999999999998145,0.0023856122437783227,False,0.0,True
len5_cond3_1.csv,8.0,-0.0010399999999998744,0.0023227875024485088,False,0.0,True
len5_cond3_1.csv,8.5,0.001495000000000024,0.0023208049481274577,False,0.0,True
len5_cond3_1.csv,9.0,-0.0005450000000000177,0.0023228271847213038,False,0.0,True
len5_cond3_1.csv,9.5,0.0007250000000001144,0.0022798271795647527,False,0.0,True
len5_cond3_1.csv,10.0,-0.0005050000000001997,0.002323106502423639,False,0.0,True
len5_cond3_1.csv,10.5,-0.00029999999999985594,0.002282852253751958,False,0.0,True
len5_cond3_1.csv,11.0,-0.00022500000000001685,0.002268093124421144,False,0.0,True
len5_cond3_1.csv,11.5,0.00035999999999991594,0.0022919549112114233,False,0.0,True
len5_cond3_1.csv,12.0,-0.00012000000000012001,0.002247192854491888,False,0.0,True
len5_cond3_1.csv,12.5,0.0002649999999997932,0.0022619536470054645,False,0.0,True
len5_cond3_1.csv,13.0,-0.0003149999999999542,0.002259090855672994,False,0.0,True
len5_cond3_1.csv,13.5,0.00032500000000007523,0.0022170326358219453,False,0.0,True
len5_cond3_1.csv,14.0,-0.0002900000000001235,0.0022128759163848313,False,0.0,True
len5_cond3_1.csv,14.5,-0.00032999999999983043,0.002207318292746447,False,0.0,True
len5_cond3_1.csv,15.0,0.0011899999999998821,0.0022022941296364093,False,0.0,True
len5_cond3_1.csv,15.5,-0.0010350000000001192,0.0022420685547339557,False,0.0,True
len5_cond3_1.csv,16.0,-0.0011000000000003785,0.0021864444244538307,False,0.0,True
len5_cond3_1.csv,16.5,0.0022899999999999587,0.002178893794377086,True,5.555310281143608e-05,True
len5_cond3_1.csv,17.0,0.0006700000000000594,0.0021955281999084145,False,0.0,True
len5_cond3_1.csv,17.5,-0.002674999999999872,0.0021571642823875557,True,0.00025891785880615813,True
len5_cond3_1.csv,18.0,0.0013699999999998713,0.0021811573305473156,False,0.0,True
len5_cond3_1.csv,18.5,-0.00034999999999990594,0.002160011762284271,False,0.0,True
len5_cond3_1.csv,19.0,-0.0008049999999997642,0.002130648007842515,False,0.0,True
len5_cond3_1.csv,19.5,0.0009950000000000792,0.0021830268207559,False,0.0,True
len5_cond3_1.csv,20.0,0.0008199999999997654,0.0021376317420565747,False,0.0,True
len5_cond3_1.csv,20.5,-0.001534999999999953,0.002128875395415757,False,0.0,True
len5_cond3_1.csv,21.0,0.0015999999999998793,0.002143870044348506,False,0.0,True
len5_cond3_1.csv,21.5,-0.0009150000000003322,0.002114709415534678,False,0.0,True
len5_cond3_1.csv,22.0,0.0009899999999999354,0.002128555399981382,False,0.0,True
len5_cond3_1.csv,22.5,-0.002455000000000207,0.002130102435945649,True,0.0001624487820272788,True
len5_cond3_1.csv,23.0,0.0016549999999997123,0.0020990140512017787,False,0.0,True
len5_cond3_1.csv,23.5,0.00039000000000019575,0.0021249182632894713,False,0.0,True
len5_cond3_1.csv,24.0,-0.0003199999999997649,0.0020927834667063753,False,0.0,True
len5_cond3_1.csv,24.5,0.00038500000000013523,0.0020874509095103817,False,0.0,True
len5_cond3_1.csv,25.0,-4.999999999999449e-05,0.0020929306932694403,False,0.0,True
len5_cond3_1.csv,25.5,-0.00011999999999989797,0.0020844265191099698,False,0.0,True
len5_cond3_1.csv,26.0,-0.00027499999999972685,0.002091143643260474,False,0.0,True
len5_cond3_1.csv,26.5,0.00021500000000013175,0.0020874509095103817,False,0.0,True
len5_cond3_1.csv,27.0,0.0003700000000000647,0.0020647451574104547,False,0.0,True
len5_cond3_1.csv,27.5,-0.0019399999999998585,0.0020674374109523447,False,0.0,True
len5_cond3_1.csv,28.0,0.0018099999999999783,0.0020824694467195164,False,0.0,True
len5_cond3_1.csv,28.5,0.00023000000000016063,0.0020589473041758522,False,0.0,True
len5_cond3_1.csv,29.0,-0.0008649999999999769,0.0020704978369597833,False,0.0,True
len5_cond3_1.csv,29.5,-0.0013399999999997303,0.002055089609176185,False,0.0,True
len5_cond3_1.csv,30.0,0.0010100000000002503,0.002032296080954935,False,0.0,True
len5_cond3_1.csv,30.5,0.00027999999999989145,0.002044251048592195,False,0.0,True
len5_cond3_1.csv,31.0,-0.0010650000000002324,0.0020457603507751084,False,0.0,True
len5_cond3_1.csv,31.5,0.0010549999999998894,0.0020617949665539454,False,0.0,True
len5_cond3_1.csv,32.0,-0.0009199999999996988,0.0020676177577583854,False,0.0,True
len5_cond3_1.csv,32.5,0.001404999999999379,0.0020419367370951014,False,0.0,True
len5_cond3_1.csv,33.0,0.0003250000000000475,0.0020465712647223157,False,0.0,True
len5_cond3_1.csv,33.5,-0.0011049999999993565,0.002036570973096322,False,0.0,True
len5_cond3_1.csv,34.0,0.0001650000000002344,0.0020185264217461867,False,0.0,True
len5_cond3_1.csv,34.5,0.0005400000000000404,0.002017425978139578,False,0.0,True
len5_cond3_1.csv,35.0,-0.0004999999999998894,0.002024156997027099,False,0.0,True
len5_cond3_1.csv,35.5,0.0009999999999998812,0.0020306270041402365,False,0.0,True
len5_cond3_1.csv,36.0,-0.0007699999999994933,0.0020103304738025695,False,0.0,True
len5_cond3_1.csv,36.5,-9.00000000000345e-05,0.00201059222102628,False,0.0,True
len5_cond3_1.csv,37.0,-0.0012650000000007655,0.0020186437933380256,False,0.0,True
len5_cond3_1.csv,37.5,0.0008749999999999591,0.00203163755097441,False,0.0,True
len5_cond3_1.csv,38.0,5.999999999972694e-05,0.0020121923549169967,False,0.0,True
len5_cond3_1.csv,38.5,-0.0005099999999999827,0.0020085616239285424,False,0.0,True
len5_cond3_1.csv,39.0,0.0009149999999998326,0.002016677803811479,False,0.0,True
len5_cond3_1.csv,39.5,-0.00031500000000033584,0.001989849821590634,False,0.0,True
len5_cond3_1.csv,40.0,-0.0002200000000001645,0.0020023127408253277,False,0.0,True
len5_cond3_1.csv,40.5,0.0007050000000002887,0.002001231608627002,False,0.0,True
len5_cond3_1.csv,41.0,0.0005649999999997289,0.001982042820245172,False,0.0,True
len5_cond3_1.csv,41.5,-0.0017449999999998023,0.0020103304738025695,False,0.0,True
len5_cond3_1.csv,42.0,-4.999999999644178e-06,0.0019904191235306495,False,0.0,True
len5_cond3_1.csv,42.5,0.0007249999999996565,0.0019948529507331984,False,0.0,True
len5_cond3_1.csv,43.0,-0.0007249999999997536,0.0019965180590755358,False,0.0,True
len5_cond3_1.csv,43.5,0.0021799999999997516,0.001984489601386943,True,9.775519930640421e-05,True
len5_cond3_1.csv,44.0,-0.002104999999999857,0.00197201161138602,True,6.649419430691849e-05,True
len5_cond3_1.csv,44.5,0.0019399999999998863,0.001978173367678366,False,0.0,True
len5_cond3_1.csv,45.0,-0.001054999999999598,0.0019861354642480107,False,0.0,True
len5_cond3_1.csv,45.5,-0.00010000000000007225,0.0019849465264721584,False,0.0,True
len5_cond3_1.csv,46.0,-0.001355000000000356,0.0019699115198435167,False,0.0,True
len5_cond3_1.csv,46.5,0.0019199999999999183,0.0019596742098005613,False,0.0,True
len5_cond3_1.csv,47.0,-0.002169999999999783,0.0019750954149388997,True,9.745229253044175e-05,True
len5_cond3_1.csv,47.5,0.0016049999999998843,0.0019597943333643734,False,0.0,True
len5_cond3_1.csv,48.0,-0.000350000000000239,0.0019750302752147147,False,0.0,True
len5_cond3_1.csv,48.5,0.0015650000000001774,0.0019749275513075036,False,0.0,True
len5_cond3_1.csv,49.0,-0.0017200000000002769,0.0019519537036081546,False,0.0,True
len5_cond3_1.csv,49.5,-0.0003299999999997749,0.0019539071691468124,False,0.0,True
len5_cond3_1.csv,50.0,0.0011550000000003224,0.0019597943333643734,False,0.0,True
len5_cond3_1.csv,50.5,-0.0005549999999999236,0.0019446183259360413,False,0.0,True
len5_cond3_1.csv,51.0,0.00032500000000043605,0.0019490694117934332,False,0.0,True
len5_cond3_1.csv,51.5,-0.0013949999999998408,0.0019515159073279836,False,0.0,True
len5_cond3_1.csv,52.0,0.0007749999999992763,0.0019490694117934332,False,0.0,True
len5_cond3_1.csv,52.5,-0.0007249999999996704,0.001940651629715413,False,0.0,True
len5_cond3_1.csv,53.0,0.0004800000000000082,0.0019474000186493535,False,0.0,True
len5_cond3_1.csv,53.5,0.0004849999999998744,0.0019357715399204057,False,0.0,True
len5_cond3_1.csv,54.0,-0.0006749999999995648,0.00195278779720827,False,0.0,True
len5_cond3_1.csv,54.5,-0.00044999999999988105,0.0019394662095978399,False,0.0,True
len5_cond3_1.csv,55.0,0.0015150000000001829,0.0019370900783816807,False,0.0,True
len5_cond3_1.csv,55.5,0.0016299999999996873,0.001934609950557952,False,0.0,True
len5_cond3_1.csv,56.0,-0.002094999999999854,0.001921855697424741,True,8.657215128755641e-05,True
len5_cond3_1.csv,56.5,0.0005749999999997701,0.0019326537904445617,False,0.0,True
len5_cond3_1.csv,57.0,-0.0007150000000000767,0.0019303947363704427,False,0.0,True
len5_cond3_1.csv,57.5,0.0003849999999995836,0.001930758598067584,False,0.0,True
len5_cond3_1.csv,58.0,0.0006449999999999512,0.0019349127548895174,False,0.0,True
len5_cond3_1.csv,58.5,-0.0001599999999996743,0.0019256026386443824,False,0.0,True
len5_cond3_1.csv,59.0,0.00027000000000032554,0.0019357715399204057,False,0.0,True
