model,file,start,residual,bound,violation,extra_angle_allowance,certificate_available
clock_cos,len1_cond1_1.csv,0.0,0.003735000000000044,0.002033448184256415,True,0.0008507759078718144,True
clock_cos,len1_cond1_1.csv,0.5,-0.0011300000000000754,0.0020175340641528016,False,0.0,True
clock_cos,len1_cond1_1.csv,1.0,0.00156000000000045,0.0020254092086298752,False,0.0,True
clock_cos,len1_cond1_1.csv,1.5,-0.0025600000000003398,0.002008917892659428,True,0.0002755410536704559,True
clock_cos,len1_cond1_1.csv,2.0,0.0018299999999997763,0.0020149240701970673,False,0.0,True
clock_cos,len1_cond1_1.csv,2.5,-0.00047499999999978115,0.001995568231208291,False,0.0,True
clock_cos,len1_cond1_1.csv,3.0,0.002074999999999827,0.0020025036974106966,True,3.624815129456521e-05,True
clock_cos,len1_cond1_1.csv,3.5,-0.0017299999999997873,0.001987888603972225,False,0.0,True
clock_cos,len1_cond1_1.csv,4.0,0.0027849999999998154,0.0019915684677377127,True,0.00039671576613105114,True
clock_cos,len1_cond1_1.csv,4.5,-0.002909999999999746,0.0019779459470963554,True,0.00046602702645169537,True
clock_cos,len1_cond1_1.csv,5.0,0.0005049999999999777,0.0019671173881809253,False,0.0,True
clock_cos,len1_cond1_1.csv,5.5,-0.00046499999999971564,0.001956193971806338,False,0.0,True
clock_cos,len1_cond1_1.csv,6.0,0.0018849999999996925,0.0019407270382859596,False,0.0,True
clock_cos,len1_cond1_1.csv,6.5,-0.004469999999999863,0.0019374414058508128,True,0.0012662792970745248,True
clock_cos,len1_cond1_1.csv,7.0,0.004174999999999596,0.0019620208557164015,True,0.001106489572141597,True
clock_cos,len1_cond1_1.csv,7.5,-0.003089999999999704,0.0019673347372501466,True,0.0005613326313747787,True
clock_cos,len1_cond1_1.csv,8.0,0.0021549999999998515,0.002002063242113949,True,7.646837894295124e-05,True
clock_cos,len1_cond1_1.csv,8.5,-0.0001299999999996304,0.001995370364781656,False,0.0,True
clock_cos,len1_cond1_1.csv,9.0,-0.0011500000000002897,0.0019954606521977907,False,0.0,True
clock_cos,len1_cond1_1.csv,9.5,0.0020750000000001184,0.001979948354802196,True,4.7525822598961254e-05,True
clock_cos,len1_cond1_1.csv,10.0,-0.002869999999999845,0.0019517858867576724,True,0.0004591070566210861,True
clock_cos,len1_cond1_1.csv,10.5,0.0008499999999994484,0.0019432546074955575,False,0.0,True
clock_cos,len1_cond1_1.csv,11.0,0.00129999999999994,0.001910169547041185,False,0.0,True
clock_cos,len1_cond1_1.csv,11.5,-0.0018599999999999728,0.0019241650324224092,False,0.0,True
clock_cos,len1_cond1_1.csv,12.0,0.001454999999999873,0.0019277791966346158,False,0.0,True
clock_cos,len1_cond1_1.csv,12.5,-0.001254999999999895,0.0019714932608332443,False,0.0,True
clock_cos,len1_cond1_1.csv,13.0,0.0004849999999999577,0.0020003622229565984,False,0.0,True
clock_cos,len1_cond1_1.csv,13.5,0.0003599999999995829,0.0020218221167891647,False,0.0,True
clock_cos,len1_cond1_1.csv,14.0,-0.0015649999999994835,0.0020594840343889967,False,0.0,True
clock_cos,len1_cond1_1.csv,14.5,0.004694999999999561,0.0020438959237356613,True,0.0013255520381319497,True
clock_cos,len1_cond1_1.csv,15.0,-0.005104999999999249,0.0020307846072224293,True,0.0015371076963884098,True
clock_cos,len1_cond1_1.csv,15.5,0.003449999999999509,0.00201545068362177,True,0.0007172746581888692,True
clock_cos,len1_cond1_1.csv,16.0,-0.0029850000000011256,0.001964589951783232,True,0.0005102050241089465,True
clock_cos,len1_cond1_1.csv,16.5,0.004575000000001328,0.0019578054790124312,True,0.0013085972604944484,True
clock_cos,len1_cond1_1.csv,17.0,-0.004755000000001175,0.001922072463194445,True,0.001416463768403365,True
clock_cos,len1_cond1_1.csv,17.5,0.002540000000000875,0.0019295397893675532,True,0.00030523010531666064,True
clock_cos,len1_cond1_1.csv,18.0,-0.0024100000000006894,0.0018972459377281235,True,0.0002563770311362828,True
clock_cos,len1_cond1_1.csv,18.5,0.0025900000000003143,0.001914946624769659,True,0.0003375266876153276,True
clock_cos,len1_cond1_1.csv,19.0,-0.0015249999999997765,0.0018873225370534155,False,0.0,True
clock_cos,len1_cond1_1.csv,19.5,0.0024100000000000232,0.0019090953998471133,True,0.00025045230007645497,True
clock_cos,len1_cond1_1.csv,20.0,-0.00205500000000014,0.0018827416936216684,True,8.612915318923582e-05,True
clock_cos,len1_cond1_1.csv,20.5,0.001040000000000152,0.0019034292772796369,False,0.0,True
clock_cos,len1_cond1_1.csv,21.0,-0.0012799999999999478,0.001875962549241279,False,0.0,True
clock_cos,len1_cond1_1.csv,21.5,0.0020449999999998525,0.0018989391538271334,True,7.303042308635954e-05,True
clock_cos,len1_cond1_1.csv,22.0,-0.0018650000000000055,0.0018699293040699526,False,0.0,True
clock_cos,len1_cond1_1.csv,22.5,0.0015650000000004827,0.001893138463210456,False,0.0,True
clock_cos,len1_cond1_1.csv,23.0,-0.0013850000000004137,0.001862337105663277,False,0.0,True
clock_cos,len1_cond1_1.csv,23.5,0.0011500000000006505,0.0018853378419352081,False,0.0,True
clock_cos,len1_cond1_1.csv,24.0,-0.003215000000000856,0.0018562974967184362,True,0.00067935125164121,True
clock_cos,len1_cond1_1.csv,24.5,0.0037450000000001094,0.0018794507536825302,True,0.0009327746231587895,True
clock_cos,len1_cond1_1.csv,25.0,-0.0031300000000005213,0.0018514522379915995,True,0.0006392738810044609,True
clock_cos,len1_cond1_1.csv,25.5,0.0027850000000004815,0.0018777355629737143,True,0.00045363221851338364,True
clock_cos,len1_cond1_1.csv,26.0,-0.0013600000000000279,0.0018505413601123091,False,0.0,True
clock_cos,len1_cond1_1.csv,26.5,0.0011599999999999389,0.0018626643512526502,False,0.0,True
clock_cos,len1_cond1_1.csv,27.0,-0.0012700000000003264,0.0018458245107355574,False,0.0,True
clock_cos,len1_cond1_1.csv,27.5,0.0009700000000000264,0.0018530077449969754,False,0.0,True
clock_cos,len1_cond1_1.csv,28.0,-0.0026500000000005963,0.001840183179920814,True,0.000404908410039891,True
clock_cos,len1_cond1_1.csv,28.5,0.0027850000000004815,0.001849010209024024,True,0.0004679948954882287,True
clock_cos,len1_cond1_1.csv,29.0,-0.002115000000000422,0.0018194418345398185,True,0.00014777908273030179,True
clock_cos,len1_cond1_1.csv,29.5,0.001520000000000521,0.001846830434330753,False,0.0,True
clock_cos,len1_cond1_1.csv,30.0,-0.0018000000000001348,0.0018225735571253988,False,0.0,True
clock_cos,len1_cond1_1.csv,30.5,0.0019000000000004569,0.0018567348496350393,True,2.1632575182708807e-05,True
clock_cos,len1_cond1_1.csv,31.0,-0.0010700000000004595,0.0018306101143933827,False,0.0,True
clock_cos,len1_cond1_1.csv,31.5,0.0024500000000003963,0.0018653973350759067,True,0.0002923013324622446,True
clock_cos,len1_cond1_1.csv,32.0,-0.0018950000000012013,0.0018398109799802008,True,2.759451001050023e-05,True
clock_cos,len1_cond1_1.csv,32.5,0.0001400000000005841,0.0018728238689349327,False,0.0,True
clock_cos,len1_cond1_1.csv,33.0,0.0015999999999992132,0.0018448015742198749,False,0.0,True
clock_cos,len1_cond1_1.csv,33.5,-0.00016999999999883775,0.0018620793253275104,False,0.0,True
clock_cos,len1_cond1_1.csv,34.0,-0.0023100000000004783,0.0018487235011423928,True,0.00023063824942904255,True
clock_cos,len1_cond1_1.csv,34.5,0.0008400000000005903,0.0018493059222900454,False,0.0,True
clock_cos,len1_cond1_1.csv,35.0,4.4999999999156826e-05,0.0018406380416917997,False,0.0,True
clock_cos,len1_cond1_1.csv,35.5,5.50000000003395e-05,0.0018156553482140325,False,0.0,True
clock_cos,len1_cond1_1.csv,36.0,-0.0002450000000009398,0.0018297907007989458,False,0.0,True
clock_cos,len1_cond1_1.csv,36.5,0.0005400000000002209,0.0017955197982776957,False,0.0,True
clock_cos,len1_cond1_1.csv,37.0,-0.0006099999999998051,0.0018152357719170465,False,0.0,True
clock_cos,len1_cond1_1.csv,37.5,-0.0010599999999998944,0.0017968822758389611,False,0.0,True
clock_cos,len1_cond1_1.csv,38.0,0.0015649999999998165,0.0018138234683069394,False,0.0,True
clock_cos,len1_cond1_1.csv,38.5,-0.0013450000000000961,0.0017850193652616969,False,0.0,True
clock_cos,len1_cond1_1.csv,39.0,0.0008100000000003105,0.0018157674785433005,False,0.0,True
clock_cos,len1_cond1_1.csv,39.5,0.0018299999999994987,0.0018108779481278347,True,9.561025935831986e-06,True
clock_cos,len1_cond1_1.csv,40.0,-0.00025999999999981593,0.0018361539881105871,False,0.0,True
clock_cos,len1_cond1_1.csv,40.5,-0.0008300000000009411,0.0018231528932087094,False,0.0,True
clock_cos,len1_cond1_1.csv,41.0,-0.0010999999999989352,0.0018524583097268756,False,0.0,True
clock_cos,len1_cond1_1.csv,41.5,0.00014999999999898428,0.0018530174817742405,False,0.0,True
clock_cos,len1_cond1_1.csv,42.0,-0.0007599999999989837,0.0018625758588954214,False,0.0,True
clock_cos,len1_cond1_1.csv,42.5,0.0017849999999990374,0.001861685381612982,False,0.0,True
clock_cos,len1_cond1_1.csv,43.0,0.0007350000000011514,0.0018737133149914185,False,0.0,True
clock_cos,len1_cond1_1.csv,43.5,-0.003110000000000168,0.0018731488326822654,True,0.0006184255836589512,True
clock_cos,len1_cond1_1.csv,44.0,0.002780000000000671,0.0018660244716611463,True,0.00045698776416976225,True
clock_cos,len1_cond1_1.csv,44.5,-0.0012900000000003464,0.0018550246784989162,False,0.0,True
clock_cos,len1_cond1_1.csv,45.0,0.0011799999999999589,0.0018578740364679099,False,0.0,True
clock_cos,len1_cond1_1.csv,45.5,-0.0029600000000004068,0.0018390540126860424,True,0.0005604729936571819,True
clock_cos,len1_cond1_1.csv,46.0,0.0037249999999999783,0.001838905194289562,True,0.000943047402855208,True
clock_cos,len1_cond1_1.csv,46.5,-0.0030049999999999244,0.0018071094170978878,True,0.0005989452914510183,True
clock_cos,len1_cond1_1.csv,47.0,0.0032249999999993673,0.0018152500732838653,True,0.0007048749633577509,True
clock_cos,len1_cond1_1.csv,47.5,-0.004174999999999929,0.0017841952520781187,True,0.001195402373960905,True
clock_cos,len1_cond1_1.csv,48.0,0.004225000000000256,0.0018049795140098485,True,0.001210010242995204,True
clock_cos,len1_cond1_1.csv,48.5,-0.004495000000000138,0.00177224246220233,True,0.0013613787688989036,True
clock_cos,len1_cond1_1.csv,49.0,0.004645000000000232,0.0017917906651884843,True,0.0014266046674058738,True
clock_cos,len1_cond1_1.csv,49.5,-0.0031850000000001044,0.00176147849556405,True,0.0007117607522180271,True
clock_cos,len1_cond1_1.csv,50.0,0.002794999999999992,0.0017842943464020638,True,0.0005053528267989639,True
clock_cos,len1_cond1_1.csv,50.5,-0.0024450000000002525,0.0017474925511706063,True,0.000348753724414823,True
clock_cos,len1_cond1_1.csv,51.0,0.002935000000000687,0.0017713124069876583,True,0.0005818437965065142,True
clock_cos,len1_cond1_1.csv,51.5,-0.0026599999999998847,0.001738395097621634,True,0.0004608024511891252,True
clock_cos,len1_cond1_1.csv,52.0,0.001700000000000812,0.0017667208611862697,False,0.0,True
clock_cos,len1_cond1_1.csv,52.5,-0.0032450000000006085,0.0017311136491560935,True,0.0007569431754222574,True
clock_cos,len1_cond1_1.csv,53.0,0.004145000000000509,0.00176626398319758,True,0.0011893680084014645,True
clock_cos,len1_cond1_1.csv,53.5,-0.003115000000000756,0.0017306761762977186,True,0.0006921619118515185,True
clock_cos,len1_cond1_1.csv,54.0,0.003080000000001304,0.0017598520565050174,True,0.0006600739717481431,True
clock_cos,len1_cond1_1.csv,54.5,-0.0023350000000013083,0.0017278653533725405,True,0.00030356732331438376,True
clock_cos,len1_cond1_1.csv,55.0,0.0011300000000002974,0.0017565528377689109,False,0.0,True
clock_cos,len1_cond1_1.csv,55.5,-0.0022250000000010317,0.0017218112082164185,True,0.0002515943958923065,True
clock_cos,len1_cond1_1.csv,56.0,0.003510000000000457,0.001755074869162708,True,0.0008774625654188743,True
clock_cos,len1_cond1_1.csv,56.5,-0.0036700000000010613,0.0017201438021604183,True,0.0009749280989203215,True
clock_cos,len1_cond1_1.csv,57.0,0.0013550000000012163,0.0017511938559172462,False,0.0,True
clock_cos,len1_cond1_1.csv,57.5,-0.00013000000000118472,0.0017127907688870721,False,0.0,True
clock_cos,len1_cond1_1.csv,58.0,0.0015250000000011088,0.0017448872819085407,False,0.0,True
clock_cos,len1_cond1_1.csv,58.5,-0.002200000000000757,0.001710508599140289,True,0.000244745700430234,True
clock_cos,len1_cond1_1.csv,59.0,0.0017300000000002314,0.0017421906905288709,False,0.0,True
clock_cos,len1_cond2_1.csv,0.0,-0.0005900000000000349,0.0018601602998079888,False,0.0,True
clock_cos,len1_cond2_1.csv,0.5,0.0007800000000000029,0.0018641059366467589,False,0.0,True
clock_cos,len1_cond2_1.csv,1.0,0.0020300000000000318,0.0018599693052534292,True,8.501534737330126e-05,True
clock_cos,len1_cond2_1.csv,1.5,-0.0027799999999998937,0.0018662560274771017,True,0.00045687198626139587,True
clock_cos,len1_cond2_1.csv,2.0,0.002180000000000182,0.001882208009288104,True,0.00014889599535603893,True
clock_cos,len1_cond2_1.csv,2.5,-0.000280000000000058,0.001881807379105069,False,0.0,True
clock_cos,len1_cond2_1.csv,3.0,-0.001274999999999804,0.001908391961044738,False,0.0,True
clock_cos,len1_cond2_1.csv,3.5,0.0002049999999998997,0.0018928678390425812,False,0.0,True
clock_cos,len1_cond2_1.csv,4.0,0.0002950000000000452,0.0019103998222359574,False,0.0,True
clock_cos,len1_cond2_1.csv,4.5,-0.0010300000000003084,0.0018972998318044746,False,0.0,True
clock_cos,len1_cond2_1.csv,5.0,-0.001214999999999744,0.0019083945473838944,False,0.0,True
clock_cos,len1_cond2_1.csv,5.5,0.00169499999999978,0.001903597665486908,False,0.0,True
clock_cos,len1_cond2_1.csv,6.0,-0.000360000000000138,0.0018975089736296886,False,0.0,True
clock_cos,len1_cond2_1.csv,6.5,0.0022299999999998432,0.0018633292293625736,True,0.00018333538531863482,True
clock_cos,len1_cond2_1.csv,7.0,-0.00270999999999999,0.001869036712148854,True,0.00042048164392556814,True
clock_cos,len1_cond2_1.csv,7.5,0.003689999999999749,0.001840748635306002,True,0.0009246256823468735,True
clock_cos,len1_cond2_1.csv,8.0,-0.004684999999999606,0.0018461104623764758,True,0.0014194447688115651,True
clock_cos,len1_cond2_1.csv,8.5,0.0011699999999993382,0.0018130074616522257,False,0.0,True
clock_cos,len1_cond2_1.csv,9.0,-0.0016249999999994325,0.0018145836459357132,False,0.0,True
clock_cos,len1_cond2_1.csv,9.5,0.0038149999999994577,0.0018010166807655938,True,0.0010069916596169319,True
clock_cos,len1_cond2_1.csv,10.0,-0.0027249999999996444,0.0017918330686029311,True,0.0004665834656983564,True
clock_cos,len1_cond2_1.csv,10.5,0.0026849999999994933,0.0017823429411790133,True,0.00045132852941024,True
clock_cos,len1_cond2_1.csv,11.0,-0.002314999999999401,0.001774302602930333,True,0.00027034869853453393,True
clock_cos,len1_cond2_1.csv,11.5,0.002134999999999332,0.0017555546528601313,True,0.0001897226735696003,True
clock_cos,len1_cond2_1.csv,12.0,-0.0030649999999994293,0.0017538352879955636,True,0.0006555823560019328,True
clock_cos,len1_cond2_1.csv,12.5,0.0018599999999994177,0.0017442930911253777,True,5.7853454437019987e-05,True
clock_cos,len1_cond2_1.csv,13.0,-0.000994999999999524,0.0017411606919224111,False,0.0,True
clock_cos,len1_cond2_1.csv,13.5,0.0014099999999995783,0.0017352357727112176,False,0.0,True
clock_cos,len1_cond2_1.csv,14.0,-0.0025849999999993933,0.0017296531212887154,True,0.00042767343935533884,True
clock_cos,len1_cond2_1.csv,14.5,0.0037399999999995215,0.0017216781571004836,True,0.0010091609214495187,True
clock_cos,len1_cond2_1.csv,15.0,-0.002014999999999767,0.0017216781571004836,True,0.0001466609214496417,True
clock_cos,len1_cond2_1.csv,15.5,-3.3306690738754696e-16,0.0017103121576292363,False,0.0,True
clock_cos,len1_cond2_1.csv,16.0,-0.0010550000000003612,0.0017083241788722538,False,0.0,True
clock_cos,len1_cond2_1.csv,16.5,0.0023500000000000743,0.0016987959763269662,True,0.0003256020118365539,True
clock_cos,len1_cond2_1.csv,17.0,-0.003710000000000213,0.0016987959763269662,True,0.0010056020118366234,True
clock_cos,len1_cond2_1.csv,17.5,0.00319500000000017,0.0016898945869792922,True,0.0007525527065104388,True
clock_cos,len1_cond2_1.csv,18.0,-0.0005250000000002197,0.0016886929469338834,False,0.0,True
clock_cos,len1_cond2_1.csv,18.5,0.0015250000000002206,0.0016798003165065807,False,0.0,True
clock_cos,len1_cond2_1.csv,19.0,-0.0019299999999997652,0.0016785689048594511,True,0.00012571554757015706,True
clock_cos,len1_cond2_1.csv,19.5,0.0014550000000002061,0.001668406179902088,False,0.0,True
clock_cos,len1_cond2_1.csv,20.0,-0.0027800000000000047,0.0016699180776904965,True,0.000555040961154754,True
clock_cos,len1_cond2_1.csv,20.5,0.002175000000000149,0.001660742211649753,True,0.000257128894175198,True
clock_cos,len1_cond2_1.csv,21.0,0.0005149999999998212,0.0016599546196547697,False,0.0,True
clock_cos,len1_cond2_1.csv,21.5,-3.999999999992898e-05,0.0016505414194920044,False,0.0,True
clock_cos,len1_cond2_1.csv,22.0,-0.0023300000000000542,0.0016505414194920044,True,0.0003397292902540248,True
clock_cos,len1_cond2_1.csv,22.5,0.0016849999999997145,0.0016444183707128722,True,2.0290814643421145e-05,True
clock_cos,len1_cond2_1.csv,23.0,-0.001100000000000101,0.001640527114395723,False,0.0,True
clock_cos,len1_cond2_1.csv,23.5,0.0013900000000000023,0.001634387316885195,False,0.0,True
clock_cos,len1_cond2_1.csv,24.0,-0.000920000000000254,0.001634387316885195,False,0.0,True
clock_cos,len1_cond2_1.csv,24.5,0.000500000000000056,0.001627113798180129,False,0.0,True
clock_cos,len1_cond2_1.csv,25.0,-0.002320000000000322,0.001627113798180129,True,0.00034644310091009624,True
clock_cos,len1_cond2_1.csv,25.5,0.0022199999999999998,0.0016209674118790583,True,0.00029951629406047063,True
clock_cos,len1_cond2_1.csv,26.0,-0.0008099999999999774,0.0016178934133267635,False,0.0,True
clock_cos,len1_cond2_1.csv,26.5,0.0013500000000000734,0.001611856370804064,False,0.0,True
clock_cos,len1_cond2_1.csv,27.0,-0.0006499999999997064,0.001611856370804064,False,0.0,True
clock_cos,len1_cond2_1.csv,27.5,-6.000000000028205e-05,0.0016046817162085863,False,0.0,True
clock_cos,len1_cond2_1.csv,28.0,-0.0001900000000001345,0.0016046817162085863,False,0.0,True
clock_cos,len1_cond2_1.csv,28.5,0.00048000000000003595,0.0015985299439542802,False,0.0,True
clock_cos,len1_cond2_1.csv,29.0,-0.0007499999999999174,0.0015985299439542802,False,0.0,True
clock_cos,len1_cond2_1.csv,29.5,0.001040000000000041,0.0015923763274294175,False,0.0,True
clock_cos,len1_cond2_1.csv,30.0,-0.000340000000000229,0.0015923763274294175,False,0.0,True
clock_cos,len1_cond2_1.csv,30.5,-0.00039000000000000146,0.001585194859819328,False,0.0,True
clock_cos,len1_cond2_1.csv,31.0,0.00033999999999989594,0.001585194859819328,False,0.0,True
clock_cos,len1_cond2_1.csv,31.5,0.0005650000000002597,0.0015789128318081877,False,0.0,True
clock_cos,len1_cond2_1.csv,32.0,-0.0017699999999997162,0.0015824909603191232,True,9.37545198402965e-05,True
clock_cos,len1_cond2_1.csv,32.5,0.0022800000000000598,0.0015763403607250085,True,0.0003518298196375255,True
clock_cos,len1_cond2_1.csv,33.0,-0.001815000000000011,0.0015769635488272066,True,0.00011901822558640224,True
clock_cos,len1_cond2_1.csv,33.5,0.0017750000000008592,0.001569798293235929,True,0.00010260085338246506,True
clock_cos,len1_cond2_1.csv,34.0,-0.0010650000000000936,0.0015701884691591507,False,0.0,True
clock_cos,len1_cond2_1.csv,34.5,-0.00040999999999957737,0.001562609850013057,False,0.0,True
clock_cos,len1_cond2_1.csv,35.0,-0.0004950000000008004,0.001562609850013057,False,0.0,True
clock_cos,len1_cond2_1.csv,35.5,0.0007949999999999902,0.0015599326761565936,False,0.0,True
clock_cos,len1_cond2_1.csv,36.0,-0.0003099999999996994,0.0015564467238941126,False,0.0,True
clock_cos,len1_cond2_1.csv,36.5,-0.0007049999999999557,0.0015533646274671978,False,0.0,True
clock_cos,len1_cond2_1.csv,37.0,0.0004450000000000287,0.0015506999314668908,False,0.0,True
clock_cos,len1_cond2_1.csv,37.5,0.00098000000000098,0.0015471994088793908,False,0.0,True
clock_cos,len1_cond2_1.csv,38.0,-0.0019250000000000655,0.0015471994088793908,True,0.00018890029556033736,True
clock_cos,len1_cond2_1.csv,38.5,0.0012050000000005667,0.00154454359586141,False,0.0,True
clock_cos,len1_cond2_1.csv,39.0,0.0002899999999995684,0.001540004999860356,False,0.0,True
clock_cos,len1_cond2_1.csv,39.5,0.0006250000000005418,0.0015369211612788303,False,0.0,True
clock_cos,len1_cond2_1.csv,40.0,-0.0006850000000007128,0.0015373601677069744,False,0.0,True
clock_cos,len1_cond2_1.csv,40.5,0.0001799999999996249,0.0015306044573727166,False,0.0,True
clock_cos,len1_cond2_1.csv,41.0,-0.0004600000000006266,0.0015307525926732495,False,0.0,True
clock_cos,len1_cond2_1.csv,41.5,0.0005000000000005,0.0015244310913076994,False,0.0,True
clock_cos,len1_cond2_1.csv,42.0,-0.0011600000000007715,0.0015244310913076994,False,0.0,True
clock_cos,len1_cond2_1.csv,42.5,0.0004300000000003745,0.0015213439361149905,False,0.0,True
clock_cos,len1_cond2_1.csv,43.0,0.0007899999999997909,0.0015172272554476987,False,0.0,True
clock_cos,len1_cond2_1.csv,43.5,-0.0006799999999990702,0.0015141393988132045,False,0.0,True
clock_cos,len1_cond2_1.csv,44.0,0.0003799999999992698,0.0015141393988132045,False,0.0,True
clock_cos,len1_cond2_1.csv,44.5,-0.00012999999999940837,0.001507962826146252,False,0.0,True
clock_cos,len1_cond2_1.csv,45.0,-6.000000000033756e-05,0.001507962826146252,False,0.0,True
clock_cos,len1_cond2_1.csv,45.5,0.00019000000000041206,0.0015048741242623977,False,0.0,True
clock_cos,len1_cond2_1.csv,46.0,-0.00164000000000053,0.0015048741242623977,True,6.756293786906612e-05,True
clock_cos,len1_cond2_1.csv,46.5,0.0020299999999997542,0.0015019521330540647,True,0.00026402393347284476,True
clock_cos,len1_cond2_1.csv,47.0,9.999999999676934e-06,0.0015019521330540647,False,0.0,True
clock_cos,len1_cond2_1.csv,47.5,-0.0009699999999994158,0.0014945765583512553,False,0.0,True
clock_cos,len1_cond2_1.csv,48.0,0.0005699999999997374,0.0014945765583512553,False,0.0,True
clock_cos,len1_cond2_1.csv,48.5,-0.00017999999999968042,0.0014916616896226734,False,0.0,True
clock_cos,len1_cond2_1.csv,49.0,0.00012999999999990797,0.0014916616896226734,False,0.0,True
clock_cos,len1_cond2_1.csv,49.5,-9.999999999921183e-05,0.0014853064232361148,False,0.0,True
clock_cos,len1_cond2_1.csv,50.0,-0.0010750000000003257,0.0014853064232361148,False,0.0,True
clock_cos,len1_cond2_1.csv,50.5,0.0014950000000001906,0.0014829531442288747,True,6.023427885657969e-06,True
clock_cos,len1_cond2_1.csv,51.0,-0.0016250000000003761,0.001482398718335434,True,7.130064083247113e-05,True
clock_cos,len1_cond2_1.csv,51.5,0.0024900000000002698,0.001479873603568246,True,0.0005050631982160118,True
clock_cos,len1_cond2_1.csv,52.0,-0.0009950000000002457,0.001479873603568246,False,0.0,True
clock_cos,len1_cond2_1.csv,52.5,-0.001764999999999406,0.0014721051385867038,True,0.00014644743070635108,True
clock_cos,len1_cond2_1.csv,53.0,0.0016650000000002496,0.0014726885868835149,True,9.615570655836737e-05,True
clock_cos,len1_cond2_1.csv,53.5,-0.00018999999999980144,0.001469016838248472,False,0.0,True
clock_cos,len1_cond2_1.csv,54.0,-0.0009849999999999581,0.001469016838248472,False,0.0,True
clock_cos,len1_cond2_1.csv,54.5,0.0019300000000000428,0.0014675105309411272,True,0.0002312447345294578,True
clock_cos,len1_cond2_1.csv,55.0,-0.0001300000000005741,0.0014665308333193276,False,0.0,True
clock_cos,len1_cond2_1.csv,55.5,0.00027999999999994696,0.001461386349969792,False,0.0,True
clock_cos,len1_cond2_1.csv,56.0,-0.00041000000000007697,0.001463452314471408,False,0.0,True
clock_cos,len1_cond2_1.csv,56.5,-0.0011299999999994093,0.0014583255316308276,False,0.0,True
clock_cos,len1_cond2_1.csv,57.0,-0.000840000000000285,0.0014583255316308276,False,0.0,True
clock_cos,len1_cond2_1.csv,57.5,0.002539999999999931,0.0014567166477944494,True,0.0005416416761027409,True
clock_cos,len1_cond2_1.csv,58.0,9.999999999343867e-06,0.0014552656407228466,False,0.0,True
clock_cos,len1_cond2_1.csv,58.5,0.000640000000000418,0.0014481298694660608,False,0.0,True
clock_cos,len1_cond2_1.csv,59.0,-0.0015699999999997938,0.0014522067413164507,True,5.889662934167156e-05,True
clock_cos,len1_cond3_1.csv,0.0,-0.0014850000000000696,0.0017839112487404553,False,0.0,True
clock_cos,len1_cond3_1.csv,0.5,0.00048000000000003595,0.0017642240093166416,False,0.0,True
clock_cos,len1_cond3_1.csv,1.0,0.0010099999999999554,0.0017685234557656949,False,0.0,True
clock_cos,len1_cond3_1.csv,1.5,-0.0011699999999997823,0.001749852640061137,False,0.0,True
clock_cos,len1_cond3_1.csv,2.0,-0.0007399999999998519,0.001746972307495351,False,0.0,True
clock_cos,len1_cond3_1.csv,2.5,0.0007299999999998974,0.0017402416884472857,False,0.0,True
clock_cos,len1_cond3_1.csv,3.0,-0.0003649999999999487,0.0017233519824391276,False,0.0,True
clock_cos,len1_cond3_1.csv,3.5,0.0010799999999999144,0.0017265587295323182,False,0.0,True
clock_cos,len1_cond3_1.csv,4.0,0.00010000000000015552,0.0017151121687615147,False,0.0,True
clock_cos,len1_cond3_1.csv,4.5,-0.0016100000000001669,0.0017186520597224485,False,0.0,True
clock_cos,len1_cond3_1.csv,5.0,0.000540000000000096,0.0017010243912838846,False,0.0,True
clock_cos,len1_cond3_1.csv,5.5,0.002474999999999894,0.001699928623901844,True,0.0003875356880490248,True
clock_cos,len1_cond3_1.csv,6.0,-0.0025100000000000122,0.0016841990393165745,True,0.0004129004803417188,True
clock_cos,len1_cond3_1.csv,6.5,0.00023999999999996247,0.0016823050699899694,False,0.0,True
clock_cos,len1_cond3_1.csv,7.0,3.000000000011327e-05,0.001668605159828834,False,0.0,True
clock_cos,len1_cond3_1.csv,7.5,9.999999999996123e-05,0.001667801386314662,False,0.0,True
clock_cos,len1_cond3_1.csv,8.0,6.0000000000254294e-05,0.0016555595623652434,False,0.0,True
clock_cos,len1_cond3_1.csv,8.5,-0.0012350000000001249,0.0016632078290277558,False,0.0,True
clock_cos,len1_cond3_1.csv,9.0,0.0021600000000001895,0.001634690295041055,True,0.00026265485247956727,True
clock_cos,len1_cond3_1.csv,9.5,0.00047999999999978615,0.0016341287185843531,False,0.0,True
clock_cos,len1_cond3_1.csv,10.0,-0.001104999999999981,0.0016325882347537914,False,0.0,True
clock_cos,len1_cond3_1.csv,10.5,-0.000370000000000148,0.001614939601098809,False,0.0,True
clock_cos,len1_cond3_1.csv,11.0,8.999999999992347e-05,0.0016136581168752539,False,0.0,True
clock_cos,len1_cond3_1.csv,11.5,-0.0015550000000000147,0.001604813840798352,False,0.0,True
clock_cos,len1_cond3_1.csv,12.0,0.00290000000000018,0.001595067375880002,True,0.0006524663120600891,True
clock_cos,len1_cond3_1.csv,12.5,-0.002540000000000202,0.001595067375880002,True,0.0004724663120600998,True
clock_cos,len1_cond3_1.csv,13.0,0.00040000000000006697,0.0015773033448719185,False,0.0,True
clock_cos,len1_cond3_1.csv,13.5,0.0007249999999999826,0.001586038561949972,False,0.0,True
clock_cos,len1_cond3_1.csv,14.0,0.000725000000000052,0.0015682435355358075,False,0.0,True
clock_cos,len1_cond3_1.csv,14.5,-0.0011549999999998506,0.0015769245829094548,False,0.0,True
clock_cos,len1_cond3_1.csv,15.0,-2.000000000004082e-05,0.0015594156413245388,False,0.0,True
clock_cos,len1_cond3_1.csv,15.5,-0.0007250000000000242,0.0015595730407027162,False,0.0,True
clock_cos,len1_cond3_1.csv,16.0,0.0014750000000004412,0.00154206118564383,False,0.0,True
clock_cos,len1_cond3_1.csv,16.5,-0.0013050000000001932,0.001559333487157426,False,0.0,True
clock_cos,len1_cond3_1.csv,17.0,0.0012100000000003766,0.0015420394285499323,False,0.0,True
clock_cos,len1_cond3_1.csv,17.5,0.0009099999999996758,0.00154206118564383,False,0.0,True
clock_cos,len1_cond3_1.csv,18.0,-1.0000000000086329e-05,0.0015420394285499323,False,0.0,True
clock_cos,len1_cond3_1.csv,18.5,-0.001729999999999906,0.0015420394285499323,True,9.398028572498687e-05,True
clock_cos,len1_cond3_1.csv,19.0,0.0006100000000000107,0.001533532773892629,False,0.0,True
clock_cos,len1_cond3_1.csv,19.5,0.001189999999999909,0.0015249812969237394,False,0.0,True
clock_cos,len1_cond3_1.csv,20.0,-0.0014550000000000491,0.0015250044035825068,False,0.0,True
clock_cos,len1_cond3_1.csv,20.5,0.0014449999999998657,0.0015162882120000173,False,0.0,True
clock_cos,len1_cond3_1.csv,21.0,-0.0022399999999996962,0.0015250044035825068,True,0.0003574977982085946,True
clock_cos,len1_cond3_1.csv,21.5,0.0017050000000003512,0.0015249812969237394,True,9.00093515383059e-05,True
clock_cos,len1_cond3_1.csv,22.0,-0.0019500000000000376,0.001507783798961345,True,0.00022110810051934634,True
clock_cos,len1_cond3_1.csv,22.5,0.00166500000000007,0.0015162882120000173,True,7.435589400002637e-05,True
clock_cos,len1_cond3_1.csv,23.0,-0.0014299999999999357,0.0014990915765257852,False,0.0,True
clock_cos,len1_cond3_1.csv,23.5,0.002239999999999795,0.0014905370048358619,True,0.0003747314975819665,True
clock_cos,len1_cond3_1.csv,24.0,-0.0022200000000001776,0.0014905634199692797,True,0.0003647182900154488,True
clock_cos,len1_cond3_1.csv,24.5,0.0022099999999998,0.0014905370048358619,True,0.00035973149758196886,True
clock_cos,len1_cond3_1.csv,25.0,-0.0014600000000002328,0.0014905634199692797,False,0.0,True
clock_cos,len1_cond3_1.csv,25.5,-0.0003599999999999619,0.0014990660658624382,False,0.0,True
clock_cos,len1_cond3_1.csv,26.0,0.0014300000000003312,0.0014820353312870343,False,0.0,True
clock_cos,len1_cond3_1.csv,26.5,0.0005199999999997793,0.0014820079451949332,False,0.0,True
clock_cos,len1_cond3_1.csv,27.0,-0.002234999999999875,0.0014820079451949332,True,0.00037649602740247084,True
clock_cos,len1_cond3_1.csv,27.5,0.0011800000000002772,0.001473343318796173,False,0.0,True
clock_cos,len1_cond3_1.csv,28.0,-0.00015000000000001384,0.0014647858104333122,False,0.0,True
clock_cos,len1_cond3_1.csv,28.5,-0.0001299999999998325,0.001473343318796173,False,0.0,True
clock_cos,len1_cond3_1.csv,29.0,-7.632783294297951e-17,0.0014562567560468303,False,0.0,True
clock_cos,len1_cond3_1.csv,29.5,0.00016000000000009236,0.0014648893282924412,False,0.0,True
clock_cos,len1_cond3_1.csv,30.0,0.0001499999999998499,0.001464815392128691,False,0.0,True
clock_cos,len1_cond3_1.csv,30.5,-0.0011749999999999278,0.0014563645523471597,False,0.0,True
clock_cos,len1_cond3_1.csv,31.0,0.0008349999999998567,0.0014475958436519427,False,0.0,True
clock_cos,len1_cond3_1.csv,31.5,3.49999999999049e-05,0.001456487678287945,False,0.0,True
clock_cos,len1_cond3_1.csv,32.0,0.0014899999999994917,0.0014476762204897096,True,2.1161889754891085e-05,True
clock_cos,len1_cond3_1.csv,32.5,-0.000849999999999785,0.0014392865677331917,False,0.0,True
clock_cos,len1_cond3_1.csv,33.0,-0.0007899999999999435,0.0014392865677331917,False,0.0,True
clock_cos,len1_cond3_1.csv,33.5,-0.0002799999999996555,0.001448050875787128,False,0.0,True
clock_cos,len1_cond3_1.csv,34.0,-0.0008999999999997794,0.0014392865677331917,False,0.0,True
clock_cos,len1_cond3_1.csv,34.5,0.003069999999999587,0.0014397950002938353,True,0.0008151024998528757,True
clock_cos,len1_cond3_1.csv,35.0,-0.0012399999999999495,0.0014310386901262501,False,0.0,True
clock_cos,len1_cond3_1.csv,35.5,-6.500000000016909e-05,0.0014313017272430224,False,0.0,True
clock_cos,len1_cond3_1.csv,36.0,-0.00134499999999977,0.0014223725140517724,False,0.0,True
clock_cos,len1_cond3_1.csv,36.5,0.0022750000000001727,0.001431616863722993,True,0.00042169156813858975,True
clock_cos,len1_cond3_1.csv,37.0,-0.002329999999999624,0.0014226487549309386,True,0.0004536756225343426,True
clock_cos,len1_cond3_1.csv,37.5,0.001090000000000084,0.0014233649019641183,False,0.0,True
clock_cos,len1_cond3_1.csv,38.0,0.000989999999999873,0.0014141631671548654,False,0.0,True
clock_cos,len1_cond3_1.csv,38.5,-0.0008949999999992853,0.0014233649019641183,False,0.0,True
clock_cos,len1_cond3_1.csv,39.0,-2.0000000000380824e-05,0.0014058865578308233,False,0.0,True
clock_cos,len1_cond3_1.csv,39.5,0.001199999999999625,0.0014068009315146971,False,0.0,True
clock_cos,len1_cond3_1.csv,40.0,-0.002104999999999864,0.0013978843408084655,True,0.0003535578295956992,True
clock_cos,len1_cond3_1.csv,40.5,0.0008250000000004989,0.0014242969203085776,False,0.0,True
clock_cos,len1_cond3_1.csv,41.0,0.00026000000000003104,0.0014063139362913452,False,0.0,True
clock_cos,len1_cond3_1.csv,41.5,0.0006300000000003803,0.0014073469855921017,False,0.0,True
clock_cos,len1_cond3_1.csv,42.0,-0.0007700000000004023,0.001390012448324243,False,0.0,True
clock_cos,len1_cond3_1.csv,42.5,-0.0012899999999997566,0.0013996141770208032,False,0.0,True
clock_cos,len1_cond3_1.csv,43.0,0.0015599999999996866,0.001390012448324243,True,8.499377583772187e-05,True
clock_cos,len1_cond3_1.csv,43.5,0.00036999999999957206,0.0014079514811204776,False,0.0,True
clock_cos,len1_cond3_1.csv,44.0,-0.0014900000000003313,0.001390623708658224,True,4.968814567105366e-05,True
clock_cos,len1_cond3_1.csv,44.5,-0.00037499999999986156,0.0014005595178046553,False,0.0,True
clock_cos,len1_cond3_1.csv,45.0,0.0014099999999994672,0.001382134206804271,True,1.3932896597598169e-05,True
clock_cos,len1_cond3_1.csv,45.5,2.000000000010327e-05,0.0013839171817093812,False,0.0,True
clock_cos,len1_cond3_1.csv,46.0,-0.0014600000000007801,0.0013828534723709747,True,3.857326381490273e-05,True
clock_cos,len1_cond3_1.csv,46.5,-9.000000000002062e-05,0.0013847919219194327,False,0.0,True
clock_cos,len1_cond3_1.csv,47.0,0.0016500000000002485,0.0013828534723709747,True,0.00013357326381463691,True
clock_cos,len1_cond3_1.csv,47.5,0.0010299999999998227,0.0013847919219194327,False,0.0,True
clock_cos,len1_cond3_1.csv,48.0,-0.0027399999999997288,0.001375733099252911,True,0.0006821334503734086,True
clock_cos,len1_cond3_1.csv,48.5,0.0006000000000008637,0.001377663471442361,False,0.0,True
clock_cos,len1_cond3_1.csv,49.0,0.0014799999999998287,0.001375733099252911,True,5.213345037345879e-05,True
clock_cos,len1_cond3_1.csv,49.5,0.0004900000000001847,0.001377663471442361,False,0.0,True
clock_cos,len1_cond3_1.csv,50.0,-0.0016199999999996217,0.0013766643710973747,True,0.00012166781445112351,True
clock_cos,len1_cond3_1.csv,50.5,0.0005549999999996252,0.0013707956876888709,False,0.0,True
clock_cos,len1_cond3_1.csv,51.0,-0.00032999999999987206,0.0013604377280210583,False,0.0,True
clock_cos,len1_cond3_1.csv,51.5,0.0007200000000000123,0.0013627995387024052,False,0.0,True
clock_cos,len1_cond3_1.csv,52.0,-0.0007399999999996576,0.0013615822154542305,False,0.0,True
clock_cos,len1_cond3_1.csv,52.5,0.00022000000000049758,0.0013627995387024052,False,0.0,True
clock_cos,len1_cond3_1.csv,53.0,-0.0003100000000003239,0.0013615822154542305,False,0.0,True
clock_cos,len1_cond3_1.csv,53.5,-0.0007299999999998419,0.0013564433863310005,False,0.0,True
clock_cos,len1_cond3_1.csv,54.0,0.0007699999999998403,0.001346044889612845,False,0.0,True
clock_cos,len1_cond3_1.csv,54.5,0.0004499999999999643,0.0013564433863310005,False,0.0,True
clock_cos,len1_cond3_1.csv,55.0,9.999999999955878e-05,0.00135506191382006,False,0.0,True
clock_cos,len1_cond3_1.csv,55.5,-0.00010999999999972143,0.0013564433863310005,False,0.0,True
clock_cos,len1_cond3_1.csv,56.0,0.0008900000000002933,0.00135506191382006,False,0.0,True
clock_cos,len1_cond3_1.csv,56.5,-0.0019350000000001033,0.0013489441999544269,True,0.0002930279000228382,True
clock_cos,len1_cond3_1.csv,57.0,5.000000000088267e-06,0.0013398755823905483,False,0.0,True
clock_cos,len1_cond3_1.csv,57.5,-5.00000000044909e-06,0.0013505046489734555,False,0.0,True
clock_cos,len1_cond3_1.csv,58.0,9.99999999970469e-06,0.0013398755823905483,False,0.0,True
clock_cos,len1_cond3_1.csv,58.5,0.0016899999999998028,0.0013362239975072525,True,0.00017688800124627516,True
clock_cos,len1_cond3_1.csv,59.0,-0.0016599999999996062,0.0013343999288238729,True,0.0001628000355878667,True
clock_cos,len2_cond1_1.csv,0.0,0.001334999999999975,0.0014439313612225944,False,0.0,True
clock_cos,len2_cond1_1.csv,0.5,-0.0021700000000000053,0.0014452986283425913,True,0.000362350685828707,True
clock_cos,len2_cond1_1.csv,1.0,0.0010950000000000681,0.0014395661619200795,False,0.0,True
clock_cos,len2_cond1_1.csv,1.5,-0.0006550000000000722,0.0014335162132028945,False,0.0,True
clock_cos,len2_cond1_1.csv,2.0,0.0002749999999999697,0.0014402836736435605,False,0.0,True
clock_cos,len2_cond1_1.csv,2.5,0.0020500000000000657,0.0014366435135421153,True,0.00030667824322897516,True
clock_cos,len2_cond1_1.csv,3.0,-0.0027049999999999297,0.0014282075821515808,True,0.0006383962089241745,True
clock_cos,len2_cond1_1.csv,3.5,0.003554999999999975,0.0014401898283766352,True,0.0010574050858116696,True
clock_cos,len2_cond1_1.csv,4.0,-0.002409999999999912,0.0014457206721772077,True,0.00048213966391135224,True
clock_cos,len2_cond1_1.csv,4.5,0.0003699999999997594,0.0014360561448731612,False,0.0,True
clock_cos,len2_cond1_1.csv,5.0,-0.0007949999999998791,0.0014349620208153901,False,0.0,True
clock_cos,len2_cond1_1.csv,5.5,0.0008749999999999591,0.0014338275965897341,False,0.0,True
clock_cos,len2_cond1_1.csv,6.0,0.00021000000000003655,0.0014368074452836656,False,0.0,True
clock_cos,len2_cond1_1.csv,6.5,-0.0010349999999999804,0.001436272583129336,False,0.0,True
clock_cos,len2_cond1_1.csv,7.0,0.0020399999999999863,0.0014424468119345385,True,0.0002987765940327239,True
clock_cos,len2_cond1_1.csv,7.5,-0.001554999999999862,0.0014416378100816556,True,5.668109495910324e-05,True
clock_cos,len2_cond1_1.csv,8.0,5.999999999983796e-05,0.0014340261818608386,False,0.0,True
clock_cos,len2_cond1_1.csv,8.5,0.00015000000000015,0.0014294946538122002,False,0.0,True
clock_cos,len2_cond1_1.csv,9.0,0.0012399999999999634,0.0014381107728904411,False,0.0,True
clock_cos,len2_cond1_1.csv,9.5,-0.0002600000000001577,0.0014324743998600574,False,0.0,True
clock_cos,len2_cond1_1.csv,10.0,-0.0005949999999997901,0.0014333931108334317,False,0.0,True
clock_cos,len2_cond1_1.csv,10.5,-0.001010000000000122,0.0014442987849743582,False,0.0,True
clock_cos,len2_cond1_1.csv,11.0,-0.0007799999999997809,0.0014310407689235522,False,0.0,True
clock_cos,len2_cond1_1.csv,11.5,0.0008899999999997243,0.0014325493478487277,False,0.0,True
clock_cos,len2_cond1_1.csv,12.0,0.0005049999999998112,0.0014262213597504069,False,0.0,True
clock_cos,len2_cond1_1.csv,12.5,0.0003300000000000525,0.0014295009083735459,False,0.0,True
clock_cos,len2_cond1_1.csv,13.0,-0.0010700000000002305,0.0014295061291331355,False,0.0,True
clock_cos,len2_cond1_1.csv,13.5,0.0008000000000001894,0.0014308613867405938,False,0.0,True
clock_cos,len2_cond1_1.csv,14.0,0.0004299999999998194,0.0014414505406402124,False,0.0,True
clock_cos,len2_cond1_1.csv,14.5,-0.0014849999999999586,0.0014278753456398972,True,2.856232718003067e-05,True
clock_cos,len2_cond1_1.csv,15.0,0.00014999999999992797,0.001428633415767736,False,0.0,True
clock_cos,len2_cond1_1.csv,15.5,0.0008200000000000429,0.0014237394837906137,False,0.0,True
clock_cos,len2_cond1_1.csv,16.0,-0.0005849999999998634,0.0014325114296664851,False,0.0,True
clock_cos,len2_cond1_1.csv,16.5,4.000000000001225e-05,0.0014279732322921195,False,0.0,True
clock_cos,len2_cond1_1.csv,17.0,-1.4999999999876223e-05,0.0014351433287640805,False,0.0,True
clock_cos,len2_cond1_1.csv,17.5,0.0020499999999999963,0.001434378767441314,True,0.0003078106162793411,True
clock_cos,len2_cond1_1.csv,18.0,-0.0036049999999999693,0.0014228957256769716,True,0.0010910521371614989,True
clock_cos,len2_cond1_1.csv,18.5,0.0012150000000002437,0.0014259961970751489,False,0.0,True
clock_cos,len2_cond1_1.csv,19.0,0.000200000000000089,0.0014136521751459729,False,0.0,True
clock_cos,len2_cond1_1.csv,19.5,0.0021250000000002656,0.0014316012286430602,True,0.00034669938567860267,True
clock_cos,len2_cond1_1.csv,20.0,-0.0007150000000001877,0.0014278073381521366,False,0.0,True
clock_cos,len2_cond1_1.csv,20.5,-0.0008049999999998891,0.0014288122155586374,False,0.0,True
clock_cos,len2_cond1_1.csv,21.0,-0.0001749999999998142,0.0014309806746150865,False,0.0,True
clock_cos,len2_cond1_1.csv,21.5,-0.00031999999999987594,0.0014190700379651728,False,0.0,True
clock_cos,len2_cond1_1.csv,22.0,0.0004350000000004628,0.001421179852068791,False,0.0,True
clock_cos,len2_cond1_1.csv,22.5,0.0013749999999999596,0.001413452216233544,False,0.0,True
clock_cos,len2_cond1_1.csv,23.0,-0.0017049999999999566,0.0014254730114143831,True,0.0001397634942927867,True
clock_cos,len2_cond1_1.csv,23.5,0.002214999999999856,0.0014224913493581276,True,0.00039625432532086407,True
clock_cos,len2_cond1_1.csv,24.0,-0.0024700000000001943,0.001428087739515525,True,0.0005209561302423346,True
clock_cos,len2_cond1_1.csv,24.5,0.0003650000000000597,0.0014236912111454752,False,0.0,True
clock_cos,len2_cond1_1.csv,25.0,-0.0012850000000001471,0.0014135022854154448,False,0.0,True
clock_cos,len2_cond1_1.csv,25.5,0.0019050000000001566,0.0014158886601333173,True,0.00024455566993341964,True
clock_cos,len2_cond1_1.csv,26.0,-0.0003750000000000975,0.0014093653279870666,False,0.0,True
clock_cos,len2_cond1_1.csv,26.5,-0.0006650000000002002,0.0014156818728235333,False,0.0,True
clock_cos,len2_cond1_1.csv,27.0,-0.00017999999999995797,0.0014242469146772269,False,0.0,True
clock_cos,len2_cond1_1.csv,27.5,9.999999999732445e-06,0.00142103322808283,False,0.0,True
clock_cos,len2_cond1_1.csv,28.0,0.000750000000000417,0.0014165689303147128,False,0.0,True
clock_cos,len2_cond1_1.csv,28.5,-0.0008199999999998764,0.0014096494059870962,False,0.0,True
clock_cos,len2_cond1_1.csv,29.0,3.500000000017378e-05,0.0014104917485725037,False,0.0,True
clock_cos,len2_cond1_1.csv,29.5,0.0009999999999999454,0.0014108703469807068,False,0.0,True
clock_cos,len2_cond1_1.csv,30.0,-0.0005500000000002083,0.0014126079700140176,False,0.0,True
clock_cos,len2_cond1_1.csv,30.5,0.0010900000000000076,0.0014141176483253688,False,0.0,True
clock_cos,len2_cond1_1.csv,31.0,0.0004599999999996274,0.0014157322352804037,False,0.0,True
clock_cos,len2_cond1_1.csv,31.5,0.0001700000000001145,0.001409871021520532,False,0.0,True
clock_cos,len2_cond1_1.csv,32.0,-0.0007750000000000257,0.001406316082161025,False,0.0,True
clock_cos,len2_cond1_1.csv,32.5,-0.0003349999999999187,0.0014067883006204473,False,0.0,True
clock_cos,len2_cond1_1.csv,33.0,-0.0005799999999993033,0.0013996537291332113,False,0.0,True
clock_cos,len2_cond1_1.csv,33.5,0.0018899999999992811,0.001404324047817709,True,0.00024283797609078608,True
clock_cos,len2_cond1_1.csv,34.0,-0.0011149999999994498,0.0014222365878482131,False,0.0,True
clock_cos,len2_cond1_1.csv,34.5,-0.000530000000000308,0.0014093653279870666,False,0.0,True
clock_cos,len2_cond1_1.csv,35.0,-0.00014500000000000624,0.0014041302123653262,False,0.0,True
clock_cos,len2_cond1_1.csv,35.5,-0.0007600000000000384,0.0014014999969863984,False,0.0,True
clock_cos,len2_cond1_1.csv,36.0,8.500000000022379e-05,0.0014068921726399794,False,0.0,True
clock_cos,len2_cond1_1.csv,36.5,0.0008949999999999236,0.0014036116163459165,False,0.0,True
clock_cos,len2_cond1_1.csv,37.0,5.000000000379701e-06,0.001403116291087214,False,0.0,True
clock_cos,len2_cond1_1.csv,37.5,-0.0008399999999995078,0.001407823595022076,False,0.0,True
clock_cos,len2_cond1_1.csv,38.0,0.00014499999999906255,0.0014035110399682274,False,0.0,True
clock_cos,len2_cond1_1.csv,38.5,0.0011650000000003602,0.0013995989570549632,False,0.0,True
clock_cos,len2_cond1_1.csv,39.0,-0.00037500000000073586,0.0013970466376210212,False,0.0,True
clock_cos,len2_cond1_1.csv,39.5,-0.0002949999999993791,0.0013948539708311153,False,0.0,True
clock_cos,len2_cond1_1.csv,40.0,0.00047499999999965625,0.0013990609256594136,False,0.0,True
clock_cos,len2_cond1_1.csv,40.5,-0.001525000000000068,0.001402608321160566,True,6.119583941975094e-05,True
clock_cos,len2_cond1_1.csv,41.0,0.002225000000000643,0.0014055354403602976,True,0.0004097322798201727,True
clock_cos,len2_cond1_1.csv,41.5,-0.00013000000000018552,0.00139851952475927,False,0.0,True
clock_cos,len2_cond1_1.csv,42.0,-0.0009250000000002312,0.0013948384065697584,False,0.0,True
clock_cos,len2_cond1_1.csv,42.5,-0.0011649999999998606,0.0013907729540116897,False,0.0,True
clock_cos,len2_cond1_1.csv,43.0,0.0007749999999998036,0.0013924042695866751,False,0.0,True
clock_cos,len2_cond1_1.csv,43.5,-7.000000000023654e-05,0.0013947685981601224,False,0.0,True
clock_cos,len2_cond1_1.csv,44.0,-0.00022500000000044706,0.001396340133996771,False,0.0,True
clock_cos,len2_cond1_1.csv,44.5,0.0008499999999999619,0.0013971136123977095,False,0.0,True
clock_cos,len2_cond1_1.csv,45.0,-0.00038499999999974666,0.0013964449700545043,False,0.0,True
clock_cos,len2_cond1_1.csv,45.5,0.0004300000000003745,0.0013917937183271594,False,0.0,True
clock_cos,len2_cond1_1.csv,46.0,-0.0011650000000003047,0.0013867506950386145,False,0.0,True
clock_cos,len2_cond1_1.csv,46.5,0.0019799999999999818,0.0013901471154427992,True,0.0002949264422785913,True
clock_cos,len2_cond1_1.csv,47.0,-0.0007750000000004906,0.001385746154534779,False,0.0,True
clock_cos,len2_cond1_1.csv,47.5,0.0006449999999995626,0.0013907106468917776,False,0.0,True
clock_cos,len2_cond1_1.csv,48.0,0.00017500000000042482,0.0013938003499252276,False,0.0,True
clock_cos,len2_cond1_1.csv,48.5,-0.0003300000000000525,0.0013913729372237436,False,0.0,True
clock_cos,len2_cond1_1.csv,49.0,0.0001550000000003493,0.001387147823704761,False,0.0,True
clock_cos,len2_cond1_1.csv,49.5,-0.0021549999999992964,0.0013831957146500681,True,0.0003859021426746141,True
clock_cos,len2_cond1_1.csv,50.0,0.0020849999999999758,0.0013891760880096959,True,0.00034791195599513994,True
clock_cos,len2_cond1_1.csv,50.5,0.0009450000000002443,0.0013772757612568215,False,0.0,True
clock_cos,len2_cond1_1.csv,51.0,-0.002219999999999861,0.0013918373597243817,True,0.0004140813201377395,True
clock_cos,len2_cond1_1.csv,51.5,0.0012599999999999278,0.001392217162516064,False,0.0,True
clock_cos,len2_cond1_1.csv,52.0,-0.00020000000000047757,0.0013883808173062668,False,0.0,True
clock_cos,len2_cond1_1.csv,52.5,0.00037500000000018074,0.0013852171497553503,False,0.0,True
clock_cos,len2_cond1_1.csv,53.0,6.000000000017103e-05,0.001381256978803442,False,0.0,True
clock_cos,len2_cond1_1.csv,53.5,-0.0016850000000003251,0.0013787992592698595,True,0.00015310037036523282,True
clock_cos,len2_cond1_1.csv,54.0,0.0020099999999995625,0.0013872057636545856,True,0.00031139711817248844,True
clock_cos,len2_cond1_1.csv,54.5,-0.0003399999999998127,0.0013929047779757241,False,0.0,True
clock_cos,len2_cond1_1.csv,55.0,-0.0001750000000003138,0.0013884310767318538,False,0.0,True
clock_cos,len2_cond1_1.csv,55.5,-0.00046500000000065933,0.0013830402065976024,False,0.0,True
clock_cos,len2_cond1_1.csv,56.0,-0.0007849999999998136,0.0013813549339370577,False,0.0,True
clock_cos,len2_cond1_1.csv,56.5,-2.4999999999941735e-05,0.0013785961694496897,False,0.0,True
clock_cos,len2_cond1_1.csv,57.0,0.0018400000000004246,0.0013848800520660327,True,0.00022755997396719596,True
clock_cos,len2_cond1_1.csv,57.5,-0.0004750000000000882,0.0013860095232270807,False,0.0,True
clock_cos,len2_cond1_1.csv,58.0,-0.0014750000000005037,0.0013819708946436744,True,4.651455267841464e-05,True
clock_cos,len2_cond1_1.csv,58.5,0.00048000000000003595,0.0013861364691638372,False,0.0,True
clock_cos,len2_cond1_1.csv,59.0,-0.0007649999999996271,0.001376888983660461,False,0.0,True
clock_cos,len2_cond2_1.csv,0.0,-0.003130000000000077,0.0016129146183333188,True,0.0007585426908333791,True
clock_cos,len2_cond2_1.csv,0.5,0.0023050000000001125,0.0016061858030955876,True,0.00034940709845226233,True
clock_cos,len2_cond2_1.csv,1.0,-0.0005100000000000451,0.0016006773619037995,False,0.0,True
clock_cos,len2_cond2_1.csv,1.5,0.0007549999999999502,0.0016006773619037995,False,0.0,True
clock_cos,len2_cond2_1.csv,2.0,0.00042999999999993044,0.001628254738511888,False,0.0,True
clock_cos,len2_cond2_1.csv,2.5,-0.0027249999999998664,0.0015924150944411609,True,0.0005662924527793526,True
clock_cos,len2_cond2_1.csv,3.0,0.0032249999999999224,0.0015838530556950296,True,0.0008205734721524463,True
clock_cos,len2_cond2_1.csv,3.5,-0.002354999999999996,0.0015797891331048334,True,0.00038760543344758117,True
clock_cos,len2_cond2_1.csv,4.0,0.0009549999999998726,0.00157604584529828,False,0.0,True
clock_cos,len2_cond2_1.csv,4.5,0.0005699999999999594,0.0015783221789829938,False,0.0,True
clock_cos,len2_cond2_1.csv,5.0,-0.0022449999999997194,0.0015932691420692075,True,0.00032586542896525584,True
clock_cos,len2_cond2_1.csv,5.5,0.003109999999999946,0.0015694140017260298,True,0.000770292999136958,True
clock_cos,len2_cond2_1.csv,6.0,-0.0027049999999998464,0.00156187238133596,True,0.000571563809331943,True
clock_cos,len2_cond2_1.csv,6.5,9.00000000000345e-05,0.001548611708201144,False,0.0,True
clock_cos,len2_cond2_1.csv,7.0,0.0012350000000000971,0.0015471117709046592,False,0.0,True
clock_cos,len2_cond2_1.csv,7.5,-0.0004299999999998749,0.0015579024565272293,False,0.0,True
clock_cos,len2_cond2_1.csv,8.0,0.0014799999999998148,0.0015460450204333055,False,0.0,True
clock_cos,len2_cond2_1.csv,8.5,-0.0019049999999998235,0.0015648531052757993,True,0.0001700734473620121,True
clock_cos,len2_cond2_1.csv,9.0,0.001014999999999766,0.0015390446842229108,False,0.0,True
clock_cos,len2_cond2_1.csv,9.5,-0.0010999999999997678,0.0015337890916155958,False,0.0,True
clock_cos,len2_cond2_1.csv,10.0,0.00013999999999969592,0.001531985081821828,False,0.0,True
clock_cos,len2_cond2_1.csv,10.5,0.00025000000000009737,0.001530386193167469,False,0.0,True
clock_cos,len2_cond2_1.csv,11.0,0.00016999999999994797,0.00152586315561824,False,0.0,True
clock_cos,len2_cond2_1.csv,11.5,0.0012899999999996803,0.001537129501298331,False,0.0,True
clock_cos,len2_cond2_1.csv,12.0,-0.0022599999999997067,0.001524090449013327,True,0.0003679547754931897,True
clock_cos,len2_cond2_1.csv,12.5,0.001494999999999802,0.0015176743788791714,False,0.0,True
clock_cos,len2_cond2_1.csv,13.0,-0.0007050000000000667,0.001515050338648434,False,0.0,True
clock_cos,len2_cond2_1.csv,13.5,0.0005100000000000382,0.0015152141456844445,False,0.0,True
clock_cos,len2_cond2_1.csv,14.0,4.9999999999911227e-05,0.001519458443297596,False,0.0,True
clock_cos,len2_cond2_1.csv,14.5,-0.0014100000000000779,0.0015133047364066664,False,0.0,True
clock_cos,len2_cond2_1.csv,15.0,0.0018399999999999528,0.001512603758090705,True,0.0001636981209546239,True
clock_cos,len2_cond2_1.csv,15.5,-0.0008649999999996716,0.001503725919912193,False,0.0,True
clock_cos,len2_cond2_1.csv,16.0,-7.49999999998252e-05,0.0014972282925017043,False,0.0,True
clock_cos,len2_cond2_1.csv,16.5,-0.000140000000000029,0.0014924584273575225,False,0.0,True
clock_cos,len2_cond2_1.csv,17.0,-0.0007750000000001367,0.0014990006829441065,False,0.0,True
clock_cos,len2_cond2_1.csv,17.5,0.0012300000000002864,0.0014982852385560718,False,0.0,True
clock_cos,len2_cond2_1.csv,18.0,-0.0011750000000004812,0.0015110741840180626,False,0.0,True
clock_cos,len2_cond2_1.csv,18.5,-0.000240000000000129,0.0014944066606972792,False,0.0,True
clock_cos,len2_cond2_1.csv,19.0,0.0017649999999996835,0.0014878469722554057,True,0.00013857651387213892,True
clock_cos,len2_cond2_1.csv,19.5,-0.0007550000000000612,0.0014808349974294915,False,0.0,True
clock_cos,len2_cond2_1.csv,20.0,-9.500000000017828e-05,0.0014840777832973197,False,0.0,True
clock_cos,len2_cond2_1.csv,20.5,-0.0012300000000001199,0.0014955977740765184,False,0.0,True
clock_cos,len2_cond2_1.csv,21.0,0.0024900000000001032,0.001483867385512773,True,0.0005030663072436651,True
clock_cos,len2_cond2_1.csv,21.5,-0.0011900000000002464,0.0014982824074120664,False,0.0,True
clock_cos,len2_cond2_1.csv,22.0,0.00020500000000001073,0.001478178866388705,False,0.0,True
clock_cos,len2_cond2_1.csv,22.5,-0.0012150000000000771,0.001475591037307416,False,0.0,True
clock_cos,len2_cond2_1.csv,23.0,0.0026499999999999857,0.001473504797849635,True,0.0005882476010751754,True
clock_cos,len2_cond2_1.csv,23.5,-0.00228999999999982,0.0014770985972830594,True,0.00040645070135838027,True
clock_cos,len2_cond2_1.csv,24.0,2.5000000000052758e-05,0.0014690279754412284,False,0.0,True
clock_cos,len2_cond2_1.csv,24.5,0.0010999999999998789,0.0014778533880971173,False,0.0,True
clock_cos,len2_cond2_1.csv,25.0,-0.0008750000000002922,0.001474629527569752,False,0.0,True
clock_cos,len2_cond2_1.csv,25.5,0.002080000000000193,0.001465452601573901,True,0.0003072736992131459,True
clock_cos,len2_cond2_1.csv,26.0,-0.001740000000000519,0.0014631711088822124,True,0.00013841444555915327,True
clock_cos,len2_cond2_1.csv,26.5,-0.0008399999999999519,0.0014589701993781008,False,0.0,True
clock_cos,len2_cond2_1.csv,27.0,0.0004200000000001772,0.0014641932741241324,False,0.0,True
clock_cos,len2_cond2_1.csv,27.5,-0.0006499999999998174,0.0014596236568521113,False,0.0,True
clock_cos,len2_cond2_1.csv,28.0,0.0033500000000002417,0.001471485256731599,True,0.0009392573716343214,True
clock_cos,len2_cond2_1.csv,28.5,-0.002589999999999981,0.0014557982946361964,True,0.0005671008526818924,True
clock_cos,len2_cond2_1.csv,29.0,-0.0004449999999999177,0.0014513773453167019,False,0.0,True
clock_cos,len2_cond2_1.csv,29.5,0.0008899999999996688,0.0014465038999004795,False,0.0,True
clock_cos,len2_cond2_1.csv,30.0,0.0004700000000001925,0.0014439076798682437,False,0.0,True
clock_cos,len2_cond2_1.csv,30.5,0.0005249999999998242,0.0014460393055659225,False,0.0,True
clock_cos,len2_cond2_1.csv,31.0,-0.0026299999999999657,0.0014405651445049484,True,0.0005947174277475085,True
clock_cos,len2_cond2_1.csv,31.5,0.0031150000000000344,0.0014549218554894502,True,0.0008300390722552919,True
clock_cos,len2_cond2_1.csv,32.0,-0.0008100000000004215,0.0014421757083782503,False,0.0,True
clock_cos,len2_cond2_1.csv,32.5,-0.0017599999999994287,0.0014369995865807842,True,0.00016150020670932226,True
clock_cos,len2_cond2_1.csv,33.0,0.0009399999999999409,0.0014301154850291072,False,0.0,True
clock_cos,len2_cond2_1.csv,33.5,-0.00026499999999957113,0.0014347050567888996,False,0.0,True
clock_cos,len2_cond2_1.csv,34.0,0.00124500000000001,0.0014310017162449825,False,0.0,True
clock_cos,len2_cond2_1.csv,34.5,-0.0008550000000004943,0.001434743665985566,False,0.0,True
clock_cos,len2_cond2_1.csv,35.0,-0.0005850000000001132,0.001436415327723044,False,0.0,True
clock_cos,len2_cond2_1.csv,35.5,-0.000760000000000538,0.001426026775378786,False,0.0,True
clock_cos,len2_cond2_1.csv,36.0,0.0017650000000005717,0.001428609741451771,True,0.00016819512927440032,True
clock_cos,len2_cond2_1.csv,36.5,-0.0018650000000000055,0.001421466461663504,True,0.00022176676916825077,True
clock_cos,len2_cond2_1.csv,37.0,0.001369999999999677,0.001430910313296376,False,0.0,True
clock_cos,len2_cond2_1.csv,37.5,7.000000000015327e-05,0.001418720756417817,False,0.0,True
clock_cos,len2_cond2_1.csv,38.0,-0.0011700000000001154,0.001429250999665052,False,0.0,True
clock_cos,len2_cond2_1.csv,38.5,0.0011049999999999116,0.0014268716133217316,False,0.0,True
clock_cos,len2_cond2_1.csv,39.0,-0.0006650000000003597,0.0014146930795427405,False,0.0,True
clock_cos,len2_cond2_1.csv,39.5,0.001314999999999733,0.0014147905156177303,False,0.0,True
clock_cos,len2_cond2_1.csv,40.0,-0.00035500000000021625,0.0014111366746402947,False,0.0,True
clock_cos,len2_cond2_1.csv,40.5,-0.0002699999999999578,0.0014122414393698646,False,0.0,True
clock_cos,len2_cond2_1.csv,41.0,0.001529999999999726,0.0014080635564731664,True,6.0968221763279835e-05,True
clock_cos,len2_cond2_1.csv,41.5,-0.002525000000000055,0.0014128051423179572,True,0.0005560974288410488,True
clock_cos,len2_cond2_1.csv,42.0,0.000610000000000166,0.0014100684351732592,False,0.0,True
clock_cos,len2_cond2_1.csv,42.5,0.0008400000000000629,0.001404401955231596,False,0.0,True
clock_cos,len2_cond2_1.csv,43.0,-0.0007599999999996498,0.0014024523887183702,False,0.0,True
clock_cos,len2_cond2_1.csv,43.5,-0.000530000000000308,0.0014000510544866125,False,0.0,True
clock_cos,len2_cond2_1.csv,44.0,0.0006250000000002781,0.0013964082272387875,False,0.0,True
clock_cos,len2_cond2_1.csv,44.5,0.00035499999999991094,0.0014106820014730583,False,0.0,True
clock_cos,len2_cond2_1.csv,45.0,-0.002785000000000537,0.0014054637265534546,True,0.0006897681367235412,True
clock_cos,len2_cond2_1.csv,45.5,0.004020000000000634,0.0013997163242642045,True,0.0013101418378682146,True
clock_cos,len2_cond2_1.csv,46.0,-0.001194999999999946,0.001395320017162364,False,0.0,True
clock_cos,len2_cond2_1.csv,46.5,-0.00031999999999993145,0.0013927896215070968,False,0.0,True
clock_cos,len2_cond2_1.csv,47.0,0.0003899999999993631,0.0013904895969480797,False,0.0,True
clock_cos,len2_cond2_1.csv,47.5,-0.0007899999999999366,0.00139402045470029,False,0.0,True
clock_cos,len2_cond2_1.csv,48.0,0.0016000000000004067,0.001401396353760242,True,9.930182312008228e-05,True
clock_cos,len2_cond2_1.csv,48.5,-0.0011499999999994848,0.0013976642167905207,False,0.0,True
clock_cos,len2_cond2_1.csv,49.0,-0.0005149999999998767,0.0013882248455927093,False,0.0,True
clock_cos,len2_cond2_1.csv,49.5,0.0010749999999995485,0.0013839015819950362,False,0.0,True
clock_cos,len2_cond2_1.csv,50.0,-0.0005099999999998994,0.0013842508893980485,False,0.0,True
clock_cos,len2_cond2_1.csv,50.5,-0.00020000000000038043,0.0013786556058916891,False,0.0,True
clock_cos,len2_cond2_1.csv,51.0,-0.0008550000000002583,0.0013869172840775845,False,0.0,True
clock_cos,len2_cond2_1.csv,51.5,0.0021800000000006536,0.0013919934651811618,True,0.0003940032674097459,True
clock_cos,len2_cond2_1.csv,52.0,0.0002899999999997349,0.001389052923789171,False,0.0,True
clock_cos,len2_cond2_1.csv,52.5,-0.002519999999999356,0.0013775279604588395,True,0.000571236019770258,True
clock_cos,len2_cond2_1.csv,53.0,0.0007449999999995516,0.001374859775718448,False,0.0,True
clock_cos,len2_cond2_1.csv,53.5,0.0012400000000004352,0.001374989982779097,False,0.0,True
clock_cos,len2_cond2_1.csv,54.0,4.999999999782956e-06,0.001373174952554313,False,0.0,True
clock_cos,len2_cond2_1.csv,54.5,-0.0006949999999996403,0.0013804574701205684,False,0.0,True
clock_cos,len2_cond2_1.csv,55.0,0.00026999999999999247,0.0013822551835082186,False,0.0,True
clock_cos,len2_cond2_1.csv,55.5,-0.0005600000000000604,0.001375890169251743,False,0.0,True
clock_cos,len2_cond2_1.csv,56.0,0.0016050000000000786,0.0013704274128376074,True,0.00011728629358123558,True
clock_cos,len2_cond2_1.csv,56.5,-0.001635000000000053,0.001367301348507567,True,0.00013384932574624303,True
clock_cos,len2_cond2_1.csv,57.0,0.0006399999999999739,0.001367121216277081,False,0.0,True
clock_cos,len2_cond2_1.csv,57.5,-0.0001699999999996496,0.0013690762217824191,False,0.0,True
clock_cos,len2_cond2_1.csv,58.0,-0.0008549999999997865,0.0013682359313424276,False,0.0,True
clock_cos,len2_cond2_1.csv,58.5,0.0001100000000003043,0.001366865526704197,False,0.0,True
clock_cos,len2_cond2_1.csv,59.0,-0.00011499999999997623,0.0013657878548605441,False,0.0,True
clock_cos,len2_cond3_1.csv,0.0,0.0008399999999999901,0.0015488621597583314,False,0.0,True
clock_cos,len2_cond3_1.csv,0.5,0.0006149999999999767,0.0015165495299946864,False,0.0,True
clock_cos,len2_cond3_1.csv,1.0,-0.0004549999999999832,0.0015409631423903625,False,0.0,True
clock_cos,len2_cond3_1.csv,1.5,0.0009200000000001429,0.0015095668285400917,False,0.0,True
clock_cos,len2_cond3_1.csv,2.0,-0.0014100000000000223,0.001506560601319351,False,0.0,True
clock_cos,len2_cond3_1.csv,2.5,0.00039999999999990044,0.0014991448841323205,False,0.0,True
clock_cos,len2_cond3_1.csv,3.0,0.0016400000000000858,0.0014943079266767287,True,7.284603666167858e-05,True
clock_cos,len2_cond3_1.csv,3.5,-0.0013199999999999878,0.0014966635126753122,False,0.0,True
clock_cos,len2_cond3_1.csv,4.0,0.0018500000000000183,0.0014903817801833255,True,0.00017980910990834638,True
clock_cos,len2_cond3_1.csv,4.5,-0.0028849999999996934,0.0014959325421645602,True,0.0006945337289175665,True
clock_cos,len2_cond3_1.csv,5.0,0.0012449999999996075,0.0014803980125428343,False,0.0,True
clock_cos,len2_cond3_1.csv,5.5,0.00039500000000014523,0.0014747812074035304,False,0.0,True
clock_cos,len2_cond3_1.csv,6.0,-0.0012550000000000616,0.0014746169495168941,False,0.0,True
clock_cos,len2_cond3_1.csv,6.5,0.002000000000000182,0.0014738238486745932,True,0.00026308807566279447,True
clock_cos,len2_cond3_1.csv,7.0,-0.0020399999999999863,0.001463687991360387,True,0.00028815600431979964,True
clock_cos,len2_cond3_1.csv,7.5,0.0028999999999997916,0.0014724486941967347,True,0.0007137756529015282,True
clock_cos,len2_cond3_1.csv,8.0,-0.002029999999999643,0.001463684609396655,True,0.00028315769530149414,True
clock_cos,len2_cond3_1.csv,8.5,0.0012249999999999206,0.0014577249715055937,False,0.0,True
clock_cos,len2_cond3_1.csv,9.0,-0.0025399999999998757,0.0014507160154427802,True,0.0005446419922785477,True
clock_cos,len2_cond3_1.csv,9.5,4.499999999996174e-05,0.0014533072816472075,False,0.0,True
clock_cos,len2_cond3_1.csv,10.0,0.00045000000000000595,0.0014597556089074992,False,0.0,True
clock_cos,len2_cond3_1.csv,10.5,0.0017100000000002114,0.001447325116890072,True,0.00013133744155506967,True
clock_cos,len2_cond3_1.csv,11.0,-0.00017000000000000348,0.0014513594961339704,False,0.0,True
clock_cos,len2_cond3_1.csv,11.5,-0.0004699999999997484,0.0014423765417684135,False,0.0,True
clock_cos,len2_cond3_1.csv,12.0,0.00043999999999999595,0.0014360489326796968,False,0.0,True
clock_cos,len2_cond3_1.csv,12.5,-0.001575000000000104,0.0014335144801792719,True,7.074275991041611e-05,True
clock_cos,len2_cond3_1.csv,13.0,0.0022849999999999954,0.0014356388797741077,True,0.00042468056011294374,True
clock_cos,len2_cond3_1.csv,13.5,-0.0004050000000000442,0.0014272088259706915,False,0.0,True
clock_cos,len2_cond3_1.csv,14.0,-0.00180499999999989,0.0014436233503127471,True,0.00018068832484357145,True
clock_cos,len2_cond3_1.csv,14.5,0.0013699999999998713,0.0014329338640119153,False,0.0,True
clock_cos,len2_cond3_1.csv,15.0,-0.0019549999999999845,0.0014235895011603396,True,0.00026570524941982245,True
clock_cos,len2_cond3_1.csv,15.5,0.0016349999999997755,0.001421477930412318,True,0.0001067610347937288,True
clock_cos,len2_cond3_1.csv,16.0,3.499999999997949e-05,0.0014176649604760942,False,0.0,True
clock_cos,len2_cond3_1.csv,16.5,-0.00024000000000014288,0.0014147018139625527,False,0.0,True
clock_cos,len2_cond3_1.csv,17.0,0.0012650000000001549,0.0014105199777040033,False,0.0,True
clock_cos,len2_cond3_1.csv,17.5,-0.0015899999999999248,0.001427760268654136,True,8.111986567289442e-05,True
clock_cos,len2_cond3_1.csv,18.0,0.0008800000000001584,0.0014134380873997805,False,0.0,True
clock_cos,len2_cond3_1.csv,18.5,-0.00040999999999991044,0.0014094309715868203,False,0.0,True
clock_cos,len2_cond3_1.csv,19.0,-0.0009849999999999581,0.0014059686163870255,False,0.0,True
clock_cos,len2_cond3_1.csv,19.5,0.0004649999999998544,0.0014063620344022666,False,0.0,True
clock_cos,len2_cond3_1.csv,20.0,0.00011999999999974184,0.0014038862113699099,False,0.0,True
clock_cos,len2_cond3_1.csv,20.5,0.0003499999999999892,0.0014074764709286064,False,0.0,True
clock_cos,len2_cond3_1.csv,21.0,0.00024999999999997247,0.0014092060329552014,False,0.0,True
clock_cos,len2_cond3_1.csv,21.5,-0.0006049999999998001,0.001394139556619516,False,0.0,True
clock_cos,len2_cond3_1.csv,22.0,0.0003449999999999287,0.001396551382085771,False,0.0,True
clock_cos,len2_cond3_1.csv,22.5,0.002070000000000183,0.0013936010685469036,True,0.0003381994657266396,True
clock_cos,len2_cond3_1.csv,23.0,-0.003069999999999823,0.0013918661501124876,True,0.0008390669249436675,True
clock_cos,len2_cond3_1.csv,23.5,0.0025249999999998538,0.0013896426752185082,True,0.0005676786623906728,True
clock_cos,len2_cond3_1.csv,24.0,-0.0006500000000000672,0.0013919639420235082,False,0.0,True
clock_cos,len2_cond3_1.csv,24.5,-0.00041999999999992044,0.0013929630254288397,False,0.0,True
clock_cos,len2_cond3_1.csv,25.0,9.49999999997897e-05,0.0013825093258964692,False,0.0,True
clock_cos,len2_cond3_1.csv,25.5,-0.0007099999999998219,0.0013869059615640128,False,0.0,True
clock_cos,len2_cond3_1.csv,26.0,0.0002499999999997782,0.0013804642304266195,False,0.0,True
clock_cos,len2_cond3_1.csv,26.5,5.499999999990235e-05,0.0013838026383112228,False,0.0,True
clock_cos,len2_cond3_1.csv,27.0,-0.00029499999999996196,0.001376570270366748,False,0.0,True
clock_cos,len2_cond3_1.csv,27.5,0.00013000000000015777,0.0013829394852748968,False,0.0,True
clock_cos,len2_cond3_1.csv,28.0,0.0011350000000001637,0.0013835546805784742,False,0.0,True
clock_cos,len2_cond3_1.csv,28.5,-0.0007649999999999046,0.001373374796507081,False,0.0,True
clock_cos,len2_cond3_1.csv,29.0,-0.0004100000000003545,0.0013750481241330832,False,0.0,True
clock_cos,len2_cond3_1.csv,29.5,0.00022000000000024778,0.0013709908934545496,False,0.0,True
clock_cos,len2_cond3_1.csv,30.0,0.00013000000000011613,0.0013729476496445298,False,0.0,True
clock_cos,len2_cond3_1.csv,30.5,-0.0012500000000000289,0.0013706596273028965,False,0.0,True
clock_cos,len2_cond3_1.csv,31.0,0.00040500000000007197,0.0013737124737509068,False,0.0,True
clock_cos,len2_cond3_1.csv,31.5,1.4999999999931735e-05,0.0013698828894893658,False,0.0,True
clock_cos,len2_cond3_1.csv,32.0,0.0013850000000003027,0.0013649330322949588,True,1.0033483852671908e-05,True
clock_cos,len2_cond3_1.csv,32.5,-0.0007450000000002732,0.001363438863406486,False,0.0,True
clock_cos,len2_cond3_1.csv,33.0,-0.00047999999999978615,0.0013620939509539868,False,0.0,True
clock_cos,len2_cond3_1.csv,33.5,0.00028999999999995696,0.001363395683852583,False,0.0,True
clock_cos,len2_cond3_1.csv,34.0,0.00023500000000011012,0.0013713528482540366,False,0.0,True
clock_cos,len2_cond3_1.csv,34.5,-0.00037999999999949186,0.0013629831685679282,False,0.0,True
clock_cos,len2_cond3_1.csv,35.0,0.0001050000000002993,0.0013665453530188687,False,0.0,True
clock_cos,len2_cond3_1.csv,35.5,0.0027800000000004488,0.0013545987549119652,True,0.0007127006225442416,True
clock_cos,len2_cond3_1.csv,36.0,-0.002219999999999861,0.0013580666055902646,True,0.0004309666972047981,True
clock_cos,len2_cond3_1.csv,36.5,-0.0010449999999992965,0.0013551659852268304,False,0.0,True
clock_cos,len2_cond3_1.csv,37.0,-0.0005900000000003854,0.0013549719844582532,False,0.0,True
clock_cos,len2_cond3_1.csv,37.5,0.00020999999999969654,0.001353403329010171,False,0.0,True
clock_cos,len2_cond3_1.csv,38.0,0.0020349999999995927,0.0013629831685679282,True,0.00033600841571583225,True
clock_cos,len2_cond3_1.csv,38.5,-0.00183499999999992,0.0013516186564516198,True,0.0002416906717741501,True
clock_cos,len2_cond3_1.csv,39.0,0.0010350000000003967,0.0013490160578789223,False,0.0,True
clock_cos,len2_cond3_1.csv,39.5,-0.0005199999999999372,0.0013479706607189964,False,0.0,True
clock_cos,len2_cond3_1.csv,40.0,-0.001254999999999909,0.0013503835773975882,False,0.0,True
clock_cos,len2_cond3_1.csv,40.5,0.0008599999999998843,0.001347285348789848,False,0.0,True
clock_cos,len2_cond3_1.csv,41.0,0.0006749999999998008,0.0013479029010503318,False,0.0,True
clock_cos,len2_cond3_1.csv,41.5,0.00023000000000028553,0.0013454001699099874,False,0.0,True
clock_cos,len2_cond3_1.csv,42.0,-0.0007000000000003115,0.0013467903864342844,False,0.0,True
clock_cos,len2_cond3_1.csv,42.5,9.000000000050634e-05,0.0013384425014176093,False,0.0,True
clock_cos,len2_cond3_1.csv,43.0,0.000510000000000066,0.001340966308460132,False,0.0,True
clock_cos,len2_cond3_1.csv,43.5,-0.0003899999999992243,0.0013353004977757533,False,0.0,True
clock_cos,len2_cond3_1.csv,44.0,0.00046000000000008534,0.0013340860982005702,False,0.0,True
clock_cos,len2_cond3_1.csv,44.5,-0.001670000000000088,0.0013363051269582077,True,0.0001668474365209402,True
clock_cos,len2_cond3_1.csv,45.0,0.00034499999999951236,0.0013393229755695533,False,0.0,True
clock_cos,len2_cond3_1.csv,45.5,0.001084999999999614,0.0013343293313316685,False,0.0,True
clock_cos,len2_cond3_1.csv,46.0,0.000280000000000169,0.0013300376600729237,False,0.0,True
clock_cos,len2_cond3_1.csv,46.5,-0.0013050000000003892,0.001334110315266603,False,0.0,True
clock_cos,len2_cond3_1.csv,47.0,0.0011249999999997234,0.0013267049935974662,False,0.0,True
clock_cos,len2_cond3_1.csv,47.5,0.00014999999999984123,0.001333352149919569,False,0.0,True
clock_cos,len2_cond3_1.csv,48.0,0.0008550000000000502,0.0013363051269582077,False,0.0,True
clock_cos,len2_cond3_1.csv,48.5,-0.001799999999999552,0.0013315231358042498,True,0.00023423843209765107,True
clock_cos,len2_cond3_1.csv,49.0,3.5000000000090514e-05,0.0013286994918275212,False,0.0,True
clock_cos,len2_cond3_1.csv,49.5,0.00046000000000001595,0.0013245128691579844,False,0.0,True
clock_cos,len2_cond3_1.csv,50.0,0.0013350000000001139,0.00132689400384401,True,4.052998078051895e-06,True
clock_cos,len2_cond3_1.csv,50.5,-0.0010349999999994947,0.0013231168894565783,False,0.0,True
clock_cos,len2_cond3_1.csv,51.0,-0.0006849999999999148,0.0013265882024066941,False,0.0,True
clock_cos,len2_cond3_1.csv,51.5,0.0005100000000003713,0.0013186179185214989,False,0.0,True
clock_cos,len2_cond3_1.csv,52.0,-0.0012199999999996658,0.0013211061917039106,False,0.0,True
clock_cos,len2_cond3_1.csv,52.5,0.0012949999999999073,0.0013224818374707014,False,0.0,True
clock_cos,len2_cond3_1.csv,53.0,0.0012250000000001426,0.0013158097371809758,False,0.0,True
clock_cos,len2_cond3_1.csv,53.5,-0.0013400000000002438,0.0013156518998693595,True,1.217405006544213e-05,True
clock_cos,len2_cond3_1.csv,54.0,0.0005949999999999914,0.0013147598190366167,False,0.0,True
clock_cos,len2_cond3_1.csv,54.5,-0.0010950000000001514,0.0013200733525449366,False,0.0,True
clock_cos,len2_cond3_1.csv,55.0,0.0006999999999996315,0.0013186179185214989,False,0.0,True
clock_cos,len2_cond3_1.csv,55.5,-0.001249999999999446,0.0013183392398141763,False,0.0,True
clock_cos,len2_cond3_1.csv,56.0,0.0017600000000000948,0.0013152623131979298,True,0.0002223688434010825,True
clock_cos,len2_cond3_1.csv,56.5,-0.0007249999999997536,0.0013114795733213712,False,0.0,True
clock_cos,len2_cond3_1.csv,57.0,-0.0005649999999996352,0.0013131784172387185,False,0.0,True
clock_cos,len2_cond3_1.csv,57.5,0.0013399999999999315,0.001307394841476688,True,1.630257926162179e-05,True
clock_cos,len2_cond3_1.csv,58.0,-0.00046000000000005065,0.0013072998129693776,False,0.0,True
clock_cos,len2_cond3_1.csv,58.5,-0.00047500000000029463,0.0013129373573701488,False,0.0,True
clock_cos,len2_cond3_1.csv,59.0,0.0007200000000000539,0.0013124916033128533,False,0.0,True
clock_cos,len3_cond1_1.csv,0.0,0.00175499999999984,0.0014416096883807907,True,0.00015669515580952467,True
clock_cos,len3_cond1_1.csv,0.5,-0.0004350000000000742,0.0014404891310846274,False,0.0,True
clock_cos,len3_cond1_1.csv,1.0,-0.0006749999999999673,0.0014434379634193889,False,0.0,True
clock_cos,len3_cond1_1.csv,1.5,0.0009149999999999991,0.001441928801241343,False,0.0,True
clock_cos,len3_cond1_1.csv,2.0,-0.0011199999999998989,0.00143923463810934,False,0.0,True
clock_cos,len3_cond1_1.csv,2.5,0.0022649999999999615,0.0014364175272205974,True,0.0004142912363896819,True
clock_cos,len3_cond1_1.csv,3.0,-0.0007499999999999868,0.0014482010309621552,False,0.0,True
clock_cos,len3_cond1_1.csv,3.5,-0.0020050000000000345,0.0014400590454135501,True,0.0002824704772932422,True
clock_cos,len3_cond1_1.csv,4.0,0.002114999999999978,0.0014416096883807907,True,0.00033669515580959366,True
clock_cos,len3_cond1_1.csv,4.5,-0.0022849999999999815,0.001441657918779557,True,0.000421671040610212,True
clock_cos,len3_cond1_1.csv,5.0,0.001099999999999983,0.0014400924286426863,False,0.0,True
clock_cos,len3_cond1_1.csv,5.5,0.0015299999999999203,0.0014445221732678757,True,4.273891336602231e-05,True
clock_cos,len3_cond1_1.csv,6.0,4.0000000000151026e-05,0.0014386205859382164,False,0.0,True
clock_cos,len3_cond1_1.csv,6.5,-0.0010099999999999554,0.0014364175272205974,False,0.0,True
clock_cos,len3_cond1_1.csv,7.0,4.499999999998949e-05,0.0014392069377368675,False,0.0,True
clock_cos,len3_cond1_1.csv,7.5,-0.0008349999999999191,0.0014374770640147847,False,0.0,True
clock_cos,len3_cond1_1.csv,8.0,0.00024999999999941735,0.0014386205859382164,False,0.0,True
clock_cos,len3_cond1_1.csv,8.5,-0.0005949999999999012,0.001433996365341361,False,0.0,True
clock_cos,len3_cond1_1.csv,9.0,0.0010249999999999912,0.0014324201267670485,False,0.0,True
clock_cos,len3_cond1_1.csv,9.5,0.001754999999999951,0.0014420005164948102,True,0.00015649974175257044,True
clock_cos,len3_cond1_1.csv,10.0,-0.0027449999999997754,0.0014360544139374312,True,0.0006544727930311719,True
clock_cos,len3_cond1_1.csv,10.5,0.0019000000000000128,0.0014364175272205974,True,0.00023179123638970768,True
clock_cos,len3_cond1_1.csv,11.0,-0.0010950000000001237,0.0014361018878221506,False,0.0,True
clock_cos,len3_cond1_1.csv,11.5,-2.999999999986347e-05,0.0014345003971043685,False,0.0,True
clock_cos,len3_cond1_1.csv,12.0,0.001734999999999709,0.0014361662718545842,True,0.0001494168640725624,True
clock_cos,len3_cond1_1.csv,12.5,-0.002134999999999998,0.0014308405094417293,True,0.00035207974527913435,True
clock_cos,len3_cond1_1.csv,13.0,-0.000710000000000089,0.0014339678540911704,False,0.0,True
clock_cos,len3_cond1_1.csv,13.5,0.0015299999999999203,0.0014352231807695263,True,4.7388409615197e-05,True
clock_cos,len3_cond1_1.csv,14.0,-0.001274999999999804,0.0014307029361353538,False,0.0,True
clock_cos,len3_cond1_1.csv,14.5,0.0007149999999997991,0.0014314769228446695,False,0.0,True
clock_cos,len3_cond1_1.csv,15.0,1.0000000000044695e-05,0.0014278803757569924,False,0.0,True
clock_cos,len3_cond1_1.csv,15.5,0.0005650000000002597,0.0014314306502659544,False,0.0,True
clock_cos,len3_cond1_1.csv,16.0,-0.0012399999999997968,0.0014339498615027685,False,0.0,True
clock_cos,len3_cond1_1.csv,16.5,0.00165499999999974,0.001426131428664204,True,0.00011443428566776804,True
clock_cos,len3_cond1_1.csv,17.0,-0.0010450000000002506,0.001431319426167945,False,0.0,True
clock_cos,len3_cond1_1.csv,17.5,0.002200000000000202,0.0014365799991575522,True,0.0003817100004213248,True
clock_cos,len3_cond1_1.csv,18.0,-0.001975000000000393,0.001429007546144511,True,0.000272996226927941,True
clock_cos,len3_cond1_1.csv,18.5,0.0008199999999999319,0.001426926433471528,False,0.0,True
clock_cos,len3_cond1_1.csv,19.0,-0.0008800000000002001,0.0014300134023636291,False,0.0,True
clock_cos,len3_cond1_1.csv,19.5,-0.0011350000000003302,0.0014238862679283133,False,0.0,True
clock_cos,len3_cond1_1.csv,20.0,0.0005050000000000887,0.001432787626725362,False,0.0,True
clock_cos,len3_cond1_1.csv,20.5,0.0002500000000000835,0.0014214813113906824,False,0.0,True
clock_cos,len3_cond1_1.csv,21.0,0.0003749999999997644,0.0014292877386663028,False,0.0,True
clock_cos,len3_cond1_1.csv,21.5,0.0017300000000003424,0.001433697000060234,True,0.0001481514999700542,True
clock_cos,len3_cond1_1.csv,22.0,-0.0008200000000001539,0.0014263634726481224,False,0.0,True
clock_cos,len3_cond1_1.csv,22.5,-0.0001700000000001145,0.001422837839643577,False,0.0,True
clock_cos,len3_cond1_1.csv,23.0,0.000915000000000124,0.001423613263684521,False,0.0,True
clock_cos,len3_cond1_1.csv,23.5,-0.0028100000000003678,0.0014259906345731469,True,0.0006920046827136104,True
clock_cos,len3_cond1_1.csv,24.0,0.0025850000000002815,0.0014285376800598044,True,0.0005782311599702385,True
clock_cos,len3_cond1_1.csv,24.5,-0.0012499999999999734,0.0014185796417404259,False,0.0,True
clock_cos,len3_cond1_1.csv,25.0,-0.00024000000000021227,0.0014234280202532232,False,0.0,True
clock_cos,len3_cond1_1.csv,25.5,0.0005350000000001187,0.0014308032399538441,False,0.0,True
clock_cos,len3_cond1_1.csv,26.0,5.000000000032756e-06,0.0014234015029151825,False,0.0,True
clock_cos,len3_cond1_1.csv,26.5,-0.0005799999999995809,0.0014203448453398975,False,0.0,True
clock_cos,len3_cond1_1.csv,27.0,-8.499999999982133e-05,0.0014218586554429142,False,0.0,True
clock_cos,len3_cond1_1.csv,27.5,-0.001320000000000432,0.0014187504631967443,False,0.0,True
clock_cos,len3_cond1_1.csv,28.0,0.0011450000000002847,0.001425848399466934,False,0.0,True
clock_cos,len3_cond1_1.csv,28.5,0.0022050000000002346,0.0014136530383250662,True,0.0003956734808375841,True
clock_cos,len3_cond1_1.csv,29.0,-0.0009299999999998892,0.0014179025544009288,False,0.0,True
clock_cos,len3_cond1_1.csv,29.5,0.00026500000000023727,0.001418447602555043,False,0.0,True
clock_cos,len3_cond1_1.csv,30.0,-0.0008050000000002777,0.0014241277884255196,False,0.0,True
clock_cos,len3_cond1_1.csv,30.5,0.0009200000000001429,0.0014165672590786666,False,0.0,True
clock_cos,len3_cond1_1.csv,31.0,0.0003799999999999637,0.0014171594627454273,False,0.0,True
clock_cos,len3_cond1_1.csv,31.5,-0.001304999999999945,0.001421605942495581,False,0.0,True
clock_cos,len3_cond1_1.csv,32.0,0.0003449999999998177,0.001420263645307375,False,0.0,True
clock_cos,len3_cond1_1.csv,32.5,0.0004500000000001725,0.0014100544173834431,False,0.0,True
clock_cos,len3_cond1_1.csv,33.0,-0.0017999999999996075,0.0014172361973375735,True,0.000191381901331017,True
clock_cos,len3_cond1_1.csv,33.5,0.0018350000000000866,0.0014165440199288624,True,0.00020922799003561207,True
clock_cos,len3_cond1_1.csv,34.0,-0.0016199999999999548,0.0014162151625594032,True,0.00010189241872027581,True
clock_cos,len3_cond1_1.csv,34.5,0.0024100000000000232,0.0014124501802231333,True,0.0004987749098884448,True
clock_cos,len3_cond1_1.csv,35.0,-0.0004449999999999732,0.001408549624543097,False,0.0,True
clock_cos,len3_cond1_1.csv,35.5,-0.00013000000000035206,0.0014152126339024372,False,0.0,True
clock_cos,len3_cond1_1.csv,36.0,-0.0011599999999994948,0.001418213257218835,False,0.0,True
clock_cos,len3_cond1_1.csv,36.5,0.0006949999999996681,0.0014061558769234398,False,0.0,True
clock_cos,len3_cond1_1.csv,37.0,-0.0012100000000001832,0.001409056023889443,False,0.0,True
clock_cos,len3_cond1_1.csv,37.5,0.0007650000000002932,0.0014052189342996055,False,0.0,True
clock_cos,len3_cond1_1.csv,38.0,0.0004550000000005383,0.0014172298229876063,False,0.0,True
clock_cos,len3_cond1_1.csv,38.5,-0.001254999999999784,0.0014079640272028568,False,0.0,True
clock_cos,len3_cond1_1.csv,39.0,-0.0007499999999995288,0.0013999138495644223,False,0.0,True
clock_cos,len3_cond1_1.csv,39.5,0.0022899999999990706,0.0014094509805445343,True,0.00044027450972726804,True
clock_cos,len3_cond1_1.csv,40.0,-0.001014999999999655,0.0014162597406334734,False,0.0,True
clock_cos,len3_cond1_1.csv,40.5,-0.0008450000000005398,0.001401838972493683,False,0.0,True
clock_cos,len3_cond1_1.csv,41.0,0.0014150000000001384,0.001405813189653468,True,4.593405173335206e-06,True
clock_cos,len3_cond1_1.csv,41.5,-0.00047999999999953635,0.0013995478751078977,False,0.0,True
clock_cos,len3_cond1_1.csv,42.0,0.0015699999999995162,0.001412934995654559,True,7.85325021724786e-05,True
clock_cos,len3_cond1_1.csv,42.5,-0.0010099999999995113,0.0014044871212845515,False,0.0,True
clock_cos,len3_cond1_1.csv,43.0,-0.0010400000000000964,0.0013937572250882844,False,0.0,True
clock_cos,len3_cond1_1.csv,43.5,0.00032499999999999196,0.0014045716719194076,False,0.0,True
clock_cos,len3_cond1_1.csv,44.0,0.00032000000000032003,0.0014093026426404242,False,0.0,True
clock_cos,len3_cond1_1.csv,44.5,-0.0015250000000009978,0.0013988545661166264,True,6.30727169421857e-05,True
clock_cos,len3_cond1_1.csv,45.0,0.0016800000000006254,0.0014033654149271698,True,0.0001383172925367278,True
clock_cos,len3_cond1_1.csv,45.5,7.00000000000145e-05,0.0013996713624699932,False,0.0,True
clock_cos,len3_cond1_1.csv,46.0,-0.0005649999999992605,0.001409381686517289,False,0.0,True
clock_cos,len3_cond1_1.csv,46.5,0.00014999999999987246,0.0014028368047693796,False,0.0,True
clock_cos,len3_cond1_1.csv,47.0,0.0009700000000000819,0.0013916789013424754,False,0.0,True
clock_cos,len3_cond1_1.csv,47.5,-0.001224999999999643,0.001410485986742351,False,0.0,True
clock_cos,len3_cond1_1.csv,48.0,0.0007549999999995061,0.001409381686517289,False,0.0,True
clock_cos,len3_cond1_1.csv,48.5,-0.00022000000000099718,0.0013961981308324056,False,0.0,True
clock_cos,len3_cond1_1.csv,49.0,-0.0001649999999993046,0.001401392175427682,False,0.0,True
clock_cos,len3_cond1_1.csv,49.5,-0.0007099999999995998,0.001400825100937239,False,0.0,True
clock_cos,len3_cond1_1.csv,50.0,-0.0003300000000000525,0.0014059434528661855,False,0.0,True
clock_cos,len3_cond1_1.csv,50.5,0.002175000000000371,0.001400514483232346,True,0.0003872427583840126,True
clock_cos,len3_cond1_1.csv,51.0,-0.0009050000000003222,0.0013935724232753853,False,0.0,True
clock_cos,len3_cond1_1.csv,51.5,-0.0016500000000001097,0.0014030125925408234,True,0.00012349370372964315,True
clock_cos,len3_cond1_1.csv,52.0,0.0022900000000003473,0.0014059434528661855,True,0.0004420282735670808,True
clock_cos,len3_cond1_1.csv,52.5,-0.0022600000000000398,0.001395195341293971,True,0.00043240232935303435,True
clock_cos,len3_cond1_1.csv,53.0,0.00012500000000015277,0.001399234248220826,False,0.0,True
clock_cos,len3_cond1_1.csv,53.5,0.0017199999999997079,0.0013933520169766244,True,0.00016332399151154176,True
clock_cos,len3_cond1_1.csv,54.0,-0.0009299999999999864,0.0014034732884081044,False,0.0,True
clock_cos,len3_cond1_1.csv,54.5,0.0011550000000002392,0.0013996078709660254,False,0.0,True
clock_cos,len3_cond1_1.csv,55.0,1.5000000000098268e-05,0.0013929462873027835,False,0.0,True
clock_cos,len3_cond1_1.csv,55.5,-0.000359999999999569,0.0013968781070279796,False,0.0,True
clock_cos,len3_cond1_1.csv,56.0,2.500000000010827e-05,0.0014071680306926798,False,0.0,True
clock_cos,len3_cond1_1.csv,56.5,-0.00030500000000011074,0.0013946907989919875,False,0.0,True
clock_cos,len3_cond1_1.csv,57.0,0.00039999999999990044,0.0013972530226255223,False,0.0,True
clock_cos,len3_cond1_1.csv,57.5,-0.0010599999999999915,0.0013973039130908622,False,0.0,True
clock_cos,len3_cond1_1.csv,58.0,-0.00028500000000025727,0.001397302450126258,False,0.0,True
clock_cos,len3_cond1_1.csv,58.5,0.0015250000000006647,0.001399907825402304,True,6.254608729918038e-05,True
clock_cos,len3_cond1_1.csv,59.0,-0.0013399999999999523,0.0013936113748668454,False,0.0,True
clock_cos,len3_cond2_1.csv,0.0,0.0035049999999999804,0.0014543742932655334,True,0.0010253128533672233,True
clock_cos,len3_cond2_1.csv,0.5,-0.0018649999999998945,0.001461827608001631,True,0.00020158619599913176,True
clock_cos,len3_cond2_1.csv,1.0,0.00011500000000003174,0.0014624001912793044,False,0.0,True
clock_cos,len3_cond2_1.csv,1.5,0.0021249999999999325,0.0014536803564708994,True,0.00033565982176451655,True
clock_cos,len3_cond2_1.csv,2.0,-0.003614999999999924,0.0014624620010778952,True,0.0010762689994610142,True
clock_cos,len3_cond2_1.csv,2.5,0.0013450000000001516,0.001443852751993133,False,0.0,True
clock_cos,len3_cond2_1.csv,3.0,0.00048500000000002014,0.0014602506588836123,False,0.0,True
clock_cos,len3_cond2_1.csv,3.5,-0.0012600000000000389,0.0014573020998676555,False,0.0,True
clock_cos,len3_cond2_1.csv,4.0,0.001334999999999864,0.0014395051598253407,False,0.0,True
clock_cos,len3_cond2_1.csv,4.5,-0.002134999999999998,0.0014503204616118585,True,0.00034233976919406976,True
clock_cos,len3_cond2_1.csv,5.0,0.001165000000000041,0.0014418152023995315,False,0.0,True
clock_cos,len3_cond2_1.csv,5.5,0.0013799999999999368,0.0014366605006929873,False,0.0,True
clock_cos,len3_cond2_1.csv,6.0,-0.002134999999999998,0.001445077708276048,True,0.000344961145861975,True
clock_cos,len3_cond2_1.csv,6.5,0.0003049999999999997,0.0014273066892324612,False,0.0,True
clock_cos,len3_cond2_1.csv,7.0,0.0021399999999999753,0.0014356017288137183,True,0.0003521991355931285,True
clock_cos,len3_cond2_1.csv,7.5,-0.002114999999999867,0.0014396427250034094,True,0.0003376786374982288,True
clock_cos,len3_cond2_1.csv,8.0,0.0012449999999997186,0.001419432721977617,False,0.0,True
clock_cos,len3_cond2_1.csv,8.5,-0.0006649999999998046,0.0014264972070351762,False,0.0,True
clock_cos,len3_cond2_1.csv,9.0,0.0017450000000000937,0.0014166859558092275,True,0.00016415702209543308,True
clock_cos,len3_cond2_1.csv,9.5,0.00044499999999980666,0.0014227981292311209,False,0.0,True
clock_cos,len3_cond2_1.csv,10.0,-0.0025799999999999157,0.0014249770100149294,True,0.0005775114949924929,True
clock_cos,len3_cond2_1.csv,10.5,0.0014000000000000679,0.0014091001848453098,False,0.0,True
clock_cos,len3_cond2_1.csv,11.0,2.000000000003735e-05,0.001417566572438593,False,0.0,True
clock_cos,len3_cond2_1.csv,11.5,-0.001174999999999593,0.0014209092957209587,False,0.0,True
clock_cos,len3_cond2_1.csv,12.0,0.0017699999999997162,0.001403583975755625,True,0.00018320801212204558,True
clock_cos,len3_cond2_1.csv,12.5,-0.0022400000000000753,0.0014103018371082407,True,0.0004148490814459172,True
clock_cos,len3_cond2_1.csv,13.0,0.0006800000000000209,0.001403376694264789,False,0.0,True
clock_cos,len3_cond2_1.csv,13.5,0.0026499999999995416,0.00140406391674361,True,0.0006229680416279658,True
clock_cos,len3_cond2_1.csv,14.0,-0.003214999999999746,0.0014136715191938052,True,0.0009006642404029701,True
clock_cos,len3_cond2_1.csv,14.5,0.0006599999999999939,0.0013914539916635095,False,0.0,True
clock_cos,len3_cond2_1.csv,15.0,0.00036499999999999033,0.001396282583118429,False,0.0,True
clock_cos,len3_cond2_1.csv,15.5,-0.0015850000000000586,0.00140629059668669,True,8.935470165668429e-05,True
clock_cos,len3_cond2_1.csv,16.0,0.0008900000000001684,0.0013942866234344182,False,0.0,True
clock_cos,len3_cond2_1.csv,16.5,0.0007500000000000284,0.0013994706626503754,False,0.0,True
clock_cos,len3_cond2_1.csv,17.0,-0.0007550000000002763,0.0013859868041403072,False,0.0,True
clock_cos,len3_cond2_1.csv,17.5,0.0007750000000000257,0.0013954442386250642,False,0.0,True
clock_cos,len3_cond2_1.csv,18.0,0.0011499999999998733,0.0014002549311155936,False,0.0,True
clock_cos,len3_cond2_1.csv,18.5,0.00027500000000013625,0.0013804591237481284,False,0.0,True
clock_cos,len3_cond2_1.csv,19.0,-0.0005699999999998623,0.0013862018955585623,False,0.0,True
clock_cos,len3_cond2_1.csv,19.5,-0.001034999999999675,0.0013925422540348228,False,0.0,True
clock_cos,len3_cond2_1.csv,20.0,0.0001549999999997942,0.001380610762166546,False,0.0,True
clock_cos,len3_cond2_1.csv,20.5,-0.0017700000000002158,0.0013861137506777906,True,0.00019194312466121264,True
clock_cos,len3_cond2_1.csv,21.0,0.000980000000000203,0.0013759087685295338,False,0.0,True
clock_cos,len3_cond2_1.csv,21.5,0.001030000000000142,0.0013882419793626608,False,0.0,True
clock_cos,len3_cond2_1.csv,22.0,0.00016499999999963766,0.0013945558081529907,False,0.0,True
clock_cos,len3_cond2_1.csv,22.5,-0.000320000000000098,0.0013699083477725998,False,0.0,True
clock_cos,len3_cond2_1.csv,23.0,0.00035000000000015574,0.0013798775875540673,False,0.0,True
clock_cos,len3_cond2_1.csv,23.5,-0.0018549999999999955,0.001384316258816434,True,0.00023534187059178076,True
clock_cos,len3_cond2_1.csv,24.0,0.00016499999999991521,0.0013777400668439597,False,0.0,True
clock_cos,len3_cond2_1.csv,24.5,0.0007849999999999246,0.0013778609751171908,False,0.0,True
clock_cos,len3_cond2_1.csv,25.0,1.5000000000181535e-05,0.0013613088702224018,False,0.0,True
clock_cos,len3_cond2_1.csv,25.5,0.00011500000000028154,0.0013720795594927384,False,0.0,True
clock_cos,len3_cond2_1.csv,26.0,-0.0006649999999999712,0.0013891962012782943,False,0.0,True
clock_cos,len3_cond2_1.csv,26.5,-0.00018499999999999073,0.0013636143000151544,False,0.0,True
clock_cos,len3_cond2_1.csv,27.0,0.0009249999999997316,0.0013714690100507009,False,0.0,True
clock_cos,len3_cond2_1.csv,27.5,-0.0017449999999999966,0.0013726128271060532,True,0.00018619358644697168,True
clock_cos,len3_cond2_1.csv,28.0,0.001980000000000315,0.0013731923811060194,True,0.0003034038094471477,True
clock_cos,len3_cond2_1.csv,28.5,0.0010350000000000081,0.0013729647841373756,False,0.0,True
clock_cos,len3_cond2_1.csv,29.0,-0.0019150000000001943,0.0013565571405135563,True,0.000279221429743319,True
clock_cos,len3_cond2_1.csv,29.5,0.0014000000000002344,0.001362360674358278,True,1.8819662820978222e-05,True
clock_cos,len3_cond2_1.csv,30.0,-0.00013999999999986246,0.001374655681491917,False,0.0,True
clock_cos,len3_cond2_1.csv,30.5,0.0008250000000001312,0.0013560287635091528,False,0.0,True
clock_cos,len3_cond2_1.csv,31.0,-0.001109999999999861,0.001365960383831664,False,0.0,True
clock_cos,len3_cond2_1.csv,31.5,8.499999999994623e-05,0.0013719250490329528,False,0.0,True
clock_cos,len3_cond2_1.csv,32.0,-0.0003099999999996439,0.0013585505361378002,False,0.0,True
clock_cos,len3_cond2_1.csv,32.5,-0.00012000000000012001,0.0013672826660779014,False,0.0,True
clock_cos,len3_cond2_1.csv,33.0,9.500000000026154e-05,0.001349989698304258,False,0.0,True
clock_cos,len3_cond2_1.csv,33.5,0.00019500000000043094,0.00135466066027356,False,0.0,True
clock_cos,len3_cond2_1.csv,34.0,0.0013649999999993945,0.0013668211920547034,False,0.0,True
clock_cos,len3_cond2_1.csv,34.5,-0.0014750000000003372,0.001348712731764986,True,6.314363411767557e-05,True
clock_cos,len3_cond2_1.csv,35.0,0.001459999999999656,0.0013623983117550488,True,4.8800844122303625e-05,True
clock_cos,len3_cond2_1.csv,35.5,-0.0015200000000000907,0.001358057135693449,True,8.097143215332083e-05,True
clock_cos,len3_cond2_1.csv,36.0,0.0017550000000000066,0.0013537864099366446,True,0.000200606795031681,True
clock_cos,len3_cond2_1.csv,36.5,-0.002319999999999822,0.0013596183938569828,True,0.0004801908030714196,True
clock_cos,len3_cond2_1.csv,37.0,0.002249999999999752,0.001344011131182412,True,0.00045299443440867,True
clock_cos,len3_cond2_1.csv,37.5,-0.0014500000000001734,0.001358802437664338,True,4.559878116791767e-05,True
clock_cos,len3_cond2_1.csv,38.0,0.0006049999999999667,0.0013614102394358856,False,0.0,True
clock_cos,len3_cond2_1.csv,38.5,-0.0005549999999999722,0.0013427825529872977,False,0.0,True
clock_cos,len3_cond2_1.csv,39.0,-0.0003699999999995929,0.0013524692038221207,False,0.0,True
clock_cos,len3_cond2_1.csv,39.5,0.00011500000000085747,0.001351413911705628,False,0.0,True
clock_cos,len3_cond2_1.csv,40.0,-0.00016000000000043757,0.0013424160987316133,False,0.0,True
clock_cos,len3_cond2_1.csv,40.5,0.00023999999999985144,0.0013521100960083615,False,0.0,True
clock_cos,len3_cond2_1.csv,41.0,0.00045000000000039453,0.0013364843408200308,False,0.0,True
clock_cos,len3_cond2_1.csv,41.5,0.0011649999999998155,0.0013459073367323411,False,0.0,True
clock_cos,len3_cond2_1.csv,42.0,-0.0021299999999996044,0.001358802437664338,True,0.0003855987811676332,True
clock_cos,len3_cond2_1.csv,42.5,0.0007850000000001467,0.001336548208821797,False,0.0,True
clock_cos,len3_cond2_1.csv,43.0,-0.0010549999999999726,0.0013481593545747106,False,0.0,True
clock_cos,len3_cond2_1.csv,43.5,0.0012450000000001349,0.001336703615575959,False,0.0,True
clock_cos,len3_cond2_1.csv,44.0,0.0004500000000006166,0.0013430970933573337,False,0.0,True
clock_cos,len3_cond2_1.csv,44.5,-0.0020250000000006096,0.0013500012894867618,True,0.0003374993552569239,True
clock_cos,len3_cond2_1.csv,45.0,0.0025600000000001732,0.001329786344172076,True,0.0006151068279140485,True
clock_cos,len3_cond2_1.csv,45.5,-0.0012550000000003114,0.0013436008114964886,False,0.0,True
clock_cos,len3_cond2_1.csv,46.0,-0.00020000000000022777,0.0013443971749024053,False,0.0,True
clock_cos,len3_cond2_1.csv,46.5,0.00042500000000017524,0.0013348027107804295,False,0.0,True
clock_cos,len3_cond2_1.csv,47.0,-0.0007050000000003998,0.001341411829901871,False,0.0,True
clock_cos,len3_cond2_1.csv,47.5,0.00044000000000017636,0.0013280122141305771,False,0.0,True
clock_cos,len3_cond2_1.csv,48.0,8.00000000000245e-05,0.00133732369445886,False,0.0,True
clock_cos,len3_cond2_1.csv,48.5,-0.00026999999999999247,0.0013444380608445786,False,0.0,True
clock_cos,len3_cond2_1.csv,49.0,0.0008299999999997754,0.001324029045076895,False,0.0,True
clock_cos,len3_cond2_1.csv,49.5,-0.0010350000000006743,0.0013337157574740226,False,0.0,True
clock_cos,len3_cond2_1.csv,50.0,1.5000000000181535e-05,0.0013276099064475622,False,0.0,True
clock_cos,len3_cond2_1.csv,50.5,0.00017999999999990246,0.001328838763443131,False,0.0,True
clock_cos,len3_cond2_1.csv,51.0,0.00013999999999997348,0.001335037351586485,False,0.0,True
clock_cos,len3_cond2_1.csv,51.5,0.0015499999999998848,0.0013232876478668704,True,0.00011335617606650719,True
clock_cos,len3_cond2_1.csv,52.0,-0.002034999999999204,0.001333953321054765,True,0.0003505233394722196,True
clock_cos,len3_cond2_1.csv,52.5,4.500000000007276e-05,0.0013418964956108258,False,0.0,True
clock_cos,len3_cond2_1.csv,53.0,-1.4999999999820712e-05,0.0013184848772491765,False,0.0,True
clock_cos,len3_cond2_1.csv,53.5,-0.0009300000000001807,0.001329555434180071,False,0.0,True
clock_cos,len3_cond2_1.csv,54.0,0.00176500000000019,0.0013227199274948888,True,0.0002211400362526506,True
clock_cos,len3_cond2_1.csv,54.5,-0.0009349999999996861,0.0013208835511815103,False,0.0,True
clock_cos,len3_cond2_1.csv,55.0,0.0007849999999997026,0.0013303170256973318,False,0.0,True
clock_cos,len3_cond2_1.csv,55.5,-0.0007150000000004375,0.0013121713077871642,False,0.0,True
clock_cos,len3_cond2_1.csv,56.0,0.00023000000000000104,0.0013271090283094907,False,0.0,True
clock_cos,len3_cond2_1.csv,56.5,-0.0011399999999996413,0.0013295354242691619,False,0.0,True
clock_cos,len3_cond2_1.csv,57.0,0.0018849999999995815,0.0013131923579699576,True,0.0002859038210148119,True
clock_cos,len3_cond2_1.csv,57.5,-0.0010450000000002957,0.0013261421725035344,False,0.0,True
clock_cos,len3_cond2_1.csv,58.0,0.0005449999999994444,0.0013194923692054225,False,0.0,True
clock_cos,len3_cond2_1.csv,58.5,-0.0005450000000001842,0.0013154026261844303,False,0.0,True
clock_cos,len3_cond2_1.csv,59.0,-9.000000000009001e-05,0.0013240895001948542,False,0.0,True
clock_cos,len3_cond3_1.csv,0.0,0.0011250000000002647,0.0015272175353769624,False,0.0,True
clock_cos,len3_cond3_1.csv,0.5,0.00046999999999997044,0.0015247064955305556,False,0.0,True
clock_cos,len3_cond3_1.csv,1.0,-0.0008349999999999608,0.0015227889615167993,False,0.0,True
clock_cos,len3_cond3_1.csv,1.5,0.0018999999999999018,0.001507422245340676,True,0.0001962888773296129,True
clock_cos,len3_cond3_1.csv,2.0,-0.0029199999999998116,0.0015151964303781885,True,0.0007024017848108115,True
clock_cos,len3_cond3_1.csv,2.5,0.0015500000000001624,0.0015003581160716478,True,2.4820941964257296e-05,True
clock_cos,len3_cond3_1.csv,3.0,-0.0008899999999999741,0.001501287418527577,False,0.0,True
clock_cos,len3_cond3_1.csv,3.5,0.0008149999999997881,0.001507462475912627,False,0.0,True
clock_cos,len3_cond3_1.csv,4.0,-0.0004300000000001525,0.00148931368623808,False,0.0,True
clock_cos,len3_cond3_1.csv,4.5,-5.999999999994898e-05,0.0014862962240831557,False,0.0,True
clock_cos,len3_cond3_1.csv,5.0,0.00037500000000012523,0.0014827509453427786,False,0.0,True
clock_cos,len3_cond3_1.csv,5.5,0.0002950000000000452,0.001485041003287212,False,0.0,True
clock_cos,len3_cond3_1.csv,6.0,-0.0006049999999997446,0.001475728784039181,False,0.0,True
clock_cos,len3_cond3_1.csv,6.5,0.0017349999999999866,0.0014600595807431642,True,0.0001374702096284112,True
clock_cos,len3_cond3_1.csv,7.0,-0.0013750000000001261,0.001457177105606049,False,0.0,True
clock_cos,len3_cond3_1.csv,7.5,-0.0004249999999998977,0.0014820083641551539,False,0.0,True
clock_cos,len3_cond3_1.csv,8.0,0.0019099999999998563,0.0014536618198973947,True,0.00022816909005123076,True
clock_cos,len3_cond3_1.csv,8.5,-0.0029199999999998116,0.0014569535345347526,True,0.0007315232327325294,True
clock_cos,len3_cond3_1.csv,9.0,0.0010650000000002602,0.0014566709990984686,False,0.0,True
clock_cos,len3_cond3_1.csv,9.5,0.0006849999999998246,0.0014539901910017403,False,0.0,True
clock_cos,len3_cond3_1.csv,10.0,-0.002354999999999885,0.0014426173799325166,True,0.00045619131003368405,True
clock_cos,len3_cond3_1.csv,10.5,0.0022000000000000353,0.0014353559369729334,True,0.00038232203151355093,True
clock_cos,len3_cond3_1.csv,11.0,-0.00048500000000029075,0.0014368281387389078,False,0.0,True
clock_cos,len3_cond3_1.csv,11.5,-8.999999999992347e-05,0.001448128139825621,False,0.0,True
clock_cos,len3_cond3_1.csv,12.0,0.0001999999999996449,0.0014244533980362303,False,0.0,True
clock_cos,len3_cond3_1.csv,12.5,0.0012799999999999478,0.0014256943527100403,False,0.0,True
clock_cos,len3_cond3_1.csv,13.0,-0.0015749999999997988,0.0014218221947946753,True,7.658890260256175e-05,True
clock_cos,len3_cond3_1.csv,13.5,0.0004750000000000032,0.0014231575855002453,False,0.0,True
clock_cos,len3_cond3_1.csv,14.0,-5.500000000002725e-05,0.001416016241895988,False,0.0,True
clock_cos,len3_cond3_1.csv,14.5,-5.0000000000050004e-05,0.001405192076807899,False,0.0,True
clock_cos,len3_cond3_1.csv,15.0,3.0000000000002247e-05,0.0014072134301989535,False,0.0,True
clock_cos,len3_cond3_1.csv,15.5,0.0002249999999999197,0.0014164913271310484,False,0.0,True
clock_cos,len3_cond3_1.csv,16.0,0.0009749999999999481,0.001400444837244649,False,0.0,True
clock_cos,len3_cond3_1.csv,16.5,-0.0003850000000000797,0.0014031399258089955,False,0.0,True
clock_cos,len3_cond3_1.csv,17.0,-0.0019100000000000505,0.0013971874074080026,True,0.000256406296296024,True
clock_cos,len3_cond3_1.csv,17.5,0.0012600000000001499,0.0013998858235853178,False,0.0,True
clock_cos,len3_cond3_1.csv,18.0,-0.000320000000000209,0.001395098036556155,False,0.0,True
clock_cos,len3_cond3_1.csv,18.5,-0.0013950000000001461,0.0013902180021524715,True,2.39099892383732e-06,True
clock_cos,len3_cond3_1.csv,19.0,0.00016499999999991521,0.0013877339638979848,False,0.0,True
clock_cos,len3_cond3_1.csv,19.5,0.0006099999999998329,0.0013923715643164576,False,0.0,True
clock_cos,len3_cond3_1.csv,20.0,-0.00023499999999976318,0.001384045125330237,False,0.0,True
clock_cos,len3_cond3_1.csv,20.5,0.00025999999999992696,0.0013830194139998833,False,0.0,True
clock_cos,len3_cond3_1.csv,21.0,3.500000000018766e-05,0.001383233938534364,False,0.0,True
clock_cos,len3_cond3_1.csv,21.5,0.000760000000000205,0.0013848110493047165,False,0.0,True
clock_cos,len3_cond3_1.csv,22.0,0.001074999999999826,0.0013782453745882963,False,0.0,True
clock_cos,len3_cond3_1.csv,22.5,-0.0019449999999997525,0.001372561279786433,True,0.00028621936010665976,True
clock_cos,len3_cond3_1.csv,23.0,0.0019049999999997541,0.0013745959403780252,True,0.00026520202981086447,True
clock_cos,len3_cond3_1.csv,23.5,-0.0022500000000001963,0.0013783801922438073,True,0.0004358099038781944,True
clock_cos,len3_cond3_1.csv,24.0,-0.0002649999999999597,0.0013687628475306944,False,0.0,True
clock_cos,len3_cond3_1.csv,24.5,-0.00024000000000024002,0.0013672671467718706,False,0.0,True
clock_cos,len3_cond3_1.csv,25.0,-4.999999999907856e-06,0.0013701831034847265,False,0.0,True
clock_cos,len3_cond3_1.csv,25.5,0.0010999999999999899,0.001371724954209781,False,0.0,True
clock_cos,len3_cond3_1.csv,26.0,-0.0006050000000002997,0.0013653281039826123,False,0.0,True
clock_cos,len3_cond3_1.csv,26.5,0.0011450000000000626,0.0013613382489930405,False,0.0,True
clock_cos,len3_cond3_1.csv,27.0,1.942890293094024e-16,0.0013573450711612677,False,0.0,True
clock_cos,len3_cond3_1.csv,27.5,-0.0007850000000003132,0.001365240671496771,False,0.0,True
clock_cos,len3_cond3_1.csv,28.0,0.0006250000000002087,0.0013575939394100819,False,0.0,True
clock_cos,len3_cond3_1.csv,28.5,0.0002749999999998032,0.0013569442748325423,False,0.0,True
clock_cos,len3_cond3_1.csv,29.0,-0.0004100000000000041,0.0013530518529240654,False,0.0,True
clock_cos,len3_cond3_1.csv,29.5,0.0011700000000002264,0.0013552162946151862,False,0.0,True
clock_cos,len3_cond3_1.csv,30.0,0.0001549999999997942,0.001354562014490949,False,0.0,True
clock_cos,len3_cond3_1.csv,30.5,-0.0008749999999999591,0.0013484163851260906,False,0.0,True
clock_cos,len3_cond3_1.csv,31.0,0.0013299999999998417,0.0013552162946151862,False,0.0,True
clock_cos,len3_cond3_1.csv,31.5,-0.0013000000000002454,0.0013451209207627844,False,0.0,True
clock_cos,len3_cond3_1.csv,32.0,0.00036500000000011523,0.001345341481667637,False,0.0,True
clock_cos,len3_cond3_1.csv,32.5,2.0000000000131024e-05,0.0013450870414991102,False,0.0,True
clock_cos,len3_cond3_1.csv,33.0,4.5000000000232354e-05,0.0013417802452840761,False,0.0,True
clock_cos,len3_cond3_1.csv,33.5,-0.0003249999999997699,0.0013457227871519865,False,0.0,True
clock_cos,len3_cond3_1.csv,34.0,-0.0008249999999999091,0.0013447070141791122,False,0.0,True
clock_cos,len3_cond3_1.csv,34.5,0.0011350000000001081,0.0013399357005106276,False,0.0,True
clock_cos,len3_cond3_1.csv,35.0,0.00011500000000030236,0.0013401938744672345,False,0.0,True
clock_cos,len3_cond3_1.csv,35.5,-0.0020349999999998702,0.0013406212061050108,True,0.0003471893969474297,True
clock_cos,len3_cond3_1.csv,36.0,0.0007000000000000339,0.0013417823382475768,False,0.0,True
clock_cos,len3_cond3_1.csv,36.5,0.0008350000000004743,0.001337487494600734,False,0.0,True
clock_cos,len3_cond3_1.csv,37.0,-0.0010100000000002468,0.0013311967405074995,False,0.0,True
clock_cos,len3_cond3_1.csv,37.5,0.0003749999999997644,0.0013384612902472034,False,0.0,True
clock_cos,len3_cond3_1.csv,38.0,0.0015399999999994307,0.0013383948630109068,True,0.00010080256849426196,True
clock_cos,len3_cond3_1.csv,38.5,-0.0007450000000001622,0.0013296038233142162,False,0.0,True
clock_cos,len3_cond3_1.csv,39.0,-0.0011050000000004528,0.0013338977383997805,False,0.0,True
clock_cos,len3_cond3_1.csv,39.5,0.00016500000000033155,0.0013331047367599435,False,0.0,True
clock_cos,len3_cond3_1.csv,40.0,0.0005399999999998184,0.0013369103947294457,False,0.0,True
clock_cos,len3_cond3_1.csv,40.5,-0.00043000000000009697,0.0013289040569605308,False,0.0,True
clock_cos,len3_cond3_1.csv,41.0,0.0015349999999997033,0.0013255353936232905,True,0.00010473230318820638,True
clock_cos,len3_cond3_1.csv,41.5,-0.00038500000000026013,0.0013275013488344334,False,0.0,True
clock_cos,len3_cond3_1.csv,42.0,-0.00034999999999996145,0.0013312507062945378,False,0.0,True
clock_cos,len3_cond3_1.csv,42.5,0.0009449999999998626,0.0013217289532308862,False,0.0,True
clock_cos,len3_cond3_1.csv,43.0,-0.002270000000000272,0.0013248884833888441,True,0.00047255575830571373,True
clock_cos,len3_cond3_1.csv,43.5,0.002194999999999697,0.0013275188441753533,True,0.00043374057791217195,True
clock_cos,len3_cond3_1.csv,44.0,-0.0016399999999996417,0.0013234476867184884,True,0.00015827615664057665,True
clock_cos,len3_cond3_1.csv,44.5,-0.0010149999999999604,0.0013217289532308862,False,0.0,True
clock_cos,len3_cond3_1.csv,45.0,0.0004900000000001847,0.001319628068946796,False,0.0,True
clock_cos,len3_cond3_1.csv,45.5,-0.0001449999999998397,0.0013280532312471864,False,0.0,True
clock_cos,len3_cond3_1.csv,46.0,0.0006399999999998907,0.0013217273199354854,False,0.0,True
clock_cos,len3_cond3_1.csv,46.5,0.00044000000000035677,0.0013150004965401833,False,0.0,True
clock_cos,len3_cond3_1.csv,47.0,-7.999999999983021e-05,0.0013160385659740888,False,0.0,True
clock_cos,len3_cond3_1.csv,47.5,-0.0009599999999998846,0.0013184294258667146,False,0.0,True
clock_cos,len3_cond3_1.csv,48.0,0.0021750000000000935,0.0013167654348697213,True,0.0004291172825651861,True
clock_cos,len3_cond3_1.csv,48.5,-0.001715000000000022,0.0013171946757853281,True,0.00019890266210734696,True
clock_cos,len3_cond3_1.csv,49.0,-0.00016999999999969817,0.001312612046327869,False,0.0,True
clock_cos,len3_cond3_1.csv,49.5,0.0005000000000000802,0.001310250773619012,False,0.0,True
clock_cos,len3_cond3_1.csv,50.0,-6.0000000000753895e-05,0.0013196822237767755,False,0.0,True
clock_cos,len3_cond3_1.csv,50.5,-0.0004750000000000587,0.0013094088145300111,False,0.0,True
clock_cos,len3_cond3_1.csv,51.0,-0.0007150000000000489,0.0013087168979768716,False,0.0,True
clock_cos,len3_cond3_1.csv,51.5,0.002359999999999817,0.0013106795298992197,True,0.0005246602350502986,True
clock_cos,len3_cond3_1.csv,52.0,-0.00015500000000037706,0.0013116287935191566,False,0.0,True
clock_cos,len3_cond3_1.csv,52.5,0.00027000000000038105,0.001310133499321683,False,0.0,True
clock_cos,len3_cond3_1.csv,53.0,-0.002079999999999582,0.0013044471608347759,True,0.00038777641958240316,True
clock_cos,len3_cond3_1.csv,53.5,0.0010650000000000876,0.0013075879324486437,False,0.0,True
clock_cos,len3_cond3_1.csv,54.0,0.00026500000000057033,0.0013111391358845764,False,0.0,True
clock_cos,len3_cond3_1.csv,54.5,0.000235000000000124,0.0013062531872833384,False,0.0,True
clock_cos,len3_cond3_1.csv,55.0,-0.0004649999999996046,0.0013053910725183023,False,0.0,True
clock_cos,len3_cond3_1.csv,55.5,-0.000779999999999937,0.00130320768291908,False,0.0,True
clock_cos,len3_cond3_1.csv,56.0,0.00040000000000033065,0.0013041892842474343,False,0.0,True
clock_cos,len3_cond3_1.csv,56.5,-0.0005799999999998862,0.0013050294913511111,False,0.0,True
clock_cos,len3_cond3_1.csv,57.0,0.0021899999999999142,0.0013017966615216571,True,0.00044410166923912855,True
clock_cos,len3_cond3_1.csv,57.5,-0.000570000000000008,0.001306251934848049,False,0.0,True
clock_cos,len3_cond3_1.csv,58.0,-0.0012549999999997563,0.001303872174515796,False,0.0,True
clock_cos,len3_cond3_1.csv,58.5,0.00033999999999959063,0.0013046517428825927,False,0.0,True
clock_cos,len3_cond3_1.csv,59.0,-0.0005750000000002142,0.0013022685635182562,False,0.0,True
clock_cos,len4_cond1_1.csv,0.0,0.0009399999999999409,0.0014866342239839726,False,0.0,True
clock_cos,len4_cond1_1.csv,0.5,-0.0011249999999998206,0.001481543550184288,False,0.0,True
clock_cos,len4_cond1_1.csv,1.0,-0.0007349999999999302,0.001475004849408559,False,0.0,True
clock_cos,len4_cond1_1.csv,1.5,0.001100000000000101,0.0014839927698166576,False,0.0,True
clock_cos,len4_cond1_1.csv,2.0,0.001080000000000192,0.0014792930667738495,False,0.0,True
clock_cos,len4_cond1_1.csv,2.5,-0.0022000000000000353,0.0014707183189439752,True,0.00036464084052803005,True
clock_cos,len4_cond1_1.csv,3.0,0.0016700000000000603,0.001481119001379821,True,9.444049931011961e-05,True
clock_cos,len4_cond1_1.csv,3.5,-8.999999999992347e-05,0.0014754292849043118,False,0.0,True
clock_cos,len4_cond1_1.csv,4.0,-0.001550000000000079,0.001472956098668187,True,3.852195066594605e-05,True
clock_cos,len4_cond1_1.csv,4.5,0.0020049999999999235,0.001478452025045758,True,0.0002632739874770828,True
clock_cos,len4_cond1_1.csv,5.0,-0.0028799999999997716,0.001471823274081361,True,0.0007040883629592051,True
clock_cos,len4_cond1_1.csv,5.5,0.0005949999999998457,0.0014661388779295247,False,0.0,True
clock_cos,len4_cond1_1.csv,6.0,0.0020049999999999235,0.001475370435413361,True,0.0002648147822932813,True
clock_cos,len4_cond1_1.csv,6.5,0.00016499999999997073,0.001466664382774885,False,0.0,True
clock_cos,len4_cond1_1.csv,7.0,-0.002155000000000129,0.0014611529267851075,True,0.00034692353660751077,True
clock_cos,len4_cond1_1.csv,7.5,0.0037399999999999656,0.0014766831236856662,True,0.0011316584381571497,True
clock_cos,len4_cond1_1.csv,8.0,-0.0036849999999999383,0.001465103990873262,True,0.0011099480045633381,True
clock_cos,len4_cond1_1.csv,8.5,0.001584999999999892,0.0014582021394198576,True,6.339893029001721e-05,True
clock_cos,len4_cond1_1.csv,9.0,0.000620000000000287,0.0014821069565828355,False,0.0,True
clock_cos,len4_cond1_1.csv,9.5,-0.0010299999999998644,0.0014622323544679118,False,0.0,True
clock_cos,len4_cond1_1.csv,10.0,-0.00012999999999996348,0.0014578331293474134,False,0.0,True
clock_cos,len4_cond1_1.csv,10.5,0.0026449999999997864,0.0014762872644038054,True,0.0005843563677979905,True
clock_cos,len4_cond1_1.csv,11.0,-0.003195000000000059,0.001460056041299349,True,0.0008674719793503548,True
clock_cos,len4_cond1_1.csv,11.5,0.00040000000000006697,0.0014586891342470323,False,0.0,True
clock_cos,len4_cond1_1.csv,12.0,0.0019649999999999945,0.0014788100482191683,True,0.0002430949758904131,True
clock_cos,len4_cond1_1.csv,12.5,-0.0025800000000000267,0.0014597060494168314,True,0.0005601469752915976,True
clock_cos,len4_cond1_1.csv,13.0,0.0021250000000000435,0.0014547262005274973,True,0.0003351368997362731,True
clock_cos,len4_cond1_1.csv,13.5,-0.000980000000000092,0.0014695112921436714,False,0.0,True
clock_cos,len4_cond1_1.csv,14.0,0.00016000000000016001,0.0014582657492230003,False,0.0,True
clock_cos,len4_cond1_1.csv,14.5,-0.00033500000000014074,0.0014552166839670118,False,0.0,True
clock_cos,len4_cond1_1.csv,15.0,8.999999999992347e-05,0.0014566661708011381,False,0.0,True
clock_cos,len4_cond1_1.csv,15.5,0.00034499999999959563,0.001459604643928112,False,0.0,True
clock_cos,len4_cond1_1.csv,16.0,-0.0008549999999997171,0.0014543899731466522,False,0.0,True
clock_cos,len4_cond1_1.csv,16.5,0.0008050000000001112,0.0014567229413767846,False,0.0,True
clock_cos,len4_cond1_1.csv,17.0,-0.0017250000000006427,0.0014594107325121841,True,0.00013279463374422928,True
clock_cos,len4_cond1_1.csv,17.5,0.0025450000000004636,0.0014523997894827793,True,0.000546300105258842,True
clock_cos,len4_cond1_1.csv,18.0,-0.0009299999999997643,0.0014534078044509103,False,0.0,True
clock_cos,len4_cond1_1.csv,18.5,-0.0011500000000004285,0.001464326576970263,False,0.0,True
clock_cos,len4_cond1_1.csv,19.0,0.002315000000000178,0.0014516308724345252,True,0.0004316845637828263,True
clock_cos,len4_cond1_1.csv,19.5,-0.0007649999999999602,0.001442683165430144,False,0.0,True
clock_cos,len4_cond1_1.csv,20.0,-0.002100000000000657,0.0014714004330725135,True,0.0003142997834640717,True
clock_cos,len4_cond1_1.csv,20.5,0.0021650000000000835,0.0014487668544525183,True,0.0003581165727737826,True
clock_cos,len4_cond1_1.csv,21.0,-0.0005100000000001215,0.001440798240292259,False,0.0,True
clock_cos,len4_cond1_1.csv,21.5,9.999999999732445e-06,0.0014753251006981117,False,0.0,True
clock_cos,len4_cond1_1.csv,22.0,-0.0010499999999998844,0.0014470916039163659,False,0.0,True
clock_cos,len4_cond1_1.csv,22.5,0.0012749999999999706,0.0014437364756638101,False,0.0,True
clock_cos,len4_cond1_1.csv,23.0,-0.0010050000000000336,0.001473591857721188,False,0.0,True
clock_cos,len4_cond1_1.csv,23.5,0.0021099999999999453,0.0014470698411053144,True,0.00033146507944731545,True
clock_cos,len4_cond1_1.csv,24.0,-0.001395000000000035,0.0014477793675694677,False,0.0,True
clock_cos,len4_cond1_1.csv,24.5,0.0014199999999999768,0.001466044782847684,False,0.0,True
clock_cos,len4_cond1_1.csv,25.0,-0.0015899999999998693,0.0014467422593105559,True,7.162887034465671e-05,True
clock_cos,len4_cond1_1.csv,25.5,-9.000000000010389e-05,0.0014444700719112987,False,0.0,True
clock_cos,len4_cond1_1.csv,26.0,0.0005999999999999339,0.0014589894134032044,False,0.0,True
clock_cos,len4_cond1_1.csv,26.5,9.000000000014552e-05,0.0014465691965832247,False,0.0,True
clock_cos,len4_cond1_1.csv,27.0,0.0009150000000000234,0.0014464745352253344,False,0.0,True
clock_cos,len4_cond1_1.csv,27.5,-0.0007449999999997736,0.0014459824061174046,False,0.0,True
clock_cos,len4_cond1_1.csv,28.0,0.001214999999999966,0.0014462611143105934,False,0.0,True
clock_cos,len4_cond1_1.csv,28.5,-0.0011149999999999077,0.0014458561698504125,False,0.0,True
clock_cos,len4_cond1_1.csv,29.0,4.999999999921734e-06,0.0014467528590670058,False,0.0,True
clock_cos,len4_cond1_1.csv,29.5,-0.0002750000000000252,0.0014445533039564363,False,0.0,True
clock_cos,len4_cond1_1.csv,30.0,-4.000000000001225e-05,0.0014423663180045464,False,0.0,True
clock_cos,len4_cond1_1.csv,30.5,-0.00013500000000010726,0.001444591988807069,False,0.0,True
clock_cos,len4_cond1_1.csv,31.0,0.00138000000000027,0.0014436180436892885,False,0.0,True
clock_cos,len4_cond1_1.csv,31.5,-0.0013749999999998763,0.0014405460384606578,False,0.0,True
clock_cos,len4_cond1_1.csv,32.0,-0.0002350000000003183,0.0014513998910082567,False,0.0,True
clock_cos,len4_cond1_1.csv,32.5,0.0003400000000007841,0.0014427482233074335,False,0.0,True
clock_cos,len4_cond1_1.csv,33.0,0.0010849999999996696,0.0014357376575978838,False,0.0,True
clock_cos,len4_cond1_1.csv,33.5,-0.002060000000000617,0.0014477521736913793,True,0.0003061239131546188,True
clock_cos,len4_cond1_1.csv,34.0,-6.499999999920458e-05,0.00144108251314274,False,0.0,True
clock_cos,len4_cond1_1.csv,34.5,0.0024249999999992333,0.0014361754605009209,True,0.000494412269749156,True
clock_cos,len4_cond1_1.csv,35.0,-0.0030100000000005123,0.0014452653475275257,True,0.0007823673262364931,True
clock_cos,len4_cond1_1.csv,35.5,0.00036500000000061483,0.0014428691239032564,False,0.0,True
clock_cos,len4_cond1_1.csv,36.0,-3.500000000017378e-05,0.0014305424272159988,False,0.0,True
clock_cos,len4_cond1_1.csv,36.5,-0.0004850000000005128,0.0014442624304381165,False,0.0,True
clock_cos,len4_cond1_1.csv,37.0,0.002855000000000163,0.0014450383415367267,True,0.000704980829231718,True
clock_cos,len4_cond1_1.csv,37.5,-0.0018449999999992084,0.0014310039779246565,True,0.00020699801103727592,True
clock_cos,len4_cond1_1.csv,38.0,-0.00040000000000040004,0.0014407923384041296,False,0.0,True
clock_cos,len4_cond1_1.csv,38.5,0.0024400000000001087,0.0014487263113773575,True,0.0004956368443113754,True
clock_cos,len4_cond1_1.csv,39.0,-0.0011249999999998206,0.001429850703879648,False,0.0,True
clock_cos,len4_cond1_1.csv,39.5,-0.0020450000000004076,0.0014307016586655877,True,0.00030714917066740994,True
clock_cos,len4_cond1_1.csv,40.0,0.003629999999999689,0.0014547153607615908,True,0.0010876423196190489,True
clock_cos,len4_cond1_1.csv,40.5,-0.0022899999999999032,0.0014281154198727667,True,0.00043094229006356813,True
clock_cos,len4_cond1_1.csv,41.0,0.0008549999999995506,0.0014224433839031365,False,0.0,True
clock_cos,len4_cond1_1.csv,41.5,0.0013700000000004264,0.001452393878139704,False,0.0,True
clock_cos,len4_cond1_1.csv,42.0,-0.0017099999999998783,0.001427260110686725,True,0.00014136994465657662,True
clock_cos,len4_cond1_1.csv,42.5,-0.0006949999999998624,0.0014196557876461472,False,0.0,True
clock_cos,len4_cond1_1.csv,43.0,0.002275000000000027,0.0014495591143012904,True,0.00041272044284936817,True
clock_cos,len4_cond1_1.csv,43.5,-0.0014599999999995728,0.0014266631642166523,True,1.6668417891460216e-05,True
clock_cos,len4_cond1_1.csv,44.0,0.00012000000000005062,0.001421795313818632,False,0.0,True
clock_cos,len4_cond1_1.csv,44.5,0.001080000000000414,0.0014336955399802422,False,0.0,True
clock_cos,len4_cond1_1.csv,45.0,-0.002254999999999674,0.0014244202788259216,True,0.00041528986058687607,True
clock_cos,len4_cond1_1.csv,45.5,1.0000000000301434e-05,0.00142216247906654,False,0.0,True
clock_cos,len4_cond1_1.csv,46.0,0.0004900000000002125,0.0014325629990825282,False,0.0,True
clock_cos,len4_cond1_1.csv,46.5,-0.0008100000000008656,0.0014219120731125809,False,0.0,True
clock_cos,len4_cond1_1.csv,47.0,0.0010699999999998905,0.0014230142645012514,False,0.0,True
clock_cos,len4_cond1_1.csv,47.5,0.0009050000000003777,0.001432742249160408,False,0.0,True
clock_cos,len4_cond1_1.csv,48.0,-0.0003900000000006676,0.001421130392235319,False,0.0,True
clock_cos,len4_cond1_1.csv,48.5,-0.0018549999999996902,0.0014242162565105457,True,0.00021539187174457225,True
clock_cos,len4_cond1_1.csv,49.0,0.0018499999999997963,0.0014270429632446302,True,0.00021147851837758302,True
clock_cos,len4_cond1_1.csv,49.5,-0.0007150000000004653,0.0014192554376729865,False,0.0,True
clock_cos,len4_cond1_1.csv,50.0,0.000370000000000148,0.0014187742995749632,False,0.0,True
clock_cos,len4_cond1_1.csv,50.5,0.0007149999999999102,0.0014305184299613193,False,0.0,True
clock_cos,len4_cond1_1.csv,51.0,-0.0016900000000008575,0.0014189261788287574,True,0.00013553691058605004,True
clock_cos,len4_cond1_1.csv,51.5,0.0009550000000003722,0.0014176476133979418,False,0.0,True
clock_cos,len4_cond1_1.csv,52.0,0.0018950000000001466,0.001428164749294866,True,0.0002334176253526403,True
clock_cos,len4_cond1_1.csv,52.5,-0.0018249999999995214,0.0014226686344416851,True,0.00020116568277891815,True
clock_cos,len4_cond1_1.csv,53.0,-0.0018399999999997307,0.0014198170104924427,True,0.000210091494753644,True
clock_cos,len4_cond1_1.csv,53.5,0.0022099999999998787,0.0014237868538984951,True,0.0003931065730506917,True
clock_cos,len4_cond1_1.csv,54.0,0.00023000000000050758,0.0014280592071320268,False,0.0,True
clock_cos,len4_cond1_1.csv,54.5,-0.00010500000000024379,0.001416979685009002,False,0.0,True
clock_cos,len4_cond1_1.csv,55.0,-0.0005149999999990995,0.0014214788250435611,False,0.0,True
clock_cos,len4_cond1_1.csv,55.5,-0.00043500000000018524,0.0014360088568242768,False,0.0,True
clock_cos,len4_cond1_1.csv,56.0,0.0015600000000002279,0.0014180940359419642,True,7.095298202913184e-05,True
clock_cos,len4_cond1_1.csv,56.5,-0.0010949999999993743,0.0014173848313577637,False,0.0,True
clock_cos,len4_cond1_1.csv,57.0,-1.9999999999797957e-05,0.0014405323343878954,False,0.0,True
clock_cos,len4_cond1_1.csv,57.5,-0.000200000000000089,0.0014172439524233697,False,0.0,True
clock_cos,len4_cond1_1.csv,58.0,-0.0014349999999998808,0.0014151046429117977,True,9.947678544041543e-06,True
clock_cos,len4_cond1_1.csv,58.5,0.00012500000000015277,0.0014232779991635042,False,0.0,True
clock_cos,len4_cond1_1.csv,59.0,0.001040000000000041,0.0014178000005966472,False,0.0,True
clock_cos,len4_cond2_1.csv,0.0,0.0008350000000000302,0.0014304549176109703,False,0.0,True
clock_cos,len4_cond2_1.csv,0.5,-0.002955000000000041,0.0014393343614078078,True,0.0007578328192961164,True
clock_cos,len4_cond2_1.csv,1.0,0.0033250000000000224,0.0014106196413699696,True,0.0009571901793150263,True
clock_cos,len4_cond2_1.csv,1.5,-0.0021900000000000253,0.0014188223210246298,True,0.00038558883948769775,True
clock_cos,len4_cond2_1.csv,2.0,0.00032999999999994145,0.0014302095800550806,False,0.0,True
clock_cos,len4_cond2_1.csv,2.5,0.0003450000000000397,0.0014033560361489071,False,0.0,True
clock_cos,len4_cond2_1.csv,3.0,0.0005350000000000077,0.0014123274752804163,False,0.0,True
clock_cos,len4_cond2_1.csv,3.5,-0.0004299999999998194,0.0014162574410255975,False,0.0,True
clock_cos,len4_cond2_1.csv,4.0,0.0009799999999998699,0.001397706974704622,False,0.0,True
clock_cos,len4_cond2_1.csv,4.5,-0.0006349999999999342,0.0014077202601622922,False,0.0,True
clock_cos,len4_cond2_1.csv,5.0,-0.0007949999999998791,0.0013998316757996314,False,0.0,True
clock_cos,len4_cond2_1.csv,5.5,0.0010299999999998644,0.0013926843562073509,False,0.0,True
clock_cos,len4_cond2_1.csv,6.0,7.500000000013052e-05,0.0014003306003861592,False,0.0,True
clock_cos,len4_cond2_1.csv,6.5,-0.0009950000000000792,0.001392165098244009,False,0.0,True
clock_cos,len4_cond2_1.csv,7.0,0.0017099999999998783,0.0013874441123980022,True,0.00016127794380093805,True
clock_cos,len4_cond2_1.csv,7.5,-0.0004999999999999449,0.001389217186677237,False,0.0,True
clock_cos,len4_cond2_1.csv,8.0,-0.0010699999999998488,0.0013897679744335914,False,0.0,True
clock_cos,len4_cond2_1.csv,8.5,0.0007749999999999702,0.001382711297544388,False,0.0,True
clock_cos,len4_cond2_1.csv,9.0,-0.0012649999999999606,0.001387327614140877,False,0.0,True
clock_cos,len4_cond2_1.csv,9.5,-0.0007099999999997664,0.001393756611944165,False,0.0,True
clock_cos,len4_cond2_1.csv,10.0,0.0020249999999997215,0.0013809761664743889,True,0.0003220119167626663,True
clock_cos,len4_cond2_1.csv,10.5,-0.00010500000000002174,0.0013810202172607412,False,0.0,True
clock_cos,len4_cond2_1.csv,11.0,-0.00032999999999988594,0.0013883402940632085,False,0.0,True
clock_cos,len4_cond2_1.csv,11.5,0.00022999999999995246,0.001383032632702742,False,0.0,True
clock_cos,len4_cond2_1.csv,12.0,-0.0002550000000000052,0.0013791079776194202,False,0.0,True
clock_cos,len4_cond2_1.csv,12.5,-0.000995000000000107,0.001377233107091381,False,0.0,True
clock_cos,len4_cond2_1.csv,13.0,0.0009949999999999681,0.0013821023773032775,False,0.0,True
clock_cos,len4_cond2_1.csv,13.5,-0.0009949999999999681,0.0013761640503337186,False,0.0,True
clock_cos,len4_cond2_1.csv,14.0,0.0005149999999998073,0.0013767655830979222,False,0.0,True
clock_cos,len4_cond2_1.csv,14.5,-0.00044000000000010697,0.0013803478588837418,False,0.0,True
clock_cos,len4_cond2_1.csv,15.0,0.00017999999999995797,0.0013723978349581168,False,0.0,True
clock_cos,len4_cond2_1.csv,15.5,-0.00013999999999995266,0.0013631012902192447,False,0.0,True
clock_cos,len4_cond2_1.csv,16.0,0.0010850000000001137,0.0013706472338143446,False,0.0,True
clock_cos,len4_cond2_1.csv,16.5,-0.0011299999999999644,0.001369761311120531,False,0.0,True
clock_cos,len4_cond2_1.csv,17.0,0.000904999999999781,0.0013629189883908328,False,0.0,True
clock_cos,len4_cond2_1.csv,17.5,0.0006800000000000694,0.0013666771658953068,False,0.0,True
clock_cos,len4_cond2_1.csv,18.0,-0.0013600000000000279,0.0013667282991041603,False,0.0,True
clock_cos,len4_cond2_1.csv,18.5,-0.0007050000000002055,0.0013601640854729307,False,0.0,True
clock_cos,len4_cond2_1.csv,19.0,0.0010299999999999199,0.0013698324190558515,False,0.0,True
clock_cos,len4_cond2_1.csv,19.5,-0.0009450000000001957,0.0013630246717150365,False,0.0,True
clock_cos,len4_cond2_1.csv,20.0,0.0022250000000001158,0.0013530792552725786,True,0.0004359603723637685,True
clock_cos,len4_cond2_1.csv,20.5,-0.0008699999999999264,0.0013637948071110368,False,0.0,True
clock_cos,len4_cond2_1.csv,21.0,0.0003999999999997339,0.0013642038316144408,False,0.0,True
clock_cos,len4_cond2_1.csv,21.5,-0.0003750000000000142,0.001349511553664971,False,0.0,True
clock_cos,len4_cond2_1.csv,22.0,0.00011500000000003174,0.0013566629878756973,False,0.0,True
clock_cos,len4_cond2_1.csv,22.5,-0.0005050000000000887,0.0013673210511757313,False,0.0,True
clock_cos,len4_cond2_1.csv,23.0,0.0004050000000000997,0.0013487891530723603,False,0.0,True
clock_cos,len4_cond2_1.csv,23.5,-9.999999999996123e-05,0.0013519919285016355,False,0.0,True
clock_cos,len4_cond2_1.csv,24.0,-0.001184999999999936,0.0013571882949433099,False,0.0,True
clock_cos,len4_cond2_1.csv,24.5,0.0021250000000000435,0.0013461941285975475,True,0.000389402935701248,True
clock_cos,len4_cond2_1.csv,25.0,0.00016999999999990634,0.0013537979872388405,False,0.0,True
clock_cos,len4_cond2_1.csv,25.5,-0.0010800000000001364,0.0013606634239667818,False,0.0,True
clock_cos,len4_cond2_1.csv,26.0,0.0010650000000000936,0.0013443710752785636,False,0.0,True
clock_cos,len4_cond2_1.csv,26.5,0.0002649999999999528,0.0013538809798216258,False,0.0,True
clock_cos,len4_cond2_1.csv,27.0,-0.0017400000000000748,0.0013524841331883427,True,0.00019375793340586608,True
clock_cos,len4_cond2_1.csv,27.5,-0.0005949999999997901,0.001341356156407538,False,0.0,True
clock_cos,len4_cond2_1.csv,28.0,0.0003350000000000297,0.001344825795836323,False,0.0,True
clock_cos,len4_cond2_1.csv,28.5,-0.00020500000000017726,0.0013504921318516086,False,0.0,True
clock_cos,len4_cond2_1.csv,29.0,0.0007250000000001422,0.001339570646757397,False,0.0,True
clock_cos,len4_cond2_1.csv,29.5,-0.000979999999999731,0.0013431968318506188,False,0.0,True
clock_cos,len4_cond2_1.csv,30.0,0.0010999999999996568,0.0013436123889258803,False,0.0,True
clock_cos,len4_cond2_1.csv,30.5,0.0012550000000000616,0.0013427799286528919,False,0.0,True
clock_cos,len4_cond2_1.csv,31.0,-0.00022500000000019726,0.0013403797663306145,False,0.0,True
clock_cos,len4_cond2_1.csv,31.5,-0.0020249999999999713,0.0013436123889258803,True,0.0003406938055370455,True
clock_cos,len4_cond2_1.csv,32.0,0.0012250000000002537,0.0013433381687452978,False,0.0,True
clock_cos,len4_cond2_1.csv,32.5,0.000580000000000136,0.0013384964963437064,False,0.0,True
clock_cos,len4_cond2_1.csv,33.0,-0.0010999999999999899,0.0013421155607372414,False,0.0,True
clock_cos,len4_cond2_1.csv,33.5,0.0005800000000000249,0.001340198567188706,False,0.0,True
clock_cos,len4_cond2_1.csv,34.0,-0.0005599999999993388,0.0013360941880476763,False,0.0,True
clock_cos,len4_cond2_1.csv,34.5,0.00030999999999985726,0.0013349051413307795,False,0.0,True
clock_cos,len4_cond2_1.csv,35.0,0.00017000000000039206,0.0013358003487039564,False,0.0,True
clock_cos,len4_cond2_1.csv,35.5,-0.001244999999999885,0.0013349864168214643,False,0.0,True
clock_cos,len4_cond2_1.csv,36.0,2.0000000000366946e-05,0.0013304027166397565,False,0.0,True
clock_cos,len4_cond2_1.csv,36.5,0.0025399999999998757,0.0013381150592407434,True,0.000600942470379566,True
clock_cos,len4_cond2_1.csv,37.0,-0.0021449999999995084,0.0013333985314970618,True,0.0004058007342512233,True
clock_cos,len4_cond2_1.csv,37.5,0.0005500000000004668,0.0013219851944333786,False,0.0,True
clock_cos,len4_cond2_1.csv,38.0,0.0014600000000000724,0.0013271788253769081,True,6.641058731158211e-05,True
clock_cos,len4_cond2_1.csv,38.5,-0.0004549999999999277,0.0013313508502005363,False,0.0,True
clock_cos,len4_cond2_1.csv,39.0,-0.0007950000000000179,0.0013241422222000534,False,0.0,True
clock_cos,len4_cond2_1.csv,39.5,0.00035000000000001696,0.001327276025802727,False,0.0,True
clock_cos,len4_cond2_1.csv,40.0,-0.0012700000000002154,0.001333948384755497,False,0.0,True
clock_cos,len4_cond2_1.csv,40.5,0.0012499999999996958,0.001322686859136139,False,0.0,True
clock_cos,len4_cond2_1.csv,41.0,-0.0014350000000000335,0.001329668287692102,True,5.266585615396578e-05,True
clock_cos,len4_cond2_1.csv,41.5,5.9999999999615916e-05,0.0013357799256095452,False,0.0,True
clock_cos,len4_cond2_1.csv,42.0,0.0007849999999998691,0.001320341936250899,False,0.0,True
clock_cos,len4_cond2_1.csv,42.5,0.0014749999999996016,0.001326121860053429,True,7.443906997308628e-05,True
clock_cos,len4_cond2_1.csv,43.0,-0.0016849999999999365,0.0013253332752252178,True,0.0001798333623873594,True
clock_cos,len4_cond2_1.csv,43.5,-0.00017499999999975868,0.0013181958855346197,False,0.0,True
clock_cos,len4_cond2_1.csv,44.0,0.0007449999999998153,0.001324124529328895,False,0.0,True
clock_cos,len4_cond2_1.csv,44.5,5.000000000066063e-05,0.0013293774495289424,False,0.0,True
clock_cos,len4_cond2_1.csv,45.0,0.00039999999999990044,0.0013169831600061397,False,0.0,True
clock_cos,len4_cond2_1.csv,45.5,-0.0010399999999999021,0.001320643691712109,False,0.0,True
clock_cos,len4_cond2_1.csv,46.0,-0.0006050000000000777,0.0013290702529996526,False,0.0,True
clock_cos,len4_cond2_1.csv,46.5,-0.0004799999999992588,0.001315995946689774,False,0.0,True
clock_cos,len4_cond2_1.csv,47.0,0.0008049999999995838,0.0013174352499180978,False,0.0,True
clock_cos,len4_cond2_1.csv,47.5,0.0014749999999995322,0.0013189206777551737,True,7.803966112217926e-05,True
clock_cos,len4_cond2_1.csv,48.0,-0.0007949999999998791,0.001317930578258613,False,0.0,True
clock_cos,len4_cond2_1.csv,48.5,-0.00010499999999991072,0.0013176821548886491,False,0.0,True
clock_cos,len4_cond2_1.csv,49.0,-0.000315000000000093,0.0013110651523899723,False,0.0,True
clock_cos,len4_cond2_1.csv,49.5,0.0009050000000003777,0.0013167362961680415,False,0.0,True
clock_cos,len4_cond2_1.csv,50.0,-0.001280000000000392,0.0013160502846475024,False,0.0,True
clock_cos,len4_cond2_1.csv,50.5,0.0010849999999994475,0.0013099343309976598,False,0.0,True
clock_cos,len4_cond2_1.csv,51.0,-0.000300000000000078,0.0013123791423340797,False,0.0,True
clock_cos,len4_cond2_1.csv,51.5,-0.0002400000000000735,0.001314969929956491,False,0.0,True
clock_cos,len4_cond2_1.csv,52.0,5.0000000000986755e-06,0.0013102239446812463,False,0.0,True
clock_cos,len4_cond2_1.csv,52.5,0.0001550000000000995,0.0013144446585460802,False,0.0,True
clock_cos,len4_cond2_1.csv,53.0,-0.00029000000000034554,0.0013138246322949296,False,0.0,True
clock_cos,len4_cond2_1.csv,53.5,0.0008550000000001612,0.0013117477023241902,False,0.0,True
clock_cos,len4_cond2_1.csv,54.0,0.0007399999999997964,0.0013073669324330632,False,0.0,True
clock_cos,len4_cond2_1.csv,54.5,-0.0025400000000002088,0.0013123833811596144,True,0.0006138083094202971,True
clock_cos,len4_cond2_1.csv,55.0,0.001999999999999863,0.0013079044602685827,True,0.00034604776986564014,True
clock_cos,len4_cond2_1.csv,55.5,-0.0007200000000004703,0.0013106054672691228,False,0.0,True
clock_cos,len4_cond2_1.csv,56.0,-0.0017649999999997945,0.0013145658449888373,True,0.0002252170775054786,True
clock_cos,len4_cond2_1.csv,56.5,0.0022549999999999792,0.0013069797421149866,True,0.0004740101289424962,True
clock_cos,len4_cond2_1.csv,57.0,-0.001674999999999524,0.0013080685616776529,True,0.00018346571916093562,True
clock_cos,len4_cond2_1.csv,57.5,0.0014049999999997675,0.0013146722314864544,True,4.5163884256656586e-05,True
clock_cos,len4_cond2_1.csv,58.0,-0.0002749999999996644,0.0013038996003633249,False,0.0,True
clock_cos,len4_cond2_1.csv,58.5,0.00015000000000067737,0.0013072576609456064,False,0.0,True
clock_cos,len4_cond2_1.csv,59.0,-0.0006599999999995498,0.0013143218416264077,False,0.0,True
clock_cos,len4_cond3_1.csv,0.0,0.000905000000000003,0.001416729183272028,False,0.0,True
clock_cos,len4_cond3_1.csv,0.5,-0.0002300000000000635,0.0014133869947252483,False,0.0,True
clock_cos,len4_cond3_1.csv,1.0,-0.0010649999999999826,0.0014074262847140072,False,0.0,True
clock_cos,len4_cond3_1.csv,1.5,0.0014850000000000418,0.0014053486133755544,True,3.982569331224372e-05,True
clock_cos,len4_cond3_1.csv,2.0,-0.000980000000000092,0.0014032885690297985,False,0.0,True
clock_cos,len4_cond3_1.csv,2.5,-0.0017299999999997873,0.0014020820785321814,True,0.00016395896073380292,True
clock_cos,len4_cond3_1.csv,3.0,0.0019899999999999085,0.0014004762573626792,True,0.00029476187131861464,True
clock_cos,len4_cond3_1.csv,3.5,-0.00034999999999996145,0.0013960604638311436,False,0.0,True
clock_cos,len4_cond3_1.csv,4.0,0.0007100000000000994,0.0013982589512629622,False,0.0,True
clock_cos,len4_cond3_1.csv,4.5,-0.0019000000000000128,0.0013899821084353637,True,0.00025500894578232456,True
clock_cos,len4_cond3_1.csv,5.0,0.0013500000000000179,0.0013953288847088712,False,0.0,True
clock_cos,len4_cond3_1.csv,5.5,-0.0017300000000000093,0.001395875543810222,True,0.0001670622280948936,True
clock_cos,len4_cond3_1.csv,6.0,0.00030999999999997696,0.0013855332621302827,False,0.0,True
clock_cos,len4_cond3_1.csv,6.5,0.0022199999999999442,0.0013895617625247492,True,0.00041521911873759743,True
clock_cos,len4_cond3_1.csv,7.0,-0.0020449999999997415,0.001393545091508724,True,0.00032572745424550877,True
clock_cos,len4_cond3_1.csv,7.5,0.0011799999999999589,0.0013812278980539121,False,0.0,True
clock_cos,len4_cond3_1.csv,8.0,0.0009649999999999381,0.0013778369563049633,False,0.0,True
clock_cos,len4_cond3_1.csv,8.5,-0.0023249999999999105,0.0013899821084353637,True,0.0004675089457822732,True
clock_cos,len4_cond3_1.csv,9.0,0.001645000000000063,0.0013743236147748187,True,0.00013533819261262218,True
clock_cos,len4_cond3_1.csv,9.5,0.0001300000000000745,0.0013762344009442512,False,0.0,True
clock_cos,len4_cond3_1.csv,10.0,-0.0009000000000000119,0.0013826120950454328,False,0.0,True
clock_cos,len4_cond3_1.csv,10.5,0.0005850000000000577,0.0013683755183774298,False,0.0,True
clock_cos,len4_cond3_1.csv,11.0,-0.0015750000000000763,0.0013689790452003708,True,0.00010301047739985278,True
clock_cos,len4_cond3_1.csv,11.5,0.000720000000000165,0.0013677763907761454,False,0.0,True
clock_cos,len4_cond3_1.csv,12.0,0.0020600000000000618,0.0013645851190727373,True,0.00034770744046366223,True
clock_cos,len4_cond3_1.csv,12.5,-0.0016050000000001098,0.001360653237843501,True,0.00012217338107830438,True
clock_cos,len4_cond3_1.csv,13.0,6.500000000014827e-05,0.0013660534340873835,False,0.0,True
clock_cos,len4_cond3_1.csv,13.5,0.0009249999999998426,0.0013591616070139124,False,0.0,True
clock_cos,len4_cond3_1.csv,14.0,-0.0005199999999999094,0.0013607200534183175,False,0.0,True
clock_cos,len4_cond3_1.csv,14.5,-0.00012000000000012001,0.001366104925355276,False,0.0,True
clock_cos,len4_cond3_1.csv,15.0,-0.0006950000000001122,0.0013568934128264025,False,0.0,True
clock_cos,len4_cond3_1.csv,15.5,-7.500000000004725e-05,0.00135571142816318,False,0.0,True
clock_cos,len4_cond3_1.csv,16.0,-0.0011700000000001154,0.001357890831242332,False,0.0,True
clock_cos,len4_cond3_1.csv,16.5,0.0015050000000004227,0.0013566613300807749,True,7.416933495982389e-05,True
clock_cos,len4_cond3_1.csv,17.0,0.0003349999999998077,0.0013505373657161839,False,0.0,True
clock_cos,len4_cond3_1.csv,17.5,-0.0011099999999999166,0.0013525934742409714,False,0.0,True
clock_cos,len4_cond3_1.csv,18.0,-0.00015999999999993797,0.0013597918230349036,False,0.0,True
clock_cos,len4_cond3_1.csv,18.5,-0.00039500000000031177,0.0013492664989252917,False,0.0,True
clock_cos,len4_cond3_1.csv,19.0,0.0018499999999999073,0.0013466482434495604,True,0.00025167587827517343,True
clock_cos,len4_cond3_1.csv,19.5,0.0003650000000000042,0.0013566154495015226,False,0.0,True
clock_cos,len4_cond3_1.csv,20.0,0.0003149999999998432,0.0013468950651160203,False,0.0,True
clock_cos,len4_cond3_1.csv,20.5,-0.002714999999999912,0.0013463854171904676,True,0.0006843072914047221,True
clock_cos,len4_cond3_1.csv,21.0,0.002559999999999951,0.0013537901040051943,True,0.0006031049479973782,True
clock_cos,len4_cond3_1.csv,21.5,-0.0006350000000002187,0.0013448058423606542,False,0.0,True
clock_cos,len4_cond3_1.csv,22.0,-1.0000000000096737e-05,0.0013420843052787336,False,0.0,True
clock_cos,len4_cond3_1.csv,22.5,-0.00041000000000002146,0.0013529952589278781,False,0.0,True
clock_cos,len4_cond3_1.csv,23.0,-0.0008200000000000984,0.001344429256087873,False,0.0,True
clock_cos,len4_cond3_1.csv,23.5,0.0007000000000002005,0.0013442213881333985,False,0.0,True
clock_cos,len4_cond3_1.csv,24.0,-0.00025500000000011624,0.0013513110196858248,False,0.0,True
clock_cos,len4_cond3_1.csv,24.5,0.0006150000000000322,0.0013422770175945582,False,0.0,True
clock_cos,len4_cond3_1.csv,25.0,-0.0010099999999998444,0.0013389778422892322,False,0.0,True
clock_cos,len4_cond3_1.csv,25.5,0.0014450000000000296,0.0013406236766891704,True,5.21881616554296e-05,True
clock_cos,len4_cond3_1.csv,26.0,-0.0020600000000001173,0.0013390447267995246,True,0.00036047763660029635,True
clock_cos,len4_cond3_1.csv,26.5,0.0022999999999999965,0.0013372845052069073,True,0.00048135774739654436,True
clock_cos,len4_cond3_1.csv,27.0,-2.9999999999946736e-05,0.0013365960509445817,False,0.0,True
clock_cos,len4_cond3_1.csv,27.5,-0.0009250000000001757,0.001343989783090993,False,0.0,True
clock_cos,len4_cond3_1.csv,28.0,0.0005350000000002297,0.001333377011602542,False,0.0,True
clock_cos,len4_cond3_1.csv,28.5,0.0008399999999996882,0.0013349841206667166,False,0.0,True
clock_cos,len4_cond3_1.csv,29.0,-0.0005000000000001115,0.0013377439440676532,False,0.0,True
clock_cos,len4_cond3_1.csv,29.5,-0.0020949999999995694,0.0013306601153114776,True,0.0003821699423440459,True
clock_cos,len4_cond3_1.csv,30.0,0.0018699999999999412,0.0013271710893759234,True,0.0002714144553120089,True
clock_cos,len4_cond3_1.csv,30.5,-0.0009099999999998554,0.00133594332185659,False,0.0,True
clock_cos,len4_cond3_1.csv,31.0,0.00182499999999991,0.0013276454189311308,True,0.0002486772905343896,True
clock_cos,len4_cond3_1.csv,31.5,-0.0013550000000000367,0.001325172337188244,True,1.4913831405896356e-05,True
clock_cos,len4_cond3_1.csv,32.0,7.999999999991347e-05,0.0013333990729778727,False,0.0,True
clock_cos,len4_cond3_1.csv,32.5,0.0014899999999997693,0.0013242841031010093,True,8.285794844938e-05,True
clock_cos,len4_cond3_1.csv,33.0,-0.0020799999999999846,0.0013209403423960033,True,0.00037952982880199067,True
clock_cos,len4_cond3_1.csv,33.5,0.000954999999999484,0.0013254767056220733,False,0.0,True
clock_cos,len4_cond3_1.csv,34.0,-9.999999999948939e-05,0.0013223793258507277,False,0.0,True
clock_cos,len4_cond3_1.csv,34.5,6.499999999973194e-05,0.0013198074520858732,False,0.0,True
clock_cos,len4_cond3_1.csv,35.0,-0.0018949999999992861,0.0013198849113715497,True,0.0002875575443138682,True
clock_cos,len4_cond3_1.csv,35.5,0.001574999999999882,0.0013251900424948366,True,0.00012490497875252272,True
clock_cos,len4_cond3_1.csv,36.0,0.0005749999999997701,0.001316863051179671,False,0.0,True
clock_cos,len4_cond3_1.csv,36.5,-0.0012450000000002043,0.0013162669285549857,False,0.0,True
clock_cos,len4_cond3_1.csv,37.0,0.0005949999999996791,0.0013244703178420592,False,0.0,True
clock_cos,len4_cond3_1.csv,37.5,5.0000000000355316e-05,0.0013150909786540333,False,0.0,True
clock_cos,len4_cond3_1.csv,38.0,-0.00033999999999995145,0.001318666529987144,False,0.0,True
clock_cos,len4_cond3_1.csv,38.5,0.00014500000000011726,0.0013204984806767814,False,0.0,True
clock_cos,len4_cond3_1.csv,39.0,0.0005849999999999467,0.001311982412862847,False,0.0,True
clock_cos,len4_cond3_1.csv,39.5,-0.0007899999999996616,0.0013180194164260362,False,0.0,True
clock_cos,len4_cond3_1.csv,40.0,-0.0002649999999999597,0.001314391912739702,False,0.0,True
clock_cos,len4_cond3_1.csv,40.5,-0.00015999999999977144,0.001309479791185419,False,0.0,True
clock_cos,len4_cond3_1.csv,41.0,0.0015949999999995343,0.0013121470313527267,True,0.0001414264843234038,True
clock_cos,len4_cond3_1.csv,41.5,-0.002259999999999679,0.0013138070615135915,True,0.0004730964692430436,True
clock_cos,len4_cond3_1.csv,42.0,0.0006300000000001305,0.0013080944345183337,False,0.0,True
clock_cos,len4_cond3_1.csv,42.5,-0.0006999999999994511,0.0013073373303981622,False,0.0,True
clock_cos,len4_cond3_1.csv,43.0,0.0006299999999999084,0.0013119800079536025,False,0.0,True
clock_cos,len4_cond3_1.csv,43.5,-0.000660000000000327,0.0013060720621007888,False,0.0,True
clock_cos,len4_cond3_1.csv,44.0,0.0016549999999999065,0.0013083090263551385,True,0.00017334548682238404,True
clock_cos,len4_cond3_1.csv,44.5,-0.0011249999999998067,0.0013036126477903374,False,0.0,True
clock_cos,len4_cond3_1.csv,45.0,0.0017399999999994087,0.0013081361908913783,True,0.00021593190455401518,True
clock_cos,len4_cond3_1.csv,45.5,-0.0006849999999999912,0.0013026508026200653,False,0.0,True
clock_cos,len4_cond3_1.csv,46.0,0.0008050000000001389,0.001305094419840831,False,0.0,True
clock_cos,len4_cond3_1.csv,46.5,0.00013999999999986246,0.0013053131125534475,False,0.0,True
clock_cos,len4_cond3_1.csv,47.0,-0.0019949999999994694,0.0013017801477051014,True,0.000346609926147184,True
clock_cos,len4_cond3_1.csv,47.5,0.001440000000000139,0.001300092235968023,True,6.995388201605805e-05,True
clock_cos,len4_cond3_1.csv,48.0,-0.0006799999999996809,0.0013067359676788644,False,0.0,True
clock_cos,len4_cond3_1.csv,48.5,0.0012649999999999884,0.0013000488779845107,False,0.0,True
clock_cos,len4_cond3_1.csv,49.0,-0.0015049999999997045,0.001297322302089706,True,0.00010383884895499927,True
clock_cos,len4_cond3_1.csv,49.5,-5.0000000000494094e-05,0.0013028303889477434,False,0.0,True
clock_cos,len4_cond3_1.csv,50.0,-6.999999999970918e-05,0.0012980271820666601,False,0.0,True
clock_cos,len4_cond3_1.csv,50.5,0.00010999999999963816,0.0012945841997177023,False,0.0,True
clock_cos,len4_cond3_1.csv,51.0,0.00042500000000009197,0.0013041511890317624,False,0.0,True
clock_cos,len4_cond3_1.csv,51.5,0.0008800000000001862,0.0012977815575972104,False,0.0,True
clock_cos,len4_cond3_1.csv,52.0,-0.0012050000000002198,0.0012941284082994037,False,0.0,True
clock_cos,len4_cond3_1.csv,52.5,-0.000539999999999638,0.001303401610931918,False,0.0,True
clock_cos,len4_cond3_1.csv,53.0,-0.00020500000000048257,0.0012989810620686543,False,0.0,True
clock_cos,len4_cond3_1.csv,53.5,-0.00014500000000042257,0.0012935983849909948,False,0.0,True
clock_cos,len4_cond3_1.csv,54.0,-5.000000000476845e-06,0.0012961761121470495,False,0.0,True
clock_cos,len4_cond3_1.csv,54.5,0.001840000000000036,0.0012993485855924934,True,0.0002703257072037713,True
clock_cos,len4_cond3_1.csv,55.0,-0.00013999999999955715,0.001293510360671165,False,0.0,True
clock_cos,len4_cond3_1.csv,55.5,-0.0014400000000004166,0.0012940909698840144,True,7.295451505820113e-05,True
clock_cos,len4_cond3_1.csv,56.0,0.0006949999999999457,0.001297984198910066,False,0.0,True
clock_cos,len4_cond3_1.csv,56.5,-0.001265000000000488,0.00129162367042233,False,0.0,True
clock_cos,len4_cond3_1.csv,57.0,0.0005599999999999078,0.001293475336634373,False,0.0,True
clock_cos,len4_cond3_1.csv,57.5,0.0008749999999997649,0.001294484567760654,False,0.0,True
clock_cos,len4_cond3_1.csv,58.0,0.0002299999999998137,0.0012906124108407909,False,0.0,True
clock_cos,len4_cond3_1.csv,58.5,-0.0010949999999998877,0.0012897225890340365,False,0.0,True
clock_cos,len4_cond3_1.csv,59.0,9.000000000031205e-05,0.0012921366915863146,False,0.0,True
clock_cos,len5_cond1_1.csv,0.0,0.0017400000000000193,0.001355795572532614,True,0.0001921022137337027,True
clock_cos,len5_cond1_1.csv,0.5,-0.00023499999999998522,0.0013589123301250968,False,0.0,True
clock_cos,len5_cond1_1.csv,1.0,-0.0024250000000000105,0.0013569543710263857,True,0.0005340228144868123,True
clock_cos,len5_cond1_1.csv,1.5,0.0019949999999999413,0.0013552520322247933,True,0.000319873983887574,True
clock_cos,len5_cond1_1.csv,2.0,8.500000000000174e-05,0.0013655012312272024,False,0.0,True
clock_cos,len5_cond1_1.csv,2.5,-0.0002549999999999497,0.0013558373258668363,False,0.0,True
clock_cos,len5_cond1_1.csv,3.0,-0.0005349999999999522,0.0013548561750648428,False,0.0,True
clock_cos,len5_cond1_1.csv,3.5,0.0008449999999999847,0.0013573048956667618,False,0.0,True
clock_cos,len5_cond1_1.csv,4.0,0.0006350000000001355,0.0013557648324431586,False,0.0,True
clock_cos,len5_cond1_1.csv,4.5,-0.0016399999999998638,0.0013575604172498044,True,0.00014121979137502968,True
clock_cos,len5_cond1_1.csv,5.0,0.0006549999999998501,0.0013535820442159986,False,0.0,True
clock_cos,len5_cond1_1.csv,5.5,0.0011999999999999997,0.0013487578459905705,False,0.0,True
clock_cos,len5_cond1_1.csv,6.0,-0.001794999999999991,0.0013639548121271122,True,0.00021552259393643942,True
clock_cos,len5_cond1_1.csv,6.5,0.00013500000000005175,0.0013509199501179371,False,0.0,True
clock_cos,len5_cond1_1.csv,7.0,0.0006249999999999312,0.0013566123549365102,False,0.0,True
clock_cos,len5_cond1_1.csv,7.5,-0.0010899999999999244,0.0013608725930116235,False,0.0,True
clock_cos,len5_cond1_1.csv,8.0,0.00048500000000017973,0.001354726557852211,False,0.0,True
clock_cos,len5_cond1_1.csv,8.5,0.0018699999999997607,0.0013562028322337259,True,0.00025689858388301744,True
clock_cos,len5_cond1_1.csv,9.0,-0.0012849999999998696,0.0013541136052327603,False,0.0,True
clock_cos,len5_cond1_1.csv,9.5,-0.0012799999999999478,0.0013487251952821963,False,0.0,True
clock_cos,len5_cond1_1.csv,10.0,-0.00038499999999974666,0.0013569103000693058,False,0.0,True
clock_cos,len5_cond1_1.csv,10.5,0.0013150000000000661,0.0013530713407115958,False,0.0,True
clock_cos,len5_cond1_1.csv,11.0,6.999999999998674e-05,0.001356204047642818,False,0.0,True
clock_cos,len5_cond1_1.csv,11.5,-3.0000000000196536e-05,0.0013593859200706172,False,0.0,True
clock_cos,len5_cond1_1.csv,12.0,0.0013399999999999523,0.0013525742230377513,False,0.0,True
clock_cos,len5_cond1_1.csv,12.5,-0.002495000000000025,0.0013479034133523234,True,0.0005735482933238508,True
clock_cos,len5_cond1_1.csv,13.0,-0.0004700000000001925,0.0013510004106743725,False,0.0,True
clock_cos,len5_cond1_1.csv,13.5,0.00025500000000006073,0.0013514749542114745,False,0.0,True
clock_cos,len5_cond1_1.csv,14.0,0.000980000000000314,0.0013545791787575735,False,0.0,True
clock_cos,len5_cond1_1.csv,14.5,-0.0005149999999999322,0.0013486020039475308,False,0.0,True
clock_cos,len5_cond1_1.csv,15.0,0.0005299999999999055,0.0013496100330097642,False,0.0,True
clock_cos,len5_cond1_1.csv,15.5,0.00018999999999991246,0.0013573396810003648,False,0.0,True
clock_cos,len5_cond1_1.csv,16.0,0.0007150000000000212,0.0013482960893014305,False,0.0,True
clock_cos,len5_cond1_1.csv,16.5,-0.0007400000000001294,0.0013525849261051964,False,0.0,True
clock_cos,len5_cond1_1.csv,17.0,-0.00012000000000023103,0.0013586618450178436,False,0.0,True
clock_cos,len5_cond1_1.csv,17.5,-0.0008000000000001062,0.0013486336046905382,False,0.0,True
clock_cos,len5_cond1_1.csv,18.0,0.0015100000000000668,0.001349433889277432,True,8.028305536131742e-05,True
clock_cos,len5_cond1_1.csv,18.5,0.00028999999999990145,0.0013494506171434118,False,0.0,True
clock_cos,len5_cond1_1.csv,19.0,-0.0004750000000000379,0.0013440275843890387,False,0.0,True
clock_cos,len5_cond1_1.csv,19.5,-0.0005399999999999849,0.00135304020618042,False,0.0,True
clock_cos,len5_cond1_1.csv,20.0,0.0012350000000000971,0.0013483775857001707,False,0.0,True
clock_cos,len5_cond1_1.csv,20.5,-0.0020350000000000923,0.0013491075860614684,True,0.0003429462069693119,True
clock_cos,len5_cond1_1.csv,21.0,-4.999999999810711e-06,0.0013534073103630025,False,0.0,True
clock_cos,len5_cond1_1.csv,21.5,-0.00014000000000019552,0.0013460087757634703,False,0.0,True
clock_cos,len5_cond1_1.csv,22.0,-3.500000000017378e-05,0.001347852451907299,False,0.0,True
clock_cos,len5_cond1_1.csv,22.5,0.0020300000000003093,0.0013469516719954613,True,0.000341524164002424,True
clock_cos,len5_cond1_1.csv,23.0,0.0001349999999998297,0.0013509012703775234,False,0.0,True
clock_cos,len5_cond1_1.csv,23.5,-0.0007100000000000994,0.0013507696947003022,False,0.0,True
clock_cos,len5_cond1_1.csv,24.0,-0.00017500000000025828,0.001345189454520089,False,0.0,True
clock_cos,len5_cond1_1.csv,24.5,0.00032999999999987206,0.0013465819159881385,False,0.0,True
clock_cos,len5_cond1_1.csv,25.0,-0.0006650000000000267,0.0013553857700043038,False,0.0,True
clock_cos,len5_cond1_1.csv,25.5,0.0003200000000002645,0.001344397092510287,False,0.0,True
clock_cos,len5_cond1_1.csv,26.0,0.0005499999999997729,0.0013495798642883098,False,0.0,True
clock_cos,len5_cond1_1.csv,26.5,-0.0019050000000001566,0.0013527983587143014,True,0.00027610082064292757,True
clock_cos,len5_cond1_1.csv,27.0,0.0020950000000000135,0.0013441593248638725,True,0.0003754203375680705,True
clock_cos,len5_cond1_1.csv,27.5,-0.0016950000000000576,0.0013523075450893192,True,0.00017134622745536916,True
clock_cos,len5_cond1_1.csv,28.0,0.00022999999999995246,0.0013465507674757188,False,0.0,True
clock_cos,len5_cond1_1.csv,28.5,0.0013599999999997434,0.0013423256880772767,True,8.837155961233332e-06,True
clock_cos,len5_cond1_1.csv,29.0,-0.0016000000000002679,0.0013512180203409645,True,0.00012439098982965167,True
clock_cos,len5_cond1_1.csv,29.5,0.00043999999999999595,0.0013465507674757188,False,0.0,True
clock_cos,len5_cond1_1.csv,30.0,-0.00014499999999970092,0.0013436542912961139,False,0.0,True
clock_cos,len5_cond1_1.csv,30.5,0.001415000000000055,0.0013522704893120774,True,3.136475534398883e-05,True
clock_cos,len5_cond1_1.csv,31.0,-0.0012250000000003092,0.0013447773350281718,False,0.0,True
clock_cos,len5_cond1_1.csv,31.5,0.0011399999999996968,0.001347869927526163,False,0.0,True
clock_cos,len5_cond1_1.csv,32.0,-0.0018099999999999783,0.0013452739177000374,True,0.00023236304114997045,True
clock_cos,len5_cond1_1.csv,32.5,0.0006299999999993255,0.001344567336516496,False,0.0,True
clock_cos,len5_cond1_1.csv,33.0,0.0004599999999997939,0.0013486307112679937,False,0.0,True
clock_cos,len5_cond1_1.csv,33.5,-0.00030999999999947736,0.0013436130668315845,False,0.0,True
clock_cos,len5_cond1_1.csv,34.0,0.0006650000000001897,0.0013395713246385473,False,0.0,True
clock_cos,len5_cond1_1.csv,34.5,0.0012599999999995948,0.0013519605882710887,False,0.0,True
clock_cos,len5_cond1_1.csv,35.0,-0.0006749999999998146,0.0013420511170965069,False,0.0,True
clock_cos,len5_cond1_1.csv,35.5,-0.0003200000000007086,0.0013472783590824469,False,0.0,True
clock_cos,len5_cond1_1.csv,36.0,-0.0019249999999999545,0.0013506416309684288,True,0.00028717918451576284,True
clock_cos,len5_cond1_1.csv,36.5,0.0028849999999999154,0.0013437853254219608,True,0.0007706073372889771,True
clock_cos,len5_cond1_1.csv,37.0,-0.0013099999999997003,0.0013446132230757993,False,0.0,True
clock_cos,len5_cond1_1.csv,37.5,-0.0005950000000004563,0.0013459355086589487,False,0.0,True
clock_cos,len5_cond1_1.csv,38.0,0.0007200000000002205,0.001342081472375954,False,0.0,True
clock_cos,len5_cond1_1.csv,38.5,-0.00023499999999948562,0.001341667723203658,False,0.0,True
clock_cos,len5_cond1_1.csv,39.0,-0.0007449999999995516,0.00134440136685333,False,0.0,True
clock_cos,len5_cond1_1.csv,39.5,0.00031499999999994033,0.0013431164554817483,False,0.0,True
clock_cos,len5_cond1_1.csv,40.0,0.0012950000000000461,0.0013493937781594919,False,0.0,True
clock_cos,len5_cond1_1.csv,40.5,-0.0020899999999994257,0.0013436831620718742,True,0.00037315841896377573,True
clock_cos,len5_cond1_1.csv,41.0,0.0001599999999996049,0.0013415052885617474,False,0.0,True
clock_cos,len5_cond1_1.csv,41.5,0.0003700000000003145,0.0013461956109281266,False,0.0,True
clock_cos,len5_cond1_1.csv,42.0,-0.00035500000000027176,0.0013424968055347369,False,0.0,True
clock_cos,len5_cond1_1.csv,42.5,0.00028499999999959114,0.0013463312895833665,False,0.0,True
clock_cos,len5_cond1_1.csv,43.0,-0.0005150000000000432,0.0013404688788026123,False,0.0,True
clock_cos,len5_cond1_1.csv,43.5,0.0013449999999994786,0.0013423928292689395,True,1.303585365269519e-06,True
clock_cos,len5_cond1_1.csv,44.0,0.0007199999999999429,0.0013461892076103267,False,0.0,True
clock_cos,len5_cond1_1.csv,44.5,-0.0009999999999999454,0.0013392364434162498,False,0.0,True
clock_cos,len5_cond1_1.csv,45.0,0.0012500000000004452,0.0013394667561184672,False,0.0,True
clock_cos,len5_cond1_1.csv,45.5,-0.0012650000000002937,0.0013497625797727303,False,0.0,True
clock_cos,len5_cond1_1.csv,46.0,0.0006199999999998984,0.0013384521416733187,False,0.0,True
clock_cos,len5_cond1_1.csv,46.5,0.0001799999999996249,0.0013444021167058587,False,0.0,True
clock_cos,len5_cond1_1.csv,47.0,-0.0006499999999997064,0.0013451547942577044,False,0.0,True
clock_cos,len5_cond1_1.csv,47.5,-0.0005850000000003353,0.0013389241315891573,False,0.0,True
clock_cos,len5_cond1_1.csv,48.0,0.0003950000000004228,0.0013444847930196562,False,0.0,True
clock_cos,len5_cond1_1.csv,48.5,-0.00020999999999982144,0.0013401946894706265,False,0.0,True
clock_cos,len5_cond1_1.csv,49.0,0.0013000000000001205,0.001338919015787753,False,0.0,True
clock_cos,len5_cond1_1.csv,49.5,-0.0005399999999998739,0.001342880951454923,False,0.0,True
clock_cos,len5_cond1_1.csv,50.0,-0.0004149999999994991,0.001339529107428479,False,0.0,True
clock_cos,len5_cond1_1.csv,50.5,-0.00042500000000017524,0.0013393107256059202,False,0.0,True
clock_cos,len5_cond1_1.csv,51.0,0.0008199999999999319,0.0013424274326256354,False,0.0,True
clock_cos,len5_cond1_1.csv,51.5,8.499999999989072e-05,0.0013360823896503323,False,0.0,True
clock_cos,len5_cond1_1.csv,52.0,-0.00027499999999969216,0.001334521368296863,False,0.0,True
clock_cos,len5_cond1_1.csv,52.5,-0.00013000000000018552,0.0013361987902833507,False,0.0,True
clock_cos,len5_cond1_1.csv,53.0,-0.00016500000000033155,0.0013365948841123406,False,0.0,True
clock_cos,len5_cond1_1.csv,53.5,0.0006949999999998346,0.001341667723203658,False,0.0,True
clock_cos,len5_cond1_1.csv,54.0,0.00020999999999987695,0.001335191786350451,False,0.0,True
clock_cos,len5_cond1_1.csv,54.5,-0.0018299999999995958,0.0013356527236582962,True,0.00024717363817064984,True
clock_cos,len5_cond1_1.csv,55.0,0.0004949999999994681,0.0013455371864465645,False,0.0,True
clock_cos,len5_cond1_1.csv,55.5,0.0009099999999997443,0.0013340981949643204,False,0.0,True
clock_cos,len5_cond1_1.csv,56.0,-0.0004900000000002125,0.001334521368296863,False,0.0,True
clock_cos,len5_cond1_1.csv,56.5,-0.0012199999999996658,0.0013414863868884735,False,0.0,True
clock_cos,len5_cond1_1.csv,57.0,0.0013449999999997075,0.001334440174159186,True,5.279912920260724e-06,True
clock_cos,len5_cond1_1.csv,57.5,-0.00010999999999938836,0.001331964896655719,False,0.0,True
clock_cos,len5_cond1_1.csv,58.0,0.0005599999999996719,0.001335263747009786,False,0.0,True
clock_cos,len5_cond1_1.csv,58.5,-0.0002950000000001389,0.0013299933545870355,False,0.0,True
clock_cos,len5_cond1_1.csv,59.0,-0.00036999999999992594,0.0013438203739927611,False,0.0,True
clock_cos,len5_cond2_1.csv,0.0,-0.0007049999999999834,0.0013662227691001374,False,0.0,True
clock_cos,len5_cond2_1.csv,0.5,0.0003549999999999942,0.0013665401220773817,False,0.0,True
clock_cos,len5_cond2_1.csv,1.0,0.0005699999999998484,0.0013690083333446974,False,0.0,True
clock_cos,len5_cond2_1.csv,1.5,-0.001590000000000008,0.0013605218545683496,True,0.00011473907271582922,True
clock_cos,len5_cond2_1.csv,2.0,0.0023050000000000015,0.0013738519478285669,True,0.0004655740260857172,True
clock_cos,len5_cond2_1.csv,2.5,-0.0002449999999999397,0.0013652149798071254,False,0.0,True
clock_cos,len5_cond2_1.csv,3.0,-0.0010100000000000109,0.0013685615190763675,False,0.0,True
clock_cos,len5_cond2_1.csv,3.5,-0.00047000000000008146,0.0013659021768623791,False,0.0,True
clock_cos,len5_cond2_1.csv,4.0,0.0011099999999999166,0.001362291693318551,False,0.0,True
clock_cos,len5_cond2_1.csv,4.5,-0.00199500000000008,0.0013670136502376199,True,0.0003139931748812301,True
clock_cos,len5_cond2_1.csv,5.0,0.0015600000000001168,0.0013584080386734552,True,0.0001007959806633308,True
clock_cos,len5_cond2_1.csv,5.5,-0.0009450000000000049,0.0013572331344659909,False,0.0,True
clock_cos,len5_cond2_1.csv,6.0,0.0005999999999999339,0.0013630846306646452,False,0.0,True
clock_cos,len5_cond2_1.csv,6.5,3.500000000006276e-05,0.0013555657496408012,False,0.0,True
clock_cos,len5_cond2_1.csv,7.0,-0.0012950000000000739,0.0013612481163770868,False,0.0,True
clock_cos,len5_cond2_1.csv,7.5,0.0010149999999999881,0.0013648146044727605,False,0.0,True
clock_cos,len5_cond2_1.csv,8.0,0.001324999999999965,0.001351908219314172,False,0.0,True
clock_cos,len5_cond2_1.csv,8.5,-0.0003600000000000825,0.0013503263760739053,False,0.0,True
clock_cos,len5_cond2_1.csv,9.0,-0.001294999999999935,0.0013538954906792263,False,0.0,True
clock_cos,len5_cond2_1.csv,9.5,0.00012499999999991684,0.0013496400420613518,False,0.0,True
clock_cos,len5_cond2_1.csv,10.0,0.0008499999999999064,0.0013539514242516346,False,0.0,True
clock_cos,len5_cond2_1.csv,10.5,-0.0006650000000001377,0.0013517601052766592,False,0.0,True
clock_cos,len5_cond2_1.csv,11.0,-0.0006850000000001577,0.0013454070982949957,False,0.0,True
clock_cos,len5_cond2_1.csv,11.5,0.0004050000000000997,0.0013537542643491088,False,0.0,True
clock_cos,len5_cond2_1.csv,12.0,0.0008649999999997826,0.0013474875267800715,False,0.0,True
clock_cos,len5_cond2_1.csv,12.5,-0.0003449999999999842,0.0013505033835898195,False,0.0,True
clock_cos,len5_cond2_1.csv,13.0,0.0007099999999999884,0.0013481664712310533,False,0.0,True
clock_cos,len5_cond2_1.csv,13.5,0.00020500000000017726,0.0013454416880713295,False,0.0,True
clock_cos,len5_cond2_1.csv,14.0,0.0002449999999999952,0.0013493895390998395,False,0.0,True
clock_cos,len5_cond2_1.csv,14.5,-0.001414999999999944,0.0013438748779302592,True,3.556256103484244e-05,True
clock_cos,len5_cond2_1.csv,15.0,-0.00029499999999995155,0.001346536647401858,False,0.0,True
clock_cos,len5_cond2_1.csv,15.5,0.00029999999999996696,0.0013500937138383442,False,0.0,True
clock_cos,len5_cond2_1.csv,16.0,0.0015400000000000968,0.0013412098713591648,True,9.9395064320466e-05,True
clock_cos,len5_cond2_1.csv,16.5,-0.0014250000000000929,0.001347311766186535,True,3.884411690677897e-05,True
clock_cos,len5_cond2_1.csv,17.0,0.0011049999999999116,0.0013462445392690829,False,0.0,True
clock_cos,len5_cond2_1.csv,17.5,-0.0018700000000000938,0.0013369254526191662,True,0.0002665372736904638,True
clock_cos,len5_cond2_1.csv,18.0,0.0022300000000003983,0.001343133081366389,True,0.0004434334593170046,True
clock_cos,len5_cond2_1.csv,18.5,5.499999999947214e-05,0.001342956451269118,False,0.0,True
clock_cos,len5_cond2_1.csv,19.0,-0.001735000000000153,0.0013357161168426916,True,0.00019964194157873075,True
clock_cos,len5_cond2_1.csv,19.5,0.0005849999999999467,0.0013409400777988426,False,0.0,True
clock_cos,len5_cond2_1.csv,20.0,-0.0013900000000001134,0.001338517255033196,True,2.5741372483458706e-05,True
clock_cos,len5_cond2_1.csv,20.5,0.0006450000000001663,0.0013360685133794582,False,0.0,True
clock_cos,len5_cond2_1.csv,21.0,0.0005650000000002597,0.0013371775460207663,False,0.0,True
clock_cos,len5_cond2_1.csv,21.5,0.0002049999999998997,0.001336167809218394,False,0.0,True
clock_cos,len5_cond2_1.csv,22.0,-0.0015500000000003011,0.0013373694342756544,True,0.00010631528286232335,True
clock_cos,len5_cond2_1.csv,22.5,0.0023650000000002835,0.001338009439239147,True,0.000513495280380568,True
clock_cos,len5_cond2_1.csv,23.0,-0.0012449999999998573,0.0013331789235994111,False,0.0,True
clock_cos,len5_cond2_1.csv,23.5,0.0012100000000000444,0.001336998536228086,False,0.0,True
clock_cos,len5_cond2_1.csv,24.0,-0.001264999999999905,0.0013313036937190323,False,0.0,True
clock_cos,len5_cond2_1.csv,24.5,0.0008899999999998354,0.001334950950811675,False,0.0,True
clock_cos,len5_cond2_1.csv,25.0,0.0002749999999998587,0.001337572802407494,False,0.0,True
clock_cos,len5_cond2_1.csv,25.5,0.00042000000000008697,0.0013295827612544917,False,0.0,True
clock_cos,len5_cond2_1.csv,26.0,-0.0011350000000000943,0.0013295104934018215,False,0.0,True
clock_cos,len5_cond2_1.csv,26.5,-0.0004450000000000287,0.0013372388466012625,False,0.0,True
clock_cos,len5_cond2_1.csv,27.0,0.0015550000000001396,0.0013282969172254849,True,0.00011335154138732736,True
clock_cos,len5_cond2_1.csv,27.5,-0.0006099999999998051,0.0013297205571596027,False,0.0,True
clock_cos,len5_cond2_1.csv,28.0,-0.0027800000000001157,0.0013322996406139051,True,0.0007238501796931053,True
clock_cos,len5_cond2_1.csv,28.5,0.0014550000000001506,0.0013257148139195127,True,6.464259304031896e-05,True
clock_cos,len5_cond2_1.csv,29.0,0.0008850000000000802,0.0013237857141182288,False,0.0,True
clock_cos,len5_cond2_1.csv,29.5,-0.000250000000000139,0.0013268773653299757,False,0.0,True
clock_cos,len5_cond2_1.csv,30.0,0.0010349999999999665,0.0013259314424043085,False,0.0,True
clock_cos,len5_cond2_1.csv,30.5,-0.0020999999999999908,0.0013309301993682497,True,0.00038453490031587054,True
clock_cos,len5_cond2_1.csv,31.0,0.0009699999999998599,0.0013249917290121848,False,0.0,True
clock_cos,len5_cond2_1.csv,31.5,0.001030000000000142,0.0013260080835479156,False,0.0,True
clock_cos,len5_cond2_1.csv,32.0,-0.002209999999999712,0.0013278501496176698,True,0.0004410749251910211,True
clock_cos,len5_cond2_1.csv,32.5,0.002354999999999774,0.001324078939366388,True,0.0005154605303166928,True
clock_cos,len5_cond2_1.csv,33.0,-0.0011549999999997396,0.001325680868243911,False,0.0,True
clock_cos,len5_cond2_1.csv,33.5,-2.499999999971969e-05,0.0013227970774419041,False,0.0,True
clock_cos,len5_cond2_1.csv,34.0,-0.001119999999999649,0.0013195813833408595,False,0.0,True
clock_cos,len5_cond2_1.csv,34.5,0.0005499999999996619,0.001328381359731424,False,0.0,True
clock_cos,len5_cond2_1.csv,35.0,0.0003949999999999787,0.0013211342825784162,False,0.0,True
clock_cos,len5_cond2_1.csv,35.5,0.00036500000000042054,0.0013174321987518408,False,0.0,True
clock_cos,len5_cond2_1.csv,36.0,0.0007150000000001877,0.001327420356522262,False,0.0,True
clock_cos,len5_cond2_1.csv,36.5,-0.0010550000000006943,0.0013184359240247516,False,0.0,True
clock_cos,len5_cond2_1.csv,37.0,7.500000000049134e-05,0.0013180130503216648,False,0.0,True
clock_cos,len5_cond2_1.csv,37.5,-0.00030999999999986594,0.0013244401405076217,False,0.0,True
clock_cos,len5_cond2_1.csv,38.0,0.0007149999999998546,0.001315139216579273,False,0.0,True
clock_cos,len5_cond2_1.csv,38.5,0.0003699999999998982,0.0013151044170245292,False,0.0,True
clock_cos,len5_cond2_1.csv,39.0,-0.0007699999999997709,0.0013183673195004246,False,0.0,True
clock_cos,len5_cond2_1.csv,39.5,0.0016699999999997966,0.0013146511437672826,True,0.00017767442811625702,True
clock_cos,len5_cond2_1.csv,40.0,-0.0011699999999995603,0.0013116711044799244,False,0.0,True
clock_cos,len5_cond2_1.csv,40.5,-0.0012599999999998723,0.0013160020895645846,False,0.0,True
clock_cos,len5_cond2_1.csv,41.0,0.0002799999999999747,0.0013158311051231024,False,0.0,True
clock_cos,len5_cond2_1.csv,41.5,0.0009599999999996833,0.0013197095102974675,False,0.0,True
clock_cos,len5_cond2_1.csv,42.0,-0.0005399999999996519,0.0013142783241613942,False,0.0,True
clock_cos,len5_cond2_1.csv,42.5,0.0004999999999999172,0.0013127997924589014,False,0.0,True
clock_cos,len5_cond2_1.csv,43.0,-0.0008750000000002922,0.0013154955553718267,False,0.0,True
clock_cos,len5_cond2_1.csv,43.5,0.0005249999999999422,0.0013106554976863125,False,0.0,True
clock_cos,len5_cond2_1.csv,44.0,0.0003500000000006276,0.0013154655475473584,False,0.0,True
clock_cos,len5_cond2_1.csv,44.5,0.0010300000000005305,0.001310970577430912,False,0.0,True
clock_cos,len5_cond2_1.csv,45.0,-0.0024099999999997387,0.0013056522161535669,True,0.0005521738919230857,True
clock_cos,len5_cond2_1.csv,45.5,0.001360000000000361,0.0013132523881941825,True,2.3373805903089198e-05,True
clock_cos,len5_cond2_1.csv,46.0,0.0007149999999991885,0.001308404923904216,False,0.0,True
clock_cos,len5_cond2_1.csv,46.5,-0.0003200000000000494,0.0013107181326908067,False,0.0,True
clock_cos,len5_cond2_1.csv,47.0,-0.0018899999999997252,0.0013125112144123125,True,0.0002887443927937064,True
clock_cos,len5_cond2_1.csv,47.5,0.002499999999999891,0.00130615026727077,True,0.0005969248663645606,True
clock_cos,len5_cond2_1.csv,48.0,-0.0015599999999998115,0.0013054560509950055,True,0.00012727197450240302,True
clock_cos,len5_cond2_1.csv,48.5,-0.0004299999999998194,0.0013090264714637966,False,0.0,True
clock_cos,len5_cond2_1.csv,49.0,-5.0000000003935785e-06,0.0013031468478737298,False,0.0,True
clock_cos,len5_cond2_1.csv,49.5,-0.00015499999999946112,0.0013086623678589364,False,0.0,True
clock_cos,len5_cond2_1.csv,50.0,0.00035499999999960563,0.0013055704405680354,False,0.0,True
clock_cos,len5_cond2_1.csv,50.5,-0.000624999999999723,0.0013033655601662171,False,0.0,True
clock_cos,len5_cond2_1.csv,51.0,0.0017349999999995425,0.0013061963056813018,True,0.00021440184715912033,True
clock_cos,len5_cond2_1.csv,51.5,-0.0013050000000000561,0.001304423053777796,True,2.8847311113000627e-07,True
clock_cos,len5_cond2_1.csv,52.0,0.0001849999999995397,0.0013048226133016328,False,0.0,True
clock_cos,len5_cond2_1.csv,52.5,0.0008099999999998109,0.0013070441232643142,False,0.0,True
clock_cos,len5_cond2_1.csv,53.0,-0.0015549999999998065,0.0013031549156381592,True,0.00012592254218082367,True
clock_cos,len5_cond2_1.csv,53.5,0.0027499999999997526,0.0013013283661243878,True,0.0007243358169376824,True
clock_cos,len5_cond2_1.csv,54.0,-0.0009000000000004005,0.0013040068003479998,False,0.0,True
clock_cos,len5_cond2_1.csv,54.5,-0.001330000000000206,0.0012994535332304694,True,1.527323338486829e-05,True
clock_cos,len5_cond2_1.csv,55.0,0.0005350000000000632,0.0013023702838130926,False,0.0,True
clock_cos,len5_cond2_1.csv,55.5,0.0012799999999993372,0.0012993778860969254,False,0.0,True
clock_cos,len5_cond2_1.csv,56.0,-0.002640000000000149,0.0012984669746789466,True,0.0006707665126606012,True
clock_cos,len5_cond2_1.csv,56.5,0.0004350000000000187,0.0013007159730975,False,0.0,True
clock_cos,len5_cond2_1.csv,57.0,0.0012949999999998518,0.0012989817680646983,False,0.0,True
clock_cos,len5_cond2_1.csv,57.5,4.0000000000275926e-05,0.0012977220592041807,False,0.0,True
clock_cos,len5_cond2_1.csv,58.0,2.4999999999997247e-05,0.0013019323831672497,False,0.0,True
clock_cos,len5_cond2_1.csv,58.5,0.000225000000000114,0.0012964537726816987,False,0.0,True
clock_cos,len5_cond2_1.csv,59.0,0.0008050000000000279,0.0012943464458349007,False,0.0,True
clock_cos,len5_cond3_1.csv,0.0,-0.00036999999999998145,0.0013840534544185764,False,0.0,True
clock_cos,len5_cond3_1.csv,0.5,-0.0015100000000000113,0.0013882529948971562,True,6.087350255142758e-05,True
clock_cos,len5_cond3_1.csv,1.0,0.0017099999999998783,0.0013847416682795485,True,0.00016262916586016487,True
clock_cos,len5_cond3_1.csv,1.5,-0.0004500000000000025,0.0013808351247332825,False,0.0,True
clock_cos,len5_cond3_1.csv,2.0,-0.00019000000000002348,0.0013859666004321972,False,0.0,True
clock_cos,len5_cond3_1.csv,2.5,-0.0007150000000000212,0.00137533564153524,False,0.0,True
clock_cos,len5_cond3_1.csv,3.0,0.0020600000000000063,0.0013764999742444269,True,0.0003417500128777897,True
clock_cos,len5_cond3_1.csv,3.5,-0.0023699999999999832,0.0013808991488280585,True,0.0004945504255859622,True
clock_cos,len5_cond3_1.csv,4.0,0.00037999999999988043,0.0013686905890581923,False,0.0,True
clock_cos,len5_cond3_1.csv,4.5,0.002344999999999986,0.001368700300340666,True,0.00048814984982966,True
clock_cos,len5_cond3_1.csv,5.0,-0.0012299999999998423,0.0013667108492365215,False,0.0,True
clock_cos,len5_cond3_1.csv,5.5,3.5000000000021125e-05,0.0013621208137839108,False,0.0,True
clock_cos,len5_cond3_1.csv,6.0,-0.0005550000000001942,0.0013673050185192485,False,0.0,True
clock_cos,len5_cond3_1.csv,6.5,0.0012250000000000316,0.0013593680736213335,False,0.0,True
clock_cos,len5_cond3_1.csv,7.0,-0.0005199999999999094,0.001361001661418543,False,0.0,True
clock_cos,len5_cond3_1.csv,7.5,-0.00036999999999998145,0.0013642018963197962,False,0.0,True
clock_cos,len5_cond3_1.csv,8.0,-0.0010399999999998744,0.0013532453551820536,False,0.0,True
clock_cos,len5_cond3_1.csv,8.5,0.001495000000000024,0.0013532317814537076,True,7.088410927315824e-05,True
clock_cos,len5_cond3_1.csv,9.0,-0.0005450000000000177,0.0013532198125917987,False,0.0,True
clock_cos,len5_cond3_1.csv,9.5,0.0007250000000001144,0.0013458649500992673,False,0.0,True
clock_cos,len5_cond3_1.csv,10.0,-0.0005050000000001997,0.001353573928352048,False,0.0,True
clock_cos,len5_cond3_1.csv,10.5,-0.00029999999999985594,0.0013462146439896015,False,0.0,True
clock_cos,len5_cond3_1.csv,11.0,-0.00022500000000001685,0.0013439286841210004,False,0.0,True
clock_cos,len5_cond3_1.csv,11.5,0.00035999999999991594,0.0013480227847653373,False,0.0,True
clock_cos,len5_cond3_1.csv,12.0,-0.00012000000000012001,0.0013399799255757081,False,0.0,True
clock_cos,len5_cond3_1.csv,12.5,0.0002649999999997932,0.0013429093004512572,False,0.0,True
clock_cos,len5_cond3_1.csv,13.0,-0.0003149999999999542,0.00134212948364504,False,0.0,True
clock_cos,len5_cond3_1.csv,13.5,0.00032500000000007523,0.0013347217497299837,False,0.0,True
clock_cos,len5_cond3_1.csv,14.0,-0.0002900000000001235,0.0013341854512002034,False,0.0,True
clock_cos,len5_cond3_1.csv,14.5,-0.00032999999999983043,0.001332888063066956,False,0.0,True
clock_cos,len5_cond3_1.csv,15.0,0.0011899999999998821,0.0013322056337601188,False,0.0,True
clock_cos,len5_cond3_1.csv,15.5,-0.0010350000000001192,0.0013393114329670005,False,0.0,True
clock_cos,len5_cond3_1.csv,16.0,-0.0011000000000003785,0.0013291764410400882,False,0.0,True
clock_cos,len5_cond3_1.csv,16.5,0.0022899999999999587,0.0013280912038700638,True,0.00048095439806494734,True
clock_cos,len5_cond3_1.csv,17.0,0.0006700000000000594,0.0013309181178163974,False,0.0,True
clock_cos,len5_cond3_1.csv,17.5,-0.002674999999999872,0.0013239608931958002,True,0.0006755195534020356,True
clock_cos,len5_cond3_1.csv,18.0,0.0013699999999998713,0.0013285233825039938,True,2.0738308747938745e-05,True
clock_cos,len5_cond3_1.csv,18.5,-0.00034999999999990594,0.0013244524268866199,False,0.0,True
clock_cos,len5_cond3_1.csv,19.0,-0.0008049999999997642,0.0013192404013307232,False,0.0,True
clock_cos,len5_cond3_1.csv,19.5,0.0009950000000000792,0.0013288281868886254,False,0.0,True
clock_cos,len5_cond3_1.csv,20.0,0.0008199999999997654,0.0013203909236499496,False,0.0,True
clock_cos,len5_cond3_1.csv,20.5,-0.001534999999999953,0.0013190083670592712,True,0.00010799581647034093,True
clock_cos,len5_cond3_1.csv,21.0,0.0015999999999998793,0.00132168803740321,True,0.00013915598129833466,True
clock_cos,len5_cond3_1.csv,21.5,-0.0009150000000003322,0.0013162433425732878,False,0.0,True
clock_cos,len5_cond3_1.csv,22.0,0.0009899999999999354,0.0013190037448148793,False,0.0,True
clock_cos,len5_cond3_1.csv,22.5,-0.002455000000000207,0.0013191074383503993,True,0.0005679462808249039,True
clock_cos,len5_cond3_1.csv,23.0,0.0016549999999997123,0.0013134331929337694,True,0.00017078340353297145,True
clock_cos,len5_cond3_1.csv,23.5,0.00039000000000019575,0.0013183471833642644,False,0.0,True
clock_cos,len5_cond3_1.csv,24.0,-0.0003199999999997649,0.0013122412901893498,False,0.0,True
clock_cos,len5_cond3_1.csv,24.5,0.00038500000000013523,0.0013113941488386326,False,0.0,True
clock_cos,len5_cond3_1.csv,25.0,-4.999999999999449e-05,0.0013124646339210074,False,0.0,True
clock_cos,len5_cond3_1.csv,25.5,-0.00011999999999989797,0.001310715708895486,False,0.0,True
clock_cos,len5_cond3_1.csv,26.0,-0.00027499999999972685,0.0013121391954533676,False,0.0,True
clock_cos,len5_cond3_1.csv,26.5,0.00021500000000013175,0.0013113941488386326,False,0.0,True
clock_cos,len5_cond3_1.csv,27.0,0.0003700000000000647,0.0013071159095091446,False,0.0,True
clock_cos,len5_cond3_1.csv,27.5,-0.0019399999999998585,0.0013078101558479387,True,0.0003160949220759599,True
clock_cos,len5_cond3_1.csv,28.0,0.0018099999999999783,0.0013104119621153425,True,0.0002497940189423179,True
clock_cos,len5_cond3_1.csv,28.5,0.00023000000000016063,0.0013060964353402594,False,0.0,True
clock_cos,len5_cond3_1.csv,29.0,-0.0008649999999999769,0.0013083702681760724,False,0.0,True
clock_cos,len5_cond3_1.csv,29.5,-0.0013399999999997303,0.0013053233621140715,True,1.7338318942829384e-05,True
clock_cos,len5_cond3_1.csv,30.0,0.0010100000000002503,0.001301217319578855,False,0.0,True
clock_cos,len5_cond3_1.csv,30.5,0.00027999999999989145,0.0013034709435895374,False,0.0,True
clock_cos,len5_cond3_1.csv,31.0,-0.0010650000000002324,0.0013036003611095108,False,0.0,True
clock_cos,len5_cond3_1.csv,31.5,0.0010549999999998894,0.0013067485549443753,False,0.0,True
clock_cos,len5_cond3_1.csv,32.0,-0.0009199999999996988,0.0013077443179138563,False,0.0,True
clock_cos,len5_cond3_1.csv,32.5,0.001404999999999379,0.0013029198121877958,True,5.104009390579159e-05,True
clock_cos,len5_cond3_1.csv,33.0,0.0003250000000000475,0.0013039519917880987,False,0.0,True
clock_cos,len5_cond3_1.csv,33.5,-0.0011049999999993565,0.0013019272396545133,False,0.0,True
clock_cos,len5_cond3_1.csv,34.0,0.0001650000000002344,0.0012986076333474648,False,0.0,True
clock_cos,len5_cond3_1.csv,34.5,0.0005400000000000404,0.001298512651755122,False,0.0,True
clock_cos,len5_cond3_1.csv,35.0,-0.0004999999999998894,0.0012995976538278508,False,0.0,True
clock_cos,len5_cond3_1.csv,35.5,0.0009999999999998812,0.001300931367990205,False,0.0,True
clock_cos,len5_cond3_1.csv,36.0,-0.0007699999999994933,0.00129714424638864,False,0.0,True
clock_cos,len5_cond3_1.csv,36.5,-9.00000000000345e-05,0.0012970746038725358,False,0.0,True
clock_cos,len5_cond3_1.csv,37.0,-0.0012650000000007655,0.0012987383797688353,False,0.0,True
clock_cos,len5_cond3_1.csv,37.5,0.0008749999999999591,0.0013010745253799786,False,0.0,True
clock_cos,len5_cond3_1.csv,38.0,5.999999999972694e-05,0.0012974143171336535,False,0.0,True
clock_cos,len5_cond3_1.csv,38.5,-0.0005099999999999827,0.0012968678170377987,False,0.0,True
clock_cos,len5_cond3_1.csv,39.0,0.0009149999999998326,0.0012982360969770162,False,0.0,True
clock_cos,len5_cond3_1.csv,39.5,-0.00031500000000033584,0.0012932615264145718,False,0.0,True
clock_cos,len5_cond3_1.csv,40.0,-0.0002200000000001645,0.0012956782542589973,False,0.0,True
clock_cos,len5_cond3_1.csv,40.5,0.0007050000000002887,0.0012953265226636726,False,0.0,True
clock_cos,len5_cond3_1.csv,41.0,0.0005649999999997289,0.001291843128284315,False,0.0,True
clock_cos,len5_cond3_1.csv,41.5,-0.0017449999999998023,0.00129714424638864,True,0.00022392787680558112,True
clock_cos,len5_cond3_1.csv,42.0,-4.999999999644178e-06,0.0012933088977253764,False,0.0,True
clock_cos,len5_cond3_1.csv,42.5,0.0007249999999996565,0.001294288822853279,False,0.0,True
clock_cos,len5_cond3_1.csv,43.0,-0.0007249999999997536,0.0012945079079697728,False,0.0,True
clock_cos,len5_cond3_1.csv,43.5,0.0021799999999997516,0.0012922257322988727,True,0.0004438871338504394,True
clock_cos,len5_cond3_1.csv,44.0,-0.002104999999999857,0.0012899909240860602,True,0.00040750453795689837,True
clock_cos,len5_cond3_1.csv,44.5,0.0019399999999998863,0.0012910184140964083,True,0.00032449079295173897,True
clock_cos,len5_cond3_1.csv,45.0,-0.001054999999999598,0.0012925863281593177,False,0.0,True
clock_cos,len5_cond3_1.csv,45.5,-0.00010000000000007225,0.001292412292064851,False,0.0,True
clock_cos,len5_cond3_1.csv,46.0,-0.001355000000000356,0.0012894515569793325,True,3.277422151051171e-05,True
clock_cos,len5_cond3_1.csv,46.5,0.0019199999999999183,0.0012876197982029669,True,0.0003161901008984757,True
clock_cos,len5_cond3_1.csv,47.0,-0.002169999999999783,0.0012905178368136272,True,0.000439741081593078,True
clock_cos,len5_cond3_1.csv,47.5,0.0016049999999998843,0.0012875500364865114,True,0.00015872498175668642,True
clock_cos,len5_cond3_1.csv,48.0,-0.000350000000000239,0.001290556605043751,False,0.0,True
clock_cos,len5_cond3_1.csv,48.5,0.0015650000000001774,0.0012904466278357378,True,0.00013727668608221977,True
clock_cos,len5_cond3_1.csv,49.0,-0.0017200000000002769,0.00128608769147582,True,0.00021695615426222845,True
clock_cos,len5_cond3_1.csv,49.5,-0.0003299999999997749,0.0012865602810620865,False,0.0,True
clock_cos,len5_cond3_1.csv,50.0,0.0011550000000003224,0.0012875500364865114,False,0.0,True
clock_cos,len5_cond3_1.csv,50.5,-0.0005549999999999236,0.0012847335778631982,False,0.0,True
clock_cos,len5_cond3_1.csv,51.0,0.00032500000000043605,0.0012856211165551516,False,0.0,True
clock_cos,len5_cond3_1.csv,51.5,-0.0013949999999998408,0.0012859790708706772,True,5.451046456458181e-05,True
clock_cos,len5_cond3_1.csv,52.0,0.0007749999999992763,0.0012856211165551516,False,0.0,True
clock_cos,len5_cond3_1.csv,52.5,-0.0007249999999996704,0.001283982870700712,False,0.0,True
clock_cos,len5_cond3_1.csv,53.0,0.0004800000000000082,0.001285206605618704,False,0.0,True
clock_cos,len5_cond3_1.csv,53.5,0.0004849999999998744,0.0012831084252492185,False,0.0,True
clock_cos,len5_cond3_1.csv,54.0,-0.0006749999999995648,0.0012862599645137448,False,0.0,True
clock_cos,len5_cond3_1.csv,54.5,-0.00044999999999988105,0.0012837234611504185,False,0.0,True
clock_cos,len5_cond3_1.csv,55.0,0.0015150000000001829,0.0012833578816392691,True,0.00011582105918045687,True
clock_cos,len5_cond3_1.csv,55.5,0.0016299999999996873,0.0012827732535847947,True,0.00017361337320744626,True
clock_cos,len5_cond3_1.csv,56.0,-0.002094999999999854,0.0012803948898378842,True,0.0004073025550809849,True
clock_cos,len5_cond3_1.csv,56.5,0.0005749999999997701,0.001282491164673974,False,0.0,True
clock_cos,len5_cond3_1.csv,57.0,-0.0007150000000000767,0.0012819717465670693,False,0.0,True
clock_cos,len5_cond3_1.csv,57.5,0.0003849999999995836,0.0012821319091872421,False,0.0,True
clock_cos,len5_cond3_1.csv,58.0,0.0006449999999999512,0.0012828955567444414,False,0.0,True
clock_cos,len5_cond3_1.csv,58.5,-0.0001599999999996743,0.0012810672639064838,False,0.0,True
clock_cos,len5_cond3_1.csv,59.0,0.00027000000000032554,0.0012831084252492185,False,0.0,True
viscous,len1_cond1_1.csv,0.0,0.003735000000000044,0.0020322219698767166,True,0.0008513890150616634,True
viscous,len1_cond1_1.csv,0.5,-0.0011300000000000754,0.0020163509662294112,False,0.0,True
viscous,len1_cond1_1.csv,1.0,0.00156000000000045,0.00202420485755304,False,0.0,True
viscous,len1_cond1_1.csv,1.5,-0.0025600000000003398,0.0020077577895873514,True,0.00027612110520649417,True
viscous,len1_cond1_1.csv,2.0,0.0018299999999997763,0.002013747982839739,False,0.0,True
viscous,len1_cond1_1.csv,2.5,-0.00047499999999978115,0.0019944433256641886,False,0.0,True
viscous,len1_cond1_1.csv,3.0,0.002074999999999827,0.0020013606956364063,True,3.681965218171033e-05,True
viscous,len1_cond1_1.csv,3.5,-0.0017299999999997873,0.0019867838372627606,False,0.0,True
viscous,len1_cond1_1.csv,4.0,0.0027849999999998154,0.00199045428112753,True,0.00039727285943614264,True
viscous,len1_cond1_1.csv,4.5,-0.002909999999999746,0.0019768669655678603,True,0.0004665665172159429,True
viscous,len1_cond1_1.csv,5.0,0.0005049999999999777,0.0019660658051239557,False,0.0,True
viscous,len1_cond1_1.csv,5.5,-0.00046499999999971564,0.0019551698294008736,False,0.0,True
viscous,len1_cond1_1.csv,6.0,0.0018849999999996925,0.001939740665986776,False,0.0,True
viscous,len1_cond1_1.csv,6.5,-0.004469999999999863,0.0019364632408588297,True,0.0012667683795705167,True
viscous,len1_cond1_1.csv,7.0,0.004174999999999596,0.0019609826877676757,True,0.0011070086561159598,True
viscous,len1_cond1_1.csv,7.5,-0.003089999999999704,0.001966283567682314,True,0.000561858216158695,True
viscous,len1_cond1_1.csv,8.0,0.0021549999999998515,0.002000923028919784,True,7.703848554003361e-05,True
viscous,len1_cond1_1.csv,8.5,-0.0001299999999996304,0.0019942478289271507,False,0.0,True
viscous,len1_cond1_1.csv,9.0,-0.0011500000000002897,0.001994337927576172,False,0.0,True
viscous,len1_cond1_1.csv,9.5,0.0020750000000001184,0.00197886569090416,True,4.806715454797918e-05,True
viscous,len1_cond1_1.csv,10.0,-0.002869999999999845,0.0019507736637365308,True,0.0004596131681316568,True
viscous,len1_cond1_1.csv,10.5,0.0008499999999994484,0.0019422631729158531,False,0.0,True
viscous,len1_cond1_1.csv,11.0,0.00129999999999994,0.0019092563213864342,False,0.0,True
viscous,len1_cond1_1.csv,11.5,-0.0018599999999999728,0.001923219108049482,False,0.0,True
viscous,len1_cond1_1.csv,12.0,0.001454999999999873,0.0019268247173921226,False,0.0,True
viscous,len1_cond1_1.csv,12.5,-0.001254999999999895,0.0019704317962543332,False,0.0,True
viscous,len1_cond1_1.csv,13.0,0.0004849999999999577,0.001999226527073152,False,0.0,True
viscous,len1_cond1_1.csv,13.5,0.0003599999999995829,0.0020206291698833386,False,0.0,True
viscous,len1_cond1_1.csv,14.0,-0.0015649999999994835,0.0020581870635803965,False,0.0,True
viscous,len1_cond1_1.csv,14.5,0.004694999999999561,0.0020426423449951686,True,0.001326178827502196,True
viscous,len1_cond1_1.csv,15.0,-0.005104999999999249,0.0020295670285941257,True,0.0015377164857025617,True
viscous,len1_cond1_1.csv,15.5,0.003449999999999509,0.002014274251138284,True,0.0007178628744306124,True
viscous,len1_cond1_1.csv,16.0,-0.0029850000000011256,0.0019635449065272753,True,0.0005107275467369249,True
viscous,len1_cond1_1.csv,16.5,0.004575000000001328,0.0019567770259353774,True,0.001309111487032975,True
viscous,len1_cond1_1.csv,17.0,-0.004755000000001175,0.0019211300908120153,True,0.0014169349545945797,True
viscous,len1_cond1_1.csv,17.5,0.002540000000000875,0.0019285795974666436,True,0.00030571020126711544,True
viscous,len1_cond1_1.csv,18.0,-0.0024100000000006894,0.0018963605938441207,True,0.0002568197030782843,True
viscous,len1_cond1_1.csv,18.5,0.0025900000000003143,0.0019140205671723885,True,0.0003379897164139628,True
viscous,len1_cond1_1.csv,19.0,-0.0015249999999997765,0.0018864593641082733,False,0.0,True
viscous,len1_cond1_1.csv,19.5,0.0024100000000000232,0.0019081828262809608,True,0.000250908586859531,True
viscous,len1_cond1_1.csv,20.0,-0.00205500000000014,0.0018818886544454435,True,8.655567277734825e-05,True
viscous,len1_cond1_1.csv,20.5,0.001040000000000152,0.001902529695240316,False,0.0,True
viscous,len1_cond1_1.csv,21.0,-0.0012799999999999478,0.0018751244300341879,False,0.0,True
viscous,len1_cond1_1.csv,21.5,0.0020449999999998525,0.0018980498073698044,True,7.347509631502403e-05,True
viscous,len1_cond1_1.csv,22.0,-0.0018650000000000055,0.0018691043541374957,False,0.0,True
viscous,len1_cond1_1.csv,22.5,0.0015650000000004827,0.001892262264561692,False,0.0,True
viscous,len1_cond1_1.csv,23.0,-0.0013850000000004137,0.0018615285658915405,False,0.0,True
viscous,len1_cond1_1.csv,23.5,0.0011500000000006505,0.001884479146638077,False,0.0,True
viscous,len1_cond1_1.csv,24.0,-0.003215000000000856,0.0018555019170905674,True,0.0006797490414551443,True
viscous,len1_cond1_1.csv,24.5,0.0037450000000001094,0.0018786051675074317,True,0.0009331974162463386,True
viscous,len1_cond1_1.csv,25.0,-0.0031300000000005213,0.00185066701577865,True,0.0006396664921109357,True
viscous,len1_cond1_1.csv,25.5,0.0027850000000004815,0.0018768938993635556,True,0.0004540530503184628,True
viscous,len1_cond1_1.csv,26.0,-0.0013600000000000279,0.0018497582331650142,False,0.0,True
viscous,len1_cond1_1.csv,26.5,0.0011599999999999389,0.0018618555134537794,False,0.0,True
viscous,len1_cond1_1.csv,27.0,-0.0012700000000003264,0.0018450514239019247,False,0.0,True
viscous,len1_cond1_1.csv,27.5,0.0009700000000000264,0.0018522195871681119,False,0.0,True
viscous,len1_cond1_1.csv,28.0,-0.0026500000000005963,0.0018394219617809899,True,0.0004052890191098031,True
viscous,len1_cond1_1.csv,28.5,0.0027850000000004815,0.00184823061718612,True,0.0004683846914071805,True
viscous,len1_cond1_1.csv,29.0,-0.002115000000000422,0.001818722791393352,True,0.00014813860430353508,True
viscous,len1_cond1_1.csv,29.5,0.001520000000000521,0.0018460555798988218,False,0.0,True
viscous,len1_cond1_1.csv,30.0,-0.0018000000000001348,0.001821848441525329,False,0.0,True
viscous,len1_cond1_1.csv,30.5,0.0019000000000004569,0.0018559393567459891,True,2.2030321627233883e-05,True
viscous,len1_cond1_1.csv,31.0,-0.0010700000000004595,0.0018298689768975593,False,0.0,True
viscous,len1_cond1_1.csv,31.5,0.0024500000000003963,0.001864583514811599,True,0.0002927082425943986,True
viscous,len1_cond1_1.csv,32.0,-0.0018950000000012013,0.001839051159495582,True,2.7974420252809603e-05,True
viscous,len1_cond1_1.csv,32.5,0.0001400000000005841,0.0018719941232433815,False,0.0,True
viscous,len1_cond1_1.csv,33.0,0.0015999999999992132,0.0018440315372623278,False,0.0,True
viscous,len1_cond1_1.csv,33.5,-0.00016999999999883775,0.0018612728611649722,False,0.0,True
viscous,len1_cond1_1.csv,34.0,-0.0023100000000004783,0.001847945359584662,True,0.00023102732020790812,True
viscous,len1_cond1_1.csv,34.5,0.0008400000000005903,0.0018485265585997702,False,0.0,True
viscous,len1_cond1_1.csv,35.0,4.4999999999156826e-05,0.0018398767442936595,False,0.0,True
viscous,len1_cond1_1.csv,35.5,5.50000000003395e-05,0.0018149445087405729,False,0.0,True
viscous,len1_cond1_1.csv,36.0,-0.0002450000000009398,0.0018290515948147378,False,0.0,True
viscous,len1_cond1_1.csv,36.5,0.0005400000000002209,0.0017948480604322845,False,0.0,True
viscous,len1_cond1_1.csv,37.0,-0.0006099999999998051,0.0018145257636864066,False,0.0,True
viscous,len1_cond1_1.csv,37.5,-0.0010599999999998944,0.0017962079303319722,False,0.0,True
viscous,len1_cond1_1.csv,38.0,0.0015649999999998165,0.0018131162056736175,False,0.0,True
viscous,len1_cond1_1.csv,38.5,-0.0013450000000000961,0.0017843674092990623,False,0.0,True
viscous,len1_cond1_1.csv,39.0,0.0008100000000003105,0.0018150563221290147,False,0.0,True
viscous,len1_cond1_1.csv,39.5,0.0018299999999994987,0.0018101764415987725,True,9.911779200363121e-06,True
viscous,len1_cond1_1.csv,40.0,-0.00025999999999981593,0.001835401744638652,False,0.0,True
viscous,len1_cond1_1.csv,40.5,-0.0008300000000009411,0.0018224270031019767,False,0.0,True
viscous,len1_cond1_1.csv,41.0,-0.0010999999999989352,0.001851672126453173,False,0.0,True
viscous,len1_cond1_1.csv,41.5,0.00014999999999898428,0.0018522301628207422,False,0.0,True
viscous,len1_cond1_1.csv,42.0,-0.0007599999999989837,0.0018617681052690758,False,0.0,True
viscous,len1_cond1_1.csv,42.5,0.0017849999999990374,0.0018608795803319981,False,0.0,True
viscous,len1_cond1_1.csv,43.0,0.0007350000000011514,0.001872881409866496,False,0.0,True
viscous,len1_cond1_1.csv,43.5,-0.003110000000000168,0.0018723182025942918,True,0.0006188408987029381,True
viscous,len1_cond1_1.csv,44.0,0.002780000000000671,0.0018652090921518986,True,0.000457395453924386,True
viscous,len1_cond1_1.csv,44.5,-0.0012900000000003464,0.0018542328138389393,False,0.0,True
viscous,len1_cond1_1.csv,45.0,0.0011799999999999589,0.0018570759654186844,False,0.0,True
viscous,len1_cond1_1.csv,45.5,-0.0029600000000004068,0.001838295339813285,True,0.0005608523300935609,True
viscous,len1_cond1_1.csv,46.0,0.0037249999999999783,0.0018381466475340274,True,0.0009434266762329755,True
viscous,len1_cond1_1.csv,46.5,-0.0030049999999999244,0.0018064145554147972,True,0.0005992927222925634,True
viscous,len1_cond1_1.csv,47.0,0.0032249999999993673,0.0018145390888290743,True,0.0007052304555851465,True
viscous,len1_cond1_1.csv,47.5,-0.004174999999999929,0.0017835439415644257,True,0.0011957280292177516,True
viscous,len1_cond1_1.csv,48.0,0.004225000000000256,0.0018042885223008552,True,0.0012103557388497004,True
viscous,len1_cond1_1.csv,48.5,-0.004495000000000138,0.0017716131128891284,True,0.0013616934435555046,True
viscous,len1_cond1_1.csv,49.0,0.004645000000000232,0.0017911248372819307,True,0.0014269375813591506,True
viscous,len1_cond1_1.csv,49.5,-0.0031850000000001044,0.0017608684965750758,True,0.0007120657517125143,True
viscous,len1_cond1_1.csv,50.0,0.002794999999999992,0.001783642547183593,True,0.0005056787264081993,True
viscous,len1_cond1_1.csv,50.5,-0.0024450000000002525,0.001746907122894111,True,0.0003490464385530707,True
viscous,len1_cond1_1.csv,51.0,0.002935000000000687,0.0017706844776587411,True,0.0005821577611709729,True
viscous,len1_cond1_1.csv,51.5,-0.0026599999999998847,0.0017378252809938856,True,0.0004610873595029994,True
viscous,len1_cond1_1.csv,52.0,0.001700000000000812,0.0017661012131693302,False,0.0,True
viscous,len1_cond1_1.csv,52.5,-0.0032450000000006085,0.0017305561219364118,True,0.0007572219390320984,True
viscous,len1_cond1_1.csv,53.0,0.004145000000000509,0.0017656451254165406,True,0.0011896774372919842,True
viscous,len1_cond1_1.csv,53.5,-0.003115000000000756,0.0017301193661019218,True,0.0006924403169494171,True
viscous,len1_cond1_1.csv,54.0,0.003080000000001304,0.001759244673937177,True,0.0006603776630320632,True
viscous,len1_cond1_1.csv,54.5,-0.0023350000000013083,0.0017273132414214608,True,0.0003038433792899236,True
viscous,len1_cond1_1.csv,55.0,0.0011300000000002974,0.0017559513035160135,False,0.0,True
viscous,len1_cond1_1.csv,55.5,-0.0022250000000010317,0.0017212691385202715,True,0.00025186543074038,True
viscous,len1_cond1_1.csv,56.0,0.003510000000000457,0.0017544759424271044,True,0.0008777620287866764,True
viscous,len1_cond1_1.csv,56.5,-0.0036700000000010613,0.0017196044710329906,True,0.0009751977644840352,True
viscous,len1_cond1_1.csv,57.0,0.0013550000000012163,0.001750601756831908,False,0.0,True
viscous,len1_cond1_1.csv,57.5,-0.00013000000000118472,0.0017122634381602421,False,0.0,True
viscous,len1_cond1_1.csv,58.0,0.0015250000000011088,0.0017443061716657738,False,0.0,True
viscous,len1_cond1_1.csv,58.5,-0.002200000000000757,0.0017099849592405033,True,0.0002450075203801268,True
viscous,len1_cond1_1.csv,59.0,0.0017300000000002314,0.001741614238959834,False,0.0,True
viscous,len1_cond2_1.csv,0.0,-0.0005900000000000349,0.001855541062772068,False,0.0,True
viscous,len1_cond2_1.csv,0.5,0.0007800000000000029,0.001859427941546663,False,0.0,True
viscous,len1_cond2_1.csv,1.0,0.0020300000000000318,0.0018553528548154472,True,8.732357259229231e-05,True
viscous,len1_cond2_1.csv,1.5,-0.0027799999999998937,0.0018615458031774402,True,0.00045922709841122664,True
viscous,len1_cond2_1.csv,2.0,0.002180000000000182,0.001877255481291429,True,0.0001513722593543764,True
viscous,len1_cond2_1.csv,2.5,-0.000280000000000058,0.0018768609689184543,False,0.0,True
viscous,len1_cond2_1.csv,3.0,-0.001274999999999804,0.0019030279872501565,False,0.0,True
viscous,len1_cond2_1.csv,3.5,0.0002049999999998997,0.0018877497490589353,False,0.0,True
viscous,len1_cond2_1.csv,4.0,0.0002950000000000452,0.0019050035035906793,False,0.0,True
viscous,len1_cond2_1.csv,4.5,-0.0010300000000003084,0.001892112028959232,False,0.0,True
viscous,len1_cond2_1.csv,5.0,-0.001214999999999744,0.0019030303135593772,False,0.0,True
viscous,len1_cond2_1.csv,5.5,0.00169499999999978,0.0018983100034191966,False,0.0,True
viscous,len1_cond2_1.csv,6.0,-0.000360000000000138,0.0018923177065558502,False,0.0,True
viscous,len1_cond2_1.csv,6.5,0.0022299999999998432,0.0018586622263669882,True,0.00018566888681642753,True
viscous,len1_cond2_1.csv,7.0,-0.00270999999999999,0.0018642841078961674,True,0.0004228579460519113,True
viscous,len1_cond2_1.csv,7.5,0.003689999999999749,0.0018364119823643479,True,0.0009267940088177004,True
viscous,len1_cond2_1.csv,8.0,-0.004684999999999606,0.0018416964301335797,True,0.001421651784933013,True
viscous,len1_cond2_1.csv,8.5,0.0011699999999993382,0.0018090592969244564,False,0.0,True
viscous,len1_cond2_1.csv,9.0,-0.0016249999999994325,0.0018106138787556,False,0.0,True
viscous,len1_cond2_1.csv,9.5,0.0038149999999994577,0.001797230468976856,True,0.0010088847655113009,True
viscous,len1_cond2_1.csv,10.0,-0.0027249999999996444,0.0017881684728123007,True,0.0004684157635936718,True
viscous,len1_cond2_1.csv,10.5,0.0026849999999994933,0.0017788018378742596,True,0.0004530990810626169,True
viscous,len1_cond2_1.csv,11.0,-0.002314999999999401,0.0017708643328573752,True,0.00027206783357101275,True
viscous,len1_cond2_1.csv,11.5,0.002134999999999332,0.0017523499557062163,True,0.0001913250221465578,True
viscous,len1_cond2_1.csv,12.0,-0.0030649999999994293,0.0017506515380271174,True,0.0006571742309861557,True
viscous,len1_cond2_1.csv,12.5,0.0018599999999994177,0.001741224434978073,True,5.93877825106723e-05,True
viscous,len1_cond2_1.csv,13.0,-0.000994999999999524,0.0017381293140300241,False,0.0,True
viscous,len1_cond2_1.csv,13.5,0.0014099999999995783,0.0017322742488497403,False,0.0,True
viscous,len1_cond2_1.csv,14.0,-0.0025849999999993933,0.0017267565942022127,True,0.0004291217028985902,True
viscous,len1_cond2_1.csv,14.5,0.0037399999999995215,0.001718873137399964,True,0.0010105634312997788,True
viscous,len1_cond2_1.csv,15.0,-0.002014999999999767,0.001718873137399964,True,0.00014806343129990154,True
viscous,len1_cond2_1.csv,15.5,-3.3306690738754696e-16,0.0017076348067847718,False,0.0,True
viscous,len1_cond2_1.csv,16.0,-0.0010550000000003612,0.0017056688173472361,False,0.0,True
viscous,len1_cond2_1.csv,16.5,0.0023500000000000743,0.0016962446601425571,True,0.00032687766992875846,True
viscous,len1_cond2_1.csv,17.0,-0.003710000000000213,0.0016962446601425571,True,0.001006877669928828,True
viscous,len1_cond2_1.csv,17.5,0.00319500000000017,0.0016874384082587852,True,0.0007537807958706924,True
viscous,len1_cond2_1.csv,18.0,-0.0005250000000002197,0.0016862494537405609,False,0.0,True
viscous,len1_cond2_1.csv,18.5,0.0015250000000002206,0.0016774496269113997,False,0.0,True
viscous,len1_cond2_1.csv,19.0,-0.0019299999999997652,0.0016762309012807721,True,0.00012688454935949655,True
viscous,len1_cond2_1.csv,19.5,0.0014550000000002061,0.001666171463421345,False,0.0,True
viscous,len1_cond2_1.csv,20.0,-0.0027800000000000047,0.0016676681508160215,True,0.0005561659245919915,True
viscous,len1_cond2_1.csv,20.5,0.002175000000000149,0.0016585836580995789,True,0.0002582081709502851,True
viscous,len1_cond2_1.csv,21.0,0.0005149999999998212,0.0016578038054608966,False,0.0,True
viscous,len1_cond2_1.csv,21.5,-3.999999999992898e-05,0.0016484819496450462,False,0.0,True
viscous,len1_cond2_1.csv,22.0,-0.0023300000000000542,0.0016484819496450462,True,0.0003407590251775039,True
viscous,len1_cond2_1.csv,22.5,0.0016849999999997145,0.0016424171131626593,True,2.1291443418527587e-05,True
viscous,len1_cond2_1.csv,23.0,-0.001100000000000101,0.0016385623540269966,False,0.0,True
viscous,len1_cond2_1.csv,23.5,0.0013900000000000023,0.0016324793717555097,False,0.0,True
viscous,len1_cond2_1.csv,24.0,-0.000920000000000254,0.0016324793717555097,False,0.0,True
viscous,len1_cond2_1.csv,24.5,0.000500000000000056,0.0016252719242672896,False,0.0,True
viscous,len1_cond2_1.csv,25.0,-0.002320000000000322,0.0016252719242672896,True,0.000347364037866516,True
viscous,len1_cond2_1.csv,25.5,0.0022199999999999998,0.001619180326869277,True,0.0003004098365653612,True
viscous,len1_cond2_1.csv,26.0,-0.0008099999999999774,0.0016161333709965343,False,0.0,True
viscous,len1_cond2_1.csv,26.5,0.0013500000000000734,0.0016101487415138658,False,0.0,True
viscous,len1_cond2_1.csv,27.0,-0.0006499999999997064,0.0016101487415138658,False,0.0,True
viscous,len1_cond2_1.csv,27.5,-6.000000000028205e-05,0.0016030351744486312,False,0.0,True
viscous,len1_cond2_1.csv,28.0,-0.0001900000000001345,0.0016030351744486312,False,0.0,True
viscous,len1_cond2_1.csv,28.5,0.00048000000000003595,0.0015969347409554504,False,0.0,True
viscous,len1_cond2_1.csv,29.0,-0.0007499999999999174,0.0015969347409554504,False,0.0,True
viscous,len1_cond2_1.csv,29.5,0.001040000000000041,0.0015908315178777778,False,0.0,True
viscous,len1_cond2_1.csv,30.0,-0.000340000000000229,0.0015908315178777778,False,0.0,True
viscous,len1_cond2_1.csv,30.5,-0.00039000000000000146,0.0015837076454372919,False,0.0,True
viscous,len1_cond2_1.csv,31.0,0.00033999999999989594,0.0015837076454372919,False,0.0,True
viscous,len1_cond2_1.csv,31.5,0.0005650000000002597,0.0015774749242845408,False,0.0,True
viscous,len1_cond2_1.csv,32.0,-0.0017699999999997162,0.0015810250938174768,True,9.448745309111972e-05,True
viscous,len1_cond2_1.csv,32.5,0.0022800000000000598,0.0015749223579497517,True,0.0003525388210251539,True
viscous,len1_cond2_1.csv,33.0,-0.001815000000000011,0.001575540743698168,True,0.00011972962815092153,True
viscous,len1_cond2_1.csv,33.5,0.0017750000000008592,0.0015684301430783168,True,0.00010328492846127123,True
viscous,len1_cond2_1.csv,34.0,-0.0010650000000000936,0.001568817378318952,False,0.0,True
viscous,len1_cond2_1.csv,34.5,-0.00040999999999957737,0.001561295225399205,False,0.0,True
viscous,len1_cond2_1.csv,35.0,-0.0004950000000008004,0.001561295225399205,False,0.0,True
viscous,len1_cond2_1.csv,35.5,0.0007949999999999902,0.0015586376522201575,False,0.0,True
viscous,len1_cond2_1.csv,36.0,-0.0003099999999996994,0.0015551769434059624,False,0.0,True
viscous,len1_cond2_1.csv,36.5,-0.0007049999999999557,0.001552116910264319,False,0.0,True
viscous,len1_cond2_1.csv,37.0,0.0004450000000000287,0.0015494710969675908,False,0.0,True
viscous,len1_cond2_1.csv,37.5,0.00098000000000098,0.0015459950997012272,False,0.0,True
viscous,len1_cond2_1.csv,38.0,-0.0019250000000000655,0.0015459950997012272,True,0.00018950245014941918,True
viscous,len1_cond2_1.csv,38.5,0.0012050000000005667,0.0015433576897455757,False,0.0,True
viscous,len1_cond2_1.csv,39.0,0.0002899999999995684,0.001538850120749659,False,0.0,True
viscous,len1_cond2_1.csv,39.5,0.0006250000000005418,0.0015357870661500445,False,0.0,True
viscous,len1_cond2_1.csv,40.0,-0.0006850000000007128,0.0015362231311000015,False,0.0,True
viscous,len1_cond2_1.csv,40.5,0.0001799999999996249,0.0015295121767525325,False,0.0,True
viscous,len1_cond2_1.csv,41.0,-0.0004600000000006266,0.0015296593439131025,False,0.0,True
viscous,len1_cond2_1.csv,41.5,0.0005000000000005,0.0015233786937699986,False,0.0,True
viscous,len1_cond2_1.csv,42.0,-0.0011600000000007715,0.0015233786937699986,False,0.0,True
viscous,len1_cond2_1.csv,42.5,0.0004300000000003745,0.0015203111184160095,False,0.0,True
viscous,len1_cond2_1.csv,43.0,0.0007899999999997909,0.0015162201687056933,False,0.0,True
viscous,len1_cond2_1.csv,43.5,-0.0006799999999990702,0.0015131513284433861,False,0.0,True
viscous,len1_cond2_1.csv,44.0,0.0003799999999992698,0.0015131513284433861,False,0.0,True
viscous,len1_cond2_1.csv,44.5,-0.00012999999999940837,0.0015070120630370245,False,0.0,True
viscous,len1_cond2_1.csv,45.0,-6.000000000033756e-05,0.0015070120630370245,False,0.0,True
viscous,len1_cond2_1.csv,45.5,0.00019000000000041206,0.0015039416517067185,False,0.0,True
viscous,len1_cond2_1.csv,46.0,-0.00164000000000053,0.0015039416517067185,True,6.802917414690571e-05,True
viscous,len1_cond2_1.csv,46.5,0.0020299999999997542,0.001501036740334482,True,0.00026448162983263614,True
viscous,len1_cond2_1.csv,47.0,9.999999999676934e-06,0.001501036740334482,False,0.0,True
viscous,len1_cond2_1.csv,47.5,-0.0009699999999994158,0.0014937033036682551,False,0.0,True
viscous,len1_cond2_1.csv,48.0,0.0005699999999997374,0.0014937033036682551,False,0.0,True
viscous,len1_cond2_1.csv,48.5,-0.00017999999999968042,0.001490804705919306,False,0.0,True
viscous,len1_cond2_1.csv,49.0,0.00012999999999990797,0.001490804705919306,False,0.0,True
viscous,len1_cond2_1.csv,49.5,-9.999999999921183e-05,0.0014844841581976894,False,0.0,True
viscous,len1_cond2_1.csv,50.0,-0.0010750000000003257,0.0014844841581976894,False,0.0,True
viscous,len1_cond2_1.csv,50.5,0.0014950000000001906,0.0014821434773563164,True,6.428261321937126e-06,True
viscous,len1_cond2_1.csv,51.0,-0.0016250000000003761,0.0014815919948226893,True,7.170400258884344e-05,True
viscous,len1_cond2_1.csv,51.5,0.0024900000000002698,0.0014790802033354498,True,0.0005054598983324097,True
viscous,len1_cond2_1.csv,52.0,-0.0009950000000002457,0.0014790802033354498,False,0.0,True
viscous,len1_cond2_1.csv,52.5,-0.001764999999999406,0.001471351690255441,True,0.00014682415487198247,True
viscous,len1_cond2_1.csv,53.0,0.0016650000000002496,0.0014719321947190272,True,9.653390264061123e-05,True
viscous,len1_cond2_1.csv,53.5,-0.00018999999999980144,0.0014682788442875717,False,0.0,True
viscous,len1_cond2_1.csv,54.0,-0.0009849999999999581,0.0014682788442875717,False,0.0,True
viscous,len1_cond2_1.csv,54.5,0.0019300000000000428,0.001466779994999615,True,0.00023161000250021394,True
viscous,len1_cond2_1.csv,55.0,-0.0001300000000005741,0.0014658051055605622,False,0.0,True
viscous,len1_cond2_1.csv,55.5,0.00027999999999994696,0.0014606855012306186,False,0.0,True
viscous,len1_cond2_1.csv,56.0,-0.00041000000000007697,0.001462741552732062,False,0.0,True
viscous,len1_cond2_1.csv,56.5,-0.0011299999999994093,0.00145763915989302,False,0.0,True
viscous,len1_cond2_1.csv,57.0,-0.000840000000000285,0.00145763915989302,False,0.0,True
viscous,len1_cond2_1.csv,57.5,0.002539999999999931,0.0014560377975332995,True,0.0005419811012333158,True
viscous,len1_cond2_1.csv,58.0,9.999999999343867e-06,0.0014545935014115227,False,0.0,True
viscous,len1_cond2_1.csv,58.5,0.000640000000000418,0.0014474899873070184,False,0.0,True
viscous,len1_cond2_1.csv,59.0,-0.0015699999999997938,0.0014515485897281424,True,5.9225705135825695e-05,True
viscous,len1_cond3_1.csv,0.0,-0.0014850000000000696,0.001783907466595432,False,0.0,True
viscous,len1_cond3_1.csv,0.5,0.00048000000000003595,0.001764220387836264,False,0.0,True
viscous,len1_cond3_1.csv,1.0,0.0010099999999999554,0.001768519937059331,False,0.0,True
viscous,len1_cond3_1.csv,1.5,-0.0011699999999997823,0.0017498492747855705,False,0.0,True
viscous,len1_cond3_1.csv,2.0,-0.0007399999999998519,0.001746969050421653,False,0.0,True
viscous,len1_cond3_1.csv,2.5,0.0007299999999998974,0.0017402385019262845,False,0.0,True
viscous,len1_cond3_1.csv,3.0,-0.0003649999999999487,0.0017233489746286705,False,0.0,True
viscous,len1_cond3_1.csv,3.5,0.0010799999999999144,0.0017265557306880646,False,0.0,True
viscous,len1_cond3_1.csv,4.0,0.00010000000000015552,0.0017151092932096378,False,0.0,True
viscous,len1_cond3_1.csv,4.5,-0.0016100000000001669,0.0017186491897834446,False,0.0,True
viscous,len1_cond3_1.csv,5.0,0.000540000000000096,0.0017010216692808894,False,0.0,True
viscous,len1_cond3_1.csv,5.5,0.002474999999999894,0.0016999259139306529,True,0.00038753704303462044,True
viscous,len1_cond3_1.csv,6.0,-0.0025100000000000122,0.0016841964562774722,True,0.0004129017718612699,True
viscous,len1_cond3_1.csv,6.5,0.00023999999999996247,0.0016823025079201717,False,0.0,True
viscous,len1_cond3_1.csv,7.0,3.000000000011327e-05,0.0016686027036161755,False,0.0,True
viscous,len1_cond3_1.csv,7.5,9.999999999996123e-05,0.0016677989390615515,False,0.0,True
viscous,len1_cond3_1.csv,8.0,6.0000000000254294e-05,0.0016555572049782334,False,0.0,True
viscous,len1_cond3_1.csv,8.5,-0.0012350000000001249,0.0016632054331369018,False,0.0,True
viscous,len1_cond3_1.csv,9.0,0.0021600000000001895,0.001634688076239202,True,0.00026265596188049375,True
viscous,len1_cond3_1.csv,9.5,0.00047999999999978615,0.001634126506097784,False,0.0,True
viscous,len1_cond3_1.csv,10.0,-0.001104999999999981,0.0016325860396141395,False,0.0,True
viscous,len1_cond3_1.csv,10.5,-0.000370000000000148,0.0016149375084199406,False,0.0,True
viscous,len1_cond3_1.csv,11.0,8.999999999992347e-05,0.0016136560386577313,False,0.0,True
viscous,len1_cond3_1.csv,11.5,-0.0015550000000000147,0.0016048118145011196,False,0.0,True
viscous,len1_cond3_1.csv,12.0,0.00290000000000018,0.0015950654107816787,True,0.0006524672946092505,True
viscous,len1_cond3_1.csv,12.5,-0.002540000000000202,0.0015950654107816787,True,0.0004724672946092614,True
viscous,len1_cond3_1.csv,13.0,0.00040000000000006697,0.0015773014844810836,False,0.0,True
viscous,len1_cond3_1.csv,13.5,0.0007249999999999826,0.001586036650866433,False,0.0,True
viscous,len1_cond3_1.csv,14.0,0.000725000000000052,0.0015682417285875223,False,0.0,True
viscous,len1_cond3_1.csv,14.5,-0.0011549999999998506,0.001576922726809488,False,0.0,True
viscous,len1_cond3_1.csv,15.0,-2.000000000004082e-05,0.0015594138861213251,False,0.0,True
viscous,len1_cond3_1.csv,15.5,-0.0007250000000000242,0.0015595712837153308,False,0.0,True
viscous,len1_cond3_1.csv,16.0,0.0014750000000004412,0.0015420595295868188,False,0.0,True
viscous,len1_cond3_1.csv,16.5,-0.0013050000000001932,0.0015593317328856356,False,0.0,True
viscous,len1_cond3_1.csv,17.0,0.0012100000000003766,0.001542037772739633,False,0.0,True
viscous,len1_cond3_1.csv,17.5,0.0009099999999996758,0.0015420595295868188,False,0.0,True
viscous,len1_cond3_1.csv,18.0,-1.0000000000086329e-05,0.001542037772739633,False,0.0,True
viscous,len1_cond3_1.csv,18.5,-0.001729999999999906,0.001542037772739633,True,9.398111363013658e-05,True
viscous,len1_cond3_1.csv,19.0,0.0006100000000000107,0.0015335311661862944,False,0.0,True
viscous,len1_cond3_1.csv,19.5,0.001189999999999909,0.0015249797378296256,False,0.0,True
viscous,len1_cond3_1.csv,20.0,-0.0014550000000000491,0.001525002844226379,False,0.0,True
viscous,len1_cond3_1.csv,20.5,0.0014449999999998657,0.0015162867021939444,False,0.0,True
viscous,len1_cond3_1.csv,21.0,-0.0022399999999996962,0.001525002844226379,True,0.0003574985778866585,True
viscous,len1_cond3_1.csv,21.5,0.0017050000000003512,0.0015249797378296256,True,9.00101310853628e-05,True
viscous,len1_cond3_1.csv,22.0,-0.0019500000000000376,0.0015077823372338197,True,0.00022110883138310897,True
viscous,len1_cond3_1.csv,22.5,0.00166500000000007,0.0015162867021939444,True,7.435664890306283e-05,True
viscous,len1_cond3_1.csv,23.0,-0.0014299999999999357,0.0014990901640765206,False,0.0,True
viscous,len1_cond3_1.csv,23.5,0.002239999999999795,0.0014905356410339088,True,0.00037473217948294306,True
viscous,len1_cond3_1.csv,24.0,-0.0022200000000001776,0.0014905620558677984,True,0.00036471897206618946,True
viscous,len1_cond3_1.csv,24.5,0.0022099999999998,0.0014905356410339088,True,0.0003597321794829454,True
viscous,len1_cond3_1.csv,25.0,-0.0014600000000002328,0.0014905620558677984,False,0.0,True
viscous,len1_cond3_1.csv,25.5,-0.0003599999999999619,0.0014990646537024464,False,0.0,True
viscous,len1_cond3_1.csv,26.0,0.0014300000000003312,0.0014820340155325667,False,0.0,True
viscous,len1_cond3_1.csv,26.5,0.0005199999999997793,0.0014820066297510028,False,0.0,True
viscous,len1_cond3_1.csv,27.0,-0.002234999999999875,0.0014820066297510028,True,0.00037649668512443595,True
viscous,len1_cond3_1.csv,27.5,0.0011800000000002772,0.0014733420523175861,False,0.0,True
viscous,len1_cond3_1.csv,28.0,-0.00015000000000001384,0.0014647845926353343,False,0.0,True
viscous,len1_cond3_1.csv,28.5,-0.0001299999999998325,0.0014733420523175861,False,0.0,True
viscous,len1_cond3_1.csv,29.0,-7.632783294297951e-17,0.0014562555866068157,False,0.0,True
viscous,len1_cond3_1.csv,29.5,0.00016000000000009236,0.0014648881093207568,False,0.0,True
viscous,len1_cond3_1.csv,30.0,0.0001499999999998499,0.001464814173995281,False,0.0,True
viscous,len1_cond3_1.csv,30.5,-0.0011749999999999278,0.001456363381684941,False,0.0,True
viscous,len1_cond3_1.csv,31.0,0.0008349999999998567,0.0014475947231351609,False,0.0,True
viscous,len1_cond3_1.csv,31.5,3.49999999999049e-05,0.001456486506230104,False,0.0,True
viscous,len1_cond3_1.csv,32.0,0.0014899999999994917,0.0014476750990616558,True,2.1162450468917944e-05,True
viscous,len1_cond3_1.csv,32.5,-0.000849999999999785,0.0014392854930831169,False,0.0,True
viscous,len1_cond3_1.csv,33.0,-0.0007899999999999435,0.0014392854930831169,False,0.0,True
viscous,len1_cond3_1.csv,33.5,-0.0002799999999996555,0.0014480497501138617,False,0.0,True
viscous,len1_cond3_1.csv,34.0,-0.0008999999999997794,0.0014392854930831169,False,0.0,True
viscous,len1_cond3_1.csv,34.5,0.003069999999999587,0.0014397939198860417,True,0.0008151030400567725,True
viscous,len1_cond3_1.csv,35.0,-0.0012399999999999495,0.0014310376606492172,False,0.0,True
viscous,len1_cond3_1.csv,35.5,-6.500000000016909e-05,0.001431300694788724,False,0.0,True
viscous,len1_cond3_1.csv,36.0,-0.00134499999999977,0.0014223715335583537,False,0.0,True
viscous,len1_cond3_1.csv,36.5,0.0022750000000001727,0.00143161582770455,True,0.0004216920861478111,True
viscous,len1_cond3_1.csv,37.0,-0.002329999999999624,0.0014226477713113947,True,0.00045367611434411455,True
viscous,len1_cond3_1.csv,37.5,0.001090000000000084,0.001423363910251706,False,0.0,True
viscous,len1_cond3_1.csv,38.0,0.000989999999999873,0.001414162231402276,False,0.0,True
viscous,len1_cond3_1.csv,38.5,-0.0008949999999992853,0.001423363910251706,False,0.0,True
viscous,len1_cond3_1.csv,39.0,-2.0000000000380824e-05,0.001405885666660817,False,0.0,True
viscous,len1_cond3_1.csv,39.5,0.001199999999999625,0.0014068000300338915,False,0.0,True
viscous,len1_cond3_1.csv,40.0,-0.002104999999999864,0.00139788349205548,True,0.00035355825397219193,True
viscous,len1_cond3_1.csv,40.5,0.0008250000000004989,0.0014242959180884693,False,0.0,True
viscous,len1_cond3_1.csv,41.0,0.00026000000000003104,0.0014063130402983785,False,0.0,True
viscous,len1_cond3_1.csv,41.5,0.0006300000000003803,0.0014073460779678456,False,0.0,True
viscous,len1_cond3_1.csv,42.0,-0.0007700000000004023,0.001390011640538144,False,0.0,True
viscous,len1_cond3_1.csv,42.5,-0.0012899999999997566,0.0013996133088277128,False,0.0,True
viscous,len1_cond3_1.csv,43.0,0.0015599999999996866,0.001390011640538144,True,8.49941797307713e-05,True
viscous,len1_cond3_1.csv,43.5,0.00036999999999957206,0.001407950566707359,False,0.0,True
viscous,len1_cond3_1.csv,44.0,-0.0014900000000003313,0.0013906228940088225,True,4.968855299575443e-05,True
viscous,len1_cond3_1.csv,44.5,-0.00037499999999986156,0.001400558639033626,False,0.0,True
viscous,len1_cond3_1.csv,45.0,0.0014099999999994672,0.0013821334391746517,True,1.3933280412407748e-05,True
viscous,len1_cond3_1.csv,45.5,2.000000000010327e-05,0.0013839163941745559,False,0.0,True
viscous,len1_cond3_1.csv,46.0,-0.0014600000000007801,0.00138285269669613,True,3.857365165232506e-05,True
viscous,len1_cond3_1.csv,46.5,-9.000000000002062e-05,0.0013847911246648377,False,0.0,True
viscous,len1_cond3_1.csv,47.0,0.0016500000000002485,0.00138285269669613,True,0.00013357365165205925,True
viscous,len1_cond3_1.csv,47.5,0.0010299999999998227,0.0013847911246648377,False,0.0,True
viscous,len1_cond3_1.csv,48.0,-0.0027399999999997288,0.0013757323562814496,True,0.0006821338218591395,True
viscous,len1_cond3_1.csv,48.5,0.0006000000000008637,0.0013776627071189894,False,0.0,True
viscous,len1_cond3_1.csv,49.0,0.0014799999999998287,0.0013757323562814496,True,5.213382185918953e-05,True
viscous,len1_cond3_1.csv,49.5,0.0004900000000001847,0.0013776627071189894,False,0.0,True
viscous,len1_cond3_1.csv,50.0,-0.0016199999999996217,0.001376663617806307,True,0.00012166819109665739,True
viscous,len1_cond3_1.csv,50.5,0.0005549999999996252,0.001370794953591847,False,0.0,True
viscous,len1_cond3_1.csv,51.0,-0.00032999999999987206,0.0013604370615705433,False,0.0,True
viscous,len1_cond3_1.csv,51.5,0.0007200000000000123,0.0013627988464537124,False,0.0,True
viscous,len1_cond3_1.csv,52.0,-0.0007399999999996576,0.0013615815364722257,False,0.0,True
viscous,len1_cond3_1.csv,52.5,0.00022000000000049758,0.0013627988464537124,False,0.0,True
viscous,len1_cond3_1.csv,53.0,-0.0003100000000003239,0.0013615815364722257,False,0.0,True
viscous,len1_cond3_1.csv,53.5,-0.0007299999999998419,0.0013564427191919207,False,0.0,True
viscous,len1_cond3_1.csv,54.0,0.0007699999999998403,0.0013460442912292783,False,0.0,True
viscous,len1_cond3_1.csv,54.5,0.0004499999999999643,0.0013564427191919207,False,0.0,True
viscous,len1_cond3_1.csv,55.0,9.999999999955878e-05,0.001355061261561187,False,0.0,True
viscous,len1_cond3_1.csv,55.5,-0.00010999999999972143,0.0013564427191919207,False,0.0,True
viscous,len1_cond3_1.csv,56.0,0.0008900000000002933,0.001355061261561187,False,0.0,True
viscous,len1_cond3_1.csv,56.5,-0.0019350000000001033,0.0013489435705119936,True,0.00029302821474405487,True
viscous,len1_cond3_1.csv,57.0,5.000000000088267e-06,0.0013398750066752618,False,0.0,True
viscous,len1_cond3_1.csv,57.5,-5.00000000044909e-06,0.0013505040029675832,False,0.0,True
viscous,len1_cond3_1.csv,58.0,9.99999999970469e-06,0.0013398750066752618,False,0.0,True
viscous,len1_cond3_1.csv,58.5,0.0016899999999998028,0.0013362234198554899,True,0.00017688829007215644,True
viscous,len1_cond3_1.csv,59.0,-0.0016599999999996062,0.0013343993700493666,True,0.00016280031497511982,True
viscous,len2_cond1_1.csv,0.0,0.001334999999999975,0.0014438599733865736,False,0.0,True
viscous,len2_cond1_1.csv,0.5,-0.0021700000000000053,0.0014452263374833546,True,0.0003623868312583253,True
viscous,len2_cond1_1.csv,1.0,0.0010950000000000681,0.0014394969688159807,False,0.0,True
viscous,len2_cond1_1.csv,1.5,-0.0006550000000000722,0.0014334503037374885,False,0.0,True
viscous,len2_cond1_1.csv,2.0,0.0002749999999999697,0.00144021419282239,False,0.0,True
viscous,len2_cond1_1.csv,2.5,0.0020500000000000657,0.0014365761442786211,True,0.00030671192786072227,True
viscous,len2_cond1_1.csv,3.0,-0.0027049999999999297,0.0014281447110131669,True,0.0006384276444933812,True
viscous,len2_cond1_1.csv,3.5,0.003554999999999975,0.0014401204978406292,True,0.0010574397510796727,True
viscous,len2_cond1_1.csv,4.0,-0.002409999999999912,0.0014456481195733704,True,0.0004821759402132708,True
viscous,len2_cond1_1.csv,4.5,0.0003699999999997594,0.0014359888611837094,False,0.0,True
viscous,len2_cond1_1.csv,5.0,-0.0007949999999998791,0.0014348953584388856,False,0.0,True
viscous,len2_cond1_1.csv,5.5,0.0008749999999999591,0.001433761638865458,False,0.0,True
viscous,len2_cond1_1.csv,6.0,0.00021000000000003655,0.0014367400043318965,False,0.0,True
viscous,len2_cond1_1.csv,6.5,-0.0010349999999999804,0.001436205450685307,False,0.0,True
viscous,len2_cond1_1.csv,7.0,0.0020399999999999863,0.0014423762095284712,True,0.00029881189523575755,True
viscous,len2_cond1_1.csv,7.5,-0.001554999999999862,0.001441567526381626,True,5.6716236809118054e-05,True
viscous,len2_cond1_1.csv,8.0,5.999999999983796e-05,0.0014339599885661047,False,0.0,True
viscous,len2_cond1_1.csv,8.5,0.00015000000000015,0.0014294308924747011,False,0.0,True
viscous,len2_cond1_1.csv,9.0,0.0012399999999999634,0.0014380425400775162,False,0.0,True
viscous,len2_cond1_1.csv,9.5,-0.0002600000000001577,0.0014324092880367177,False,0.0,True
viscous,len2_cond1_1.csv,10.0,-0.0005949999999997901,0.0014333275096962577,False,0.0,True
viscous,len2_cond1_1.csv,10.5,-0.001010000000000122,0.001444227126053421,False,0.0,True
viscous,len2_cond1_1.csv,11.0,-0.0007799999999997809,0.0014309761846829014,False,0.0,True
viscous,len2_cond1_1.csv,11.5,0.0008899999999997243,0.0014324839418936018,False,0.0,True
viscous,len2_cond1_1.csv,12.0,0.0005049999999998112,0.0014261593061114172,False,0.0,True
viscous,len2_cond1_1.csv,12.5,0.0003300000000000525,0.0014294372789906075,False,0.0,True
viscous,len2_cond1_1.csv,13.0,-0.0010700000000002305,0.0014294425816230374,False,0.0,True
viscous,len2_cond1_1.csv,13.5,0.0008000000000001894,0.0014307971101675102,False,0.0,True
viscous,len2_cond1_1.csv,14.0,0.0004299999999998194,0.0014413804506832016,False,0.0,True
viscous,len2_cond1_1.csv,14.5,-0.0014849999999999586,0.001427812396451249,True,2.8593801774354742e-05,True
viscous,len2_cond1_1.csv,15.0,0.00014999999999992797,0.001428570065106344,False,0.0,True
viscous,len2_cond1_1.csv,15.5,0.0008200000000000429,0.001423678711258223,False,0.0,True
viscous,len2_cond1_1.csv,16.0,-0.0005849999999998634,0.0014324462463529684,False,0.0,True
viscous,len2_cond1_1.csv,16.5,4.000000000001225e-05,0.0014279104827018948,False,0.0,True
viscous,len2_cond1_1.csv,17.0,-1.4999999999876223e-05,0.0014350767711611679,False,0.0,True
viscous,len2_cond1_1.csv,17.5,0.0020499999999999963,0.00143431250217444,True,0.0003078437489127782,True
viscous,len2_cond1_1.csv,18.0,-0.0036049999999999693,0.0014228353038878972,True,0.001091082348056036,True
viscous,len2_cond1_1.csv,18.5,0.0012150000000002437,0.0014259342135907456,False,0.0,True
viscous,len2_cond1_1.csv,19.0,0.000200000000000089,0.0014135963499038481,False,0.0,True
viscous,len2_cond1_1.csv,19.5,0.0021250000000002656,0.001431536544144996,True,0.0003467317279276348,True
viscous,len2_cond1_1.csv,20.0,-0.0007150000000001877,0.0014277446745091867,False,0.0,True
viscous,len2_cond1_1.csv,20.5,-0.0008049999999998891,0.0014287489771962678,False,0.0,True
viscous,len2_cond1_1.csv,21.0,-0.0001749999999998142,0.0014309161903949942,False,0.0,True
viscous,len2_cond1_1.csv,21.5,-0.00031999999999987594,0.0014190115160695102,False,0.0,True
viscous,len2_cond1_1.csv,22.0,0.0004350000000004628,0.0014211203068204723,False,0.0,True
viscous,len2_cond1_1.csv,22.5,0.0013749999999999596,0.0014133965094667972,False,0.0,True
viscous,len2_cond1_1.csv,23.0,-0.0017049999999999566,0.0014254115120222166,True,0.00013979424398886996,True
viscous,len2_cond1_1.csv,23.5,0.002214999999999856,0.001422431379052745,True,0.0003962843104735554,True
viscous,len2_cond1_1.csv,24.0,-0.0024700000000001943,0.0014280248611779286,True,0.0005209875694111327,True
viscous,len2_cond1_1.csv,24.5,0.0003650000000000597,0.0014236304531179203,False,0.0,True
viscous,len2_cond1_1.csv,25.0,-0.0012850000000001471,0.0014134464495242569,False,0.0,True
viscous,len2_cond1_1.csv,25.5,0.0019050000000001566,0.0014158317117294135,True,0.00024458414413537155,True
viscous,len2_cond1_1.csv,26.0,-0.0003750000000000975,0.0014093115531404606,False,0.0,True
viscous,len2_cond1_1.csv,26.5,-0.0006650000000002002,0.0014156252196213764,False,0.0,True
viscous,len2_cond1_1.csv,27.0,-0.00017999999999995797,0.0014241860578782719,False,0.0,True
viscous,len2_cond1_1.csv,27.5,9.999999999732445e-06,0.0014209739019668665,False,0.0,True
viscous,len2_cond1_1.csv,28.0,0.000750000000000417,0.0014165116676812183,False,0.0,True
viscous,len2_cond1_1.csv,28.5,-0.0008199999999998764,0.0014095953784497891,False,0.0,True
viscous,len2_cond1_1.csv,29.0,3.500000000017378e-05,0.0014104373665792401,False,0.0,True
viscous,len2_cond1_1.csv,29.5,0.0009999999999999454,0.0014108158991739553,False,0.0,True
viscous,len2_cond1_1.csv,30.0,-0.0005500000000002083,0.0014125527867036502,False,0.0,True
viscous,len2_cond1_1.csv,30.5,0.0010900000000000076,0.0014140617465102556,False,0.0,True
viscous,len2_cond1_1.csv,31.0,0.0004599999999996274,0.0014156754768665937,False,0.0,True
viscous,len2_cond1_1.csv,31.5,0.0001700000000001145,0.0014098169213337369,False,0.0,True
viscous,len2_cond1_1.csv,32.0,-0.0007750000000000257,0.001406263585980003,False,0.0,True
viscous,len2_cond1_1.csv,32.5,-0.0003349999999999187,0.0014067356428521416,False,0.0,True
viscous,len2_cond1_1.csv,33.0,-0.0005799999999993033,0.0013996043364997975,False,0.0,True
viscous,len2_cond1_1.csv,33.5,0.0018899999999992811,0.0014042726715570396,True,0.00024286366422112077,True
viscous,len2_cond1_1.csv,34.0,-0.0011149999999994498,0.0014221767269082123,False,0.0,True
viscous,len2_cond1_1.csv,34.5,-0.000530000000000308,0.0014093115531404606,False,0.0,True
viscous,len2_cond1_1.csv,35.0,-0.00014500000000000624,0.001404078714299062,False,0.0,True
viscous,len2_cond1_1.csv,35.5,-0.0007600000000000384,0.001401449659026153,False,0.0,True
viscous,len2_cond1_1.csv,36.0,8.500000000022379e-05,0.001406839487306703,False,0.0,True
viscous,len2_cond1_1.csv,36.5,0.0008949999999999236,0.0014035605074501148,False,0.0,True
viscous,len2_cond1_1.csv,37.0,5.000000000379701e-06,0.00140306545597731,False,0.0,True
viscous,len2_cond1_1.csv,37.5,-0.0008399999999995078,0.0014077706090831173,False,0.0,True
viscous,len2_cond1_1.csv,38.0,0.00014499999999906255,0.001403459904161931,False,0.0,True
viscous,len2_cond1_1.csv,38.5,0.0011650000000003602,0.0013995494507157366,False,0.0,True
viscous,len2_cond1_1.csv,39.0,-0.00037500000000073586,0.0013969982350469621,False,0.0,True
viscous,len2_cond1_1.csv,39.5,-0.0002949999999993791,0.0013948065576517815,False,0.0,True
viscous,len2_cond1_1.csv,40.0,0.00047499999999965625,0.0013990118229388034,False,0.0,True
viscous,len2_cond1_1.csv,40.5,-0.001525000000000068,0.0014025577123992494,True,6.122114380040927e-05,True
viscous,len2_cond1_1.csv,41.0,0.002225000000000643,0.001405483481761561,True,0.0004097582591195409,True
viscous,len2_cond1_1.csv,41.5,-0.00013000000000018552,0.0013984705582637885,False,0.0,True
viscous,len2_cond1_1.csv,42.0,-0.0009250000000002312,0.0013947909339756422,False,0.0,True
viscous,len2_cond1_1.csv,42.5,-0.0011649999999998606,0.0013907271754248956,False,0.0,True
viscous,len2_cond1_1.csv,43.0,0.0007749999999998036,0.001392357891272777,False,0.0,True
viscous,len2_cond1_1.csv,43.5,-7.000000000023654e-05,0.0013947213330466697,False,0.0,True
viscous,len2_cond1_1.csv,44.0,-0.00022500000000044706,0.0013962922378439131,False,0.0,True
viscous,len2_cond1_1.csv,44.5,0.0008499999999999619,0.0013970653331079243,False,0.0,True
viscous,len2_cond1_1.csv,45.0,-0.00038499999999974666,0.0013963968827698683,False,0.0,True
viscous,len2_cond1_1.csv,45.5,0.0004300000000003745,0.0013917475104245351,False,0.0,True
viscous,len2_cond1_1.csv,46.0,-0.0011650000000003047,0.0013867065435834332,False,0.0,True
viscous,len2_cond1_1.csv,46.5,0.0019799999999999818,0.0013901016773898965,True,0.00029494916130504264,True
viscous,len2_cond1_1.csv,47.0,-0.0007750000000004906,0.0013857025609188725,False,0.0,True
viscous,len2_cond1_1.csv,47.5,0.0006449999999995626,0.0013906650883664827,False,0.0,True
viscous,len2_cond1_1.csv,48.0,0.00017500000000042482,0.0013937534587330467,False,0.0,True
viscous,len2_cond1_1.csv,48.5,-0.0003300000000000525,0.001391326953131793,False,0.0,True
viscous,len2_cond1_1.csv,49.0,0.0001550000000003493,0.0013871034984576673,False,0.0,True
viscous,len2_cond1_1.csv,49.5,-0.0021549999999992964,0.0013831529641098084,True,0.000385923517944744,True
viscous,len2_cond1_1.csv,50.0,0.0020849999999999758,0.0013891310581910946,True,0.0003479344709044406,True
viscous,len2_cond1_1.csv,50.5,0.0009450000000002443,0.001377235399189158,False,0.0,True
viscous,len2_cond1_1.csv,51.0,-0.002219999999999861,0.0013917913369892124,True,0.00041410433150532416,True
viscous,len2_cond1_1.csv,51.5,0.0012599999999999278,0.0013921709152305633,False,0.0,True
viscous,len2_cond1_1.csv,52.0,-0.00020000000000047757,0.0013883360416218923,False,0.0,True
viscous,len2_cond1_1.csv,52.5,0.00037500000000018074,0.0013851735886591021,False,0.0,True
viscous,len2_cond1_1.csv,53.0,6.000000000017103e-05,0.0013812149804959392,False,0.0,True
viscous,len2_cond1_1.csv,53.5,-0.0016850000000003251,0.0013787582649571345,True,0.00015312086752159533,True
viscous,len2_cond1_1.csv,54.0,0.0020099999999995625,0.0013871616072480325,True,0.000311419196375765,True
viscous,len2_cond1_1.csv,54.5,-0.0003399999999998127,0.001392858312092085,False,0.0,True
viscous,len2_cond1_1.csv,55.0,-0.0001750000000003138,0.0013883863621599105,False,0.0,True
viscous,len2_cond1_1.csv,55.5,-0.00046500000000065933,0.0013829975229427344,False,0.0,True
viscous,len2_cond1_1.csv,56.0,-0.0007849999999998136,0.0013813128690777193,False,0.0,True
viscous,len2_cond1_1.csv,56.5,-2.4999999999941735e-05,0.0013785551845008949,False,0.0,True
viscous,len2_cond1_1.csv,57.0,0.0018400000000004246,0.0013848367511463725,True,0.00022758162442702607,True
viscous,len2_cond1_1.csv,57.5,-0.0004750000000000882,0.0013859658434627583,False,0.0,True
viscous,len2_cond1_1.csv,58.0,-0.0014750000000005037,0.0013819287749132442,True,4.653561254362975e-05,True
viscous,len2_cond1_1.csv,58.5,0.00048000000000003595,0.0013860926578625112,False,0.0,True
viscous,len2_cond1_1.csv,59.0,-0.0007649999999996271,0.0013768486120125907,False,0.0,True
viscous,len2_cond2_1.csv,0.0,-0.003130000000000077,0.001612192835510943,True,0.000758903582244567,True
viscous,len2_cond2_1.csv,0.5,0.0023050000000001125,0.001605488322789351,True,0.00034975583860538065,True
viscous,len2_cond2_1.csv,1.0,-0.0005100000000000451,0.0015999994885251465,False,0.0,True
viscous,len2_cond2_1.csv,1.5,0.0007549999999999502,0.0015999994885251465,False,0.0,True
viscous,len2_cond2_1.csv,2.0,0.00042999999999993044,0.0016274766235728627,False,0.0,True
viscous,len2_cond2_1.csv,2.5,-0.0027249999999998664,0.0015917652620972614,True,0.0005666173689513024,True
viscous,len2_cond2_1.csv,3.0,0.0032249999999999224,0.0015832320370195462,True,0.0008208839814901881,True
viscous,len2_cond2_1.csv,3.5,-0.002354999999999996,0.001579181707024414,True,0.00038790914648779084,True
viscous,len2_cond2_1.csv,4.0,0.0009549999999998726,0.0015754508548577928,False,0.0,True
viscous,len2_cond2_1.csv,4.5,0.0005699999999999594,0.0015777198454113705,False,0.0,True
viscous,len2_cond2_1.csv,5.0,-0.0022449999999997194,0.0015926167310738894,True,0.0003261916344629149,True
viscous,len2_cond2_1.csv,5.5,0.003109999999999946,0.001568839977402051,True,0.0007705800112989473,True
viscous,len2_cond2_1.csv,6.0,-0.0027049999999998464,0.0015613219672472162,True,0.000571839016376315,True
viscous,len2_cond2_1.csv,6.5,9.00000000000345e-05,0.0015481016428572048,False,0.0,True
viscous,len2_cond2_1.csv,7.0,0.0012350000000000971,0.0015466063673082381,False,0.0,True
viscous,len2_cond2_1.csv,7.5,-0.0004299999999998749,0.0015573647279030446,False,0.0,True
viscous,len2_cond2_1.csv,8.0,0.0014799999999998148,0.0015455428134267077,False,0.0,True
viscous,len2_cond2_1.csv,8.5,-0.0019049999999998235,0.001564293580053227,True,0.00017035320997329823,True
viscous,len2_cond2_1.csv,9.0,0.001014999999999766,0.0015385624879779196,False,0.0,True
viscous,len2_cond2_1.csv,9.5,-0.0010999999999997678,0.0015333218911361705,False,0.0,True
viscous,len2_cond2_1.csv,10.0,0.00013999999999969592,0.0015315231232843716,False,0.0,True
viscous,len2_cond2_1.csv,10.5,0.00025000000000009737,0.0015299288768037083,False,0.0,True
viscous,len2_cond2_1.csv,11.0,0.00016999999999994797,0.0015254183486283733,False,0.0,True
viscous,len2_cond2_1.csv,11.5,0.0012899999999996803,0.001536653041776596,False,0.0,True
viscous,len2_cond2_1.csv,12.0,-0.0022599999999997067,0.0015236501391726691,True,0.00036817493041351867,True
viscous,len2_cond2_1.csv,12.5,0.001494999999999802,0.0015172513038595255,False,0.0,True
viscous,len2_cond2_1.csv,13.0,-0.0007050000000000667,0.0015146343155410357,False,0.0,True
viscous,len2_cond2_1.csv,13.5,0.0005100000000000382,0.0015147978751630996,False,0.0,True
viscous,len2_cond2_1.csv,14.0,4.9999999999911227e-05,0.001519030999191394,False,0.0,True
viscous,len2_cond2_1.csv,14.5,-0.0014100000000000779,0.001512893497229456,False,0.0,True
viscous,len2_cond2_1.csv,15.0,0.0018399999999999528,0.0015121941693581767,True,0.00016390291532088804,True
viscous,len2_cond2_1.csv,15.5,-0.0008649999999996716,0.0015033389646048657,False,0.0,True
viscous,len2_cond2_1.csv,16.0,-7.49999999998252e-05,0.0014968575235398366,False,0.0,True
viscous,len2_cond2_1.csv,16.5,-0.000140000000000029,0.0014920993892091736,False,0.0,True
viscous,len2_cond2_1.csv,17.0,-0.0007750000000001367,0.0014986258496499255,False,0.0,True
viscous,len2_cond2_1.csv,17.5,0.0012300000000002864,0.0014979121907061233,False,0.0,True
viscous,len2_cond2_1.csv,18.0,-0.0011750000000004812,0.0015106686925486254,False,0.0,True
viscous,len2_cond2_1.csv,18.5,-0.000240000000000129,0.0014940428027996908,False,0.0,True
viscous,len2_cond2_1.csv,19.0,0.0017649999999996835,0.0014874987587795777,True,0.00013875062061005292,True
viscous,len2_cond2_1.csv,19.5,-0.0007550000000000612,0.0014805031506917013,False,0.0,True
viscous,len2_cond2_1.csv,20.0,-9.500000000017828e-05,0.0014837386236809104,False,0.0,True
viscous,len2_cond2_1.csv,20.5,-0.0012300000000001199,0.0014952313182082272,False,0.0,True
viscous,len2_cond2_1.csv,21.0,0.0024900000000001032,0.0014835287803029568,True,0.000503235609848573,True
viscous,len2_cond2_1.csv,21.5,-0.0011900000000002464,0.0014979091931478187,False,0.0,True
viscous,len2_cond2_1.csv,22.0,0.00020500000000001073,0.0014778530085037384,False,0.0,True
viscous,len2_cond2_1.csv,22.5,-0.0012150000000000771,0.0014752710056865344,False,0.0,True
viscous,len2_cond2_1.csv,23.0,0.0026499999999999857,0.0014731895172968477,True,0.0005884052413515689,True
viscous,len2_cond2_1.csv,23.5,-0.00228999999999982,0.001476775440740657,True,0.0004066122796295814,True
viscous,len2_cond2_1.csv,24.0,2.5000000000052758e-05,0.001468722714319464,False,0.0,True
viscous,len2_cond2_1.csv,24.5,0.0010999999999998789,0.0014775285109988043,False,0.0,True
viscous,len2_cond2_1.csv,25.0,-0.0008750000000002922,0.0014743117260550183,False,0.0,True
viscous,len2_cond2_1.csv,25.5,0.002080000000000193,0.0014651547205072279,True,0.00030742263974648247,True
viscous,len2_cond2_1.csv,26.0,-0.001740000000000519,0.0014628781070196307,True,0.0001385609464904441,True
viscous,len2_cond2_1.csv,26.5,-0.0008399999999999519,0.001458686100640188,False,0.0,True
viscous,len2_cond2_1.csv,27.0,0.0004200000000001772,0.0014638983624426275,False,0.0,True
viscous,len2_cond2_1.csv,27.5,-0.0006499999999998174,0.0014593383456469973,False,0.0,True
viscous,len2_cond2_1.csv,28.0,0.0033500000000002417,0.0014711745254987166,True,0.0009394127372507625,True
viscous,len2_cond2_1.csv,28.5,-0.002589999999999981,0.0014555206005984912,True,0.000567239699700745,True
viscous,len2_cond2_1.csv,29.0,-0.0004449999999999177,0.0014511085215093123,False,0.0,True
viscous,len2_cond2_1.csv,29.5,0.0008899999999996688,0.0014462447328685744,False,0.0,True
viscous,len2_cond2_1.csv,30.0,0.0004700000000001925,0.001443653647257437,False,0.0,True
viscous,len2_cond2_1.csv,30.5,0.0005249999999998242,0.0014457812583138223,False,0.0,True
viscous,len2_cond2_1.csv,31.0,-0.0026299999999999657,0.0014403175377809278,True,0.0005948412311095189,True
viscous,len2_cond2_1.csv,31.5,0.0031150000000000344,0.0014546460575525478,True,0.0008301769712237433,True
viscous,len2_cond2_1.csv,32.0,-0.0008100000000004215,0.001441924823982459,False,0.0,True
viscous,len2_cond2_1.csv,32.5,-0.0017599999999994287,0.0014367583931287702,True,0.00016162080343532924,True
viscous,len2_cond2_1.csv,33.0,0.0009399999999999409,0.0014298868532297896,False,0.0,True
viscous,len2_cond2_1.csv,33.5,-0.00026499999999957113,0.0014344682794763543,False,0.0,True
viscous,len2_cond2_1.csv,34.0,0.00124500000000001,0.001430771689866554,False,0.0,True
viscous,len2_cond2_1.csv,34.5,-0.0008550000000004943,0.0014345068347162873,False,0.0,True
viscous,len2_cond2_1.csv,35.0,-0.0005850000000001132,0.0014361753129080554,False,0.0,True
viscous,len2_cond2_1.csv,35.5,-0.000760000000000538,0.0014258052643250517,False,0.0,True
viscous,len2_cond2_1.csv,36.0,0.0017650000000005717,0.001428383724382328,True,0.0001683081378091218,True
viscous,len2_cond2_1.csv,36.5,-0.0018650000000000055,0.0014212528743553505,True,0.00022187356282232752,True
viscous,len2_cond2_1.csv,37.0,0.001369999999999677,0.0014306804142611362,False,0.0,True
viscous,len2_cond2_1.csv,37.5,7.000000000015327e-05,0.0014185119200565092,False,0.0,True
viscous,len2_cond2_1.csv,38.0,-0.0011700000000001154,0.0014290240219922141,False,0.0,True
viscous,len2_cond2_1.csv,38.5,0.0011049999999999116,0.0014266487036951334,False,0.0,True
viscous,len2_cond2_1.csv,39.0,-0.0006650000000003597,0.001414490625514625,False,0.0,True
viscous,len2_cond2_1.csv,39.5,0.001314999999999733,0.0014145879331001632,False,0.0,True
viscous,len2_cond2_1.csv,40.0,-0.00035500000000021625,0.0014109400571534255,False,0.0,True
viscous,len2_cond2_1.csv,40.5,-0.0002699999999999578,0.001412043154110283,False,0.0,True
viscous,len2_cond2_1.csv,41.0,0.001529999999999726,0.0014078718739460496,True,6.10640630268382e-05,True
viscous,len2_cond2_1.csv,41.5,-0.002525000000000055,0.0014126058869192795,True,0.0005561970565403876,True
viscous,len2_cond2_1.csv,42.0,0.000610000000000166,0.0014098734252473222,False,0.0,True
viscous,len2_cond2_1.csv,42.5,0.0008400000000000629,0.0014042156882062837,False,0.0,True
viscous,len2_cond2_1.csv,43.0,-0.0007599999999996498,0.0014022691081006888,False,0.0,True
viscous,len2_cond2_1.csv,43.5,-0.000530000000000308,0.0013998714417610264,False,0.0,True
viscous,len2_cond2_1.csv,44.0,0.0006250000000002781,0.001396233999386982,False,0.0,True
viscous,len2_cond2_1.csv,44.5,0.00035499999999991094,0.0014104862012646493,False,0.0,True
viscous,len2_cond2_1.csv,45.0,-0.002785000000000537,0.001405275965455524,True,0.0006898620172725064,True
viscous,len2_cond2_1.csv,45.5,0.004020000000000634,0.0013995370941194394,True,0.0013102314529405972,True
viscous,len2_cond2_1.csv,46.0,-0.001194999999999946,0.0013951471512874244,False,0.0,True
viscous,len2_cond2_1.csv,46.5,-0.00031999999999993145,0.0013926203910568252,False,0.0,True
viscous,len2_cond2_1.csv,47.0,0.0003899999999993631,0.0013903236583943498,False,0.0,True
viscous,len2_cond2_1.csv,47.5,-0.0007899999999999366,0.0013938496414796246,False,0.0,True
viscous,len2_cond2_1.csv,48.0,0.0016000000000004067,0.0014012148077711878,True,9.93925961146094e-05,True
viscous,len2_cond2_1.csv,48.5,-0.0011499999999994848,0.0013974880758193602,False,0.0,True
viscous,len2_cond2_1.csv,49.0,-0.0005149999999998767,0.0013880618793965275,False,0.0,True
viscous,len2_cond2_1.csv,49.5,0.0010749999999995485,0.0013837443866386852,False,0.0,True
viscous,len2_cond2_1.csv,50.0,-0.0005099999999998994,0.0013840932955916413,False,0.0,True
viscous,len2_cond2_1.csv,50.5,-0.00020000000000038043,0.0013785053019570433,False,0.0,True
viscous,len2_cond2_1.csv,51.0,-0.0008550000000002583,0.00138675627096626,False,0.0,True
viscous,len2_cond2_1.csv,51.5,0.0021800000000006536,0.0013918254695301727,True,0.00039408726523524045,True
viscous,len2_cond2_1.csv,52.0,0.0002899999999997349,0.0013888889043961626,False,0.0,True
viscous,len2_cond2_1.csv,52.5,-0.002519999999999356,0.0013773789399148762,True,0.0005713105300422399,True
viscous,len2_cond2_1.csv,53.0,0.0007449999999995516,0.0013747140592793498,False,0.0,True
viscous,len2_cond2_1.csv,53.5,0.0012400000000004352,0.0013748441696255268,False,0.0,True
viscous,len2_cond2_1.csv,54.0,4.999999999782956e-06,0.0013730314192396495,False,0.0,True
viscous,len2_cond2_1.csv,54.5,-0.0006949999999996403,0.0013803049262164167,False,0.0,True
viscous,len2_cond2_1.csv,55.0,0.00026999999999999247,0.0013821002844703139,False,0.0,True
viscous,len2_cond2_1.csv,55.5,-0.0005600000000000604,0.001375743237758798,False,0.0,True
viscous,len2_cond2_1.csv,56.0,0.0016050000000000786,0.0013702870134244898,True,0.0001173564932877944,True
viscous,len2_cond2_1.csv,56.5,-0.001635000000000053,0.0013671645930728054,True,0.00013391770346362383,True
viscous,len2_cond2_1.csv,57.0,0.0006399999999999739,0.0013669847344431104,False,0.0,True
viscous,len2_cond2_1.csv,57.5,-0.0001699999999996496,0.001368937554483352,False,0.0,True
viscous,len2_cond2_1.csv,58.0,-0.0008549999999997865,0.0013680982587980697,False,0.0,True
viscous,len2_cond2_1.csv,58.5,0.0001100000000003043,0.0013667293801270387,False,0.0,True
viscous,len2_cond2_1.csv,59.0,-0.00011499999999997623,0.0013656528590799335,False,0.0,True
viscous,len2_cond3_1.csv,0.0,0.0008399999999999901,0.001548149506321999,False,0.0,True
viscous,len2_cond3_1.csv,0.5,0.0006149999999999767,0.001515977041160381,False,0.0,True
viscous,len2_cond3_1.csv,1.0,-0.0004549999999999832,0.0015402861125771653,False,0.0,True
viscous,len2_cond3_1.csv,1.5,0.0009200000000001429,0.0015090221680454782,False,0.0,True
viscous,len2_cond3_1.csv,2.0,-0.0014100000000000223,0.0015060278044689733,False,0.0,True
viscous,len2_cond3_1.csv,2.5,0.00039999999999990044,0.0014986409103606851,False,0.0,True
viscous,len2_cond3_1.csv,3.0,0.0016400000000000858,0.0014938223889985752,True,7.30888055007553e-05,True
viscous,len2_cond3_1.csv,3.5,-0.0013199999999999878,0.0014961692069715572,False,0.0,True
viscous,len2_cond3_1.csv,4.0,0.0018500000000000183,0.001489910810071439,True,0.0001800445949642896,True
viscous,len2_cond3_1.csv,4.5,-0.0028849999999996934,0.0014954407458198876,True,0.0006947796270899028,True
viscous,len2_cond3_1.csv,5.0,0.0012449999999996075,0.0014799627146800595,False,0.0,True
viscous,len2_cond3_1.csv,5.5,0.00039500000000014523,0.0014743654801463747,False,0.0,True
viscous,len2_cond3_1.csv,6.0,-0.0012550000000000616,0.0014742019231602866,False,0.0,True
viscous,len2_cond3_1.csv,6.5,0.002000000000000182,0.0014734116665829136,True,0.0002632941667086343,True
viscous,len2_cond3_1.csv,7.0,-0.0020399999999999863,0.0014633096640611256,True,0.0002883451679694303,True
viscous,len2_cond3_1.csv,7.5,0.0028999999999997916,0.001472041103178795,True,0.0007139794484104982,True
viscous,len2_cond3_1.csv,8.0,-0.002029999999999643,0.001463306028794542,True,0.0002833469856025506,True
viscous,len2_cond3_1.csv,8.5,0.0012249999999999206,0.0014573655200315473,False,0.0,True
viscous,len2_cond3_1.csv,9.0,-0.0025399999999998757,0.0014503784428673606,True,0.0005448107785662574,True
viscous,len2_cond3_1.csv,9.5,4.499999999996174e-05,0.0014529618754656184,False,0.0,True
viscous,len2_cond3_1.csv,10.0,0.00045000000000000595,0.0014593899906598538,False,0.0,True
viscous,len2_cond3_1.csv,10.5,0.0017100000000002114,0.001446998007988065,True,0.0001315009960060732,True
viscous,len2_cond3_1.csv,11.0,-0.00017000000000000348,0.0014510200268212062,False,0.0,True
viscous,len2_cond3_1.csv,11.5,-0.0004699999999997484,0.0014420638768567497,False,0.0,True
viscous,len2_cond3_1.csv,12.0,0.00043999999999999595,0.00143575447948972,False,0.0,True
viscous,len2_cond3_1.csv,12.5,-0.001575000000000104,0.0014332272339248608,True,7.088638303762163e-05,True
viscous,len2_cond3_1.csv,13.0,0.0022849999999999954,0.0014353458003033364,True,0.0004248270998483294,True
viscous,len2_cond3_1.csv,13.5,-0.0004050000000000442,0.0014269390099943653,False,0.0,True
viscous,len2_cond3_1.csv,14.0,-0.00180499999999989,0.00144330722896009,True,0.0001808463855199,True
viscous,len2_cond3_1.csv,14.5,0.0013699999999998713,0.0014326482236704087,False,0.0,True
viscous,len2_cond3_1.csv,15.0,-0.0019549999999999845,0.0014233290655017747,True,0.00026583546724910493,True
viscous,len2_cond3_1.csv,15.5,0.0016349999999997755,0.0014212230493137862,True,0.00010688847534299464,True
viscous,len2_cond3_1.csv,16.0,3.499999999997949e-05,0.0014174199698434903,False,0.0,True
viscous,len2_cond3_1.csv,16.5,-0.00024000000000014288,0.0014144643789781894,False,0.0,True
viscous,len2_cond3_1.csv,17.0,0.0012650000000001549,0.0014102928408171905,False,0.0,True
viscous,len2_cond3_1.csv,17.5,-0.0015899999999999248,0.0014274888812762173,True,8.125555936185373e-05,True
viscous,len2_cond3_1.csv,18.0,0.0008800000000001584,0.0014132036214671967,False,0.0,True
viscous,len2_cond3_1.csv,18.5,-0.00040999999999991044,0.0014092062482192686,False,0.0,True
viscous,len2_cond3_1.csv,19.0,-0.0009849999999999581,0.0014057521958139255,False,0.0,True
viscous,len2_cond3_1.csv,19.5,0.0004649999999998544,0.0014061447801145027,False,0.0,True
viscous,len2_cond3_1.csv,20.0,0.00011999999999974184,0.0014036748295502206,False,0.0,True
viscous,len2_cond3_1.csv,20.5,0.0003499999999999892,0.0014072566380117577,False,0.0,True
viscous,len2_cond3_1.csv,21.0,0.00024999999999997247,0.001408981977203068,False,0.0,True
viscous,len2_cond3_1.csv,21.5,-0.0006049999999998001,0.001393949886858145,False,0.0,True
viscous,len2_cond3_1.csv,22.0,0.0003449999999999287,0.0013963564179946945,False,0.0,True
viscous,len2_cond3_1.csv,22.5,0.002070000000000183,0.0013934126124688362,True,0.0003382936937656733,True
viscous,len2_cond3_1.csv,23.0,-0.003069999999999823,0.0013916815024000667,True,0.000839159248799878,True
viscous,len2_cond3_1.csv,23.5,0.0025249999999998538,0.0013894627920809726,True,0.0005677686039594406,True
viscous,len2_cond3_1.csv,24.0,-0.0006500000000000672,0.0013917791185874726,False,0.0,True
viscous,len2_cond3_1.csv,24.5,-0.00041999999999992044,0.001392775969116755,False,0.0,True
viscous,len2_cond3_1.csv,25.0,9.49999999997897e-05,0.0013823438367830036,False,0.0,True
viscous,len2_cond3_1.csv,25.5,-0.0007099999999998219,0.0013867315838828331,False,0.0,True
viscous,len2_cond3_1.csv,26.0,0.0002499999999997782,0.0013803028402752395,False,0.0,True
viscous,len2_cond3_1.csv,26.5,5.499999999990235e-05,0.0013836347103718166,False,0.0,True
viscous,len2_cond3_1.csv,27.0,-0.00029499999999996196,0.0013764164897167063,False,0.0,True
viscous,len2_cond3_1.csv,27.5,0.00013000000000015777,0.0013827732866680746,False,0.0,True
viscous,len2_cond3_1.csv,28.0,0.0011350000000001637,0.001383387166784135,False,0.0,True
viscous,len2_cond3_1.csv,28.5,-0.0007649999999999046,0.0013732268165014272,False,0.0,True
viscous,len2_cond3_1.csv,29.0,-0.0004100000000003545,0.0013748970448395083,False,0.0,True
viscous,len2_cond3_1.csv,29.5,0.00022000000000024778,0.0013708473402570388,False,0.0,True
viscous,len2_cond3_1.csv,30.0,0.00013000000000011613,0.0013728006014077075,False,0.0,True
viscous,len2_cond3_1.csv,30.5,-0.0012500000000000289,0.0013705167656416783,False,0.0,True
viscous,len2_cond3_1.csv,31.0,0.00040500000000007197,0.0013735639972012085,False,0.0,True
viscous,len2_cond3_1.csv,31.5,1.4999999999931735e-05,0.0013697412975798105,False,0.0,True
viscous,len2_cond3_1.csv,32.0,0.0013850000000003027,0.0013648000679032713,True,1.0099966048515664e-05,True
viscous,len2_cond3_1.csv,32.5,-0.0007450000000002732,0.001363308449304651,False,0.0,True
viscous,len2_cond3_1.csv,33.0,-0.00047999999999978615,0.001361965866315774,False,0.0,True
viscous,len2_cond3_1.csv,33.5,0.00028999999999995696,0.0013632654758356892,False,0.0,True
viscous,len2_cond3_1.csv,34.0,0.00023500000000011012,0.001371208732178208,False,0.0,True
viscous,len2_cond3_1.csv,34.5,-0.00037999999999949186,0.0013628536228139701,False,0.0,True
viscous,len2_cond3_1.csv,35.0,0.0001050000000002993,0.0013664096504959287,False,0.0,True
viscous,len2_cond3_1.csv,35.5,0.0027800000000004488,0.0013544826499799366,True,0.000712758675010256,True
viscous,len2_cond3_1.csv,36.0,-0.002219999999999861,0.0013579450513775161,True,0.0004310274743111723,True
viscous,len2_cond3_1.csv,36.5,-0.0010449999999992965,0.0013550490849128082,False,0.0,True
viscous,len2_cond3_1.csv,37.0,-0.0005900000000003854,0.0013548554351649755,False,0.0,True
viscous,len2_cond3_1.csv,37.5,0.00020999999999969654,0.0013532892034499213,False,0.0,True
viscous,len2_cond3_1.csv,38.0,0.0020349999999995927,0.0013628536228139701,True,0.0003360731885928113,True
viscous,len2_cond3_1.csv,38.5,-0.00183499999999992,0.001351507116991466,True,0.000241746441504227,True
viscous,len2_cond3_1.csv,39.0,0.0010350000000003967,0.0013489083646031253,False,0.0,True
viscous,len2_cond3_1.csv,39.5,-0.0005199999999999372,0.0013478645012742784,False,0.0,True
viscous,len2_cond3_1.csv,40.0,-0.001254999999999909,0.0013502739578547815,False,0.0,True
viscous,len2_cond3_1.csv,40.5,0.0008599999999998843,0.0013471802882697517,False,0.0,True
viscous,len2_cond3_1.csv,41.0,0.0006749999999998008,0.0013477969503884447,False,0.0,True
viscous,len2_cond3_1.csv,41.5,0.00023000000000028553,0.0013452977396975487,False,0.0,True
viscous,len2_cond3_1.csv,42.0,-0.0007000000000003115,0.0013466859300102392,False,0.0,True
viscous,len2_cond3_1.csv,42.5,9.000000000050634e-05,0.0013383493885668876,False,0.0,True
viscous,len2_cond3_1.csv,43.0,0.000510000000000066,0.0013408698998955755,False,0.0,True
viscous,len2_cond3_1.csv,43.5,-0.0003899999999992243,0.0013352114547103813,False,0.0,True
viscous,len2_cond3_1.csv,44.0,0.00046000000000008534,0.0013339985919125475,False,0.0,True
viscous,len2_cond3_1.csv,44.5,-0.001670000000000088,0.0013362148551177857,True,0.0001668925724411512,True
viscous,len2_cond3_1.csv,45.0,0.00034499999999951236,0.0013392287872450804,False,0.0,True
viscous,len2_cond3_1.csv,45.5,0.001084999999999614,0.0013342414229503383,False,0.0,True
viscous,len2_cond3_1.csv,46.0,0.000280000000000169,0.001329954884072204,False,0.0,True
viscous,len2_cond3_1.csv,46.5,-0.0013050000000003892,0.0013340226968174406,False,0.0,True
viscous,len2_cond3_1.csv,47.0,0.0011249999999997234,0.001326626076836864,False,0.0,True
viscous,len2_cond3_1.csv,47.5,0.00014999999999984123,0.0013332655413255165,False,0.0,True
viscous,len2_cond3_1.csv,48.0,0.0008550000000000502,0.0013362148551177857,False,0.0,True
viscous,len2_cond3_1.csv,48.5,-0.001799999999999552,0.001331438677759897,True,0.00023428066111982752,True
viscous,len2_cond3_1.csv,49.0,3.5000000000090514e-05,0.0013286182663995428,False,0.0,True
viscous,len2_cond3_1.csv,49.5,0.00046000000000001595,0.001324436283029085,False,0.0,True
viscous,len2_cond3_1.csv,50.0,0.0013350000000001139,0.0013268148387187073,True,4.092580640703298e-06,True
viscous,len2_cond3_1.csv,50.5,-0.0010349999999994947,0.0013230418622777749,False,0.0,True
viscous,len2_cond3_1.csv,51.0,-0.0006849999999999148,0.0013265094493470082,False,0.0,True
viscous,len2_cond3_1.csv,51.5,0.0005100000000003713,0.0013185474824264731,False,0.0,True
viscous,len2_cond3_1.csv,52.0,-0.0012199999999996658,0.0013210332265271027,False,0.0,True
viscous,len2_cond3_1.csv,52.5,0.0012949999999999073,0.0013224074129692862,False,0.0,True
viscous,len2_cond3_1.csv,53.0,0.0012250000000001426,0.0013157419245792693,False,0.0,True
viscous,len2_cond3_1.csv,53.5,-0.0013400000000002438,0.0013155842514116362,True,1.2207874294303811e-05,True
viscous,len2_cond3_1.csv,54.0,0.0005949999999999914,0.00131469304955695,False,0.0,True
viscous,len2_cond3_1.csv,54.5,-0.0010950000000001514,0.0013200014839573478,False,0.0,True
viscous,len2_cond3_1.csv,55.0,0.0006999999999996315,0.0013185474824264731,False,0.0,True
viscous,len2_cond3_1.csv,55.5,-0.001249999999999446,0.0013182690471622213,False,0.0,True
viscous,len2_cond3_1.csv,56.0,0.0017600000000000948,0.0013151950167108433,True,0.00022240249164462574,True
viscous,len2_cond3_1.csv,56.5,-0.0007249999999997536,0.0013114156861957443,False,0.0,True
viscous,len2_cond3_1.csv,57.0,-0.0005649999999996352,0.0013131130488631625,False,0.0,True
viscous,len2_cond3_1.csv,57.5,0.0013399999999999315,0.0013073344353645485,True,1.633278231769151e-05,True
viscous,len2_cond3_1.csv,58.0,-0.00046000000000005065,0.001307239500993832,False,0.0,True
viscous,len2_cond3_1.csv,58.5,-0.00047500000000029463,0.0013128722461550335,False,0.0,True
viscous,len2_cond3_1.csv,59.0,0.0007200000000000539,0.001312426860008308,False,0.0,True
viscous,len3_cond1_1.csv,0.0,0.00175499999999984,0.001441449433568936,True,0.00015677528321545202,True
viscous,len3_cond1_1.csv,0.5,-0.0004350000000000742,0.0014403302681028488,False,0.0,True
viscous,len3_cond1_1.csv,1.0,-0.0006749999999999673,0.0014432756140776491,False,0.0,True
viscous,len3_cond1_1.csv,1.5,0.0009149999999999991,0.001441768280711115,False,0.0,True
viscous,len3_cond1_1.csv,2.0,-0.0011199999999998989,0.0014390772619669516,False,0.0,True
viscous,len3_cond1_1.csv,2.5,0.0022649999999999615,0.0014362635402917704,True,0.0004143682298540954,True
viscous,len3_cond1_1.csv,3.0,-0.0007499999999999868,0.0014480327454270674,False,0.0,True
viscous,len3_cond1_1.csv,3.5,-0.0020050000000000345,0.0014399008007220614,True,0.00028254959963898657,True
viscous,len3_cond1_1.csv,4.0,0.002114999999999978,0.001441449433568936,True,0.000336775283215521,True
viscous,len3_cond1_1.csv,4.5,-0.0022849999999999815,0.0014414976331674774,True,0.00042175118341625196,True
viscous,len3_cond1_1.csv,5.0,0.001099999999999983,0.0014399341598715872,False,0.0,True
viscous,len3_cond1_1.csv,5.5,0.0015299999999999203,0.0014443584671770195,True,4.282076641145042e-05,True
viscous,len3_cond1_1.csv,6.0,4.0000000000151026e-05,0.0014384639506863786,False,0.0,True
viscous,len3_cond1_1.csv,6.5,-0.0010099999999999554,0.0014362635402917704,False,0.0,True
viscous,len3_cond1_1.csv,7.0,4.499999999998949e-05,0.0014390497392594032,False,0.0,True
viscous,len3_cond1_1.csv,7.5,-0.0008349999999999191,0.0014373219254274398,False,0.0,True
viscous,len3_cond1_1.csv,8.0,0.00024999999999941735,0.0014384639506863786,False,0.0,True
viscous,len3_cond1_1.csv,8.5,-0.0005949999999999012,0.0014338452346110313,False,0.0,True
viscous,len3_cond1_1.csv,9.0,0.0010249999999999912,0.0014322709484828296,False,0.0,True
viscous,len3_cond1_1.csv,9.5,0.001754999999999951,0.0014418399162886037,True,0.00015658004185567368,True
viscous,len3_cond1_1.csv,10.0,-0.0027449999999997754,0.0014359008429036884,True,0.0006545495785480434,True
viscous,len3_cond1_1.csv,10.5,0.0019000000000000128,0.0014362635402917704,True,0.00023186822985412118,True
viscous,len3_cond1_1.csv,11.0,-0.0010950000000001237,0.0014359483945281673,False,0.0,True
viscous,len3_cond1_1.csv,11.5,-2.999999999986347e-05,0.0014343487866739786,False,0.0,True
viscous,len3_cond1_1.csv,12.0,0.001734999999999709,0.0014360125707128795,True,0.00014949371464341476,True
viscous,len3_cond1_1.csv,12.5,-0.002134999999999998,0.0014306930419145695,True,0.00035215347904271426,True
viscous,len3_cond1_1.csv,13.0,-0.000710000000000089,0.0014338168689106668,False,0.0,True
viscous,len3_cond1_1.csv,13.5,0.0015299999999999203,0.0014350707188382317,True,4.746464058084433e-05,True
viscous,len3_cond1_1.csv,14.0,-0.001274999999999804,0.0014305556178058365,False,0.0,True
viscous,len3_cond1_1.csv,14.5,0.0007149999999997991,0.001431328717733485,False,0.0,True
viscous,len3_cond1_1.csv,15.0,1.0000000000044695e-05,0.0014277364010169555,False,0.0,True
viscous,len3_cond1_1.csv,15.5,0.0005650000000002597,0.0014312826191437296,False,0.0,True
viscous,len3_cond1_1.csv,16.0,-0.0012399999999997968,0.0014337987785642526,False,0.0,True
viscous,len3_cond1_1.csv,16.5,0.00165499999999974,0.0014259893108565162,True,0.0001145053445716119,True
viscous,len3_cond1_1.csv,17.0,-0.0010450000000002506,0.0014311715154724212,False,0.0,True
viscous,len3_cond1_1.csv,17.5,0.002200000000000202,0.0014364259380768994,True,0.0003817870309616512,True
viscous,len3_cond1_1.csv,18.0,-0.001975000000000393,0.0014288621757618932,True,0.00027306891211924993,True
viscous,len3_cond1_1.csv,18.5,0.0008199999999999319,0.001426783415847252,False,0.0,True
viscous,len3_cond1_1.csv,19.0,-0.0008800000000002001,0.001429866995279901,False,0.0,True
viscous,len3_cond1_1.csv,19.5,-0.0011350000000003302,0.0014237467697451552,False,0.0,True
viscous,len3_cond1_1.csv,20.0,0.0005050000000000887,0.0014326379079182933,False,0.0,True
viscous,len3_cond1_1.csv,20.5,0.0002500000000000835,0.0014213443344159816,False,0.0,True
viscous,len3_cond1_1.csv,21.0,0.0003749999999997644,0.0014291421543501182,False,0.0,True
viscous,len3_cond1_1.csv,21.5,0.0017300000000003424,0.001433546340616459,True,0.00014822682969194167,True
viscous,len3_cond1_1.csv,22.0,-0.0008200000000001539,0.0014262211013742984,False,0.0,True
viscous,len3_cond1_1.csv,22.5,-0.0001700000000001145,0.0014226993703377144,False,0.0,True
viscous,len3_cond1_1.csv,23.0,0.000915000000000124,0.0014234740513808985,False,0.0,True
viscous,len3_cond1_1.csv,23.5,-0.0028100000000003678,0.001425848798895136,True,0.0006920756005526158,True
viscous,len3_cond1_1.csv,24.0,0.0025850000000002815,0.0014283928554555956,True,0.0005783035722723429,True
viscous,len3_cond1_1.csv,24.5,-0.0012499999999999734,0.0014184458011913504,False,0.0,True
viscous,len3_cond1_1.csv,25.0,-0.00024000000000021227,0.0014232890050166057,False,0.0,True
viscous,len3_cond1_1.csv,25.5,0.0005350000000001187,0.0014306559415545026,False,0.0,True
viscous,len3_cond1_1.csv,26.0,5.000000000032756e-06,0.0014232624388201955,False,0.0,True
viscous,len3_cond1_1.csv,26.5,-0.0005799999999995809,0.001420209097825909,False,0.0,True
viscous,len3_cond1_1.csv,27.0,-8.499999999982133e-05,0.0014217213664906448,False,0.0,True
viscous,len3_cond1_1.csv,27.5,-0.001320000000000432,0.0014186165716807246,False,0.0,True
viscous,len3_cond1_1.csv,28.0,0.0011450000000002847,0.001425706618362411,False,0.0,True
viscous,len3_cond1_1.csv,28.5,0.0022050000000002346,0.0014135244043184596,True,0.0003957377978408874,True
viscous,len3_cond1_1.csv,29.0,-0.0009299999999998892,0.0014177695320475442,False,0.0,True
viscous,len3_cond1_1.csv,29.5,0.00026500000000023727,0.001418314036415295,False,0.0,True
viscous,len3_cond1_1.csv,30.0,-0.0008050000000002777,0.0014239879346825098,False,0.0,True
viscous,len3_cond1_1.csv,30.5,0.0009200000000001429,0.0014164355597556346,False,0.0,True
viscous,len3_cond1_1.csv,31.0,0.0003799999999999637,0.0014170272334866978,False,0.0,True
viscous,len3_cond1_1.csv,31.5,-0.001304999999999945,0.0014214689630582685,False,0.0,True
viscous,len3_cond1_1.csv,32.0,0.0003449999999998177,0.0014201280245480419,False,0.0,True
viscous,len3_cond1_1.csv,32.5,0.0004500000000001725,0.0014099294897438736,False,0.0,True
viscous,len3_cond1_1.csv,33.0,-0.0017999999999996075,0.0014171038791008636,True,0.00019144806044937195,True
viscous,len3_cond1_1.csv,33.5,0.0018350000000000866,0.0014164124854999052,True,0.0002092937572500907,True
viscous,len3_cond1_1.csv,34.0,-0.0016199999999999548,0.0014160838848188753,True,0.00010195805759053973,True
viscous,len3_cond1_1.csv,34.5,0.0024100000000000232,0.0014123227903638388,True,0.0004988386048180922,True
viscous,len3_cond1_1.csv,35.0,-0.0004449999999999732,0.0014084263054096444,False,0.0,True
viscous,len3_cond1_1.csv,35.5,-0.00013000000000035206,0.001415082506742993,False,0.0,True
viscous,len3_cond1_1.csv,36.0,-0.0011599999999994948,0.0014180798570536076,False,0.0,True
viscous,len3_cond1_1.csv,36.5,0.0006949999999996681,0.001406034871590925,False,0.0,True
viscous,len3_cond1_1.csv,37.0,-0.0012100000000001832,0.0014089321857584777,False,0.0,True
viscous,len3_cond1_1.csv,37.5,0.0007650000000002932,0.0014050989912991298,False,0.0,True
viscous,len3_cond1_1.csv,38.0,0.0004550000000005383,0.0014170974849503691,False,0.0,True
viscous,len3_cond1_1.csv,38.5,-0.001254999999999784,0.001407841211806943,False,0.0,True
viscous,len3_cond1_1.csv,39.0,-0.0007499999999995288,0.001399798992555478,False,0.0,True
viscous,len3_cond1_1.csv,39.5,0.0022899999999990706,0.0014093268041658453,True,0.00044033659791661254,True
viscous,len3_cond1_1.csv,40.0,-0.001014999999999655,0.0014161284328917713,False,0.0,True
viscous,len3_cond1_1.csv,40.5,-0.0008450000000005398,0.001401722195713506,False,0.0,True
viscous,len3_cond1_1.csv,41.0,0.0014150000000001384,0.0014056925899731659,True,4.653705013486255e-06,True
viscous,len3_cond1_1.csv,41.5,-0.00047999999999953635,0.001399433428798379,False,0.0,True
viscous,len3_cond1_1.csv,42.0,0.0015699999999995162,0.0014128071799404097,True,7.859641002955328e-05,True
viscous,len3_cond1_1.csv,42.5,-0.0010099999999995113,0.0014043677628328157,False,0.0,True
viscous,len3_cond1_1.csv,43.0,-0.0010400000000000964,0.001393648105357748,False,0.0,True
viscous,len3_cond1_1.csv,43.5,0.00032499999999999196,0.001404452367672763,False,0.0,True
viscous,len3_cond1_1.csv,44.0,0.00032000000000032003,0.0014091785478540712,False,0.0,True
viscous,len3_cond1_1.csv,44.5,-0.0015250000000009978,0.0013987406445255123,True,6.312967773774276e-05,True
viscous,len3_cond1_1.csv,45.0,0.0016800000000006254,0.001403247212790194,True,0.00013837639360521575,True
viscous,len3_cond1_1.csv,45.5,7.00000000000145e-05,0.0013995567984656481,False,0.0,True
viscous,len3_cond1_1.csv,46.0,-0.0005649999999992605,0.001409257524910726,False,0.0,True
viscous,len3_cond1_1.csv,46.5,0.00014999999999987246,0.0014027190598764568,False,0.0,True
viscous,len3_cond1_1.csv,47.0,0.0009700000000000819,0.0013915716585739385,False,0.0,True
viscous,len3_cond1_1.csv,47.5,-0.001224999999999643,0.0014103607554232106,False,0.0,True
viscous,len3_cond1_1.csv,48.0,0.0007549999999995061,0.001409257524910726,False,0.0,True
viscous,len3_cond1_1.csv,48.5,-0.00022000000000099718,0.0013960867033211343,False,0.0,True
viscous,len3_cond1_1.csv,49.0,-0.0001649999999993046,0.0014012758766945102,False,0.0,True
viscous,len3_cond1_1.csv,49.5,-0.0007099999999995998,0.0014007094326156713,False,0.0,True
viscous,len3_cond1_1.csv,50.0,-0.0003300000000000525,0.0014058227511323665,False,0.0,True
viscous,len3_cond1_1.csv,50.5,0.002175000000000371,0.0014003989808856502,True,0.0003873005095573604,True
viscous,len3_cond1_1.csv,51.0,-0.0009050000000003222,0.0013934634563300481,False,0.0,True
viscous,len3_cond1_1.csv,51.5,-0.0016500000000001097,0.0014028948071269707,True,0.00012355259643656948,True
viscous,len3_cond1_1.csv,52.0,0.0022900000000003473,0.0014058227511323665,True,0.0004420886244339903,True
viscous,len3_cond1_1.csv,52.5,-0.0022600000000000398,0.0013950848449447639,True,0.0004324575775276378,True
viscous,len3_cond1_1.csv,53.0,0.00012500000000015277,0.001399119999928969,False,0.0,True
viscous,len3_cond1_1.csv,53.5,0.0017199999999997079,0.001393243333049102,True,0.00016337833347530297,True
viscous,len3_cond1_1.csv,54.0,-0.0009299999999999864,0.0014033550285210566,False,0.0,True
viscous,len3_cond1_1.csv,54.5,0.0011550000000002392,0.0013994932376323933,False,0.0,True
viscous,len3_cond1_1.csv,55.0,1.5000000000098268e-05,0.0013928378819825853,False,0.0,True
viscous,len3_cond1_1.csv,55.5,-0.000359999999999569,0.001396766163900024,False,0.0,True
viscous,len3_cond1_1.csv,56.0,2.500000000010827e-05,0.0014070461231146282,False,0.0,True
viscous,len3_cond1_1.csv,56.5,-0.00030500000000011074,0.001394580774193892,False,0.0,True
viscous,len3_cond1_1.csv,57.0,0.00039999999999990044,0.0013971406318028646,False,0.0,True
viscous,len3_cond1_1.csv,57.5,-0.0010599999999999915,0.0013971915710200493,False,0.0,True
viscous,len3_cond1_1.csv,58.0,-0.00028500000000025727,0.001397190101196852,False,0.0,True
viscous,len3_cond1_1.csv,58.5,0.0015250000000006647,0.001399792914443943,True,6.260354277836083e-05,True
viscous,len3_cond1_1.csv,59.0,-0.0013399999999999523,0.0013935023549535447,False,0.0,True
viscous,len3_cond2_1.csv,0.0,0.0035049999999999804,0.0014539897789458086,True,0.0010255051105270859,True
viscous,len3_cond2_1.csv,0.5,-0.0018649999999998945,0.0014614183318757052,True,0.00020179083406209465,True
viscous,len3_cond2_1.csv,1.0,0.00011500000000003174,0.001461989119604175,False,0.0,True
viscous,len3_cond2_1.csv,1.5,0.0021249999999999325,0.0014532982426620443,True,0.0003358508786689441,True
viscous,len3_cond2_1.csv,2.0,-0.003614999999999924,0.0014620505616817197,True,0.001076474719159102,True
viscous,len3_cond2_1.csv,2.5,0.0013450000000001516,0.0014435017007445048,False,0.0,True
viscous,len3_cond2_1.csv,3.0,0.00048500000000002014,0.001459846837347877,False,0.0,True
viscous,len3_cond2_1.csv,3.5,-0.0012600000000000389,0.001456908097250991,False,0.0,True
viscous,len3_cond2_1.csv,4.0,0.001334999999999864,0.0014391673916585666,False,0.0,True
viscous,len3_cond2_1.csv,4.5,-0.002134999999999998,0.0014499490672763237,True,0.00034252546636183716,True
viscous,len3_cond2_1.csv,5.0,0.001165000000000041,0.0014414705475394812,False,0.0,True
viscous,len3_cond2_1.csv,5.5,0.0013799999999999368,0.0014363313986243574,False,0.0,True
viscous,len3_cond2_1.csv,6.0,-0.002134999999999998,0.0014447228426609459,True,0.0003451385786695261,True
viscous,len3_cond2_1.csv,6.5,0.0003049999999999997,0.0014270046266227016,False,0.0,True
viscous,len3_cond2_1.csv,7.0,0.0021399999999999753,0.0014352757715773204,True,0.0003523621142113274,True
viscous,len3_cond2_1.csv,7.5,-0.002114999999999867,0.0014393046677253388,True,0.0003378476661372641,True
viscous,len3_cond2_1.csv,8.0,0.0012449999999997186,0.0014191524008172727,False,0.0,True
viscous,len3_cond2_1.csv,8.5,-0.0006649999999998046,0.001426197417398945,False,0.0,True
viscous,len3_cond2_1.csv,9.0,0.0017450000000000937,0.0014164131082947582,True,0.00016429344585266775,True
viscous,len3_cond2_1.csv,9.5,0.00044499999999980666,0.0014225087529413235,False,0.0,True
viscous,len3_cond2_1.csv,10.0,-0.0025799999999999157,0.0014246814715576314,True,0.000577659264221142,True
viscous,len3_cond2_1.csv,10.5,0.0014000000000000679,0.0014088469104594874,False,0.0,True
viscous,len3_cond2_1.csv,11.0,2.000000000003735e-05,0.0014172913714068913,False,0.0,True
viscous,len3_cond2_1.csv,11.5,-0.001174999999999593,0.0014206250859637505,False,0.0,True
viscous,len3_cond2_1.csv,12.0,0.0017699999999997162,0.001403344417977914,True,0.00018332779101090115,True
viscous,len3_cond2_1.csv,12.5,-0.0022400000000000753,0.0014100454975689255,True,0.0004149772512155748,True
viscous,len3_cond2_1.csv,13.0,0.0006800000000000209,0.0014031377430168907,False,0.0,True
viscous,len3_cond2_1.csv,13.5,0.0026499999999995416,0.001403823292367378,True,0.0006230883538160818,True
viscous,len3_cond2_1.csv,14.0,-0.003214999999999746,0.001413406493217059,True,0.0009007967533913434,True
viscous,len3_cond2_1.csv,14.5,0.0006599999999999939,0.001391242884251283,False,0.0,True
viscous,len3_cond2_1.csv,15.0,0.00036499999999999033,0.001396060518198783,False,0.0,True
viscous,len3_cond2_1.csv,15.5,-0.0015850000000000586,0.0014060444718633157,True,8.947776406837142e-05,True
viscous,len3_cond2_1.csv,16.0,0.0008900000000001684,0.001394069098294704,False,0.0,True
viscous,len3_cond2_1.csv,16.5,0.0007500000000000284,0.0013992410172391282,False,0.0,True
viscous,len3_cond2_1.csv,17.0,-0.0007550000000002763,0.0013857878251969983,False,0.0,True
viscous,len3_cond2_1.csv,17.5,0.0007750000000000257,0.001395224142865648,False,0.0,True
viscous,len3_cond2_1.csv,18.0,0.0011499999999998733,0.0014000234295513522,False,0.0,True
viscous,len3_cond2_1.csv,18.5,0.00027500000000013625,0.0013802717449338294,False,0.0,True
viscous,len3_cond2_1.csv,19.0,-0.0005699999999998623,0.0013860024364111794,False,0.0,True
viscous,len3_cond2_1.csv,19.5,-0.001034999999999675,0.0013923287935956679,False,0.0,True
viscous,len3_cond2_1.csv,20.0,0.0001549999999997942,0.001380423090093711,False,0.0,True
viscous,len3_cond2_1.csv,20.5,-0.0017700000000002158,0.0013859144078401673,True,0.0001920427960800243,True
viscous,len3_cond2_1.csv,21.0,0.000980000000000203,0.0013757307102148938,False,0.0,True
viscous,len3_cond2_1.csv,21.5,0.001030000000000142,0.0013880381136029438,False,0.0,True
viscous,len3_cond2_1.csv,22.0,0.00016499999999963766,0.0013943376786096267,False,0.0,True
viscous,len3_cond2_1.csv,22.5,-0.000320000000000098,0.0013697418967541103,False,0.0,True
viscous,len3_cond2_1.csv,23.0,0.00035000000000015574,0.0013796914705914197,False,0.0,True
viscous,len3_cond2_1.csv,23.5,-0.0018549999999999955,0.0013841208819799391,True,0.0002354395590100282,True
viscous,len3_cond2_1.csv,24.0,0.00016499999999991521,0.0013775582923264214,False,0.0,True
viscous,len3_cond2_1.csv,24.5,0.0007849999999999246,0.001377678911825116,False,0.0,True
viscous,len3_cond2_1.csv,25.0,1.5000000000181535e-05,0.0013611582058395983,False,0.0,True
viscous,len3_cond2_1.csv,25.5,0.00011500000000028154,0.0013719090528343707,False,0.0,True
viscous,len3_cond2_1.csv,26.0,-0.0006649999999999712,0.001388990166576642,False,0.0,True
viscous,len3_cond2_1.csv,26.5,-0.00018499999999999073,0.001363459478157607,False,0.0,True
viscous,len3_cond2_1.csv,27.0,0.0009249999999997316,0.001371299628139477,False,0.0,True
viscous,len3_cond2_1.csv,27.5,-0.0017449999999999966,0.0013724412863721617,True,0.0001862793568139174,True
viscous,len3_cond2_1.csv,28.0,0.001980000000000315,0.0013730196649346619,True,0.0003034901675328265,True
viscous,len3_cond2_1.csv,28.5,0.0010350000000000081,0.0013727924523382205,False,0.0,True
viscous,len3_cond2_1.csv,29.0,-0.0019150000000001943,0.0013564146427232611,True,0.0002792926786384666,True
viscous,len3_cond2_1.csv,29.5,0.0014000000000002344,0.0013622081892232074,True,1.889590538851351e-05,True
viscous,len3_cond2_1.csv,30.0,-0.00013999999999986246,0.0013744800846934174,False,0.0,True
viscous,len3_cond2_1.csv,30.5,0.0008250000000001312,0.0013558871044841232,False,0.0,True
viscous,len3_cond2_1.csv,31.0,-0.001109999999999861,0.0013658013394394338,False,0.0,True
viscous,len3_cond2_1.csv,31.5,8.499999999994623e-05,0.0013717548411309288,False,0.0,True
viscous,len3_cond2_1.csv,32.0,-0.0003099999999996439,0.0013584046648409637,False,0.0,True
viscous,len3_cond2_1.csv,32.5,-0.00012000000000012001,0.0013671211432519138,False,0.0,True
viscous,len3_cond2_1.csv,33.0,9.500000000026154e-05,0.0013498578853245937,False,0.0,True
viscous,len3_cond2_1.csv,33.5,0.00019500000000043094,0.0013545213630176038,False,0.0,True
viscous,len3_cond2_1.csv,34.0,0.0013649999999993945,0.001366660586709955,False,0.0,True
viscous,len3_cond2_1.csv,34.5,-0.0014750000000003372,0.001348582887400042,True,6.320855630014758e-05,True
viscous,len3_cond2_1.csv,35.0,0.001459999999999656,0.0013622456910667687,True,4.8877154466443664e-05,True
viscous,len3_cond2_1.csv,35.5,-0.0015200000000000907,0.0013579121408033522,True,8.104392959836925e-05,True
viscous,len3_cond2_1.csv,36.0,0.0017550000000000066,0.0013536485345834086,True,0.00020067573270829897,True
viscous,len3_cond2_1.csv,36.5,-0.002319999999999822,0.0013594706225743675,True,0.00048026468871272725,True
viscous,len3_cond2_1.csv,37.0,0.002249999999999752,0.0013438884376926804,True,0.0004530557811535358,True
viscous,len3_cond2_1.csv,37.5,-0.0014500000000001734,0.001358656156898824,True,4.5671921550674696e-05,True
viscous,len3_cond2_1.csv,38.0,0.0006049999999999667,0.0013612594112586518,False,0.0,True
viscous,len3_cond2_1.csv,38.5,-0.0005549999999999722,0.0013426616536429308,False,0.0,True
viscous,len3_cond2_1.csv,39.0,-0.0003699999999995929,0.0013523334114093999,False,0.0,True
viscous,len3_cond2_1.csv,39.5,0.00011500000000085747,0.0013512798859626912,False,0.0,True
viscous,len3_cond2_1.csv,40.0,-0.00016000000000043757,0.0013422957955404877,False,0.0,True
viscous,len3_cond2_1.csv,40.5,0.00023999999999985144,0.0013519748800494861,False,0.0,True
viscous,len3_cond2_1.csv,41.0,0.00045000000000039453,0.0013363723106318167,False,0.0,True
viscous,len3_cond2_1.csv,41.5,0.0011649999999998155,0.0013457818506834823,False,0.0,True
viscous,len3_cond2_1.csv,42.0,-0.0021299999999996044,0.001358656156898824,True,0.0003856719215503902,True
viscous,len3_cond2_1.csv,42.5,0.0007850000000001467,0.0013364360993502501,False,0.0,True
viscous,len3_cond2_1.csv,43.0,-0.0010549999999999726,0.0013480303721482025,False,0.0,True
viscous,len3_cond2_1.csv,43.5,0.0012450000000001349,0.00133659133724837,False,0.0,True
viscous,len3_cond2_1.csv,44.0,0.0004500000000006166,0.001342975804742763,False,0.0,True
viscous,len3_cond2_1.csv,44.5,-0.0020250000000006096,0.001349869448284526,True,0.00033756527585804177,True
viscous,len3_cond2_1.csv,45.0,0.0025600000000001732,0.0013296830324418946,True,0.0006151584837791393,True
viscous,len3_cond2_1.csv,45.5,-0.0012550000000003114,0.0013434787516813803,False,0.0,True
viscous,len3_cond2_1.csv,46.0,-0.00020000000000022777,0.0013442739677839014,False,0.0,True
viscous,len3_cond2_1.csv,46.5,0.00042500000000017524,0.0013346929628328332,False,0.0,True
viscous,len3_cond2_1.csv,47.0,-0.0007050000000003998,0.0013412929075829777,False,0.0,True
viscous,len3_cond2_1.csv,47.5,0.00044000000000017636,0.0013279111314085468,False,0.0,True
viscous,len3_cond2_1.csv,48.0,8.00000000000245e-05,0.001337210585713812,False,0.0,True
viscous,len3_cond2_1.csv,48.5,-0.00026999999999999247,0.0013443147495210079,False,0.0,True
viscous,len3_cond2_1.csv,49.0,0.0008299999999997754,0.00132393264923212,False,0.0,True
viscous,len3_cond2_1.csv,49.5,-0.0010350000000006743,0.0013336074400375432,False,0.0,True
viscous,len3_cond2_1.csv,50.0,1.5000000000181535e-05,0.0013275093372447074,False,0.0,True
viscous,len3_cond2_1.csv,50.5,0.00017999999999990246,0.0013287366666867907,False,0.0,True
viscous,len3_cond2_1.csv,51.0,0.00013999999999997348,0.0013349272584678013,False,0.0,True
viscous,len3_cond2_1.csv,51.5,0.0015499999999998848,0.001323192135028822,True,0.00011340393248553138,True
viscous,len3_cond2_1.csv,52.0,-0.002034999999999204,0.0013338447339408478,True,0.00035057763302917815,True
viscous,len3_cond2_1.csv,52.5,4.500000000007276e-05,0.001341776922660155,False,0.0,True
viscous,len3_cond2_1.csv,53.0,-1.4999999999820712e-05,0.0013183946346627983,False,0.0,True
viscous,len3_cond2_1.csv,53.5,-0.0009300000000001807,0.0013294524261847412,False,0.0,True
viscous,len3_cond2_1.csv,54.0,0.00176500000000019,0.0013226250915152477,True,0.0002211874542424712,True
viscous,len3_cond2_1.csv,54.5,-0.0009349999999996861,0.0013207907543852874,False,0.0,True
viscous,len3_cond2_1.csv,55.0,0.0007849999999997026,0.0013302130477633968,False,0.0,True
viscous,len3_cond2_1.csv,55.5,-0.0007150000000004375,0.0013120874784773309,False,0.0,True
viscous,len3_cond2_1.csv,56.0,0.00023000000000000104,0.0013270090565195194,False,0.0,True
viscous,len3_cond2_1.csv,56.5,-0.0011399999999996413,0.0013294324715330073,False,0.0,True
viscous,len3_cond2_1.csv,57.0,0.0018849999999995815,0.0013131075273876572,True,0.00028594623630596213,True
viscous,len3_cond2_1.csv,57.5,-0.0010450000000002957,0.0013260433105163022,False,0.0,True
viscous,len3_cond2_1.csv,58.0,0.0005449999999994444,0.0013194011017632333,False,0.0,True
viscous,len3_cond2_1.csv,58.5,-0.0005450000000001842,0.0013153156398246135,False,0.0,True
viscous,len3_cond2_1.csv,59.0,-9.000000000009001e-05,0.0013239930369980798,False,0.0,True
viscous,len3_cond3_1.csv,0.0,0.0011250000000002647,0.0015256403296305793,False,0.0,True
viscous,len3_cond3_1.csv,0.5,0.00046999999999997044,0.0015231564463039785,False,0.0,True
viscous,len3_cond3_1.csv,1.0,-0.0008349999999999608,0.00152125963404088,False,0.0,True
viscous,len3_cond3_1.csv,1.5,0.0018999999999999018,0.0015060522615015707,True,0.0001969738692491655,True
viscous,len3_cond3_1.csv,2.0,-0.0029199999999998116,0.0015137468181000415,True,0.000703126590949885,True
viscous,len3_cond3_1.csv,2.5,0.0015500000000001624,0.0014990581523791537,True,2.5470923810504316e-05,True
viscous,len3_cond3_1.csv,3.0,-0.0008899999999999741,0.0014999784953212047,False,0.0,True
viscous,len3_cond3_1.csv,3.5,0.0008149999999997881,0.0015060920721830236,False,0.0,True
viscous,len3_cond3_1.csv,4.0,-0.0004300000000001525,0.0014881193269199273,False,0.0,True
viscous,len3_cond3_1.csv,4.5,-5.999999999994898e-05,0.0014851299583798353,False,0.0,True
viscous,len3_cond3_1.csv,5.0,0.00037500000000012523,0.0014816172694619872,False,0.0,True
viscous,len3_cond3_1.csv,5.5,0.0002950000000000452,0.0014838863435194332,False,0.0,True
viscous,len3_cond3_1.csv,6.0,-0.0006049999999997446,0.001474657725522317,False,0.0,True
viscous,len3_cond3_1.csv,6.5,0.0017349999999999866,0.001459121662999037,True,0.00013793916850047476,True
viscous,len3_cond3_1.csv,7.0,-0.0013750000000001261,0.0014562627084482322,False,0.0,True
viscous,len3_cond3_1.csv,7.5,-0.0004249999999998977,0.00148088134572742,False,0.0,True
viscous,len3_cond3_1.csv,8.0,0.0019099999999998563,0.0014527753464054364,True,0.00022861232679720995,True
viscous,len3_cond3_1.csv,8.5,-0.0029199999999998116,0.0014560408427867588,True,0.0007319795786065264,True
viscous,len3_cond3_1.csv,9.0,0.0010650000000002602,0.001455760678685112,False,0.0,True
viscous,len3_cond3_1.csv,9.5,0.0006849999999998246,0.0014531012150673969,False,0.0,True
viscous,len3_cond3_1.csv,10.0,-0.002354999999999885,0.0014418159783538232,True,0.00045659201082303064,True
viscous,len3_cond3_1.csv,10.5,0.0022000000000000353,0.0014346078776659623,True,0.00038269606116703647,True
viscous,len3_cond3_1.csv,11.0,-0.00048500000000029075,0.0014360695385050447,False,0.0,True
viscous,len3_cond3_1.csv,11.5,-8.999999999992347e-05,0.0014472849988183504,False,0.0,True
viscous,len3_cond3_1.csv,12.0,0.0001999999999996449,0.0014237812775754555,False,0.0,True
viscous,len3_cond3_1.csv,12.5,0.0012799999999999478,0.0014250138908484954,False,0.0,True
viscous,len3_cond3_1.csv,13.0,-0.0015749999999997988,0.001421167851059499,True,7.691607447014989e-05,True
viscous,len3_cond3_1.csv,13.5,0.0004750000000000032,0.001422494265747403,False,0.0,True
viscous,len3_cond3_1.csv,14.0,-5.500000000002725e-05,0.0014153996685228288,False,0.0,True
viscous,len3_cond3_1.csv,14.5,-5.0000000000050004e-05,0.00140464262982376,False,0.0,True
viscous,len3_cond3_1.csv,15.0,3.0000000000002247e-05,0.0014066518948773173,False,0.0,True
viscous,len3_cond3_1.csv,15.5,0.0002249999999999197,0.0014158717824017339,False,0.0,True
viscous,len3_cond3_1.csv,16.0,0.0009749999999999481,0.0013999232652316216,False,0.0,True
viscous,len3_cond3_1.csv,16.5,-0.0003850000000000797,0.0014026026642518224,False,0.0,True
viscous,len3_cond3_1.csv,17.0,-0.0019100000000000505,0.001396684599299771,True,0.00025665770035013973,True
viscous,len3_cond3_1.csv,17.5,0.0012600000000001499,0.001399367556145274,False,0.0,True
viscous,len3_cond3_1.csv,18.0,-0.000320000000000209,0.0013946068344937671,False,0.0,True
viscous,len3_cond3_1.csv,18.5,-0.0013950000000001461,0.0013897535616767057,True,2.6232191617202305e-06,True
viscous,len3_cond3_1.csv,19.0,0.00016499999999991521,0.0013872828191147416,False,0.0,True
viscous,len3_cond3_1.csv,19.5,0.0006099999999998329,0.0013918954779091662,False,0.0,True
viscous,len3_cond3_1.csv,20.0,-0.00023499999999976318,0.0013836130514502578,False,0.0,True
viscous,len3_cond3_1.csv,20.5,0.00025999999999992696,0.0013825926169688532,False,0.0,True
viscous,len3_cond3_1.csv,21.0,3.500000000018766e-05,0.0013828061202447576,False,0.0,True
viscous,len3_cond3_1.csv,21.5,0.000760000000000205,0.0013843751137610264,False,0.0,True
viscous,len3_cond3_1.csv,22.0,0.001074999999999826,0.0013778423553011273,False,0.0,True
viscous,len3_cond3_1.csv,22.5,-0.0019449999999997525,0.0013721854503870624,True,0.000286407274806345,True
viscous,len3_cond3_1.csv,23.0,0.0019049999999997541,0.0013742106073795237,True,0.0002653946963101152,True
viscous,len3_cond3_1.csv,23.5,-0.0022500000000001963,0.0013779765862661146,True,0.00043601170686704074,True
viscous,len3_cond3_1.csv,24.0,-0.0002649999999999597,0.0013684044067618579,False,0.0,True
viscous,len3_cond3_1.csv,24.5,-0.00024000000000024002,0.0013669154293104086,False,0.0,True
viscous,len3_cond3_1.csv,25.0,-4.999999999907856e-06,0.0013698183119620466,False,0.0,True
viscous,len3_cond3_1.csv,25.5,0.0010999999999999899,0.0013713530555390272,False,0.0,True
viscous,len3_cond3_1.csv,26.0,-0.0006050000000002997,0.0013649849146676932,False,0.0,True
viscous,len3_cond3_1.csv,26.5,0.0011450000000000626,0.0013610121953938916,False,0.0,True
viscous,len3_cond3_1.csv,27.0,1.942890293094024e-16,0.0013570355620002206,False,0.0,True
viscous,len3_cond3_1.csv,27.5,-0.0007850000000003132,0.001364897936777596,False,0.0,True
viscous,len3_cond3_1.csv,28.0,0.0006250000000002087,0.0013572833468495165,False,0.0,True
viscous,len3_cond3_1.csv,28.5,0.0002749999999998032,0.0013566363186193768,False,0.0,True
viscous,len3_cond3_1.csv,29.0,-0.0004100000000000041,0.0013527593428237516,False,0.0,True
viscous,len3_cond3_1.csv,29.5,0.0011700000000002264,0.0013549153034205143,False,0.0,True
viscous,len3_cond3_1.csv,30.0,0.0001549999999997942,0.0013542635386140514,False,0.0,True
viscous,len3_cond3_1.csv,30.5,-0.0008749999999999591,0.0013481413332753532,False,0.0,True
viscous,len3_cond3_1.csv,31.0,0.0013299999999998417,0.0013549153034205143,False,0.0,True
viscous,len3_cond3_1.csv,31.5,-0.0013000000000002454,0.0013448578488615126,False,0.0,True
viscous,len3_cond3_1.csv,32.0,0.00036500000000011523,0.0013450775693354465,False,0.0,True
viscous,len3_cond3_1.csv,32.5,2.0000000000131024e-05,0.0013448240289391357,False,0.0,True
viscous,len3_cond3_1.csv,33.0,4.5000000000232354e-05,0.0013415288088936875,False,0.0,True
viscous,len3_cond3_1.csv,33.5,-0.0003249999999997699,0.0013454575776478818,False,0.0,True
viscous,len3_cond3_1.csv,34.0,-0.0008249999999999091,0.0013444453566748098,False,0.0,True
viscous,len3_cond3_1.csv,34.5,0.0011350000000001081,0.0013396904452502927,False,0.0,True
viscous,len3_cond3_1.csv,35.0,0.00011500000000030236,0.0013399478009906794,False,0.0,True
viscous,len3_cond3_1.csv,35.5,-0.0020349999999998702,0.0013403737120816373,True,0.00034731314395911646,True
viscous,len3_cond3_1.csv,36.0,0.0007000000000000339,0.0013415308567288782,False,0.0,True
viscous,len3_cond3_1.csv,36.5,0.0008350000000004743,0.001337250295723265,False,0.0,True
viscous,len3_cond3_1.csv,37.0,-0.0010100000000002468,0.0013309791791974196,False,0.0,True
viscous,len3_cond3_1.csv,37.5,0.0003749999999997644,0.001338220982228047,False,0.0,True
viscous,len3_cond3_1.csv,38.0,0.0015399999999994307,0.0013381547247877069,True,0.00010092263760586191,True
viscous,len3_cond3_1.csv,38.5,-0.0007450000000001622,0.0013293909269691253,False,0.0,True
viscous,len3_cond3_1.csv,39.0,-0.0011050000000004528,0.0013336719583541183,False,0.0,True
viscous,len3_cond3_1.csv,39.5,0.00016500000000033155,0.0013328814242355186,False,0.0,True
viscous,len3_cond3_1.csv,40.0,0.0005399999999998184,0.0013366750919544214,False,0.0,True
viscous,len3_cond3_1.csv,40.5,-0.00043000000000009697,0.0013286931946578547,False,0.0,True
viscous,len3_cond3_1.csv,41.0,0.0015349999999997033,0.0013253340836620166,True,0.00010483295816884333,True
viscous,len3_cond3_1.csv,41.5,-0.00038500000000026013,0.0013272945688794623,False,0.0,True
viscous,len3_cond3_1.csv,42.0,-0.00034999999999996145,0.0013310329704750976,False,0.0,True
viscous,len3_cond3_1.csv,42.5,0.0009449999999998626,0.001321537812085464,False,0.0,True
viscous,len3_cond3_1.csv,43.0,-0.002270000000000272,0.0013246889427071468,True,0.0004726555286465624,True
viscous,len3_cond3_1.csv,43.5,0.002194999999999697,0.001327312014558182,True,0.00043384399272075765,True
viscous,len3_cond3_1.csv,44.0,-0.0016399999999996417,0.0013232520460079934,True,0.00015837397699582415,True
viscous,len3_cond3_1.csv,44.5,-0.0010149999999999604,0.001321537812085464,False,0.0,True
viscous,len3_cond3_1.csv,45.0,0.0004900000000001847,0.0013194423291598475,False,0.0,True
viscous,len3_cond3_1.csv,45.5,-0.0001449999999998397,0.0013278448787341903,False,0.0,True
viscous,len3_cond3_1.csv,46.0,0.0006399999999998907,0.0013215362178562815,False,0.0,True
viscous,len3_cond3_1.csv,46.5,0.00044000000000035677,0.0013148259472753993,False,0.0,True
viscous,len3_cond3_1.csv,47.0,-7.999999999983021e-05,0.001315861590793086,False,0.0,True
viscous,len3_cond3_1.csv,47.5,-0.0009599999999998846,0.0013182467039223008,False,0.0,True
viscous,len3_cond3_1.csv,48.0,0.0021750000000000935,0.0013165867493243099,True,0.00042920662533789183,True
viscous,len3_cond3_1.csv,48.5,-0.001715000000000022,0.0013170149196890671,True,0.00019899254015547747,True
viscous,len3_cond3_1.csv,49.0,-0.00016999999999969817,0.0013124429584847573,False,0.0,True
viscous,len3_cond3_1.csv,49.5,0.0005000000000000802,0.0013100868702397184,False,0.0,True
viscous,len3_cond3_1.csv,50.0,-6.0000000000753895e-05,0.0013194963680325858,False,0.0,True
viscous,len3_cond3_1.csv,50.5,-0.0004750000000000587,0.0013092466528828834,False,0.0,True
viscous,len3_cond3_1.csv,51.0,-0.0007150000000000489,0.0013085561841424938,False,0.0,True
viscous,len3_cond3_1.csv,51.5,0.002359999999999817,0.001310514706712396,True,0.0005247426466437103,True
viscous,len3_cond3_1.csv,52.0,-0.00015500000000037706,0.0013114619072776721,False,0.0,True
viscous,len3_cond3_1.csv,52.5,0.00027000000000038105,0.0013099698053667974,False,0.0,True
viscous,len3_cond3_1.csv,53.0,-0.002079999999999582,0.0013042949285629174,True,0.0003878525357183324,True
viscous,len3_cond3_1.csv,53.5,0.0010650000000000876,0.0013074295655850132,False,0.0,True
viscous,len3_cond3_1.csv,54.0,0.00026500000000057033,0.0013109733184037508,False,0.0,True
viscous,len3_cond3_1.csv,54.5,0.000235000000000124,0.001306097461258085,False,0.0,True
viscous,len3_cond3_1.csv,55.0,-0.0004649999999996046,0.001305237025400838,False,0.0,True
viscous,len3_cond3_1.csv,55.5,-0.000779999999999937,0.0013030578007179538,False,0.0,True
viscous,len3_cond3_1.csv,56.0,0.00040000000000033065,0.0013040375749760347,False,0.0,True
viscous,len3_cond3_1.csv,56.5,-0.0005799999999998862,0.001304876149322536,False,0.0,True
viscous,len3_cond3_1.csv,57.0,0.0021899999999999142,0.00130164931818992,True,0.00044417534090499715,True
viscous,len3_cond3_1.csv,57.5,-0.000570000000000008,0.001306096233391873,False,0.0,True
viscous,len3_cond3_1.csv,58.0,-0.0012549999999997563,0.0013037210624480902,False,0.0,True
viscous,len3_cond3_1.csv,58.5,0.00033999999999959063,0.0013044991339827901,False,0.0,True
viscous,len3_cond3_1.csv,59.0,-0.0005750000000002142,0.0013021203687420112,False,0.0,True
viscous,len4_cond1_1.csv,0.0,0.0009399999999999409,0.0014851245091499006,False,0.0,True
viscous,len4_cond1_1.csv,0.5,-0.0011249999999998206,0.0014800898087847934,False,0.0,True
viscous,len4_cond1_1.csv,1.0,-0.0007349999999999302,0.0014736214301905898,False,0.0,True
viscous,len4_cond1_1.csv,1.5,0.001100000000000101,0.0014825123129881272,False,0.0,True
viscous,len4_cond1_1.csv,2.0,0.001080000000000192,0.0014778637302228473,False,0.0,True
viscous,len4_cond1_1.csv,2.5,-0.0022000000000000353,0.001469379843306744,True,0.00036531007834664567,True
viscous,len4_cond1_1.csv,3.0,0.0016700000000000603,0.0014796700007705548,True,9.516499961475275e-05,True
viscous,len4_cond1_1.csv,3.5,-8.999999999992347e-05,0.0014740412888126944,False,0.0,True
viscous,len4_cond1_1.csv,4.0,-0.001550000000000079,0.0014715942649985634,True,3.920286750075787e-05,True
viscous,len4_cond1_1.csv,4.5,0.0020049999999999235,0.001477031867342025,True,0.00026398406632894926,True
viscous,len4_cond1_1.csv,5.0,-0.0028799999999997716,0.0014704732229876521,True,0.0007047633885060595,True
viscous,len4_cond1_1.csv,5.5,0.0005949999999998457,0.0014648474515283954,False,0.0,True
viscous,len4_cond1_1.csv,6.0,0.0020049999999999235,0.0014739831851117956,True,0.00026550840744406397,True
viscous,len4_cond1_1.csv,6.5,0.00016499999999997073,0.0014653675442720879,False,0.0,True
viscous,len4_cond1_1.csv,7.0,-0.002155000000000129,0.0014599115994047456,True,0.0003475442002976917,True
viscous,len4_cond1_1.csv,7.5,0.0037399999999999656,0.0014752819154102157,True,0.0011323590422948747,True
viscous,len4_cond1_1.csv,8.0,-0.0036849999999999383,0.001463823000356601,True,0.0011105884998216687,True
viscous,len4_cond1_1.csv,8.5,0.001584999999999892,0.001456989903157975,True,6.400504842095855e-05,True
viscous,len4_cond1_1.csv,9.0,0.000620000000000287,0.001480647200213067,False,0.0,True
viscous,len4_cond1_1.csv,9.5,-0.0010299999999998644,0.0014609802260867784,False,0.0,True
viscous,len4_cond1_1.csv,10.0,-0.00012999999999996348,0.0014566244995578243,False,0.0,True
viscous,len4_cond1_1.csv,10.5,0.0026449999999997864,0.0014748902802729353,True,0.0005850548598634255,True
viscous,len4_cond1_1.csv,11.0,-0.003195000000000059,0.0014588255277465023,True,0.0008680872361267781,True
viscous,len4_cond1_1.csv,11.5,0.00040000000000006697,0.0014574721179345406,False,0.0,True
viscous,len4_cond1_1.csv,12.0,0.0019649999999999945,0.0014773860526241722,True,0.00024380697368791117,True
viscous,len4_cond1_1.csv,12.5,-0.0025800000000000267,0.001458478996092778,True,0.0005607605019536243,True
viscous,len4_cond1_1.csv,13.0,0.0021250000000000435,0.0014535476946654557,True,0.0003357261526672939,True
viscous,len4_cond1_1.csv,13.5,-0.000980000000000092,0.0014681853738046078,False,0.0,True
viscous,len4_cond1_1.csv,14.0,0.00016000000000016001,0.0014570528564232907,False,0.0,True
viscous,len4_cond1_1.csv,14.5,-0.00033500000000014074,0.0014540334483820081,False,0.0,True
viscous,len4_cond1_1.csv,15.0,8.999999999992347e-05,0.0014554689874192654,False,0.0,True
viscous,len4_cond1_1.csv,15.5,0.00034499999999959563,0.0014583786041712046,False,0.0,True
viscous,len4_cond1_1.csv,16.0,-0.0008549999999997171,0.0014532146931145974,False,0.0,True
viscous,len4_cond1_1.csv,16.5,0.0008050000000001112,0.001455525206204842,False,0.0,True
viscous,len4_cond1_1.csv,17.0,-0.0017250000000006427,0.0014581866107327647,True,0.000133406694633939,True
viscous,len4_cond1_1.csv,17.5,0.0025450000000004636,0.0014512435332989597,True,0.0005468782333507517,True
viscous,len4_cond1_1.csv,18.0,-0.0009299999999997643,0.0014522420295317096,False,0.0,True
viscous,len4_cond1_1.csv,18.5,-0.0011500000000004285,0.0014630534831637603,False,0.0,True
viscous,len4_cond1_1.csv,19.0,0.002315000000000178,0.0014504819142706477,True,0.00043225904286476506,True
viscous,len4_cond1_1.csv,19.5,-0.0007649999999999602,0.001441617205071576,False,0.0,True
viscous,len4_cond1_1.csv,20.0,-0.002100000000000657,0.0014700548519418226,True,0.00031497257402941716,True
viscous,len4_cond1_1.csv,20.5,0.0021650000000000835,0.0014476448405124761,True,0.0003586775797438037,True
viscous,len4_cond1_1.csv,21.0,-0.0005100000000001215,0.0014397492551794925,False,0.0,True
viscous,len4_cond1_1.csv,21.5,9.999999999732445e-06,0.001473938284329043,False,0.0,True
viscous,len4_cond1_1.csv,22.0,-0.0010499999999998844,0.0014459851694621968,False,0.0,True
viscous,len4_cond1_1.csv,22.5,0.0012749999999999706,0.001442660948183922,False,0.0,True
viscous,len4_cond1_1.csv,23.0,-0.0010050000000000336,0.0014722233561280267,False,0.0,True
viscous,len4_cond1_1.csv,23.5,0.0021099999999999453,0.0014459636058722191,True,0.00033201819706386306,True
viscous,len4_cond1_1.csv,24.0,-0.001395000000000035,0.0014466666472626086,False,0.0,True
viscous,len4_cond1_1.csv,24.5,0.0014199999999999768,0.001464754335815367,False,0.0,True
viscous,len4_cond1_1.csv,25.0,-0.0015899999999998693,0.0014456390526686063,True,7.218047366563149e-05,True
viscous,len4_cond1_1.csv,25.5,-9.000000000010389e-05,0.0014433878440482367,False,0.0,True
viscous,len4_cond1_1.csv,26.0,0.0005999999999999339,0.0014577694916355893,False,0.0,True
viscous,len4_cond1_1.csv,26.5,9.000000000014552e-05,0.001445467587555699,False,0.0,True
viscous,len4_cond1_1.csv,27.0,0.0009150000000000234,0.00144537389007738,False,0.0,True
viscous,len4_cond1_1.csv,27.5,-0.0007449999999997736,0.0014448862949019254,False,0.0,True
viscous,len4_cond1_1.csv,28.0,0.001214999999999966,0.0014451623485985316,False,0.0,True
viscous,len4_cond1_1.csv,28.5,-0.0011149999999999077,0.001444761216675283,False,0.0,True
viscous,len4_cond1_1.csv,29.0,4.999999999921734e-06,0.0014456496465783647,False,0.0,True
viscous,len4_cond1_1.csv,29.5,-0.0002750000000000252,0.0014434702194297724,False,0.0,True
viscous,len4_cond1_1.csv,30.0,-4.000000000001225e-05,0.0014413031836888943,False,0.0,True
viscous,len4_cond1_1.csv,30.5,-0.00013500000000010726,0.001443508651072712,False,0.0,True
viscous,len4_cond1_1.csv,31.0,0.00138000000000027,0.0014425434882591852,False,0.0,True
viscous,len4_cond1_1.csv,31.5,-0.0013749999999998763,0.0014394992653994326,False,0.0,True
viscous,len4_cond1_1.csv,32.0,-0.0002350000000003183,0.0014502532130507154,False,0.0,True
viscous,len4_cond1_1.csv,32.5,0.0003400000000007841,0.0014416815640997036,False,0.0,True
viscous,len4_cond1_1.csv,33.0,0.0010849999999996696,0.0014347333606997597,False,0.0,True
viscous,len4_cond1_1.csv,33.5,-0.002060000000000617,0.001446639715803695,True,0.00030668014209846097,True
viscous,len4_cond1_1.csv,34.0,-6.499999999920458e-05,0.0014400308752757212,False,0.0,True
viscous,len4_cond1_1.csv,34.5,0.0024249999999992333,0.0014351673341448476,True,0.0004949163329271927,True
viscous,len4_cond1_1.csv,35.0,-0.0030100000000005123,0.001444175856317561,True,0.0007829120718414755,True
viscous,len4_cond1_1.csv,35.5,0.00036500000000061483,0.0014418013804621634,False,0.0,True
viscous,len4_cond1_1.csv,36.0,-3.500000000017378e-05,0.0014295827795287091,False,0.0,True
viscous,len4_cond1_1.csv,36.5,-0.0004850000000005128,0.0014431821182422605,False,0.0,True
viscous,len4_cond1_1.csv,37.0,0.002855000000000163,0.0014439508412967326,True,0.000705524579351715,True
viscous,len4_cond1_1.csv,37.5,-0.0018449999999992084,0.0014300404066233362,True,0.0002074797966879361,True
viscous,len4_cond1_1.csv,38.0,-0.00040000000000040004,0.0014397434110940033,False,0.0,True
viscous,len4_cond1_1.csv,38.5,0.0024400000000001087,0.001447604703003666,True,0.0004961976484982214,True
viscous,len4_cond1_1.csv,39.0,-0.0011249999999998206,0.0014288968932437537,False,0.0,True
viscous,len4_cond1_1.csv,39.5,-0.0020450000000004076,0.0014297407360439698,True,0.0003076296319782189,True
viscous,len4_cond1_1.csv,40.0,0.003629999999999689,0.0014535369778077437,True,0.0010882315110959725,True
viscous,len4_cond1_1.csv,40.5,-0.0022899999999999032,0.001427176178734037,True,0.000431411910632933,True
viscous,len4_cond1_1.csv,41.0,0.0008549999999995506,0.0014215508693508102,False,0.0,True
viscous,len4_cond1_1.csv,41.5,0.0013700000000004264,0.0014512377228270473,False,0.0,True
viscous,len4_cond1_1.csv,42.0,-0.0017099999999998783,0.0014263279973946454,True,0.00014183600130261644,True
viscous,len4_cond1_1.csv,42.5,-0.0006949999999998624,0.0014187856248384896,False,0.0,True
viscous,len4_cond1_1.csv,43.0,0.002275000000000027,0.0014484297485687393,True,0.00041328512571564373,True
viscous,len4_cond1_1.csv,43.5,-0.0014599999999995728,0.0014257360056917853,True,1.7131997153893726e-05,True
viscous,len4_cond1_1.csv,44.0,0.00012000000000005062,0.0014209080171057366,False,0.0,True
viscous,len4_cond1_1.csv,44.5,0.001080000000000414,0.001432708981554531,False,0.0,True
viscous,len4_cond1_1.csv,45.0,-0.002254999999999674,0.0014235115890933864,True,0.00041574420545314366,True
viscous,len4_cond1_1.csv,45.5,1.0000000000301434e-05,0.001421272212148015,False,0.0,True
viscous,len4_cond1_1.csv,46.0,0.0004900000000002125,0.0014315861867862049,False,0.0,True
viscous,len4_cond1_1.csv,46.5,-0.0008100000000008656,0.0014210237552922328,False,0.0,True
viscous,len4_cond1_1.csv,47.0,0.0010699999999998905,0.0014221170943029943,False,0.0,True
viscous,len4_cond1_1.csv,47.5,0.0009050000000003777,0.0014317639087279234,False,0.0,True
viscous,len4_cond1_1.csv,48.0,-0.0003900000000006676,0.0014202483622451816,False,0.0,True
viscous,len4_cond1_1.csv,48.5,-0.0018549999999996902,0.0014233092896976745,True,0.00021584535515100788,True
viscous,len4_cond1_1.csv,49.0,0.0018499999999997963,0.00142611274593077,True,0.0002119436270345131,True
viscous,len4_cond1_1.csv,49.5,-0.0007150000000004653,0.0014183883715686973,False,0.0,True
viscous,len4_cond1_1.csv,50.0,0.000370000000000148,0.0014179110837506835,False,0.0,True
viscous,len4_cond1_1.csv,50.5,0.0007149999999999102,0.0014295590607501828,False,0.0,True
viscous,len4_cond1_1.csv,51.0,-0.0016900000000008575,0.0014180617276806646,True,0.00013596913616009643,True
viscous,len4_cond1_1.csv,51.5,0.0009550000000003722,0.0014167932707518027,False,0.0,True
viscous,len4_cond1_1.csv,52.0,0.0018950000000001466,0.0014272251921788642,True,0.00023388740391064116,True
viscous,len4_cond1_1.csv,52.5,-0.0018249999999995214,0.0014217742210803884,True,0.00020161288945956654,True
viscous,len4_cond1_1.csv,53.0,-0.0018399999999997307,0.0014189455015391312,True,0.00021052724923029977,True
viscous,len4_cond1_1.csv,53.5,0.0022099999999998787,0.0014228834397303236,True,0.0003935582801347775,True
viscous,len4_cond1_1.csv,54.0,0.00023000000000050758,0.0014271204615252735,False,0.0,True
viscous,len4_cond1_1.csv,54.5,-0.00010500000000024379,0.0014161305652137428,False,0.0,True
viscous,len4_cond1_1.csv,55.0,-0.0005149999999990995,0.0014205940947358453,False,0.0,True
viscous,len4_cond1_1.csv,55.5,-0.00043500000000018524,0.0014350021995927426,False,0.0,True
viscous,len4_cond1_1.csv,56.0,0.0015600000000002279,0.001417236159942803,True,7.138192002871242e-05,True
viscous,len4_cond1_1.csv,56.5,-0.0010949999999993743,0.0014165326158655197,False,0.0,True
viscous,len4_cond1_1.csv,57.0,-1.9999999999797957e-05,0.001439485695482121,False,0.0,True
viscous,len4_cond1_1.csv,57.5,-0.000200000000000089,0.00141639275326042,False,0.0,True
viscous,len4_cond1_1.csv,58.0,-0.0014349999999998808,0.0014142701854868254,True,1.0364907256527728e-05,True
viscous,len4_cond1_1.csv,58.5,0.00012500000000015277,0.0014223786950392356,False,0.0,True
viscous,len4_cond1_1.csv,59.0,0.001040000000000041,0.0014169444328770184,False,0.0,True
viscous,len4_cond2_1.csv,0.0,0.0008350000000000302,0.0014299284086445102,False,0.0,True
viscous,len4_cond2_1.csv,0.5,-0.002955000000000041,0.0014387606870973877,True,0.0007581196564513265,True
viscous,len4_cond2_1.csv,1.0,0.0033250000000000224,0.0014101900460456954,True,0.0009574049769771633,True
viscous,len4_cond2_1.csv,1.5,-0.0021900000000000253,0.0014183540760655596,True,0.00038582296196723283,True
viscous,len4_cond2_1.csv,2.0,0.00032999999999994145,0.001429684305565451,False,0.0,True
viscous,len4_cond2_1.csv,2.5,0.0003450000000000397,0.0014029591061088347,False,0.0,True
viscous,len4_cond2_1.csv,3.0,0.0005350000000000077,0.001411890050092848,False,0.0,True
viscous,len4_cond2_1.csv,3.5,-0.0004299999999998194,0.001415801496534596,False,0.0,True
viscous,len4_cond2_1.csv,4.0,0.0009799999999998699,0.0013973343908714121,False,0.0,True
viscous,len4_cond2_1.csv,4.5,-0.0006349999999999342,0.0014073039515890692,False,0.0,True
viscous,len4_cond2_1.csv,5.0,-0.0007949999999998791,0.0013994501102999495,False,0.0,True
viscous,len4_cond2_1.csv,5.5,0.0010299999999998644,0.0013923326412745003,False,0.0,True
viscous,len4_cond2_1.csv,6.0,7.500000000013052e-05,0.0013999468784544197,False,0.0,True
viscous,len4_cond2_1.csv,6.5,-0.0009950000000000792,0.0013918155699285761,False,0.0,True
viscous,len4_cond2_1.csv,7.0,0.0017099999999998783,0.0013871133888989514,True,0.00016144330555046345,True
viscous,len4_cond2_1.csv,7.5,-0.0004999999999999449,0.001388879486437812,False,0.0,True
viscous,len4_cond2_1.csv,8.0,-0.0010699999999998488,0.0013894281174505255,False,0.0,True
viscous,len4_cond2_1.csv,8.5,0.0007749999999999702,0.0013823988481580865,False,0.0,True
viscous,len4_cond2_1.csv,9.0,-0.0012649999999999606,0.0013869973757887142,False,0.0,True
viscous,len4_cond2_1.csv,9.5,-0.0007099999999997664,0.0013934005877066736,False,0.0,True
viscous,len4_cond2_1.csv,10.0,0.0020249999999997215,0.0013806702604443335,True,0.000322164869777694,True
viscous,len4_cond2_1.csv,10.5,-0.00010500000000002174,0.0013807141524047283,False,0.0,True
viscous,len4_cond2_1.csv,11.0,-0.00032999999999988594,0.0013880061198533215,False,0.0,True
viscous,len4_cond2_1.csv,11.5,0.00022999999999995246,0.001382718986941647,False,0.0,True
viscous,len4_cond2_1.csv,12.0,-0.0002550000000000052,0.0013788090105693407,False,0.0,True
viscous,len4_cond2_1.csv,12.5,-0.000995000000000107,0.0013769410661331105,False,0.0,True
viscous,len4_cond2_1.csv,13.0,0.0009949999999999681,0.0013817922680242798,False,0.0,True
viscous,len4_cond2_1.csv,13.5,-0.0009949999999999681,0.0013758758056665718,False,0.0,True
viscous,len4_cond2_1.csv,14.0,0.0005149999999998073,0.0013764752325322793,False,0.0,True
viscous,len4_cond2_1.csv,14.5,-0.00044000000000010697,0.0013800443385599478,False,0.0,True
viscous,len4_cond2_1.csv,15.0,0.00017999999999995797,0.0013721229437206777,False,0.0,True
viscous,len4_cond2_1.csv,15.5,-0.00013999999999995266,0.0013628576530141762,False,0.0,True
viscous,len4_cond2_1.csv,16.0,0.0010850000000001137,0.0013703784641985743,False,0.0,True
viscous,len4_cond2_1.csv,16.5,-0.0011299999999999644,0.0013694955236085975,False,0.0,True
viscous,len4_cond2_1.csv,17.0,0.000904999999999781,0.0013626759293117099,False,0.0,True
viscous,len4_cond2_1.csv,17.5,0.0006800000000000694,0.0013664218326884935,False,0.0,True
viscous,len4_cond2_1.csv,18.0,-0.0013600000000000279,0.0013664727351297618,False,0.0,True
viscous,len4_cond2_1.csv,18.5,-0.0007050000000002055,0.0013599297632932036,False,0.0,True
viscous,len4_cond2_1.csv,19.0,0.0010299999999999199,0.0013695664575982083,False,0.0,True
viscous,len4_cond2_1.csv,19.5,-0.0009450000000001957,0.0013627812297375384,False,0.0,True
viscous,len4_cond2_1.csv,20.0,0.0022250000000001158,0.0013528663982473909,True,0.00043606680087636233,True
viscous,len4_cond2_1.csv,20.5,-0.0008699999999999264,0.001363548943111926,False,0.0,True
viscous,len4_cond2_1.csv,21.0,0.0003999999999997339,0.0013639565852108717,False,0.0,True
viscous,len4_cond2_1.csv,21.5,-0.0003750000000000142,0.0013493089492939772,False,0.0,True
viscous,len4_cond2_1.csv,22.0,0.00011500000000003174,0.0013564394905704199,False,0.0,True
viscous,len4_cond2_1.csv,22.5,-0.0005050000000000887,0.0013670635390645475,False,0.0,True
viscous,len4_cond2_1.csv,23.0,0.0004050000000000997,0.0013485885759904608,False,0.0,True
viscous,len4_cond2_1.csv,23.5,-9.999999999996123e-05,0.0013517822731758777,False,0.0,True
viscous,len4_cond2_1.csv,24.0,-0.001184999999999936,0.0013569631703309031,False,0.0,True
viscous,len4_cond2_1.csv,24.5,0.0021250000000000435,0.0013460007234514055,True,0.000389499638274319,True
viscous,len4_cond2_1.csv,25.0,0.00016999999999990634,0.0013535830471376896,False,0.0,True
viscous,len4_cond2_1.csv,25.5,-0.0010800000000001364,0.001360427544251362,False,0.0,True
viscous,len4_cond2_1.csv,26.0,0.0010650000000000936,0.0013441825929958776,False,0.0,True
viscous,len4_cond2_1.csv,26.5,0.0002649999999999528,0.0013536657862207862,False,0.0,True
viscous,len4_cond2_1.csv,27.0,-0.0017400000000000748,0.0013522730436607217,True,0.00019386347816967655,True
viscous,len4_cond2_1.csv,27.5,-0.0005949999999997901,0.0013411756041218923,False,0.0,True
viscous,len4_cond2_1.csv,28.0,0.0003350000000000297,0.0013446361196675068,False,0.0,True
viscous,len4_cond2_1.csv,28.5,-0.00020500000000017726,0.0013502867890441033,False,0.0,True
viscous,len4_cond2_1.csv,29.0,0.0007250000000001422,0.0013393946675480655,False,0.0,True
viscous,len4_cond2_1.csv,29.5,-0.000979999999999731,0.0013430114860954053,False,0.0,True
viscous,len4_cond2_1.csv,30.0,0.0010999999999996568,0.001343425982105428,False,0.0,True
viscous,len4_cond2_1.csv,30.5,0.0012550000000000616,0.0013425956784385315,False,0.0,True
viscous,len4_cond2_1.csv,31.0,-0.00022500000000019726,0.0013402017328377675,False,0.0,True
viscous,len4_cond2_1.csv,31.5,-0.0020249999999999713,0.001343425982105428,True,0.0003407870089472716,True
viscous,len4_cond2_1.csv,32.0,0.0012250000000002537,0.0013431524587545181,False,0.0,True
viscous,len4_cond2_1.csv,32.5,0.000580000000000136,0.0013383232233798528,False,0.0,True
viscous,len4_cond2_1.csv,33.0,-0.0010999999999999899,0.0013419330869675155,False,0.0,True
viscous,len4_cond2_1.csv,33.5,0.0005800000000000249,0.001340021023205785,False,0.0,True
viscous,len4_cond2_1.csv,34.0,-0.0005599999999993388,0.0013359268401297497,False,0.0,True
viscous,len4_cond2_1.csv,34.5,0.00030999999999985726,0.0013347407056498472,False,0.0,True
viscous,len4_cond2_1.csv,35.0,0.00017000000000039206,0.001335633754379582,False,0.0,True
viscous,len4_cond2_1.csv,35.5,-0.001244999999999885,0.0013348217455108852,False,0.0,True
viscous,len4_cond2_1.csv,36.0,2.0000000000366946e-05,0.0013302487696831668,False,0.0,True
viscous,len4_cond2_1.csv,36.5,0.0025399999999998757,0.0013379427840694335,True,0.0006010286079652209,True
viscous,len4_cond2_1.csv,37.0,-0.0021449999999995084,0.0013332376350029575,True,0.00040588118249827547,True
viscous,len4_cond2_1.csv,37.5,0.0005500000000004668,0.0013218492720156996,False,0.0,True
viscous,len4_cond2_1.csv,38.0,0.0014600000000000724,0.0013270320473456301,True,6.64839763272211e-05,True
viscous,len4_cond2_1.csv,38.5,-0.0004549999999999277,0.001331194714894017,False,0.0,True
viscous,len4_cond2_1.csv,39.0,-0.0007950000000000179,0.0013240018713303527,False,0.0,True
viscous,len4_cond2_1.csv,39.5,0.00035000000000001696,0.001327129036465226,False,0.0,True
viscous,len4_cond2_1.csv,40.0,-0.0012700000000002154,0.0013337862045090022,False,0.0,True
viscous,len4_cond2_1.csv,40.5,0.0012499999999996958,0.001322549502533111,False,0.0,True
viscous,len4_cond2_1.csv,41.0,-0.0014350000000000335,0.001329516010737544,True,5.274199463124469e-05,True
viscous,len4_cond2_1.csv,41.5,5.9999999999615916e-05,0.0013356133685085406,False,0.0,True
viscous,len4_cond2_1.csv,42.0,0.0007849999999998691,0.001320209280106348,False,0.0,True
viscous,len4_cond2_1.csv,42.5,0.0014749999999996016,0.0013259773524569973,True,7.451132377130217e-05,True
viscous,len4_cond2_1.csv,43.0,-0.0016849999999999365,0.001325190438720049,True,0.0001799047806399438,True
viscous,len4_cond2_1.csv,43.5,-0.00017499999999975868,0.00131806739242464,False,0.0,True
viscous,len4_cond2_1.csv,44.0,0.0007449999999998153,0.0013239842319600174,False,0.0,True
viscous,len4_cond2_1.csv,44.5,5.000000000066063e-05,0.0013292258196654803,False,0.0,True
viscous,len4_cond2_1.csv,45.0,0.00039999999999990044,0.0013168569607510962,False,0.0,True
viscous,len4_cond2_1.csv,45.5,-0.0010399999999999021,0.001320510456251181,False,0.0,True
viscous,len4_cond2_1.csv,46.0,-0.0006050000000000777,0.001328919313560105,False,0.0,True
viscous,len4_cond2_1.csv,46.5,-0.0004799999999992588,0.0013158715852735346,False,0.0,True
viscous,len4_cond2_1.csv,47.0,0.0008049999999995838,0.0013173082107181984,False,0.0,True
viscous,len4_cond2_1.csv,47.5,0.0014749999999995322,0.0013187908332678061,True,7.810458336586306e-05,True
viscous,len4_cond2_1.csv,48.0,-0.0007949999999998791,0.0013178026034620107,False,0.0,True
viscous,len4_cond2_1.csv,48.5,-0.00010499999999991072,0.0013175546444171896,False,0.0,True
viscous,len4_cond2_1.csv,49.0,-0.000315000000000093,0.0013109495631340603,False,0.0,True
viscous,len4_cond2_1.csv,49.5,0.0009050000000003777,0.0013166105779498394,False,0.0,True
viscous,len4_cond2_1.csv,50.0,-0.001280000000000392,0.0013159258218123,False,0.0,True
viscous,len4_cond2_1.csv,50.5,0.0010849999999994475,0.0013098206416459763,False,0.0,True
viscous,len4_cond2_1.csv,51.0,-0.000300000000000078,0.0013122612837495604,False,0.0,True
viscous,len4_cond2_1.csv,51.5,-0.0002400000000000735,0.001314847443388605,False,0.0,True
viscous,len4_cond2_1.csv,52.0,5.0000000000986755e-06,0.0013101097665390647,False,0.0,True
viscous,len4_cond2_1.csv,52.5,0.0001550000000000995,0.001314323153828254,False,0.0,True
viscous,len4_cond2_1.csv,53.0,-0.00029000000000034554,0.0013137042047030132,False,0.0,True
viscous,len4_cond2_1.csv,53.5,0.0008550000000001612,0.0013116309321303257,False,0.0,True
viscous,len4_cond2_1.csv,54.0,0.0007399999999997964,0.0013072574284395417,False,0.0,True
viscous,len4_cond2_1.csv,54.5,-0.0025400000000002088,0.0013122654909398948,True,0.0006138672545301569,True
viscous,len4_cond2_1.csv,55.0,0.001999999999999863,0.0013077940762420946,True,0.0003461029618788842,True
viscous,len4_cond2_1.csv,55.5,-0.0007200000000004703,0.00131049065682117,False,0.0,True
viscous,len4_cond2_1.csv,56.0,-0.0017649999999997945,0.0013144440973789447,True,0.00022527795131042493,True
viscous,len4_cond2_1.csv,56.5,0.0022549999999999792,0.0013068708271455226,True,0.00047406458642722824,True
viscous,len4_cond2_1.csv,57.0,-0.001674999999999524,0.001307957933051087,True,0.0001835210334742186,True
viscous,len4_cond2_1.csv,57.5,0.0014049999999997675,0.0013145503004193648,True,4.522484979020138e-05,True
viscous,len4_cond2_1.csv,58.0,-0.0002749999999996644,0.0013037954100926618,False,0.0,True
viscous,len4_cond2_1.csv,58.5,0.00015000000000067737,0.00130714832600012,False,0.0,True
viscous,len4_cond2_1.csv,59.0,-0.0006599999999995498,0.0013142005489865164,False,0.0,True
viscous,len4_cond3_1.csv,0.0,0.000905000000000003,0.001416169925823815,False,0.0,True
viscous,len4_cond3_1.csv,0.5,-0.0002300000000000635,0.0014128481852351406,False,0.0,True
viscous,len4_cond3_1.csv,1.0,-0.0010649999999999826,0.0014069228483657929,False,0.0,True
viscous,len4_cond3_1.csv,1.5,0.0014850000000000418,0.0014048572812917347,True,4.007135935415356e-05,True
viscous,len4_cond3_1.csv,2.0,-0.000980000000000092,0.0014028090227037149,False,0.0,True
viscous,len4_cond3_1.csv,2.5,-0.0017299999999997873,0.001401609279555261,True,0.00016419536022226316,True
viscous,len4_cond3_1.csv,3.0,0.0019899999999999085,0.0014000125047855764,True,0.0002949937476071661,True
viscous,len4_cond3_1.csv,3.5,-0.00034999999999996145,0.0013956209722427412,False,0.0,True
viscous,len4_cond3_1.csv,4.0,0.0007100000000000994,0.0013978074096752883,False,0.0,True
viscous,len4_cond3_1.csv,4.5,-0.0019000000000000128,0.0013895747233411918,True,0.0002552126383294105,True
viscous,len4_cond3_1.csv,5.0,0.0013500000000000179,0.0013948933420440278,False,0.0,True
viscous,len4_cond3_1.csv,5.5,-0.0017300000000000093,0.0013954369809141853,True,0.00016728150954291201,True
viscous,len4_cond3_1.csv,6.0,0.00030999999999997696,0.0013851485132749728,False,0.0,True
viscous,len4_cond3_1.csv,6.5,0.0022199999999999442,0.0013891565984718776,True,0.0004154217007640332,True
viscous,len4_cond3_1.csv,7.0,-0.0020449999999997415,0.0013931190170481983,True,0.0003259404914757716,True
viscous,len4_cond3_1.csv,7.5,0.0011799999999999589,0.0013808643460562551,False,0.0,True
viscous,len4_cond3_1.csv,8.0,0.0009649999999999381,0.0013774896694096713,False,0.0,True
viscous,len4_cond3_1.csv,8.5,-0.0023249999999999105,0.0013895747233411918,True,0.0004677126383293592,True
viscous,len4_cond3_1.csv,9.0,0.001645000000000063,0.0013739925919259786,True,0.00013550370403704224,True
viscous,len4_cond3_1.csv,9.5,0.0001300000000000745,0.0013758946175271582,False,0.0,True
viscous,len4_cond3_1.csv,10.0,-0.0009000000000000119,0.0013822418289275713,False,0.0,True
viscous,len4_cond3_1.csv,10.5,0.0005850000000000577,0.0013680710746478432,False,0.0,True
viscous,len4_cond3_1.csv,11.0,-0.0015750000000000763,0.0013686720234382243,True,0.00010316398828092604,True
viscous,len4_cond3_1.csv,11.5,0.000720000000000165,0.001367474591891404,False,0.0,True
viscous,len4_cond3_1.csv,12.0,0.0020600000000000618,0.0013642969139547045,True,0.0003478515430226786,True
viscous,len4_cond3_1.csv,12.5,-0.0016050000000001098,0.0013603813505212725,True,0.00012230932473941865,True
viscous,len4_cond3_1.csv,13.0,6.500000000014827e-05,0.0013657590551146392,False,0.0,True
viscous,len4_cond3_1.csv,13.5,0.0009249999999998426,0.001358895692309519,False,0.0,True
viscous,len4_cond3_1.csv,14.0,-0.0005199999999999094,0.001360447886349226,False,0.0,True
viscous,len4_cond3_1.csv,14.5,-0.00012000000000012001,0.0013658103356245018,False,0.0,True
viscous,len4_cond3_1.csv,15.0,-0.0006950000000001122,0.0013566364902455545,False,0.0,True
viscous,len4_cond3_1.csv,15.5,-7.500000000004725e-05,0.0013554591386361464,False,0.0,True
viscous,len4_cond3_1.csv,16.0,-0.0011700000000001154,0.001357630039886702,False,0.0,True
viscous,len4_cond3_1.csv,16.5,0.0015050000000004227,0.0013564053236885412,True,7.429733815594072e-05,True
viscous,len4_cond3_1.csv,17.0,0.0003349999999998077,0.0013503046126473247,False,0.0,True
viscous,len4_cond3_1.csv,17.5,-0.0011099999999999166,0.0013523531199512312,False,0.0,True
viscous,len4_cond3_1.csv,18.0,-0.00015999999999993797,0.0013595233973308929,False,0.0,True
viscous,len4_cond3_1.csv,18.5,-0.00039500000000031177,0.0013490383830849471,False,0.0,True
viscous,len4_cond3_1.csv,19.0,0.0018499999999999073,0.0013464295520141246,True,0.0002517852239928913,True
viscous,len4_cond3_1.csv,19.5,0.0003650000000000042,0.0013563596469004658,False,0.0,True
viscous,len4_cond3_1.csv,20.0,0.0003149999999998432,0.001346675448791401,False,0.0,True
viscous,len4_cond3_1.csv,20.5,-0.002714999999999912,0.0013461676481060316,True,0.0006844161759469402,True
viscous,len4_cond3_1.csv,21.0,0.002559999999999951,0.00135354520700292,True,0.0006032273964985155,True
viscous,len4_cond3_1.csv,21.5,-0.0006350000000002187,0.001344593540220449,False,0.0,True
viscous,len4_cond3_1.csv,22.0,-1.0000000000096737e-05,0.0013418813212234936,False,0.0,True
viscous,len4_cond3_1.csv,22.5,-0.00041000000000002146,0.00135275338194495,False,0.0,True
viscous,len4_cond3_1.csv,23.0,-0.0008200000000000984,0.0013442182544719224,False,0.0,True
viscous,len4_cond3_1.csv,23.5,0.0007000000000002005,0.0013440111315506209,False,0.0,True
viscous,len4_cond3_1.csv,24.0,-0.00025500000000011624,0.001351075449047609,False,0.0,True
viscous,len4_cond3_1.csv,24.5,0.0006150000000000322,0.0013420733488655676,False,0.0,True
viscous,len4_cond3_1.csv,25.0,-0.0010099999999998444,0.0013387850869942056,False,0.0,True
viscous,len4_cond3_1.csv,25.5,0.0014450000000000296,0.0013404255720115192,True,5.228721399425519e-05,True
viscous,len4_cond3_1.csv,26.0,-0.0020600000000001173,0.0013388517432196144,True,0.00036057412839025145,True
viscous,len4_cond3_1.csv,26.5,0.0022999999999999965,0.0013370971747413076,True,0.00048145141262934447,True
viscous,len4_cond3_1.csv,27.0,-2.9999999999946736e-05,0.0013364109376800297,False,0.0,True
viscous,len4_cond3_1.csv,27.5,-0.0009250000000001757,0.001343780315317806,False,0.0,True
viscous,len4_cond3_1.csv,28.0,0.0005350000000002297,0.0013332017933325425,False,0.0,True
viscous,len4_cond3_1.csv,28.5,0.0008399999999996882,0.001334804030998121,False,0.0,True
viscous,len4_cond3_1.csv,29.0,-0.0005000000000001115,0.0013375551681220654,False,0.0,True
viscous,len4_cond3_1.csv,29.5,-0.0020949999999995694,0.0013304929788524118,True,0.0003822535105735788,True
viscous,len4_cond3_1.csv,30.0,0.0018699999999999412,0.001327013956794149,True,0.00027149302160289605,True
viscous,len4_cond3_1.csv,30.5,-0.0009099999999998554,0.0013357602427995204,False,0.0,True
viscous,len4_cond3_1.csv,31.0,0.00182499999999991,0.0013274869222401548,True,0.0002487565388798776,True
viscous,len4_cond3_1.csv,31.5,-0.0013550000000000367,0.001325020698977764,True,1.498965051113636e-05,True
viscous,len4_cond3_1.csv,32.0,7.999999999991347e-05,0.0013332238266322623,False,0.0,True
viscous,len4_cond3_1.csv,32.5,0.0014899999999997693,0.0013241348327575012,True,8.293258362113403e-05,True
viscous,len4_cond3_1.csv,33.0,-0.0020799999999999846,0.0013207998417251543,True,0.00037960007913741517,True
viscous,len4_cond3_1.csv,33.5,0.000954999999999484,0.0013253242526515547,False,0.0,True
viscous,len4_cond3_1.csv,34.0,-9.999999999948939e-05,0.0013222350941343704,False,0.0,True
viscous,len4_cond3_1.csv,34.5,6.499999999973194e-05,0.0013196698137263958,False,0.0,True
viscous,len4_cond3_1.csv,35.0,-0.0018949999999992861,0.0013197471058377433,True,0.0002876264470807714,True
viscous,len4_cond3_1.csv,35.5,0.001574999999999882,0.0013250383395633932,True,0.00012498083021824443,True
viscous,len4_cond3_1.csv,36.0,0.0005749999999997701,0.0013167326318752625,False,0.0,True
viscous,len4_cond3_1.csv,36.5,-0.0012450000000002043,0.0013161379632528507,False,0.0,True
viscous,len4_cond3_1.csv,37.0,0.0005949999999996791,0.0013243205686651422,False,0.0,True
viscous,len4_cond3_1.csv,37.5,5.0000000000355316e-05,0.0013149647456124293,False,0.0,True
viscous,len4_cond3_1.csv,38.0,-0.00033999999999995145,0.001318531753921884,False,0.0,True
viscous,len4_cond3_1.csv,38.5,0.00014500000000011726,0.0013203591121181957,False,0.0,True
viscous,len4_cond3_1.csv,39.0,0.0005849999999999467,0.0013118632371087102,False,0.0,True
viscous,len4_cond3_1.csv,39.5,-0.0007899999999996616,0.0013178862243593658,False,0.0,True
viscous,len4_cond3_1.csv,40.0,-0.0002649999999999597,0.0013142673256470593,False,0.0,True
viscous,len4_cond3_1.csv,40.5,-0.00015999999999977144,0.0013093660310125987,False,0.0,True
viscous,len4_cond3_1.csv,41.0,0.0015949999999995343,0.0013120275122732517,True,0.0001414862438631413,True
viscous,len4_cond3_1.csv,41.5,-0.002259999999999679,0.0013136838201278822,True,0.00047315808993589825,True
viscous,len4_cond3_1.csv,42.0,0.0006300000000001305,0.0013079835702952908,False,0.0,True
viscous,len4_cond3_1.csv,42.5,-0.0006999999999994511,0.0013072280290710937,False,0.0,True
viscous,len4_cond3_1.csv,43.0,0.0006299999999999084,0.0013118608721980954,False,0.0,True
viscous,len4_cond3_1.csv,43.5,-0.000660000000000327,0.0013059652951706358,False,0.0,True
viscous,len4_cond3_1.csv,44.0,0.0016549999999999065,0.0013081977270357858,True,0.00017340113648206036,True
viscous,len4_cond3_1.csv,44.5,-0.0011249999999998067,0.0013035106770145082,False,0.0,True
viscous,len4_cond3_1.csv,45.0,0.0017399999999994087,0.0013080252519174734,True,0.00021598737404096764,True
viscous,len4_cond3_1.csv,45.5,-0.0006849999999999912,0.0013025506062341193,False,0.0,True
viscous,len4_cond3_1.csv,46.0,0.0008050000000001389,0.0013049896023441811,False,0.0,True
viscous,len4_cond3_1.csv,46.5,0.00013999999999986246,0.0013052078551651421,False,0.0,True
viscous,len4_cond3_1.csv,47.0,-0.0019949999999994694,0.0013016815513336194,True,0.000346659224332925,True
viscous,len4_cond3_1.csv,47.5,0.001440000000000139,0.0012999966826002496,True,7.000165869994472e-05,True
viscous,len4_cond3_1.csv,48.0,-0.0006799999999996809,0.001306627894207923,False,0.0,True
viscous,len4_cond3_1.csv,48.5,0.0012649999999999884,0.0012999533783431842,False,0.0,True
viscous,len4_cond3_1.csv,49.0,-0.0015049999999997045,0.001297231463942921,True,0.00010388426802839174,True
viscous,len4_cond3_1.csv,49.5,-5.0000000000494094e-05,0.001302729882392758,False,0.0,True
viscous,len4_cond3_1.csv,50.0,-6.999999999970918e-05,0.0012979351547144351,False,0.0,True
viscous,len4_cond3_1.csv,50.5,0.00010999999999963816,0.0012944977353680377,False,0.0,True
viscous,len4_cond3_1.csv,51.0,0.00042500000000009197,0.0013040481933256965,False,0.0,True
viscous,len4_cond3_1.csv,51.5,0.0008800000000001862,0.0012976899435994268,False,0.0,True
viscous,len4_cond3_1.csv,52.0,-0.0012050000000002198,0.0012940426401563084,False,0.0,True
viscous,len4_cond3_1.csv,52.5,-0.000539999999999638,0.001303300038774201,False,0.0,True
viscous,len4_cond3_1.csv,53.0,-0.00020500000000048257,0.001298887424149501,False,0.0,True
viscous,len4_cond3_1.csv,53.5,-0.00014500000000042257,0.001293513420574998,False,0.0,True
viscous,len4_cond3_1.csv,54.0,-5.000000000476845e-06,0.0012960871516015239,False,0.0,True
viscous,len4_cond3_1.csv,54.5,0.001840000000000036,0.0012992543209923214,True,0.00027037283950385733,True
viscous,len4_cond3_1.csv,55.0,-0.00013999999999955715,0.0012934255276889812,False,0.0,True
viscous,len4_cond3_1.csv,55.5,-0.0014400000000004166,0.0012940052757528945,True,7.299736212376109e-05,True
viscous,len4_cond3_1.csv,56.0,0.0006949999999999457,0.0012978922627062243,False,0.0,True
viscous,len4_cond3_1.csv,56.5,-0.001265000000000488,0.0012915416100920851,False,0.0,True
viscous,len4_cond3_1.csv,57.0,0.0005599999999999078,0.0012933905721119795,False,0.0,True
viscous,len4_cond3_1.csv,57.5,0.0008749999999997649,0.001294398268880209,False,0.0,True
viscous,len4_cond3_1.csv,58.0,0.0002299999999998137,0.0012905317811730279,False,0.0,True
viscous,len4_cond3_1.csv,58.5,-0.0010949999999998877,0.0012896431963128501,False,0.0,True
viscous,len4_cond3_1.csv,59.0,9.000000000031205e-05,0.0012920539124761077,False,0.0,True
viscous,len5_cond1_1.csv,0.0,0.0017400000000000193,0.0013557907560801292,True,0.00019210462195994504,True
viscous,len5_cond1_1.csv,0.5,-0.00023499999999998522,0.0013589075010482993,False,0.0,True
viscous,len5_cond1_1.csv,1.0,-0.0024250000000000105,0.0013569495183209889,True,0.0005340252408395107,True
viscous,len5_cond1_1.csv,1.5,0.0019949999999999413,0.0013552472334192069,True,0.0003198763832903672,True
viscous,len5_cond1_1.csv,2.0,8.500000000000174e-05,0.0013654963359779615,False,0.0,True
viscous,len5_cond1_1.csv,2.5,-0.0002549999999999497,0.0013558324879922488,False,0.0,True
viscous,len5_cond1_1.csv,3.0,-0.0005349999999999522,0.0013548513855594006,False,0.0,True
viscous,len5_cond1_1.csv,3.5,0.0008449999999999847,0.0013573000461647045,False,0.0,True
viscous,len5_cond1_1.csv,4.0,0.0006350000000001355,0.0013557600095690959,False,0.0,True
viscous,len5_cond1_1.csv,4.5,-0.0016399999999998638,0.001357555602317385,True,0.00014122219884123936,True
viscous,len5_cond1_1.csv,5.0,0.0006549999999998501,0.0013535772175560152,False,0.0,True
viscous,len5_cond1_1.csv,5.5,0.0011999999999999997,0.0013487530876238312,False,0.0,True
viscous,len5_cond1_1.csv,6.0,-0.001794999999999991,0.0013639499349510692,True,0.00021552503252446093,True
viscous,len5_cond1_1.csv,6.5,0.00013500000000005175,0.0013509151450528522,False,0.0,True
viscous,len5_cond1_1.csv,7.0,0.0006249999999999312,0.0013566075509353068,False,0.0,True
viscous,len5_cond1_1.csv,7.5,-0.0010899999999999244,0.001360867722992237,False,0.0,True
viscous,len5_cond1_1.csv,8.0,0.00048500000000017973,0.0013547217374680193,False,0.0,True
viscous,len5_cond1_1.csv,8.5,0.0018699999999997607,0.0013561980316273616,True,0.00025690098418619956,True
viscous,len5_cond1_1.csv,9.0,-0.0012849999999998696,0.0013541087749562204,False,0.0,True
viscous,len5_cond1_1.csv,9.5,-0.0012799999999999478,0.00134872043205311,False,0.0,True
viscous,len5_cond1_1.csv,10.0,-0.00038499999999974666,0.001356905484843677,False,0.0,True
viscous,len5_cond1_1.csv,10.5,0.0013150000000000661,0.0013530665184468826,False,0.0,True
viscous,len5_cond1_1.csv,11.0,6.999999999998674e-05,0.0013561992439497335,False,0.0,True
viscous,len5_cond1_1.csv,11.5,-3.0000000000196536e-05,0.0013593810720240451,False,0.0,True
viscous,len5_cond1_1.csv,12.0,0.0013399999999999523,0.001352569411771965,False,0.0,True
viscous,len5_cond1_1.csv,12.5,-0.002495000000000025,0.0013478986731556687,True,0.000573550663422178,True
viscous,len5_cond1_1.csv,13.0,-0.0004700000000001925,0.001350995608033478,False,0.0,True
viscous,len5_cond1_1.csv,13.5,0.00025500000000006073,0.0013514701651759634,False,0.0,True
viscous,len5_cond1_1.csv,14.0,0.000980000000000314,0.0013545743854378408,False,0.0,True
viscous,len5_cond1_1.csv,14.5,-0.0005149999999999322,0.0013485972147840735,False,0.0,True
viscous,len5_cond1_1.csv,15.0,0.0005299999999999055,0.0013496052707264528,False,0.0,True
viscous,len5_cond1_1.csv,15.5,0.00018999999999991246,0.0013573348544363138,False,0.0,True
viscous,len5_cond1_1.csv,16.0,0.0007150000000000212,0.0013482913051332068,False,0.0,True
viscous,len5_cond1_1.csv,16.5,-0.0007400000000001294,0.0013525801519212739,False,0.0,True
viscous,len5_cond1_1.csv,17.0,-0.00012000000000023103,0.0013586569931075942,False,0.0,True
viscous,len5_cond1_1.csv,17.5,-0.0008000000000001062,0.001348628829516185,False,0.0,True
viscous,len5_cond1_1.csv,18.0,0.0015100000000000668,0.0013494291371095406,True,8.028543144526312e-05,True
viscous,len5_cond1_1.csv,18.5,0.00028999999999990145,0.0013494458217529711,False,0.0,True
viscous,len5_cond1_1.csv,19.0,-0.0004750000000000379,0.0013440228540299633,False,0.0,True
viscous,len5_cond1_1.csv,19.5,-0.0005399999999999849,0.0013530354195671283,False,0.0,True
viscous,len5_cond1_1.csv,20.0,0.0012350000000000971,0.0013483727986938062,False,0.0,True
viscous,len5_cond1_1.csv,20.5,-0.0020350000000000923,0.001349102833440192,True,0.0003429485832799501,True
viscous,len5_cond1_1.csv,21.0,-4.999999999810711e-06,0.0013534025062154284,False,0.0,True
viscous,len5_cond1_1.csv,21.5,-0.00014000000000019552,0.001346004011241633,False,0.0,True
viscous,len5_cond1_1.csv,22.0,-3.500000000017378e-05,0.0013478477121071576,False,0.0,True
viscous,len5_cond1_1.csv,22.5,0.0020300000000003093,0.0013469468985448068,True,0.00034152655072775125,True
viscous,len5_cond1_1.csv,23.0,0.0001349999999998297,0.0013508964857875253,False,0.0,True
viscous,len5_cond1_1.csv,23.5,-0.0007100000000000994,0.0013507649290172806,False,0.0,True
viscous,len5_cond1_1.csv,24.0,-0.00017500000000025828,0.001345184690174906,False,0.0,True
viscous,len5_cond1_1.csv,24.5,0.00032999999999987206,0.0013465771742690045,False,0.0,True
viscous,len5_cond1_1.csv,25.0,-0.0006650000000000267,0.0013553809593269568,False,0.0,True
viscous,len5_cond1_1.csv,25.5,0.0003200000000002645,0.0013443923359163557,False,0.0,True
viscous,len5_cond1_1.csv,26.0,0.0005499999999997729,0.0013495751109722136,False,0.0,True
viscous,len5_cond1_1.csv,26.5,-0.0019050000000001566,0.0013527935517015964,True,0.00027610322414928007,True
viscous,len5_cond1_1.csv,27.0,0.0020950000000000135,0.0013441545792710005,True,0.0003754227103645065,True
viscous,len5_cond1_1.csv,27.5,-0.0016950000000000576,0.0013523027731384744,True,0.0001713486134307916,True
viscous,len5_cond1_1.csv,28.0,0.00022999999999995246,0.0013465459938282098,False,0.0,True
viscous,len5_cond1_1.csv,28.5,0.0013599999999997434,0.0013423209677217913,True,8.839516138976029e-06,True
viscous,len5_cond1_1.csv,29.0,-0.0016000000000002679,0.0013512132482093786,True,0.00012439337589544464,True
viscous,len5_cond1_1.csv,29.5,0.00043999999999999595,0.0013465459938282098,False,0.0,True
viscous,len5_cond1_1.csv,30.0,-0.00014499999999970092,0.0013436495744151397,False,0.0,True
viscous,len5_cond1_1.csv,30.5,0.001415000000000055,0.0013522656963018622,True,3.1367151849096475e-05,True
viscous,len5_cond1_1.csv,31.0,-0.0012250000000003092,0.001344772578311983,False,0.0,True
viscous,len5_cond1_1.csv,31.5,0.0011399999999996968,0.0013478651875900654,False,0.0,True
viscous,len5_cond1_1.csv,32.0,-0.0018099999999999783,0.0013452691585102707,True,0.00023236542074485378,True
viscous,len5_cond1_1.csv,32.5,0.0006299999999993255,0.0013445625933497039,False,0.0,True
viscous,len5_cond1_1.csv,33.0,0.0004599999999997939,0.00134862596236719,False,0.0,True
viscous,len5_cond1_1.csv,33.5,-0.00030999999999947736,0.0013436083137103563,False,0.0,True
viscous,len5_cond1_1.csv,34.0,0.0006650000000001897,0.0013395666265775532,False,0.0,True
viscous,len5_cond1_1.csv,34.5,0.0012599999999995948,0.0013519558049297747,False,0.0,True
viscous,len5_cond1_1.csv,35.0,-0.0006749999999998146,0.0013420463758978107,False,0.0,True
viscous,len5_cond1_1.csv,35.5,-0.0003200000000007086,0.001347273620667117,False,0.0,True
viscous,len5_cond1_1.csv,36.0,-0.0019249999999999545,0.0013506368423522157,True,0.00028718157882386944,True
viscous,len5_cond1_1.csv,36.5,0.0028849999999999154,0.0013437805809622776,True,0.0007706097095188187,True
viscous,len5_cond1_1.csv,37.0,-0.0013099999999997003,0.0013446085050442022,False,0.0,True
viscous,len5_cond1_1.csv,37.5,-0.0005950000000004563,0.0013459307410058946,False,0.0,True
viscous,len5_cond1_1.csv,38.0,0.0007200000000002205,0.0013420767514874458,False,0.0,True
viscous,len5_cond1_1.csv,38.5,-0.00023499999999948562,0.00134166301814201,False,0.0,True
viscous,len5_cond1_1.csv,39.0,-0.0007449999999995516,0.0013443966081383713,False,0.0,True
viscous,len5_cond1_1.csv,39.5,0.00031499999999994033,0.0013431117397476153,False,0.0,True
viscous,len5_cond1_1.csv,40.0,0.0012950000000000461,0.0013493890097989625,False,0.0,True
viscous,len5_cond1_1.csv,40.5,-0.0020899999999994257,0.0013436784122027123,True,0.00037316079389835665,True
viscous,len5_cond1_1.csv,41.0,0.0001599999999996049,0.0013415005906287426,False,0.0,True
viscous,len5_cond1_1.csv,41.5,0.0003700000000003145,0.0013461908504987696,False,0.0,True
viscous,len5_cond1_1.csv,42.0,-0.00035500000000027176,0.0013424920735786666,False,0.0,True
viscous,len5_cond1_1.csv,42.5,0.00028499999999959114,0.0013463265584539427,False,0.0,True
viscous,len5_cond1_1.csv,43.0,-0.0005150000000000432,0.0013404641478596132,False,0.0,True
viscous,len5_cond1_1.csv,43.5,0.0013449999999994786,0.0013423881108850053,True,1.3059445572366274e-06,True
viscous,len5_cond1_1.csv,44.0,0.0007199999999999429,0.0013461844688683398,False,0.0,True
viscous,len5_cond1_1.csv,44.5,-0.0009999999999999454,0.001339231721214472,False,0.0,True
viscous,len5_cond1_1.csv,45.0,0.0012500000000004452,0.0013394620670583288,False,0.0,True
viscous,len5_cond1_1.csv,45.5,-0.0012650000000002937,0.001349757803951056,False,0.0,True
viscous,len5_cond1_1.csv,46.0,0.0006199999999998984,0.0013384474304399764,False,0.0,True
viscous,len5_cond1_1.csv,46.5,0.0001799999999996249,0.0013443974002730816,False,0.0,True
viscous,len5_cond1_1.csv,47.0,-0.0006499999999997064,0.001345150037129701,False,0.0,True
viscous,len5_cond1_1.csv,47.5,-0.0005850000000003353,0.0013389194287472786,False,0.0,True
viscous,len5_cond1_1.csv,48.0,0.0003950000000004228,0.001344480072854144,False,0.0,True
viscous,len5_cond1_1.csv,48.5,-0.00020999999999982144,0.001340189960166145,False,0.0,True
viscous,len5_cond1_1.csv,49.0,0.0013000000000001205,0.0013389143249921958,False,0.0,True
viscous,len5_cond1_1.csv,49.5,-0.0005399999999998739,0.0013428762320274402,False,0.0,True
viscous,len5_cond1_1.csv,50.0,-0.0004149999999994991,0.0013395243848824123,False,0.0,True
viscous,len5_cond1_1.csv,50.5,-0.00042500000000017524,0.001339306040652541,False,0.0,True
viscous,len5_cond1_1.csv,51.0,0.0008199999999999319,0.0013424227030232802,False,0.0,True
viscous,len5_cond1_1.csv,51.5,8.499999999989072e-05,0.0013360776957533262,False,0.0,True
viscous,len5_cond1_1.csv,52.0,-0.00027499999999969216,0.001334516714270615,False,0.0,True
viscous,len5_cond1_1.csv,52.5,-0.00013000000000018552,0.0013361940895080858,False,0.0,True
viscous,len5_cond1_1.csv,53.0,-0.00016500000000033155,0.0013365901995831667,False,0.0,True
viscous,len5_cond1_1.csv,53.5,0.0006949999999998346,0.00134166301814201,False,0.0,True
viscous,len5_cond1_1.csv,54.0,0.00020999999999987695,0.0013351870906138275,False,0.0,True
viscous,len5_cond1_1.csv,54.5,-0.0018299999999995958,0.0013356480558337086,True,0.00024717597208294363,True
viscous,len5_cond1_1.csv,55.0,0.0004949999999994681,0.0013455324448977649,False,0.0,True
viscous,len5_cond1_1.csv,55.5,0.0009099999999997443,0.001334093509565593,False,0.0,True
viscous,len5_cond1_1.csv,56.0,-0.0004900000000002125,0.001334516714270615,False,0.0,True
viscous,len5_cond1_1.csv,56.5,-0.0012199999999996658,0.001341481658797353,False,0.0,True
viscous,len5_cond1_1.csv,57.0,0.0013449999999997075,0.001334435496046141,True,5.282251976783305e-06,True
viscous,len5_cond1_1.csv,57.5,-0.00010999999999938836,0.0013319602570745772,False,0.0,True
viscous,len5_cond1_1.csv,58.0,0.0005599999999996719,0.0013352590508656753,False,0.0,True
viscous,len5_cond1_1.csv,58.5,-0.0002950000000001389,0.0013299887142645397,False,0.0,True
viscous,len5_cond1_1.csv,59.0,-0.00036999999999992594,0.0013438156530326392,False,0.0,True
viscous,len5_cond2_1.csv,0.0,-0.0007049999999999834,0.0013659759630405457,False,0.0,True
viscous,len5_cond2_1.csv,0.5,0.0003549999999999942,0.001366292247504412,False,0.0,True
viscous,len5_cond2_1.csv,1.0,0.0005699999999998484,0.001368751806171408,False,0.0,True
viscous,len5_cond2_1.csv,1.5,-0.001590000000000008,0.001360294190882706,True,0.000114852904558651,True
viscous,len5_cond2_1.csv,2.0,0.0023050000000000015,0.0013735780360002092,True,0.00046571098199989604,True
viscous,len5_cond2_1.csv,2.5,-0.0002449999999999397,0.0013649716076781812,False,0.0,True
viscous,len5_cond2_1.csv,3.0,-0.0010100000000000109,0.0013683066147606952,False,0.0,True
viscous,len5_cond2_1.csv,3.5,-0.00047000000000008146,0.0013656564649606798,False,0.0,True
viscous,len5_cond2_1.csv,4.0,0.0011099999999999166,0.0013620581752868805,False,0.0,True
viscous,len5_cond2_1.csv,4.5,-0.00199500000000008,0.0013667641414994874,True,0.00031411792925029633,True
viscous,len5_cond2_1.csv,5.0,0.0015600000000001168,0.0013581871831802516,True,0.00010090640840993261,True
viscous,len5_cond2_1.csv,5.5,-0.0009450000000000049,0.0013570160544766417,False,0.0,True
viscous,len5_cond2_1.csv,6.0,0.0005999999999999339,0.001362848488500805,False,0.0,True
viscous,len5_cond2_1.csv,6.5,3.500000000006276e-05,0.0013553538863902018,False,0.0,True
viscous,len5_cond2_1.csv,7.0,-0.0012950000000000739,0.00136101807856599,False,0.0,True
viscous,len5_cond2_1.csv,7.5,0.0010149999999999881,0.0013645726137011841,False,0.0,True
viscous,len5_cond2_1.csv,8.0,0.001324999999999965,0.0013517075782484595,False,0.0,True
viscous,len5_cond2_1.csv,8.5,-0.0003600000000000825,0.0013501304951670232,False,0.0,True
viscous,len5_cond2_1.csv,9.0,-0.001294999999999935,0.0013536887989497271,False,0.0,True
viscous,len5_cond2_1.csv,9.5,0.00012499999999991684,0.0013494461669010945,False,0.0,True
viscous,len5_cond2_1.csv,10.0,0.0008499999999999064,0.0013537445980508556,False,0.0,True
viscous,len5_cond2_1.csv,10.5,-0.0006650000000001377,0.0013515599006320483,False,0.0,True
viscous,len5_cond2_1.csv,11.0,-0.0006850000000001577,0.0013452254236582851,False,0.0,True
viscous,len5_cond2_1.csv,11.5,0.0004050000000000997,0.0013535480301851044,False,0.0,True
viscous,len5_cond2_1.csv,12.0,0.0008649999999997826,0.001347299898388445,False,0.0,True
viscous,len5_cond2_1.csv,12.5,-0.0003449999999999842,0.001350306977533636,False,0.0,True
viscous,len5_cond2_1.csv,13.0,0.0007099999999999884,0.0013479768875516646,False,0.0,True
viscous,len5_cond2_1.csv,13.5,0.00020500000000017726,0.0013452598953420324,False,0.0,True
viscous,len5_cond2_1.csv,14.0,0.0002449999999999952,0.0013491964188856477,False,0.0,True
viscous,len5_cond2_1.csv,14.5,-0.001414999999999944,0.0013436974495069606,True,3.5651275246491765e-05,True
viscous,len5_cond2_1.csv,15.0,-0.00029499999999995155,0.0013463517669850128,False,0.0,True
viscous,len5_cond2_1.csv,15.5,0.00029999999999996696,0.0013498985101518487,False,0.0,True
viscous,len5_cond2_1.csv,16.0,0.0015400000000000968,0.0013410397189023442,True,9.948014054887635e-05,True
viscous,len5_cond2_1.csv,16.5,-0.0014250000000000929,0.0013471246784980096,True,3.893766075104162e-05,True
viscous,len5_cond2_1.csv,17.0,0.0011049999999999116,0.0013460604787873642,False,0.0,True
viscous,len5_cond2_1.csv,17.5,-0.0018700000000000938,0.0013367665537819004,True,0.0002666167231090967,True
viscous,len5_cond2_1.csv,18.0,0.0022300000000003983,0.001342957739658091,True,0.0004435211301711536,True
viscous,len5_cond2_1.csv,18.5,5.499999999947214e-05,0.0013427815575894893,False,0.0,True
viscous,len5_cond2_1.csv,19.0,-0.001735000000000153,0.0013355603050543218,True,0.00019971984747291563,True
viscous,len5_cond2_1.csv,19.5,0.0005849999999999467,0.0013407706845958425,False,0.0,True
viscous,len5_cond2_1.csv,20.0,-0.0013900000000001134,0.0013383542358318403,True,2.5822882084136525e-05,True
viscous,len5_cond2_1.csv,20.5,0.0006450000000001663,0.0013359118219694295,False,0.0,True
viscous,len5_cond2_1.csv,21.0,0.0005650000000002597,0.0013370180185948923,False,0.0,True
viscous,len5_cond2_1.csv,21.5,0.0002049999999998997,0.0013360108394085647,False,0.0,True
viscous,len5_cond2_1.csv,22.0,-0.0015500000000003011,0.0013372094271507646,True,0.00010639528642476825,True
viscous,len5_cond2_1.csv,22.5,0.0023650000000002835,0.0013378477536327884,True,0.0005135761231837475,True
viscous,len5_cond2_1.csv,23.0,-0.0012449999999998573,0.0013330294127279698,False,0.0,True
viscous,len5_cond2_1.csv,23.5,0.0012100000000000444,0.0013368394821213771,False,0.0,True
viscous,len5_cond2_1.csv,24.0,-0.001264999999999905,0.0013311587147566096,False,0.0,True
viscous,len5_cond2_1.csv,24.5,0.0008899999999998354,0.0013347970668507766,False,0.0,True
viscous,len5_cond2_1.csv,25.0,0.0002749999999998587,0.0013374122650574886,False,0.0,True
viscous,len5_cond2_1.csv,25.5,0.00042000000000008697,0.001329441853962112,False,0.0,True
viscous,len5_cond2_1.csv,26.0,-0.0011350000000000943,0.0013293697832295081,False,0.0,True
viscous,len5_cond2_1.csv,26.5,-0.0004450000000000287,0.001337079159217663,False,0.0,True
viscous,len5_cond2_1.csv,27.0,0.0015550000000001396,0.0013281589979421723,True,0.00011342050102898364,True
viscous,len5_cond2_1.csv,27.5,-0.0006099999999998051,0.0013295793609838453,False,0.0,True
viscous,len5_cond2_1.csv,28.0,-0.0027800000000001157,0.0013321522698732649,True,0.0007239238650634252,True
viscous,len5_cond2_1.csv,28.5,0.0014550000000001506,0.0013255827453247,True,6.47086273377253e-05,True
viscous,len5_cond2_1.csv,29.0,0.0008850000000000802,0.0013236579002219267,False,0.0,True
viscous,len5_cond2_1.csv,29.5,-0.000250000000000139,0.0013267426798787192,False,0.0,True
viscous,len5_cond2_1.csv,30.0,0.0010349999999999665,0.001325798902012812,False,0.0,True
viscous,len5_cond2_1.csv,30.5,-0.0020999999999999908,0.0013307861385444626,True,0.0003846069307277641,True
viscous,len5_cond2_1.csv,31.0,0.0009699999999998599,0.0013248612508274446,False,0.0,True
viscous,len5_cond2_1.csv,31.5,0.001030000000000142,0.0013258753803076387,False,0.0,True
viscous,len5_cond2_1.csv,32.0,-0.002209999999999712,0.0013277132684910396,True,0.0004411433657543362,True
viscous,len5_cond2_1.csv,32.5,0.002354999999999774,0.001323950463274757,True,0.0005155247683625082,True
viscous,len5_cond2_1.csv,33.0,-0.0011549999999997396,0.0013255488973130543,False,0.0,True
viscous,len5_cond2_1.csv,33.5,-2.499999999971969e-05,0.0013226713636648778,False,0.0,True
viscous,len5_cond2_1.csv,34.0,-0.001119999999999649,0.0013194623902634444,False,0.0,True
viscous,len5_cond2_1.csv,34.5,0.0005499999999996619,0.0013282432741591524,False,0.0,True
viscous,len5_cond2_1.csv,35.0,0.0003949999999999787,0.0013210120759851237,False,0.0,True
viscous,len5_cond2_1.csv,35.5,0.00036500000000042054,0.0013173175289106795,False,0.0,True
viscous,len5_cond2_1.csv,36.0,0.0007150000000001877,0.0013272844634809107,False,0.0,True
viscous,len5_cond2_1.csv,36.5,-0.0010550000000006943,0.0013183192385089121,False,0.0,True
viscous,len5_cond2_1.csv,37.0,7.500000000049134e-05,0.001317897236269842,False,0.0,True
viscous,len5_cond2_1.csv,37.5,-0.00030999999999986594,0.0013243108847741671,False,0.0,True
viscous,len5_cond2_1.csv,38.0,0.0007149999999998546,0.0013150289816924307,False,0.0,True
viscous,len5_cond2_1.csv,38.5,0.0003699999999998982,0.0013149942723497926,False,0.0,True
viscous,len5_cond2_1.csv,39.0,-0.0007699999999997709,0.0013182507728130648,False,0.0,True
viscous,len5_cond2_1.csv,39.5,0.0016699999999997966,0.0013145418438989037,True,0.00017772907805044648,True
viscous,len5_cond2_1.csv,40.0,-0.0011699999999995603,0.0013115673180154384,False,0.0,True
viscous,len5_cond2_1.csv,40.5,-0.0012599999999998723,0.0013158901945573053,False,0.0,True
viscous,len5_cond2_1.csv,41.0,0.0002799999999999747,0.001315719562066794,False,0.0,True
viscous,len5_cond2_1.csv,41.5,0.0009599999999996833,0.0013195902665745147,False,0.0,True
viscous,len5_cond2_1.csv,42.0,-0.0005399999999996519,0.0013141697169042454,False,0.0,True
viscous,len5_cond2_1.csv,42.5,0.0004999999999999172,0.0013126939559359636,False,0.0,True
viscous,len5_cond2_1.csv,43.0,-0.0008750000000002922,0.0013153846455918534,False,0.0,True
viscous,len5_cond2_1.csv,43.5,0.0005249999999999422,0.001310553507778043,False,0.0,True
viscous,len5_cond2_1.csv,44.0,0.0003500000000006276,0.001315354712815054,False,0.0,True
viscous,len5_cond2_1.csv,44.5,0.0010300000000005305,0.0013108680243626696,False,0.0,True
viscous,len5_cond2_1.csv,45.0,-0.0024099999999997387,0.0013055587141159682,True,0.000552220642941885,True
viscous,len5_cond2_1.csv,45.5,0.001360000000000361,0.0013131457146924104,True,2.342714265397524e-05,True
viscous,len5_cond2_1.csv,46.0,0.0007149999999991885,0.001308306837498798,False,0.0,True
viscous,len5_cond2_1.csv,46.5,-0.0003200000000000494,0.0013106160468331657,False,0.0,True
viscous,len5_cond2_1.csv,47.0,-0.0018899999999997252,0.001312405895587472,True,0.0002887970522061266,True
viscous,len5_cond2_1.csv,47.5,0.002499999999999891,0.001306055945888838,True,0.0005969720270555265,True
viscous,len5_cond2_1.csv,48.0,-0.0015599999999998115,0.001305362879060029,True,0.00012731856046989127,True
viscous,len5_cond2_1.csv,48.5,-0.0004299999999998194,0.0013089273267167783,False,0.0,True
viscous,len5_cond2_1.csv,49.0,-5.0000000003935785e-06,0.001303057305565237,False,0.0,True
viscous,len5_cond2_1.csv,49.5,-0.00015499999999946112,0.0013085638667345056,False,0.0,True
viscous,len5_cond2_1.csv,50.0,0.00035499999999960563,0.0013054770610719313,False,0.0,True
viscous,len5_cond2_1.csv,50.5,-0.000624999999999723,0.0013032756869562157,False,0.0,True
viscous,len5_cond2_1.csv,51.0,0.0017349999999995425,0.00130610192724271,True,0.00021444903637841625,True
viscous,len5_cond2_1.csv,51.5,-0.0013050000000000561,0.001304331510345238,True,3.342448274090519e-07,True
viscous,len5_cond2_1.csv,52.0,0.0001849999999995397,0.0013047304551782402,False,0.0,True
viscous,len5_cond2_1.csv,52.5,0.0008099999999998109,0.0013069483409212158,False,0.0,True
viscous,len5_cond2_1.csv,53.0,-0.0015549999999998065,0.0013030653582750615,True,0.00012596732086237253,True
viscous,len5_cond2_1.csv,53.5,0.0027499999999997526,0.0013012415996047284,True,0.000724379200197512,True
viscous,len5_cond2_1.csv,54.0,-0.0009000000000004005,0.0013039159199874728,False,0.0,True
viscous,len5_cond2_1.csv,54.5,-0.001330000000000206,0.0012993694909257526,True,1.5315254537226703e-05,True
viscous,len5_cond2_1.csv,55.0,0.0005350000000000632,0.001302281948106728,False,0.0,True
viscous,len5_cond2_1.csv,55.5,0.0012799999999993372,0.0012992939465527082,False,0.0,True
viscous,len5_cond2_1.csv,56.0,-0.002640000000000149,0.0012983843379887337,True,0.0006708078310057076,True
viscous,len5_cond2_1.csv,56.5,0.0004350000000000187,0.0013006301077345204,False,0.0,True
viscous,len5_cond2_1.csv,57.0,0.0012949999999998518,0.0012988983934031164,False,0.0,True
viscous,len5_cond2_1.csv,57.5,4.0000000000275926e-05,0.0012976404651955783,False,0.0,True
viscous,len5_cond2_1.csv,58.0,2.4999999999997247e-05,0.001301844700400162,False,0.0,True
viscous,len5_cond2_1.csv,58.5,0.000225000000000114,0.0012963738908260338,False,0.0,True
viscous,len5_cond2_1.csv,59.0,0.0008050000000000279,0.001294269343734916,False,0.0,True
viscous,len5_cond3_1.csv,0.0,-0.00036999999999998145,0.0013834294284477146,False,0.0,True
viscous,len5_cond3_1.csv,0.5,-0.0015100000000000113,0.0013875919191615983,True,6.120404041920653e-05,True
viscous,len5_cond3_1.csv,1.0,0.0017099999999998783,0.0013841116290556354,True,0.00016294418547212143,True
viscous,len5_cond3_1.csv,1.5,-0.0004500000000000025,0.0013802387555464637,False,0.0,True
viscous,len5_cond3_1.csv,2.0,-0.00019000000000002348,0.0013853258472982693,False,0.0,True
viscous,len5_cond3_1.csv,2.5,-0.0007150000000000212,0.001374784862839009,False,0.0,True
viscous,len5_cond3_1.csv,3.0,0.0020600000000000063,0.0013759397530684306,True,0.00034203012346578784,True
viscous,len5_cond3_1.csv,3.5,-0.0023699999999999832,0.0013803022165873786,True,0.0004948488917063021,True
viscous,len5_cond3_1.csv,4.0,0.00037999999999988043,0.0013681922708246891,False,0.0,True
viscous,len5_cond3_1.csv,4.5,0.002344999999999986,0.0013682019446981896,True,0.0004883990276508981,True
viscous,len5_cond3_1.csv,5.0,-0.0012299999999998423,0.0013662275775076763,False,0.0,True
viscous,len5_cond3_1.csv,5.5,3.5000000000021125e-05,0.0013616714803136821,False,0.0,True
viscous,len5_cond3_1.csv,6.0,-0.0005550000000001942,0.001366817292657937,False,0.0,True
viscous,len5_cond3_1.csv,6.5,0.0012250000000000316,0.001358938373810149,False,0.0,True
viscous,len5_cond3_1.csv,7.0,-0.0005199999999999094,0.0013605603969232237,False,0.0,True
viscous,len5_cond3_1.csv,7.5,-0.00036999999999998145,0.001363737355255102,False,0.0,True
viscous,len5_cond3_1.csv,8.0,-0.0010399999999998744,0.0013528575854528753,False,0.0,True
viscous,len5_cond3_1.csv,8.5,0.001495000000000024,0.001352844137633445,True,7.107793118328956e-05,True
viscous,len5_cond3_1.csv,9.0,-0.0005450000000000177,0.0013528322089999228,False,0.0,True
viscous,len5_cond3_1.csv,9.5,0.0007250000000001144,0.0013455243994375035,False,0.0,True
viscous,len5_cond3_1.csv,10.0,-0.0005050000000001997,0.0013531840019514122,False,0.0,True
viscous,len5_cond3_1.csv,10.5,-0.00029999999999985594,0.001345871919216934,False,0.0,True
viscous,len5_cond3_1.csv,11.0,-0.00022500000000001685,0.0013435999287929902,False,0.0,True
viscous,len5_cond3_1.csv,11.5,0.00035999999999991594,0.0013476688123413964,False,0.0,True
viscous,len5_cond3_1.csv,12.0,-0.00012000000000012001,0.0013396743920283459,False,0.0,True
viscous,len5_cond3_1.csv,12.5,0.0002649999999997932,0.0013425866537574013,False,0.0,True
viscous,len5_cond3_1.csv,13.0,-0.0003149999999999542,0.0013418114282501763,False,0.0,True
viscous,len5_cond3_1.csv,13.5,0.00032500000000007523,0.001334445565810089,False,0.0,True
viscous,len5_cond3_1.csv,14.0,-0.0002900000000001235,0.0013339121776865448,False,0.0,True
viscous,len5_cond3_1.csv,14.5,-0.00032999999999983043,0.0013326216641239182,False,0.0,True
viscous,len5_cond3_1.csv,15.0,0.0011899999999998821,0.0013319428461990085,False,0.0,True
viscous,len5_cond3_1.csv,15.5,-0.0010350000000001192,0.001339009757926992,False,0.0,True
viscous,len5_cond3_1.csv,16.0,-0.0011000000000003785,0.0013289291830735188,False,0.0,True
viscous,len5_cond3_1.csv,16.5,0.0022899999999999587,0.0013278493964143114,True,0.00048107530179282367,True
viscous,len5_cond3_1.csv,17.0,0.0006700000000000594,0.0013306620065123395,False,0.0,True
viscous,len5_cond3_1.csv,17.5,-0.002674999999999872,0.0013237389725890836,True,0.000675630513705394,True
viscous,len5_cond3_1.csv,18.0,0.0013699999999998713,0.0013282794283228068,True,2.0860285838532246e-05,True
viscous,len5_cond3_1.csv,18.5,-0.00034999999999990594,0.0013242281944316169,False,0.0,True
viscous,len5_cond3_1.csv,19.0,-0.0008049999999997642,0.0013190398420941927,False,0.0,True
viscous,len5_cond3_1.csv,19.5,0.0009950000000000792,0.0013285827058698207,False,0.0,True
viscous,len5_cond3_1.csv,20.0,0.0008199999999997654,0.0013201852854682799,False,0.0,True
viscous,len5_cond3_1.csv,20.5,-0.001534999999999953,0.0013188088285275745,True,0.00010809558573618926,True
viscous,len5_cond3_1.csv,21.0,0.0015999999999998793,0.0013214765987995328,True,0.00013926170060017326,True
viscous,len5_cond3_1.csv,21.5,-0.0009150000000003322,0.0013160555525349694,False,0.0,True
viscous,len5_cond3_1.csv,22.0,0.0009899999999999354,0.0013188042321657719,False,0.0,True
viscous,len5_cond3_1.csv,22.5,-0.002455000000000207,0.0013189074552130533,True,0.0005680462723935769,True
viscous,len5_cond3_1.csv,23.0,0.0016549999999997123,0.0013132568429735703,True,0.00017087157851307096,True
viscous,len5_cond3_1.csv,23.5,0.00039000000000019575,0.0013181505120523694,False,0.0,True
viscous,len5_cond3_1.csv,24.0,-0.0003199999999997649,0.0013120696238587317,False,0.0,True
viscous,len5_cond3_1.csv,24.5,0.00038500000000013523,0.0013112257713366242,False,0.0,True
viscous,len5_cond3_1.csv,25.0,-4.999999999999449e-05,0.0013122921174512044,False,0.0,True
viscous,len5_cond3_1.csv,25.5,-0.00011999999999989797,0.0013105499057501464,False,0.0,True
viscous,len5_cond3_1.csv,26.0,-0.00027499999999972685,0.0013119679478184817,False,0.0,True
viscous,len5_cond3_1.csv,26.5,0.00021500000000013175,0.0013112257713366242,False,0.0,True
viscous,len5_cond3_1.csv,27.0,0.0003700000000000647,0.0013069633206633,False,0.0,True
viscous,len5_cond3_1.csv,27.5,-0.0019399999999998585,0.001307655108337678,True,0.00031617244583109023,True
viscous,len5_cond3_1.csv,28.0,0.0018099999999999783,0.0013102473135172999,True,0.0002498763432413392,True
viscous,len5_cond3_1.csv,28.5,0.00023000000000016063,0.0013059474350343061,False,0.0,True
viscous,len5_cond3_1.csv,29.0,-0.0008649999999999769,0.0013082131956806,False,0.0,True
viscous,len5_cond3_1.csv,29.5,-0.0013399999999997303,0.0013051770256327039,True,1.7411487183513204e-05,True
viscous,len5_cond3_1.csv,30.0,0.0010100000000002503,0.001301084503894786,False,0.0,True
viscous,len5_cond3_1.csv,30.5,0.00027999999999989145,0.0013033308585197832,False,0.0,True
viscous,len5_cond3_1.csv,31.0,-0.0010650000000002324,0.0013034598316865062,False,0.0,True
viscous,len5_cond3_1.csv,31.5,0.0010549999999998894,0.0013065972844400512,False,0.0,True
viscous,len5_cond3_1.csv,32.0,-0.0009199999999996988,0.0013075894962766561,False,0.0,True
viscous,len5_cond3_1.csv,32.5,0.001404999999999379,0.001302781524200128,True,5.1109237899625484e-05,True
viscous,len5_cond3_1.csv,33.0,0.0003250000000000475,0.0013038103154044108,False,0.0,True
viscous,len5_cond3_1.csv,33.5,-0.0011049999999993565,0.0013017921606589234,False,0.0,True
viscous,len5_cond3_1.csv,34.0,0.0001650000000002344,0.0012984828068828174,False,0.0,True
viscous,len5_cond3_1.csv,34.5,0.0005400000000000404,0.0012983881195226252,False,0.0,True
viscous,len5_cond3_1.csv,35.0,-0.0004999999999998894,0.0012994698423096887,False,0.0,True
viscous,len5_cond3_1.csv,35.5,0.0009999999999998812,0.0013007994533080235,False,0.0,True
viscous,len5_cond3_1.csv,36.0,-0.0007699999999994933,0.0012970237087948668,False,0.0,True
viscous,len5_cond3_1.csv,36.5,-9.00000000000345e-05,0.0012969542535817278,False,0.0,True
viscous,len5_cond3_1.csv,37.0,-0.0012650000000007655,0.0012986131755167944,False,0.0,True
viscous,len5_cond3_1.csv,37.5,0.0008749999999999591,0.0013009421567896126,False,0.0,True
viscous,len5_cond3_1.csv,38.0,5.999999999972694e-05,0.0012972929918004157,False,0.0,True
viscous,len5_cond3_1.csv,38.5,-0.0005099999999999827,0.001296748077866321,False,0.0,True
viscous,len5_cond3_1.csv,39.0,0.0009149999999998326,0.0012981123683652698,False,0.0,True
viscous,len5_cond3_1.csv,39.5,-0.00031500000000033584,0.0012931516433209514,False,0.0,True
viscous,len5_cond3_1.csv,40.0,-0.0002200000000001645,0.001295561864631542,False,0.0,True
viscous,len5_cond3_1.csv,40.5,0.0007050000000002887,0.0012952110895993664,False,0.0,True
viscous,len5_cond3_1.csv,41.0,0.0005649999999997289,0.0012917368905858203,False,0.0,True
viscous,len5_cond3_1.csv,41.5,-0.0017449999999998023,0.0012970237087948668,True,0.00022398814560246774,True
viscous,len5_cond3_1.csv,42.0,-4.999999999644178e-06,0.0012931988842532856,False,0.0,True
viscous,len5_cond3_1.csv,42.5,0.0007249999999996565,0.0012941762280764553,False,0.0,True
viscous,len5_cond3_1.csv,43.0,-0.0007249999999997536,0.0012943947135319132,False,0.0,True
viscous,len5_cond3_1.csv,43.5,0.0021799999999997516,0.0012921185176841656,True,0.000443940741157793,True
viscous,len5_cond3_1.csv,44.0,-0.002104999999999857,0.001289889239110096,True,0.00040755538044488044,True
viscous,len5_cond3_1.csv,44.5,0.0019399999999998863,0.0012909142199258033,True,0.0003245428900370415,True
viscous,len5_cond3_1.csv,45.0,-0.001054999999999598,0.0012924781972541764,False,0.0,True
viscous,len5_cond3_1.csv,45.5,-0.00010000000000007225,0.0012923046125300707,False,0.0,True
viscous,len5_cond3_1.csv,46.0,-0.001355000000000356,0.0012893511374578055,True,3.2824431271275185e-05,True
viscous,len5_cond3_1.csv,46.5,0.0019199999999999183,0.0012875235933526147,True,0.0003162382033236518,True
viscous,len5_cond3_1.csv,47.0,-0.002169999999999783,0.0012904148755353807,True,0.00043979256223220127,True
viscous,len5_cond3_1.csv,47.5,0.0016049999999998843,0.0012874539772007403,True,0.000158773011399572,True
viscous,len5_cond3_1.csv,48.0,-0.000350000000000239,0.0012904535550833226,False,0.0,True
viscous,len5_cond3_1.csv,48.5,0.0015650000000001774,0.0012903438350481036,True,0.0001373280824760369,True
viscous,len5_cond3_1.csv,49.0,-0.0017200000000002769,0.00128599482062024,True,0.00021700258969001838,True
viscous,len5_cond3_1.csv,49.5,-0.0003299999999997749,0.0012864664075096168,False,0.0,True
viscous,len5_cond3_1.csv,50.0,0.0011550000000003224,0.0012874539772007403,False,0.0,True
viscous,len5_cond3_1.csv,50.5,-0.0005549999999999236,0.0012846435322639053,False,0.0,True
viscous,len5_cond3_1.csv,51.0,0.00032500000000043605,0.0012855292404958885,False,0.0,True
viscous,len5_cond3_1.csv,51.5,-0.0013949999999998408,0.0012858864281073894,True,5.455678594622573e-05,True
viscous,len5_cond3_1.csv,52.0,0.0007749999999992763,0.0012855292404958885,False,0.0,True
viscous,len5_cond3_1.csv,52.5,-0.0007249999999996704,0.001283894335984496,False,0.0,True
viscous,len5_cond3_1.csv,53.0,0.0004800000000000082,0.0012851155826322138,False,0.0,True
viscous,len5_cond3_1.csv,53.5,0.0004849999999998744,0.0012830216078160352,False,0.0,True
viscous,len5_cond3_1.csv,54.0,-0.0006749999999995648,0.0012861667273873628,False,0.0,True
viscous,len5_cond3_1.csv,54.5,-0.00044999999999988105,0.0012836354358499564,False,0.0,True
viscous,len5_cond3_1.csv,55.0,0.0015150000000001829,0.0012832705810937608,True,0.00011586470945321105,True
viscous,len5_cond3_1.csv,55.5,0.0016299999999996873,0.0012826870660385674,True,0.0001736564669805599,True
viscous,len5_cond3_1.csv,56.0,-0.002094999999999854,0.0012803130471355313,True,0.0004073434764321613,True
viscous,len5_cond3_1.csv,56.5,0.0005749999999997701,0.0012824055216030187,False,0.0,True
viscous,len5_cond3_1.csv,57.0,-0.0007150000000000767,0.0012818870642106513,False,0.0,True
viscous,len5_cond3_1.csv,57.5,0.0003849999999995836,0.0012820469394255408,False,0.0,True
viscous,len5_cond3_1.csv,58.0,0.0006449999999999512,0.001282809142742737,False,0.0,True
viscous,len5_cond3_1.csv,58.5,-0.0001599999999996743,0.0012809842287232274,False,0.0,True
viscous,len5_cond3_1.csv,59.0,0.00027000000000032554,0.0012830216078160352,False,0.0,True
mixed_drag,len1_cond1_1.csv,0.0,0.003735000000000044,0.0020413625007107664,True,0.0008468187496446385,True
mixed_drag,len1_cond1_1.csv,0.5,-0.0011300000000000754,0.0020252329324092514,False,0.0,True
mixed_drag,len1_cond1_1.csv,1.0,0.00156000000000045,0.0020332168461248933,False,0.0,True
mixed_drag,len1_cond1_1.csv,1.5,-0.0025600000000003398,0.0020164983291042467,True,0.0002717508354480463,True
mixed_drag,len1_cond1_1.csv,2.0,0.0018299999999997763,0.002022585750804562,False,0.0,True
mixed_drag,len1_cond1_1.csv,2.5,-0.00047499999999978115,0.0020029585856504257,False,0.0,True
mixed_drag,len1_cond1_1.csv,3.0,0.002074999999999827,0.002009984394142928,True,3.25078029284494e-05,True
mixed_drag,len1_cond1_1.csv,3.5,-0.0017299999999997873,0.0019951563272037794,False,0.0,True
mixed_drag,len1_cond1_1.csv,4.0,0.0027849999999998154,0.001998879523769731,True,0.000393060238115042,True
mixed_drag,len1_cond1_1.csv,4.5,-0.002909999999999746,0.0019850533172144,True,0.00046247334139267317,True
mixed_drag,len1_cond1_1.csv,5.0,0.0005049999999999777,0.001974071837759051,False,0.0,True
mixed_drag,len1_cond1_1.csv,5.5,-0.00046499999999971564,0.001962977418474397,False,0.0,True
mixed_drag,len1_cond1_1.csv,6.0,0.0018849999999996925,0.001947295860276423,False,0.0,True
mixed_drag,len1_cond1_1.csv,6.5,-0.004469999999999863,0.0019439425165460223,True,0.0012630287417269201,True
mixed_drag,len1_cond1_1.csv,7.0,0.004174999999999596,0.0019688532064502783,True,0.0011030733967746587,True
mixed_drag,len1_cond1_1.csv,7.5,-0.003089999999999704,0.0019742197302939127,True,0.0005578901348528957,True
mixed_drag,len1_cond1_1.csv,8.0,0.0021549999999998515,0.0020094146524647517,True,7.27926737675498e-05,True
mixed_drag,len1_cond1_1.csv,8.5,-0.0001299999999996304,0.0020026178388070463,False,0.0,True
mixed_drag,len1_cond1_1.csv,9.0,-0.0011500000000002897,0.0020027058501226355,False,0.0,True
mixed_drag,len1_cond1_1.csv,9.5,0.0020750000000001184,0.001986975934647732,True,4.4012032676193306e-05,True
mixed_drag,len1_cond1_1.csv,10.0,-0.002869999999999845,0.0019584273606605817,True,0.0004557863196696314,True
mixed_drag,len1_cond1_1.csv,10.5,0.0008499999999994484,0.001949778949541082,False,0.0,True
mixed_drag,len1_cond1_1.csv,11.0,0.00129999999999994,0.0019162381050750934,False,0.0,True
mixed_drag,len1_cond1_1.csv,11.5,-0.0018599999999999728,0.0019304329624792523,False,0.0,True
mixed_drag,len1_cond1_1.csv,12.0,0.001454999999999873,0.001934098494187009,False,0.0,True
mixed_drag,len1_cond1_1.csv,12.5,-0.001254999999999895,0.0019784232849651153,False,0.0,True
mixed_drag,len1_cond1_1.csv,13.0,0.0004849999999999577,0.002007686493829967,False,0.0,True
mixed_drag,len1_cond1_1.csv,13.5,0.0003599999999995829,0.0020294519712250607,False,0.0,True
mixed_drag,len1_cond1_1.csv,14.0,-0.0015649999999994835,0.002067621650160097,False,0.0,True
mixed_drag,len1_cond1_1.csv,14.5,0.004694999999999561,0.0020518437635818182,True,0.001321578118208871,True
mixed_drag,len1_cond1_1.csv,15.0,-0.005104999999999249,0.0020385602759232097,True,0.0015332198620380197,True
mixed_drag,len1_cond1_1.csv,15.5,0.003449999999999509,0.002023039173335092,True,0.0007134804133322086,True
mixed_drag,len1_cond1_1.csv,16.0,-0.0029850000000011256,0.001971493405615266,True,0.0005067532971929297,True
mixed_drag,len1_cond1_1.csv,16.5,0.004575000000001328,0.00196463599258855,True,0.0013051820037063887,True
mixed_drag,len1_cond1_1.csv,17.0,-0.004755000000001175,0.0019284149852886612,True,0.0014132925073562569,True
mixed_drag,len1_cond1_1.csv,17.5,0.002540000000000875,0.0019359996639768942,True,0.00030200016801199036,True
mixed_drag,len1_cond1_1.csv,18.0,-0.0024100000000006894,0.0019032587746636693,True,0.00025337061266851005,True
mixed_drag,len1_cond1_1.csv,18.5,0.0025900000000003143,0.0019212154256438875,True,0.00033439228717821326,True
mixed_drag,len1_cond1_1.csv,19.0,-0.0015249999999997765,0.001893204717228209,False,0.0,True
mixed_drag,len1_cond1_1.csv,19.5,0.0024100000000000232,0.0019152869157042516,True,0.00024735654214788584,True
mixed_drag,len1_cond1_1.csv,20.0,-0.00205500000000014,0.0018885623064143623,True,8.321884679288888e-05,True
mixed_drag,len1_cond1_1.csv,20.5,0.001040000000000152,0.0019095422256813805,False,0.0,True
mixed_drag,len1_cond1_1.csv,21.0,-0.0012799999999999478,0.001881687577353965,False,0.0,True
mixed_drag,len1_cond1_1.csv,21.5,0.0020449999999998525,0.0019049882556572478,True,7.000587217130235e-05,True
mixed_drag,len1_cond1_1.csv,22.0,-0.0018650000000000055,0.0018755671856793888,False,0.0,True
mixed_drag,len1_cond1_1.csv,22.5,0.0015650000000004827,0.0018991028059919075,False,0.0,True
mixed_drag,len1_cond1_1.csv,23.0,-0.0013850000000004137,0.001867863749292399,False,0.0,True
mixed_drag,len1_cond1_1.csv,23.5,0.0011500000000006505,0.0018911874523062943,False,0.0,True
mixed_drag,len1_cond1_1.csv,24.0,-0.003215000000000856,0.0018617317713956684,True,0.0006766341143025938,True
mixed_drag,len1_cond1_1.csv,24.5,0.0037450000000001094,0.0018852106174955126,True,0.0009298946912522984,True
mixed_drag,len1_cond1_1.csv,25.0,-0.0031300000000005213,0.0018568083748104433,True,0.0006365958125950388,True
mixed_drag,len1_cond1_1.csv,25.5,0.0027850000000004815,0.0018834597334252945,True,0.0004507701332875934,True
mixed_drag,len1_cond1_1.csv,26.0,-0.0013600000000000279,0.0018558709094705882,False,0.0,True
mixed_drag,len1_cond1_1.csv,26.5,0.0011599999999999389,0.0018681651689178283,False,0.0,True
mixed_drag,len1_cond1_1.csv,27.0,-0.0012700000000003264,0.001851074054932192,False,0.0,True
mixed_drag,len1_cond1_1.csv,27.5,0.0009700000000000264,0.001858360208651597,False,0.0,True
mixed_drag,len1_cond1_1.csv,28.0,-0.0026500000000005963,0.0018453397558448087,True,0.0004023301220778936,True
mixed_drag,len1_cond1_1.csv,28.5,0.0027850000000004815,0.0018542935793335559,True,0.0004653532103334626,True
mixed_drag,len1_cond1_1.csv,29.0,-0.002115000000000422,0.0018242940146585757,True,0.00014535299267092318,True
mixed_drag,len1_cond1_1.csv,29.5,0.001520000000000521,0.0018520692998129438,False,0.0,True
mixed_drag,len1_cond1_1.csv,30.0,-0.0018000000000001348,0.0018274567283711866,False,0.0,True
mixed_drag,len1_cond1_1.csv,30.5,0.0019000000000004569,0.0018620986408341093,True,1.8950679583173806e-05,True
mixed_drag,len1_cond1_1.csv,31.0,-0.0010700000000004595,0.0018355939964877274,False,0.0,True
mixed_drag,len1_cond1_1.csv,31.5,0.0024500000000003963,0.0018708698249198543,True,0.0002895650875402709,True
mixed_drag,len1_cond1_1.csv,32.0,-0.0018950000000012013,0.001844914662424434,True,2.504266878838369e-05,True
mixed_drag,len1_cond1_1.csv,32.5,0.0001400000000005841,0.001878389687010132,False,0.0,True
mixed_drag,len1_cond1_1.csv,33.0,0.0015999999999992132,0.0018499670264526535,False,0.0,True
mixed_drag,len1_cond1_1.csv,33.5,-0.00016999999999883775,0.0018674871380445815,False,0.0,True
mixed_drag,len1_cond1_1.csv,34.0,-0.0023100000000004783,0.0018539385589622496,True,0.00022803072051911415,True
mixed_drag,len1_cond1_1.csv,34.5,0.0008400000000005903,0.0018545293999662309,False,0.0,True
mixed_drag,len1_cond1_1.csv,35.0,4.4999999999156826e-05,0.0018457360761094388,False,0.0,True
mixed_drag,len1_cond1_1.csv,35.5,5.50000000003395e-05,0.001820401420678346,False,0.0,True
mixed_drag,len1_cond1_1.csv,36.0,-0.0002450000000009398,0.0018347350233511475,False,0.0,True
mixed_drag,len1_cond1_1.csv,36.5,0.0005400000000002209,0.0017999791793740245,False,0.0,True
mixed_drag,len1_cond1_1.csv,37.0,-0.0006099999999998051,0.0018199757320318504,False,0.0,True
mixed_drag,len1_cond1_1.csv,37.5,-0.0010599999999998944,0.0018013615907796533,False,0.0,True
mixed_drag,len1_cond1_1.csv,38.0,0.0015649999999998165,0.0018185464686132778,False,0.0,True
mixed_drag,len1_cond1_1.csv,38.5,-0.0013450000000000961,0.0017893322775602086,False,0.0,True
mixed_drag,len1_cond1_1.csv,39.0,0.0008100000000003105,0.0018205223429708676,False,0.0,True
mixed_drag,len1_cond1_1.csv,39.5,0.0018299999999994987,0.0018155616043365966,True,7.219197831451023e-06,True
mixed_drag,len1_cond1_1.csv,40.0,-0.00025999999999981593,0.0018412013303741974,False,0.0,True
mixed_drag,len1_cond1_1.csv,40.5,-0.0008300000000009411,0.001828015139073528,False,0.0,True
mixed_drag,len1_cond1_1.csv,41.0,-0.0010999999999989352,0.0018577412642010224,False,0.0,True
mixed_drag,len1_cond1_1.csv,41.5,0.00014999999999898428,0.0018583051160015172,False,0.0,True
mixed_drag,len1_cond1_1.csv,42.0,-0.0007599999999989837,0.0018680077985477519,False,0.0,True
mixed_drag,len1_cond1_1.csv,42.5,0.0017849999999990374,0.0018671012337532857,False,0.0,True
mixed_drag,len1_cond1_1.csv,43.0,0.0007350000000011514,0.0018793083818302195,False,0.0,True
mixed_drag,len1_cond1_1.csv,43.5,-0.003110000000000168,0.0018787325763851503,True,0.0006156337118075087,True
mixed_drag,len1_cond1_1.csv,44.0,0.002780000000000671,0.0018715216216355463,True,0.00045423918918256214,True
mixed_drag,len1_cond1_1.csv,44.5,-0.0012900000000003464,0.0018603638850576512,False,0.0,True
mixed_drag,len1_cond1_1.csv,45.0,0.0011799999999999589,0.0018632659646915495,False,0.0,True
mixed_drag,len1_cond1_1.csv,45.5,-0.0029600000000004068,0.0018441781353204971,True,0.0005579109323399548,True
mixed_drag,len1_cond1_1.csv,46.0,0.0037249999999999783,0.0018440408388834923,True,0.0009404795805582429,True
mixed_drag,len1_cond1_1.csv,46.5,-0.0030049999999999244,0.0018117937505804707,True,0.0005966031247097267,True
mixed_drag,len1_cond1_1.csv,47.0,0.0032249999999993673,0.001820061898983256,True,0.0007024690505080555,True
mixed_drag,len1_cond1_1.csv,47.5,-0.004174999999999929,0.0017885639933792018,True,0.0011932180033103635,True
mixed_drag,len1_cond1_1.csv,48.0,0.004225000000000256,0.0018096538987915417,True,0.0012076730506043573,True
mixed_drag,len1_cond1_1.csv,48.5,-0.004495000000000138,0.001776448042611076,True,0.0013592759786945306,True
mixed_drag,len1_cond1_1.csv,49.0,0.004645000000000232,0.0017962857240018952,True,0.0014243571379991685,True
mixed_drag,len1_cond1_1.csv,49.5,-0.0031850000000001044,0.0017655366897210087,True,0.0007097316551395478,True
mixed_drag,len1_cond1_1.csv,50.0,0.002794999999999992,0.001788687458728823,True,0.0005031562706355845,True
mixed_drag,len1_cond1_1.csv,50.5,-0.0024450000000002525,0.0017513561601204541,True,0.000346821919939899,True
mixed_drag,len1_cond1_1.csv,51.0,0.002935000000000687,0.001775525521340699,True,0.0005797372393299938,True
mixed_drag,len1_cond1_1.csv,51.5,-0.0026599999999998847,0.001742132077075402,True,0.0004589339614622411,True
mixed_drag,len1_cond1_1.csv,52.0,0.001700000000000812,0.001770871703895427,False,0.0,True
mixed_drag,len1_cond1_1.csv,52.5,-0.0032450000000006085,0.0017347488833366325,True,0.0007551255583319878,True
mixed_drag,len1_cond1_1.csv,53.0,0.004145000000000509,0.001770410875088582,True,0.0011872945624559635,True
mixed_drag,len1_cond1_1.csv,53.5,-0.003115000000000756,0.0017343064579329415,True,0.0006903467710339072,True
mixed_drag,len1_cond1_1.csv,54.0,0.003080000000001304,0.0017639085216422466,True,0.0006580457391795285,True
mixed_drag,len1_cond1_1.csv,54.5,-0.0023350000000013083,0.0017314556942859445,True,0.00030177215285768176,True
mixed_drag,len1_cond1_1.csv,55.0,0.0011300000000002974,0.001760562736166899,False,0.0,True
mixed_drag,len1_cond1_1.csv,55.5,-0.0022250000000010317,0.0017253141721001372,True,0.0002498429139504471,True
mixed_drag,len1_cond1_1.csv,56.0,0.003510000000000457,0.0017590638984491262,True,0.0008754680507756653,True
mixed_drag,len1_cond1_1.csv,56.5,-0.0036700000000010613,0.0017236230360042483,True,0.0009731884819984063,True
mixed_drag,len1_cond1_1.csv,57.0,0.0013550000000012163,0.0017551267735140949,False,0.0,True
mixed_drag,len1_cond1_1.csv,57.5,-0.00013000000000118472,0.0017161622487575719,False,0.0,True
mixed_drag,len1_cond1_1.csv,58.0,0.0015250000000011088,0.0017487284339420279,False,0.0,True
mixed_drag,len1_cond1_1.csv,58.5,-0.002200000000000757,0.0017138462436544594,True,0.00024307687817314873,True
mixed_drag,len1_cond1_1.csv,59.0,0.0017300000000002314,0.0017459923793714661,False,0.0,True
mixed_drag,len1_cond2_1.csv,0.0,-0.0005900000000000349,0.0018555704127266297,False,0.0,True
mixed_drag,len1_cond2_1.csv,0.5,0.0007800000000000029,0.001859460557435411,False,0.0,True
mixed_drag,len1_cond2_1.csv,1.0,0.0020300000000000318,0.0018553856560336768,True,8.730717198317749e-05,True
mixed_drag,len1_cond2_1.csv,1.5,-0.0027799999999998937,0.0018615837654069978,True,0.00045920811729644796,True
mixed_drag,len1_cond2_1.csv,2.0,0.002180000000000182,0.0018773029406892452,True,0.0001513485296554683,True
mixed_drag,len1_cond2_1.csv,2.5,-0.000280000000000058,0.0018769115823053279,False,0.0,True
mixed_drag,len1_cond2_1.csv,3.0,-0.001274999999999804,0.001903093156096651,False,0.0,True
mixed_drag,len1_cond2_1.csv,3.5,0.0002049999999998997,0.001887812696508492,False,0.0,True
mixed_drag,len1_cond2_1.csv,4.0,0.0002950000000000452,0.0019050769812115642,False,0.0,True
mixed_drag,len1_cond2_1.csv,4.5,-0.0010300000000003084,0.0018921850304912326,False,0.0,True
mixed_drag,len1_cond2_1.csv,5.0,-0.001214999999999744,0.001903111968682762,False,0.0,True
mixed_drag,len1_cond2_1.csv,5.5,0.00169499999999978,0.0018983942504623508,False,0.0,True
mixed_drag,len1_cond2_1.csv,6.0,-0.000360000000000138,0.0018924034392876136,False,0.0,True
mixed_drag,len1_cond2_1.csv,6.5,0.0022299999999998432,0.0018587398442689814,True,0.00018563007786543068,True
mixed_drag,len1_cond2_1.csv,7.0,-0.00270999999999999,0.0018643688024334057,True,0.00042281559878329204,True
mixed_drag,len1_cond2_1.csv,7.5,0.003689999999999749,0.0018364894979525956,True,0.0009267552510235767,True
mixed_drag,len1_cond2_1.csv,8.0,-0.004684999999999606,0.0018417804422790588,True,0.0014216097788602737,True
mixed_drag,len1_cond2_1.csv,8.5,0.0011699999999993382,0.0018091344952331386,False,0.0,True
mixed_drag,len1_cond2_1.csv,9.0,-0.0016249999999994325,0.0018106925178932604,False,0.0,True
mixed_drag,len1_cond2_1.csv,9.5,0.0038149999999994577,0.0017973063554154165,True,0.0010088468222920204,True
mixed_drag,len1_cond2_1.csv,10.0,-0.0027249999999996444,0.00178824435355119,True,0.00046837782322422714,True
mixed_drag,len1_cond2_1.csv,10.5,0.0026849999999994933,0.0017788752354814148,True,0.00045306238225903926,True
mixed_drag,len1_cond2_1.csv,11.0,-0.002314999999999401,0.0017709379085605664,True,0.00027203104571941724,True
mixed_drag,len1_cond2_1.csv,11.5,0.002134999999999332,0.0017524178010962987,True,0.00019129109945151658,True
mixed_drag,len1_cond2_1.csv,12.0,-0.0030649999999994293,0.0017507213247992552,True,0.0006571393376000869,True
mixed_drag,len1_cond2_1.csv,12.5,0.0018599999999994177,0.0017412908267961406,True,5.9354586601638535e-05,True
mixed_drag,len1_cond2_1.csv,13.0,-0.000994999999999524,0.0017381949937803434,False,0.0,True
mixed_drag,len1_cond2_1.csv,13.5,0.0014099999999995783,0.0017323373836434957,False,0.0,True
mixed_drag,len1_cond2_1.csv,14.0,-0.0025849999999993933,0.0017268184912034765,True,0.0004290907543979583,True
mixed_drag,len1_cond2_1.csv,14.5,0.0037399999999995215,0.0017189320637973936,True,0.0010105339681010638,True
mixed_drag,len1_cond2_1.csv,15.0,-0.002014999999999767,0.0017189320637973936,True,0.00014803396810118667,True
mixed_drag,len1_cond2_1.csv,15.5,-3.3306690738754696e-16,0.0017076883892417228,False,0.0,True
mixed_drag,len1_cond2_1.csv,16.0,-0.0010550000000003612,0.0017057219804563215,False,0.0,True
mixed_drag,len1_cond2_1.csv,16.5,0.0023500000000000743,0.0016962933028759467,True,0.00032685334856206365,True
mixed_drag,len1_cond2_1.csv,17.0,-0.003710000000000213,0.0016962933028759467,True,0.001006853348562133,True
mixed_drag,len1_cond2_1.csv,17.5,0.00319500000000017,0.001687482667006822,True,0.0007537586664966738,True
mixed_drag,len1_cond2_1.csv,18.0,-0.0005250000000002197,0.001686293467613177,False,0.0,True
mixed_drag,len1_cond2_1.csv,18.5,0.0015250000000002206,0.0016774875500613338,False,0.0,True
mixed_drag,len1_cond2_1.csv,19.0,-0.0019299999999997652,0.0016762685731755978,True,0.00012686571341208373,True
mixed_drag,len1_cond2_1.csv,19.5,0.0014550000000002061,0.0016662032100760657,False,0.0,True
mixed_drag,len1_cond2_1.csv,20.0,-0.0027800000000000047,0.0016677014943192999,True,0.0005561492528403523,True
mixed_drag,len1_cond2_1.csv,20.5,0.002175000000000149,0.001658611273912643,True,0.00025819436304375305,True
mixed_drag,len1_cond2_1.csv,21.0,0.0005149999999998212,0.0016578312633616311,False,0.0,True
mixed_drag,len1_cond2_1.csv,21.5,-3.999999999992898e-05,0.0016485031959212618,False,0.0,True
mixed_drag,len1_cond2_1.csv,22.0,-0.0023300000000000542,0.0016485031959212618,True,0.0003407484020393961,True
mixed_drag,len1_cond2_1.csv,22.5,0.0016849999999997145,0.0016424345350423536,True,2.128273247868043e-05,True
mixed_drag,len1_cond2_1.csv,23.0,-0.001100000000000101,0.001638577696617896,False,0.0,True
mixed_drag,len1_cond2_1.csv,23.5,0.0013900000000000023,0.0016324908841686692,False,0.0,True
mixed_drag,len1_cond2_1.csv,24.0,-0.000920000000000254,0.0016324908841686692,False,0.0,True
mixed_drag,len1_cond2_1.csv,24.5,0.000500000000000056,0.0016252789440655841,False,0.0,True
mixed_drag,len1_cond2_1.csv,25.0,-0.002320000000000322,0.0016252789440655841,True,0.0003473605279673687,True
mixed_drag,len1_cond2_1.csv,25.5,0.0022199999999999998,0.0016191835118189919,True,0.00030040824409050383,True
mixed_drag,len1_cond2_1.csv,26.0,-0.0008099999999999774,0.0016161346377934816,False,0.0,True
mixed_drag,len1_cond2_1.csv,26.5,0.0013500000000000734,0.001610146193107176,False,0.0,True
mixed_drag,len1_cond2_1.csv,27.0,-0.0006499999999997064,0.001610146193107176,False,0.0,True
mixed_drag,len1_cond2_1.csv,27.5,-6.000000000028205e-05,0.001603028146790233,False,0.0,True
mixed_drag,len1_cond2_1.csv,28.0,-0.0001900000000001345,0.001603028146790233,False,0.0,True
mixed_drag,len1_cond2_1.csv,28.5,0.00048000000000003595,0.0015969238719556198,False,0.0,True
mixed_drag,len1_cond2_1.csv,29.0,-0.0007499999999999174,0.0015969238719556198,False,0.0,True
mixed_drag,len1_cond2_1.csv,29.5,0.001040000000000041,0.0015908168057437281,False,0.0,True
mixed_drag,len1_cond2_1.csv,30.0,-0.000340000000000229,0.0015908168057437281,False,0.0,True
mixed_drag,len1_cond2_1.csv,30.5,-0.00039000000000000146,0.00158368844742832,False,0.0,True
mixed_drag,len1_cond2_1.csv,31.0,0.00033999999999989594,0.00158368844742832,False,0.0,True
mixed_drag,len1_cond2_1.csv,31.5,0.0005650000000002597,0.001577451854396006,False,0.0,True
mixed_drag,len1_cond2_1.csv,32.0,-0.0017699999999997162,0.0015810040477860984,True,9.44979761068089e-05,True
mixed_drag,len1_cond2_1.csv,32.5,0.0022800000000000598,0.0015748974657290664,True,0.00035255126713549644,True
mixed_drag,len1_cond2_1.csv,33.0,-0.001815000000000011,0.0015755159770769712,True,0.00011974201146151993,True
mixed_drag,len1_cond2_1.csv,33.5,0.0017750000000008592,0.0015684013246908869,True,0.00010329933765498617,True
mixed_drag,len1_cond2_1.csv,34.0,-0.0010650000000000936,0.0015687886383134915,False,0.0,True
mixed_drag,len1_cond2_1.csv,34.5,-0.00040999999999957737,0.0015612619139907242,False,0.0,True
mixed_drag,len1_cond2_1.csv,35.0,-0.0004950000000008004,0.0015612619139907242,False,0.0,True
mixed_drag,len1_cond2_1.csv,35.5,0.0007949999999999902,0.001558602495804452,False,0.0,True
mixed_drag,len1_cond2_1.csv,36.0,-0.0003099999999996994,0.0015551397791191562,False,0.0,True
mixed_drag,len1_cond2_1.csv,36.5,-0.0007049999999999557,0.0015520778189559727,False,0.0,True
mixed_drag,len1_cond2_1.csv,37.0,0.0004450000000000287,0.001549430162246595,False,0.0,True
mixed_drag,len1_cond2_1.csv,37.5,0.00098000000000098,0.0015459521532078576,False,0.0,True
mixed_drag,len1_cond2_1.csv,38.0,-0.0019250000000000655,0.0015459521532078576,True,0.00018952392339610397,True
mixed_drag,len1_cond2_1.csv,38.5,0.0012050000000005667,0.0015433129010327987,False,0.0,True
mixed_drag,len1_cond2_1.csv,39.0,0.0002899999999995684,0.0015388026746572404,False,0.0,True
mixed_drag,len1_cond2_1.csv,39.5,0.0006250000000005418,0.0015357376910508428,False,0.0,True
mixed_drag,len1_cond2_1.csv,40.0,-0.0006850000000007128,0.0015361738443216279,False,0.0,True
mixed_drag,len1_cond2_1.csv,40.5,0.0001799999999996249,0.0015294589128337192,False,0.0,True
mixed_drag,len1_cond2_1.csv,41.0,-0.0004600000000006266,0.0015296061097320776,False,0.0,True
mixed_drag,len1_cond2_1.csv,41.5,0.0005000000000005,0.001523321568634269,False,0.0,True
mixed_drag,len1_cond2_1.csv,42.0,-0.0011600000000007715,0.001523321568634269,False,0.0,True
mixed_drag,len1_cond2_1.csv,42.5,0.0004300000000003745,0.0015202520621468766,False,0.0,True
mixed_drag,len1_cond2_1.csv,43.0,0.0007899999999997909,0.0015161585370573982,False,0.0,True
mixed_drag,len1_cond2_1.csv,43.5,-0.0006799999999990702,0.0015130877648653846,False,0.0,True
mixed_drag,len1_cond2_1.csv,44.0,0.0003799999999992698,0.0015130877648653846,False,0.0,True
mixed_drag,len1_cond2_1.csv,44.5,-0.00012999999999940837,0.0015069446346018716,False,0.0,True
mixed_drag,len1_cond2_1.csv,45.0,-6.000000000033756e-05,0.0015069446346018716,False,0.0,True
mixed_drag,len1_cond2_1.csv,45.5,0.00019000000000041206,0.0015038722903528167,False,0.0,True
mixed_drag,len1_cond2_1.csv,46.0,-0.00164000000000053,0.0015038722903528167,True,6.80638548238566e-05,True
mixed_drag,len1_cond2_1.csv,46.5,0.0020299999999997542,0.001500965479291776,True,0.00026451726035398916,True
mixed_drag,len1_cond2_1.csv,47.0,9.999999999676934e-06,0.001500965479291776,False,0.0,True
mixed_drag,len1_cond2_1.csv,47.5,-0.0009699999999994158,0.0014936274969580788,False,0.0,True
mixed_drag,len1_cond2_1.csv,48.0,0.0005699999999997374,0.0014936274969580788,False,0.0,True
mixed_drag,len1_cond2_1.csv,48.5,-0.00017999999999968042,0.0014907270000939067,False,0.0,True
mixed_drag,len1_cond2_1.csv,49.0,0.00012999999999990797,0.0014907270000939067,False,0.0,True
mixed_drag,len1_cond2_1.csv,49.5,-9.999999999921183e-05,0.0014844025477507047,False,0.0,True
mixed_drag,len1_cond2_1.csv,50.0,-0.0010750000000003257,0.0014844025477507047,False,0.0,True
mixed_drag,len1_cond2_1.csv,50.5,0.0014950000000001906,0.0014820600803858014,True,6.469959807194601e-06,True
mixed_drag,len1_cond2_1.csv,51.0,-0.0016250000000003761,0.0014815084859573868,True,7.174575702149466e-05,True
mixed_drag,len1_cond2_1.csv,51.5,0.0024900000000002698,0.0014789948731870216,True,0.000505502563406624,True
mixed_drag,len1_cond2_1.csv,52.0,-0.0009950000000002457,0.0014789948731870216,False,0.0,True
mixed_drag,len1_cond2_1.csv,52.5,-0.001764999999999406,0.001471261730700541,True,0.00014686913464943244,True
mixed_drag,len1_cond2_1.csv,53.0,0.0016650000000002496,0.0014718423530072236,True,9.6578823496513e-05,True
mixed_drag,len1_cond2_1.csv,53.5,-0.00018999999999980144,0.00146818694896463,False,0.0,True
mixed_drag,len1_cond2_1.csv,54.0,-0.0009849999999999581,0.00146818694896463,False,0.0,True
mixed_drag,len1_cond2_1.csv,54.5,0.0019300000000000428,0.0014666864850811918,True,0.00023165675745942548,True
mixed_drag,len1_cond2_1.csv,55.0,-0.0001300000000005741,0.0014657113959480072,False,0.0,True
mixed_drag,len1_cond2_1.csv,55.5,0.00027999999999994696,0.0014605881295730874,False,0.0,True
mixed_drag,len1_cond2_1.csv,56.0,-0.00041000000000007697,0.0014626459088985056,False,0.0,True
mixed_drag,len1_cond2_1.csv,56.5,-0.0011299999999994093,0.0014575398573045222,False,0.0,True
mixed_drag,len1_cond2_1.csv,57.0,-0.000840000000000285,0.0014575398573045222,False,0.0,True
mixed_drag,len1_cond2_1.csv,57.5,0.002539999999999931,0.0014559368646662077,True,0.0005420315676668618,True
mixed_drag,len1_cond2_1.csv,58.0,9.999999999343867e-06,0.0014544922678725457,False,0.0,True
mixed_drag,len1_cond2_1.csv,58.5,0.000640000000000418,0.001447384248239157,False,0.0,True
mixed_drag,len1_cond2_1.csv,59.0,-0.0015699999999997938,0.00145144542523632,True,5.927728738173684e-05,True
mixed_drag,len1_cond3_1.csv,0.0,-0.0014850000000000696,0.0017841926580602807,False,0.0,True
mixed_drag,len1_cond3_1.csv,0.5,0.00048000000000003595,0.0017644934640428734,False,0.0,True
mixed_drag,len1_cond3_1.csv,1.0,0.0010099999999999554,0.001768785261056912,False,0.0,True
mixed_drag,len1_cond3_1.csv,1.5,-0.0011699999999997823,0.0017501030289500375,False,0.0,True
mixed_drag,len1_cond3_1.csv,2.0,-0.0007399999999998519,0.001747214643831476,False,0.0,True
mixed_drag,len1_cond3_1.csv,2.5,0.0007299999999998974,0.0017404787748357652,False,0.0,True
mixed_drag,len1_cond3_1.csv,3.0,-0.0003649999999999487,0.0017235757706057597,False,0.0,True
mixed_drag,len1_cond3_1.csv,3.5,0.0010799999999999144,0.0017267818498611733,False,0.0,True
mixed_drag,len1_cond3_1.csv,4.0,0.00010000000000015552,0.0017153261145632687,False,0.0,True
mixed_drag,len1_cond3_1.csv,4.5,-0.0016100000000001669,0.001718865587186403,False,0.0,True
mixed_drag,len1_cond3_1.csv,5.0,0.000540000000000096,0.0017012269110131223,False,0.0,True
mixed_drag,len1_cond3_1.csv,5.5,0.002474999999999894,0.0017001302483015946,True,0.0003874348758491496,True
mixed_drag,len1_cond3_1.csv,6.0,-0.0025100000000000122,0.0016843912189412552,True,0.0004128043905293784,True
mixed_drag,len1_cond3_1.csv,6.5,0.00023999999999996247,0.001682495689206203,False,0.0,True
mixed_drag,len1_cond3_1.csv,7.0,3.000000000011327e-05,0.0016687879025035833,False,0.0,True
mixed_drag,len1_cond3_1.csv,7.5,9.999999999996123e-05,0.0016679834622714748,False,0.0,True
mixed_drag,len1_cond3_1.csv,8.0,6.0000000000254294e-05,0.0016557349517296702,False,0.0,True
mixed_drag,len1_cond3_1.csv,8.5,-0.0012350000000001249,0.0016633860828942323,False,0.0,True
mixed_drag,len1_cond3_1.csv,9.0,0.0021600000000001895,0.0016348553731587057,True,0.0002625723134207419,True
mixed_drag,len1_cond3_1.csv,9.5,0.00047999999999978615,0.0016342933267524326,False,0.0,True
mixed_drag,len1_cond3_1.csv,10.0,-0.001104999999999981,0.0016327515520561558,False,0.0,True
mixed_drag,len1_cond3_1.csv,10.5,-0.000370000000000148,0.0016150952953324044,False,0.0,True
mixed_drag,len1_cond3_1.csv,11.0,8.999999999992347e-05,0.0016138127349705931,False,0.0,True
mixed_drag,len1_cond3_1.csv,11.5,-0.0015550000000000147,0.00160496459601317,False,0.0,True
mixed_drag,len1_cond3_1.csv,12.0,0.00290000000000018,0.0015952135777613573,True,0.0006523932111194115,True
mixed_drag,len1_cond3_1.csv,12.5,-0.002540000000000202,0.0015952135777613573,True,0.00047239321111942217,True
mixed_drag,len1_cond3_1.csv,13.0,0.00040000000000006697,0.0015774417564807081,False,0.0,True
mixed_drag,len1_cond3_1.csv,13.5,0.0007249999999999826,0.0015861807450888409,False,0.0,True
mixed_drag,len1_cond3_1.csv,14.0,0.000725000000000052,0.0015683779709994654,False,0.0,True
mixed_drag,len1_cond3_1.csv,14.5,-0.0011549999999998506,0.001577062675213356,False,0.0,True
mixed_drag,len1_cond3_1.csv,15.0,-2.000000000004082e-05,0.0015595462269460767,False,0.0,True
mixed_drag,len1_cond3_1.csv,15.5,-0.0007250000000000242,0.0015597037590934124,False,0.0,True
mixed_drag,len1_cond3_1.csv,16.0,0.0014750000000004412,0.001542184394850208,False,0.0,True
mixed_drag,len1_cond3_1.csv,16.5,-0.0013050000000001932,0.0015594640034670615,False,0.0,True
mixed_drag,len1_cond3_1.csv,17.0,0.0012100000000003766,0.0015421626193972554,False,0.0,True
mixed_drag,len1_cond3_1.csv,17.5,0.0009099999999996758,0.001542184394850208,False,0.0,True
mixed_drag,len1_cond3_1.csv,18.0,-1.0000000000086329e-05,0.0015421626193972554,False,0.0,True
mixed_drag,len1_cond3_1.csv,18.5,-0.001729999999999906,0.0015421626193972554,True,9.391869030132534e-05,True
mixed_drag,len1_cond3_1.csv,19.0,0.0006100000000000107,0.0015336523858508122,False,0.0,True
mixed_drag,len1_cond3_1.csv,19.5,0.001189999999999909,0.0015250972921708977,False,0.0,True
mixed_drag,len1_cond3_1.csv,20.0,-0.0014550000000000491,0.0015251204183274604,False,0.0,True
mixed_drag,len1_cond3_1.csv,20.5,0.0014449999999998657,0.0015164005402597996,False,0.0,True
mixed_drag,len1_cond3_1.csv,21.0,-0.0022399999999996962,0.0015251204183274604,True,0.0003574397908361178,True
mixed_drag,len1_cond3_1.csv,21.5,0.0017050000000003512,0.0015250972921708977,True,8.995135391472674e-05,True
mixed_drag,len1_cond3_1.csv,22.0,-0.0019500000000000376,0.0015078925502234161,True,0.00022105372488831075,True
mixed_drag,len1_cond3_1.csv,22.5,0.00166500000000007,0.0015164005402597996,True,7.429972987013525e-05,True
mixed_drag,len1_cond3_1.csv,23.0,-0.0014299999999999357,0.0014991966615282221,False,0.0,True
mixed_drag,len1_cond3_1.csv,23.5,0.002239999999999795,0.0014906384705160231,True,0.0003746807647418859,True
mixed_drag,len1_cond3_1.csv,24.0,-0.0022200000000001776,0.0014906649079388342,True,0.0003646675460306716,True
mixed_drag,len1_cond3_1.csv,24.5,0.0022099999999998,0.0014906384705160231,True,0.0003596807647418882,True
mixed_drag,len1_cond3_1.csv,25.0,-0.0014600000000002328,0.0014906649079388342,False,0.0,True
mixed_drag,len1_cond3_1.csv,25.5,-0.0003599999999999619,0.0014991711293386428,False,0.0,True
mixed_drag,len1_cond3_1.csv,26.0,0.0014300000000003312,0.001482133222280971,False,0.0,True
mixed_drag,len1_cond3_1.csv,26.5,0.0005199999999997793,0.0014821058130802204,False,0.0,True
mixed_drag,len1_cond3_1.csv,27.0,-0.002234999999999875,0.0014821058130802204,True,0.00037644709345982736,True
mixed_drag,len1_cond3_1.csv,27.5,0.0011800000000002772,0.0014734375437076045,False,0.0,True
mixed_drag,len1_cond3_1.csv,28.0,-0.00015000000000001384,0.001464876413544621,False,0.0,True
mixed_drag,len1_cond3_1.csv,28.5,-0.0001299999999998325,0.0014734375437076045,False,0.0,True
mixed_drag,len1_cond3_1.csv,29.0,-7.632783294297951e-17,0.001456343761367699,False,0.0,True
mixed_drag,len1_cond3_1.csv,29.5,0.00016000000000009236,0.001464980018745157,False,0.0,True
mixed_drag,len1_cond3_1.csv,30.0,0.0001499999999998499,0.0014649060202011931,False,0.0,True
mixed_drag,len1_cond3_1.csv,30.5,-0.0011749999999999278,0.0014564516486183603,False,0.0,True
mixed_drag,len1_cond3_1.csv,31.0,0.0008349999999998567,0.0014476792091326104,False,0.0,True
mixed_drag,len1_cond3_1.csv,31.5,3.49999999999049e-05,0.0014565748784144128,False,0.0,True
mixed_drag,len1_cond3_1.csv,32.0,0.0014899999999994917,0.0014477596537826834,True,2.1120173108404145e-05,True
mixed_drag,len1_cond3_1.csv,32.5,-0.000849999999999785,0.0014393665208102977,False,0.0,True
mixed_drag,len1_cond3_1.csv,33.0,-0.0007899999999999435,0.0014393665208102977,False,0.0,True
mixed_drag,len1_cond3_1.csv,33.5,-0.0002799999999996555,0.0014481346249875973,False,0.0,True
mixed_drag,len1_cond3_1.csv,34.0,-0.0008999999999997794,0.0014393665208102977,False,0.0,True
mixed_drag,len1_cond3_1.csv,34.5,0.003069999999999587,0.0014398753818314148,True,0.0008150623090840861,True
mixed_drag,len1_cond3_1.csv,35.0,-0.0012399999999999495,0.00143111528241879,False,0.0,True
mixed_drag,len1_cond3_1.csv,35.5,-6.500000000016909e-05,0.0014313785410885976,False,0.0,True
mixed_drag,len1_cond3_1.csv,36.0,-0.00134499999999977,0.001422445462010784,False,0.0,True
mixed_drag,len1_cond3_1.csv,36.5,0.0022750000000001727,0.0014316939427940572,True,0.00042165302860305766,True
mixed_drag,len1_cond3_1.csv,37.0,-0.002329999999999624,0.00142272193552037,True,0.0004536390322396269,True
mixed_drag,len1_cond3_1.csv,37.5,0.001090000000000084,0.0014234386847832884,False,0.0,True
mixed_drag,len1_cond3_1.csv,38.0,0.000989999999999873,0.001414232786492205,False,0.0,True
mixed_drag,len1_cond3_1.csv,38.5,-0.0008949999999992853,0.0014234386847832884,False,0.0,True
mixed_drag,len1_cond3_1.csv,39.0,-2.0000000000380824e-05,0.0014059528603367446,False,0.0,True
mixed_drag,len1_cond3_1.csv,39.5,0.001199999999999625,0.0014068680012963653,False,0.0,True
mixed_drag,len1_cond3_1.csv,40.0,-0.002104999999999864,0.001397947487617817,True,0.0003535262561910234,True
mixed_drag,len1_cond3_1.csv,40.5,0.0008250000000004989,0.0014243714850554322,False,0.0,True
mixed_drag,len1_cond3_1.csv,41.0,0.00026000000000003104,0.0014063805976969141,False,0.0,True
mixed_drag,len1_cond3_1.csv,41.5,0.0006300000000003803,0.001407414512536564,False,0.0,True
mixed_drag,len1_cond3_1.csv,42.0,-0.0007700000000004023,0.0013900725473475065,False,0.0,True
mixed_drag,len1_cond3_1.csv,42.5,-0.0012899999999997566,0.0013996787704579957,False,0.0,True
mixed_drag,len1_cond3_1.csv,43.0,0.0015599999999996866,0.0013900725473475065,True,8.496372632609006e-05,True
mixed_drag,len1_cond3_1.csv,43.5,0.00036999999999957206,0.0014080195132552854,False,0.0,True
mixed_drag,len1_cond3_1.csv,44.0,-0.0014900000000003313,0.0013906843184112113,True,4.9657840794559995e-05,True
mixed_drag,len1_cond3_1.csv,44.5,-0.00037499999999986156,0.001400624898392941,False,0.0,True
mixed_drag,len1_cond3_1.csv,45.0,0.0014099999999994672,0.001382191318360511,True,1.390434081947813e-05,True
mixed_drag,len1_cond3_1.csv,45.5,2.000000000010327e-05,0.0013839757744977415,False,0.0,True
mixed_drag,len1_cond3_1.csv,46.0,-0.0014600000000007801,0.001382911182607797,True,3.854440869649153e-05,True
mixed_drag,len1_cond3_1.csv,46.5,-9.000000000002062e-05,0.001384851237995645,False,0.0,True
mixed_drag,len1_cond3_1.csv,47.0,0.0016500000000002485,0.001382911182607797,True,0.00013354440869622571,True
mixed_drag,len1_cond3_1.csv,47.5,0.0010299999999998227,0.001384851237995645,False,0.0,True
mixed_drag,len1_cond3_1.csv,48.0,-0.0027399999999997288,0.0013757883766207409,True,0.0006821058116894937,True
mixed_drag,len1_cond3_1.csv,48.5,0.0006000000000008637,0.0013777203376888875,False,0.0,True
mixed_drag,len1_cond3_1.csv,49.0,0.0014799999999998287,0.0013757883766207409,True,5.210581168954391e-05,True
mixed_drag,len1_cond3_1.csv,49.5,0.0004900000000001847,0.0013777203376888875,False,0.0,True
mixed_drag,len1_cond3_1.csv,50.0,-0.0016199999999996217,0.0013767204163880856,True,0.00012163979180576808,True
mixed_drag,len1_cond3_1.csv,50.5,0.0005549999999996252,0.0013708503053783145,False,0.0,True
mixed_drag,len1_cond3_1.csv,51.0,-0.00032999999999987206,0.0013604873126003805,False,0.0,True
mixed_drag,len1_cond3_1.csv,51.5,0.0007200000000000123,0.0013628510430105174,False,0.0,True
mixed_drag,len1_cond3_1.csv,52.0,-0.0007399999999996576,0.00136163273254493,False,0.0,True
mixed_drag,len1_cond3_1.csv,52.5,0.00022000000000049758,0.0013628510430105174,False,0.0,True
mixed_drag,len1_cond3_1.csv,53.0,-0.0003100000000003239,0.00136163273254493,False,0.0,True
mixed_drag,len1_cond3_1.csv,53.5,-0.0007299999999998419,0.0013564930228156863,False,0.0,True
mixed_drag,len1_cond3_1.csv,54.0,0.0007699999999998403,0.00134608941045754,False,0.0,True
mixed_drag,len1_cond3_1.csv,54.5,0.0004499999999999643,0.0013564930228156863,False,0.0,True
mixed_drag,len1_cond3_1.csv,55.0,9.999999999955878e-05,0.0013551104430273462,False,0.0,True
mixed_drag,len1_cond3_1.csv,55.5,-0.00010999999999972143,0.0013564930228156863,False,0.0,True
mixed_drag,len1_cond3_1.csv,56.0,0.0008900000000002933,0.0013551104430273462,False,0.0,True
mixed_drag,len1_cond3_1.csv,56.5,-0.0019350000000001033,0.0013489910319686013,True,0.000293004484015751,True
mixed_drag,len1_cond3_1.csv,57.0,5.000000000088267e-06,0.0013399184170745238,False,0.0,True
mixed_drag,len1_cond3_1.csv,57.5,-5.00000000044909e-06,0.0013505527135093994,False,0.0,True
mixed_drag,len1_cond3_1.csv,58.0,9.99999999970469e-06,0.0013399184170745238,False,0.0,True
mixed_drag,len1_cond3_1.csv,58.5,0.0016899999999998028,0.0013362669768635432,True,0.0001768665115681298,True
mixed_drag,len1_cond3_1.csv,59.0,-0.0016599999999996062,0.001334441503499644,True,0.00016277924824998117,True
mixed_drag,len2_cond1_1.csv,0.0,0.001334999999999975,0.001448410076585958,False,0.0,True
mixed_drag,len2_cond1_1.csv,0.5,-0.0021700000000000053,0.0014498275648388232,True,0.00036008621758059104,True
mixed_drag,len2_cond1_1.csv,1.0,0.0010950000000000681,0.0014439344675026048,False,0.0,True
mixed_drag,len2_cond1_1.csv,1.5,-0.0006550000000000722,0.001437705924778381,False,0.0,True
mixed_drag,len2_cond1_1.csv,2.0,0.0002749999999999697,0.0014446648257474088,False,0.0,True
mixed_drag,len2_cond1_1.csv,2.5,0.0020500000000000657,0.0014409083673982597,True,0.000304545816300903,True
mixed_drag,len2_cond1_1.csv,3.0,-0.0027049999999999297,0.0014322218103502015,True,0.0006363890948248641,True
mixed_drag,len2_cond1_1.csv,3.5,0.003554999999999975,0.0014445606771980785,True,0.001055219661400948,True
mixed_drag,len2_cond1_1.csv,4.0,-0.002409999999999912,0.001450263724212778,True,0.00047986813789356706,True
mixed_drag,len2_cond1_1.csv,4.5,0.0003699999999997594,0.001440321499760981,False,0.0,True
mixed_drag,len2_cond1_1.csv,5.0,-0.0007949999999998791,0.0014391927204222578,False,0.0,True
mixed_drag,len2_cond1_1.csv,5.5,0.0008749999999999591,0.0014380174508688568,False,0.0,True
mixed_drag,len2_cond1_1.csv,6.0,0.00021000000000003655,0.0014410758073955159,False,0.0,True
mixed_drag,len2_cond1_1.csv,6.5,-0.0010349999999999804,0.001440523761125364,False,0.0,True
mixed_drag,len2_cond1_1.csv,7.0,0.0020399999999999863,0.0014468854668544563,True,0.000296557266572765,True
mixed_drag,len2_cond1_1.csv,7.5,-0.001554999999999862,0.0014460628001979829,True,5.446859990093959e-05,True
mixed_drag,len2_cond1_1.csv,8.0,5.999999999983796e-05,0.0014382318029380128,False,0.0,True
mixed_drag,len2_cond1_1.csv,8.5,0.00015000000000015,0.0014335637697314896,False,0.0,True
mixed_drag,len2_cond1_1.csv,9.0,0.0012399999999999634,0.0014424238126152806,False,0.0,True
mixed_drag,len2_cond1_1.csv,9.5,-0.0002600000000001577,0.0014366147445898435,False,0.0,True
mixed_drag,len2_cond1_1.csv,10.0,-0.0005949999999997901,0.0014375606030611675,False,0.0,True
mixed_drag,len2_cond1_1.csv,10.5,-0.001010000000000122,0.0014487932141534741,False,0.0,True
mixed_drag,len2_cond1_1.csv,11.0,-0.0007799999999997809,0.0014351564500373138,False,0.0,True
mixed_drag,len2_cond1_1.csv,11.5,0.0008899999999997243,0.0014367113875181066,False,0.0,True
mixed_drag,len2_cond1_1.csv,12.0,0.0005049999999998112,0.0014301927685381709,False,0.0,True
mixed_drag,len2_cond1_1.csv,12.5,0.0003300000000000525,0.001433559850924692,False,0.0,True
mixed_drag,len2_cond1_1.csv,13.0,-0.0010700000000002305,0.0014335587451403948,False,0.0,True
mixed_drag,len2_cond1_1.csv,13.5,0.0008000000000001894,0.0014349554383560504,False,0.0,True
mixed_drag,len2_cond1_1.csv,14.0,0.0004299999999998194,0.00144586315696865,False,0.0,True
mixed_drag,len2_cond1_1.csv,14.5,-0.0014849999999999586,0.0014318989264096105,True,2.6550536795174034e-05,True
mixed_drag,len2_cond1_1.csv,15.0,0.00014999999999992797,0.0014326800158061636,False,0.0,True
mixed_drag,len2_cond1_1.csv,15.5,0.0008200000000000429,0.0014276362610788943,False,0.0,True
mixed_drag,len2_cond1_1.csv,16.0,-0.0005849999999998634,0.001436656837923163,False,0.0,True
mixed_drag,len2_cond1_1.csv,16.5,4.000000000001225e-05,0.001431980532045563,False,0.0,True
mixed_drag,len2_cond1_1.csv,17.0,-1.4999999999876223e-05,0.0014393638769930428,False,0.0,True
mixed_drag,len2_cond1_1.csv,17.5,0.0020499999999999963,0.0014385858356023265,True,0.0003057070821988349,True
mixed_drag,len2_cond1_1.csv,18.0,-0.0036049999999999693,0.0014267733116483743,True,0.0010891133441757973,True
mixed_drag,len2_cond1_1.csv,18.5,0.0012150000000002437,0.001429964420877069,False,0.0,True
mixed_drag,len2_cond1_1.csv,19.0,0.000200000000000089,0.0014172513228709314,False,0.0,True
mixed_drag,len2_cond1_1.csv,19.5,0.0021250000000002656,0.0014357184871548211,True,0.0003446407564227222,True
mixed_drag,len2_cond1_1.csv,20.0,-0.0007150000000001877,0.0014318097332170774,False,0.0,True
mixed_drag,len2_cond1_1.csv,20.5,-0.0008049999999998891,0.0014328483705816008,False,0.0,True
mixed_drag,len2_cond1_1.csv,21.0,-0.0001749999999998142,0.0014350893443090737,False,0.0,True
mixed_drag,len2_cond1_1.csv,21.5,-0.00031999999999987594,0.0014228348962168035,False,0.0,True
mixed_drag,len2_cond1_1.csv,22.0,0.0004350000000004628,0.0014250054132049765,False,0.0,True
mixed_drag,len2_cond1_1.csv,22.5,0.0013749999999999596,0.0014170436708279281,False,0.0,True
mixed_drag,len2_cond1_1.csv,23.0,-0.0017049999999999566,0.0014294091959464955,True,0.0001377954020267305,True
mixed_drag,len2_cond1_1.csv,23.5,0.002214999999999856,0.0014263379736219786,True,0.0003943310131889386,True
mixed_drag,len2_cond1_1.csv,24.0,-0.0024700000000001943,0.0014321037392138938,True,0.00051894813039315,True
mixed_drag,len2_cond1_1.csv,24.5,0.0003650000000000597,0.0014275873207931899,False,0.0,True
mixed_drag,len2_cond1_1.csv,25.0,-0.0012850000000001471,0.0014171032854918956,False,0.0,True
mixed_drag,len2_cond1_1.csv,25.5,0.0019050000000001566,0.001419557774105838,True,0.00024272111294715933,True
mixed_drag,len2_cond1_1.csv,26.0,-0.0003750000000000975,0.0014128350842934308,False,0.0,True
mixed_drag,len2_cond1_1.csv,26.5,-0.0006650000000002002,0.0014193299068355355,False,0.0,True
mixed_drag,len2_cond1_1.csv,27.0,-0.00017999999999995797,0.0014281454535320036,False,0.0,True
mixed_drag,len2_cond1_1.csv,27.5,9.999999999732445e-06,0.0014248432650202118,False,0.0,True
mixed_drag,len2_cond1_1.csv,28.0,0.000750000000000417,0.0014202570049252228,False,0.0,True
mixed_drag,len2_cond1_1.csv,28.5,-0.0008199999999998764,0.0014131368118752408,False,0.0,True
mixed_drag,len2_cond1_1.csv,29.0,3.500000000017378e-05,0.001414001140313695,False,0.0,True
mixed_drag,len2_cond1_1.csv,29.5,0.0009999999999999454,0.0014143824066629198,False,0.0,True
mixed_drag,len2_cond1_1.csv,30.0,-0.0005500000000002083,0.0014161650641801246,False,0.0,True
mixed_drag,len2_cond1_1.csv,30.5,0.0010900000000000076,0.0014177194094192923,False,0.0,True
mixed_drag,len2_cond1_1.csv,31.0,0.0004599999999996274,0.0014193879563356082,False,0.0,True
mixed_drag,len2_cond1_1.csv,31.5,0.0001700000000001145,0.0014133626488275126,False,0.0,True
mixed_drag,len2_cond1_1.csv,32.0,-0.0007750000000000257,0.0014097050695678584,False,0.0,True
mixed_drag,len2_cond1_1.csv,32.5,-0.0003349999999999187,0.0014101871418961693,False,0.0,True
mixed_drag,len2_cond1_1.csv,33.0,-0.0005799999999993033,0.0014028352725073963,False,0.0,True
mixed_drag,len2_cond1_1.csv,33.5,0.0018899999999992811,0.0014076373468747726,True,0.00024118132656225427,True
mixed_drag,len2_cond1_1.csv,34.0,-0.0011149999999994498,0.0014260770980489995,False,0.0,True
mixed_drag,len2_cond1_1.csv,34.5,-0.000530000000000308,0.0014128350842934308,False,0.0,True
mixed_drag,len2_cond1_1.csv,35.0,-0.00014500000000000624,0.001407453776789684,False,0.0,True
mixed_drag,len2_cond1_1.csv,35.5,-0.0007600000000000384,0.0014047465543855474,False,0.0,True
mixed_drag,len2_cond1_1.csv,36.0,8.500000000022379e-05,0.0014102925635625385,False,0.0,True
mixed_drag,len2_cond1_1.csv,36.5,0.0008949999999999236,0.001406907830958373,False,0.0,True
mixed_drag,len2_cond1_1.csv,37.0,5.000000000379701e-06,0.0014063938273790766,False,0.0,True
mixed_drag,len2_cond1_1.csv,37.5,-0.0008399999999995078,0.0014112418660069922,False,0.0,True
mixed_drag,len2_cond1_1.csv,38.0,0.00014499999999906255,0.0014068097861623366,False,0.0,True
mixed_drag,len2_cond1_1.csv,38.5,0.0011650000000003602,0.0014027894178138803,False,0.0,True
mixed_drag,len2_cond1_1.csv,39.0,-0.00037500000000073586,0.0014001614883991766,False,0.0,True
mixed_drag,len2_cond1_1.csv,39.5,-0.0002949999999993791,0.0013978995480197392,False,0.0,True
mixed_drag,len2_cond1_1.csv,40.0,0.00047499999999965625,0.0014022224750602887,False,0.0,True
mixed_drag,len2_cond1_1.csv,40.5,-0.001525000000000068,0.0014058708144734748,True,5.956459276329658e-05,True
mixed_drag,len2_cond1_1.csv,41.0,0.002225000000000643,0.0014088873120334552,True,0.00040805634398359384,True
mixed_drag,len2_cond1_1.csv,41.5,-0.00013000000000018552,0.0014016725920130775,False,0.0,True
mixed_drag,len2_cond1_1.csv,42.0,-0.0009250000000002312,0.0013978885770650072,False,0.0,True
mixed_drag,len2_cond1_1.csv,42.5,-0.0011649999999998606,0.0013937025774692845,False,0.0,True
mixed_drag,len2_cond1_1.csv,43.0,0.0007749999999998036,0.0013953765799328492,False,0.0,True
mixed_drag,len2_cond1_1.csv,43.5,-7.000000000023654e-05,0.0013978030653731806,False,0.0,True
mixed_drag,len2_cond1_1.csv,44.0,-0.00022500000000044706,0.0013994184094764104,False,0.0,True
mixed_drag,len2_cond1_1.csv,44.5,0.0008499999999999619,0.0014002188039571287,False,0.0,True
mixed_drag,len2_cond1_1.csv,45.0,-0.00038499999999974666,0.0013995375644672019,False,0.0,True
mixed_drag,len2_cond1_1.csv,45.5,0.0004300000000003745,0.0013947542619593667,False,0.0,True
mixed_drag,len2_cond1_1.csv,46.0,-0.0011650000000003047,0.0013895611525836498,False,0.0,True
mixed_drag,len2_cond1_1.csv,46.5,0.0019799999999999818,0.0013930517438530852,True,0.0002934741280734483,True
mixed_drag,len2_cond1_1.csv,47.0,-0.0007750000000004906,0.0013885146829218313,False,0.0,True
mixed_drag,len2_cond1_1.csv,47.5,0.0006449999999995626,0.0013936235262655128,False,0.0,True
mixed_drag,len2_cond1_1.csv,48.0,0.00017500000000042482,0.0013968086899647347,False,0.0,True
mixed_drag,len2_cond1_1.csv,48.5,-0.0003300000000000525,0.0013943171756279718,False,0.0,True
mixed_drag,len2_cond1_1.csv,49.0,0.0001550000000003493,0.0013899712145882157,False,0.0,True
mixed_drag,len2_cond1_1.csv,49.5,-0.0021549999999992964,0.0013859006812216358,True,0.0003845496593888303,True
mixed_drag,len2_cond1_1.csv,50.0,0.0020849999999999758,0.0013920509625307222,True,0.0003464745187346268,True
mixed_drag,len2_cond1_1.csv,50.5,0.0009450000000002443,0.0013797945158840388,False,0.0,True
mixed_drag,len2_cond1_1.csv,51.0,-0.002219999999999861,0.0013947836305721003,True,0.0004126081847138802,True
mixed_drag,len2_cond1_1.csv,51.5,0.0012599999999999278,0.0013951798394568429,False,0.0,True
mixed_drag,len2_cond1_1.csv,52.0,-0.00020000000000047757,0.0013912373099248848,False,0.0,True
mixed_drag,len2_cond1_1.csv,52.5,0.00037500000000018074,0.0013879835177171688,False,0.0,True
mixed_drag,len2_cond1_1.csv,53.0,6.000000000017103e-05,0.0013839041231608468,False,0.0,True
mixed_drag,len2_cond1_1.csv,53.5,-0.0016850000000003251,0.0013813680321079975,True,0.00015181598394616383,True
mixed_drag,len2_cond1_1.csv,54.0,0.0020099999999995625,0.0013900161634345933,True,0.0003099919182824846,True
mixed_drag,len2_cond1_1.csv,54.5,-0.0003399999999998127,0.0013958826787201142,False,0.0,True
mixed_drag,len2_cond1_1.csv,55.0,-0.0001750000000003138,0.0013912828239464976,False,0.0,True
mixed_drag,len2_cond1_1.csv,55.5,-0.00046500000000065933,0.001385740064710797,False,0.0,True
mixed_drag,len2_cond1_1.csv,56.0,-0.0007849999999998136,0.0013840072063729925,False,0.0,True
mixed_drag,len2_cond1_1.csv,56.5,-2.4999999999941735e-05,0.0013811640431297704,False,0.0,True
mixed_drag,len2_cond1_1.csv,57.0,0.0018400000000004246,0.00138762666909943,True,0.0002261866654504973,True
mixed_drag,len2_cond1_1.csv,57.5,-0.0004750000000000882,0.0013887844623972703,False,0.0,True
mixed_drag,len2_cond1_1.csv,58.0,-0.0014750000000005037,0.0013846275122946538,True,4.518624385292495e-05,True
mixed_drag,len2_cond1_1.csv,58.5,0.00048000000000003595,0.001388921387881335,False,0.0,True
mixed_drag,len2_cond1_1.csv,59.0,-0.0007649999999996271,0.0013794079857887263,False,0.0,True
mixed_drag,len2_cond2_1.csv,0.0,-0.003130000000000077,0.0016235475862772953,True,0.0007532262068613907,True
mixed_drag,len2_cond2_1.csv,0.5,0.0023050000000001125,0.0016165320274662317,True,0.0003442339862669403,True
mixed_drag,len2_cond2_1.csv,1.0,-0.0005100000000000451,0.0016107848243491867,False,0.0,True
mixed_drag,len2_cond2_1.csv,1.5,0.0007549999999999502,0.0016107848243491867,False,0.0,True
mixed_drag,len2_cond2_1.csv,2.0,0.00042999999999993044,0.0016394810405457685,False,0.0,True
mixed_drag,len2_cond2_1.csv,2.5,-0.0027249999999998664,0.001602226090916939,True,0.0005613869545414638,True
mixed_drag,len2_cond2_1.csv,3.0,0.0032249999999999224,0.0015933194229261806,True,0.0008158402885368708,True
mixed_drag,len2_cond2_1.csv,3.5,-0.002354999999999996,0.0015890783204499748,True,0.0003829608397750105,True
mixed_drag,len2_cond2_1.csv,4.0,0.0009549999999998726,0.0015851669437971512,False,0.0,True
mixed_drag,len2_cond2_1.csv,4.5,0.0005699999999999594,0.0015875297931430637,False,0.0,True
mixed_drag,len2_cond2_1.csv,5.0,-0.0022449999999997194,0.0016030884292985575,True,0.00032095578535058084,True
mixed_drag,len2_cond2_1.csv,5.5,0.003109999999999946,0.001578293061457509,True,0.0007658534692712186,True
mixed_drag,len2_cond2_1.csv,6.0,-0.0027049999999998464,0.001570452315366569,True,0.0005672738423166386,True
mixed_drag,len2_cond2_1.csv,6.5,9.00000000000345e-05,0.0015566480121185422,False,0.0,True
mixed_drag,len2_cond2_1.csv,7.0,0.0012350000000000971,0.0015550703067485063,False,0.0,True
mixed_drag,len2_cond2_1.csv,7.5,-0.0004299999999998749,0.0015662870664398735,False,0.0,True
mixed_drag,len2_cond2_1.csv,8.0,0.0014799999999998148,0.0015539563966563206,False,0.0,True
mixed_drag,len2_cond2_1.csv,8.5,-0.0019049999999998235,0.0015735394795522552,True,0.00016573026022378414,True
mixed_drag,len2_cond2_1.csv,9.0,0.001014999999999766,0.0015466994197563112,False,0.0,True
mixed_drag,len2_cond2_1.csv,9.5,-0.0010999999999997678,0.0015412280119123586,False,0.0,True
mixed_drag,len2_cond2_1.csv,10.0,0.00013999999999969592,0.0015393375841384741,False,0.0,True
mixed_drag,len2_cond2_1.csv,10.5,0.00025000000000009737,0.0015376602576569825,False,0.0,True
mixed_drag,len2_cond2_1.csv,11.0,0.00016999999999994797,0.001532952788136013,False,0.0,True
mixed_drag,len2_cond2_1.csv,11.5,0.0012899999999996803,0.001544686981858489,False,0.0,True
mixed_drag,len2_cond2_1.csv,12.0,-0.0022599999999997067,0.0015311348958125096,True,0.0003644325520935984,True
mixed_drag,len2_cond2_1.csv,12.5,0.001494999999999802,0.0015244602962595777,False,0.0,True
mixed_drag,len2_cond2_1.csv,13.0,-0.0007050000000000667,0.0015217209549652226,False,0.0,True
mixed_drag,len2_cond2_1.csv,13.5,0.0005100000000000382,0.0015218771549479059,False,0.0,True
mixed_drag,len2_cond2_1.csv,14.0,4.9999999999911227e-05,0.0015262866451591398,False,0.0,True
mixed_drag,len2_cond2_1.csv,14.5,-0.0014100000000000779,0.0015198884552378809,False,0.0,True
mixed_drag,len2_cond2_1.csv,15.0,0.0018399999999999528,0.0015191729106825592,True,0.00016041354465869682,True
mixed_drag,len2_cond2_1.csv,15.5,-0.0008649999999996716,0.001509942861194778,False,0.0,True
mixed_drag,len2_cond2_1.csv,16.0,-7.49999999998252e-05,0.0015031775899495745,False,0.0,True
mixed_drag,len2_cond2_1.csv,16.5,-0.000140000000000029,0.0014982018740422286,False,0.0,True
mixed_drag,len2_cond2_1.csv,17.0,-0.0007750000000001367,0.0015049990485471929,False,0.0,True
mixed_drag,len2_cond2_1.csv,17.5,0.0012300000000002864,0.0015042528550453739,False,0.0,True
mixed_drag,len2_cond2_1.csv,18.0,-0.0011750000000004812,0.0015175717262916315,False,0.0,True
mixed_drag,len2_cond2_1.csv,18.5,-0.000240000000000129,0.001500238547317075,False,0.0,True
mixed_drag,len2_cond2_1.csv,19.0,0.0017649999999996835,0.0014934144764778348,True,0.00013579276176092434,True
mixed_drag,len2_cond2_1.csv,19.5,-0.0007550000000000612,0.0014861101122655839,False,0.0,True
mixed_drag,len2_cond2_1.csv,20.0,-9.500000000017828e-05,0.0014894730491918356,False,0.0,True
mixed_drag,len2_cond2_1.csv,20.5,-0.0012300000000001199,0.0015014551981766212,False,0.0,True
mixed_drag,len2_cond2_1.csv,21.0,0.0024900000000001032,0.0014892489038009437,True,0.0005003755480995796,True
mixed_drag,len2_cond2_1.csv,21.5,-0.0011900000000002464,0.0015042633643223154,False,0.0,True
mixed_drag,len2_cond2_1.csv,22.0,0.00020500000000001073,0.0014833494830347586,False,0.0,True
mixed_drag,len2_cond2_1.csv,22.5,-0.0012150000000000771,0.0014806551693353777,False,0.0,True
mixed_drag,len2_cond2_1.csv,23.0,0.0026499999999999857,0.0014784750504276047,True,0.0005857624747861903,True
mixed_drag,len2_cond2_1.csv,23.5,-0.00228999999999982,0.0014822045132569677,True,0.000403897743371426,True
mixed_drag,len2_cond2_1.csv,24.0,2.5000000000052758e-05,0.0014737988500399494,False,0.0,True
mixed_drag,len2_cond2_1.csv,24.5,0.0010999999999998789,0.0014829916573265158,False,0.0,True
mixed_drag,len2_cond2_1.csv,25.0,-0.0008750000000002922,0.0014796476810677104,False,0.0,True
mixed_drag,len2_cond2_1.csv,25.5,0.002080000000000193,0.001470101166882144,True,0.00030494941655902436,True
mixed_drag,len2_cond2_1.csv,26.0,-0.001740000000000519,0.0014677231828976725,True,0.00013613840855142322,True
mixed_drag,len2_cond2_1.csv,26.5,-0.0008399999999999519,0.0014633401619964911,False,0.0,True
mixed_drag,len2_cond2_1.csv,27.0,0.0004200000000001772,0.0014687676547246937,False,0.0,True
mixed_drag,len2_cond2_1.csv,27.5,-0.0006499999999998174,0.0014640094803999907,False,0.0,True
mixed_drag,len2_cond2_1.csv,28.0,0.0033500000000002417,0.0014763652360388901,True,0.0009368173819806758,True
mixed_drag,len2_cond2_1.csv,28.5,-0.002589999999999981,0.001460046188929063,True,0.0005649769055354591,True
mixed_drag,len2_cond2_1.csv,29.0,-0.0004449999999999177,0.0014554462672851927,False,0.0,True
mixed_drag,len2_cond2_1.csv,29.5,0.0008899999999996688,0.001450367101981658,False,0.0,True
mixed_drag,len2_cond2_1.csv,30.0,0.0004700000000001925,0.0014476544245267363,False,0.0,True
mixed_drag,len2_cond2_1.csv,30.5,0.0005249999999998242,0.001449866463671699,False,0.0,True
mixed_drag,len2_cond2_1.csv,31.0,-0.0026299999999999657,0.0014441684458906684,True,0.0005929157770546486,True
mixed_drag,len2_cond2_1.csv,31.5,0.0031150000000000344,0.001459124815687208,True,0.000827937592156413,True
mixed_drag,len2_cond2_1.csv,32.0,-0.0008100000000004215,0.0014458633029273095,False,0.0,True
mixed_drag,len2_cond2_1.csv,32.5,-0.0017599999999994287,0.0014404744111835002,True,0.00015976279440796425,True
mixed_drag,len2_cond2_1.csv,33.0,0.0009399999999999409,0.0014332999761317233,False,0.0,True
mixed_drag,len2_cond2_1.csv,33.5,-0.00026499999999957113,0.001438069476732583,False,0.0,True
mixed_drag,len2_cond2_1.csv,34.0,0.00124500000000001,0.0014342084113220215,False,0.0,True
mixed_drag,len2_cond2_1.csv,34.5,-0.0008550000000004943,0.0014381083988541086,False,0.0,True
mixed_drag,len2_cond2_1.csv,35.0,-0.0005850000000001132,0.00143985823246344,False,0.0,True
mixed_drag,len2_cond2_1.csv,35.5,-0.000760000000000538,0.0014290475206287017,False,0.0,True
mixed_drag,len2_cond2_1.csv,36.0,0.0017650000000005717,0.0014317360549112757,True,0.000166631972544648,True
mixed_drag,len2_cond2_1.csv,36.5,-0.0018650000000000055,0.0014242904399416612,True,0.0002203547800291722,True
mixed_drag,len2_cond2_1.csv,37.0,0.001369999999999677,0.0014341160264670567,False,0.0,True
mixed_drag,len2_cond2_1.csv,37.5,7.000000000015327e-05,0.001421419889234031,False,0.0,True
mixed_drag,len2_cond2_1.csv,38.0,-0.0011700000000001154,0.0014323904414091197,False,0.0,True
mixed_drag,len2_cond2_1.csv,38.5,0.0011049999999999116,0.0014299216281179411,False,0.0,True
mixed_drag,len2_cond2_1.csv,39.0,-0.0006650000000003597,0.001417243843861848,False,0.0,True
mixed_drag,len2_cond2_1.csv,39.5,0.001314999999999733,0.0014173430101969385,False,0.0,True
mixed_drag,len2_cond2_1.csv,40.0,-0.00035500000000021625,0.0014135301929967387,False,0.0,True
mixed_drag,len2_cond2_1.csv,40.5,-0.0002699999999999578,0.0014146736005974778,False,0.0,True
mixed_drag,len2_cond2_1.csv,41.0,0.001529999999999726,0.001410321569787781,True,5.983921510597254e-05,True
mixed_drag,len2_cond2_1.csv,41.5,-0.002525000000000055,0.001415265895433433,True,0.0005548670522833108,True
mixed_drag,len2_cond2_1.csv,42.0,0.000610000000000166,0.0014124240653385352,False,0.0,True
mixed_drag,len2_cond2_1.csv,42.5,0.0008400000000000629,0.0014065248175369667,False,0.0,True
mixed_drag,len2_cond2_1.csv,43.0,-0.0007599999999996498,0.0014044909817854951,False,0.0,True
mixed_drag,len2_cond2_1.csv,43.5,-0.000530000000000308,0.001401982543900505,False,0.0,True
mixed_drag,len2_cond2_1.csv,44.0,0.0006250000000002781,0.0013981824583028238,False,0.0,True
mixed_drag,len2_cond2_1.csv,44.5,0.00035499999999991094,0.0014130491803108635,False,0.0,True
mixed_drag,len2_cond2_1.csv,45.0,-0.002785000000000537,0.0014076209505888282,True,0.0006886895247058542,True
mixed_drag,len2_cond2_1.csv,45.5,0.004020000000000634,0.001401642507407989,True,0.0013091787462963225,True
mixed_drag,len2_cond2_1.csv,46.0,-0.001194999999999946,0.0013970643722096545,False,0.0,True
mixed_drag,len2_cond2_1.csv,46.5,-0.00031999999999993145,0.0013944245463680931,False,0.0,True
mixed_drag,len2_cond2_1.csv,47.0,0.0003899999999993631,0.001392021639663067,False,0.0,True
mixed_drag,len2_cond2_1.csv,47.5,-0.0007899999999999366,0.0013956948430061493,False,0.0,True
mixed_drag,len2_cond2_1.csv,48.0,0.0016000000000004067,0.0014033789724600667,True,9.831051377016996e-05,True
mixed_drag,len2_cond2_1.csv,48.5,-0.0011499999999994848,0.0013994982355291748,False,0.0,True
mixed_drag,len2_cond2_1.csv,49.0,-0.0005149999999998767,0.0013896723738867414,False,0.0,True
mixed_drag,len2_cond2_1.csv,49.5,0.0010749999999995485,0.001385169014665061,False,0.0,True
mixed_drag,len2_cond2_1.csv,50.0,-0.0005099999999998994,0.0013855281605148822,False,0.0,True
mixed_drag,len2_cond2_1.csv,50.5,-0.00020000000000038043,0.0013796932863490215,False,0.0,True
mixed_drag,len2_cond2_1.csv,51.0,-0.0008550000000002583,0.0013882957863719343,False,0.0,True
mixed_drag,len2_cond2_1.csv,51.5,0.0021800000000006536,0.001393585856062546,True,0.0003932070719690538,True
mixed_drag,len2_cond2_1.csv,52.0,0.0002899999999997349,0.0013905292163884832,False,0.0,True
mixed_drag,len2_cond2_1.csv,52.5,-0.002519999999999356,0.0013785287712455632,True,0.0005707356143768963,True
mixed_drag,len2_cond2_1.csv,53.0,0.0007449999999995516,0.001375748598463166,False,0.0,True
mixed_drag,len2_cond2_1.csv,53.5,0.0012400000000004352,0.001375879395352473,False,0.0,True
mixed_drag,len2_cond2_1.csv,54.0,4.999999999782956e-06,0.0013739826553758258,False,0.0,True
mixed_drag,len2_cond2_1.csv,54.5,-0.0006949999999996403,0.0013815666593915072,False,0.0,True
mixed_drag,len2_cond2_1.csv,55.0,0.00026999999999999247,0.0013834424946429526,False,0.0,True
mixed_drag,len2_cond2_1.csv,55.5,-0.0005600000000000604,0.0013768181804378337,False,0.0,True
mixed_drag,len2_cond2_1.csv,56.0,0.0016050000000000786,0.0013711310823590818,True,0.00011693445882049837,True
mixed_drag,len2_cond2_1.csv,56.5,-0.001635000000000053,0.0013678733157695905,True,0.00013356334211523128,True
mixed_drag,len2_cond2_1.csv,57.0,0.0006399999999999739,0.0013676804230924693,False,0.0,True
mixed_drag,len2_cond2_1.csv,57.5,-0.0001699999999996496,0.0013697117284681248,False,0.0,True
mixed_drag,len2_cond2_1.csv,58.0,-0.0008549999999997865,0.0013688347148207779,False,0.0,True
mixed_drag,len2_cond2_1.csv,58.5,0.0001100000000003043,0.001367410696411786,False,0.0,True
mixed_drag,len2_cond2_1.csv,59.0,-0.00011499999999997623,0.001366293637370341,False,0.0,True
mixed_drag,len2_cond3_1.csv,0.0,0.0008399999999999901,0.0015692012361669594,False,0.0,True
mixed_drag,len2_cond3_1.csv,0.5,0.0006149999999999767,0.0015339326642746188,False,0.0,True
mixed_drag,len2_cond3_1.csv,1.0,-0.0004549999999999832,0.0015605913265474064,False,0.0,True
mixed_drag,len2_cond3_1.csv,1.5,0.0009200000000001429,0.0015263372862563598,False,0.0,True
mixed_drag,len2_cond3_1.csv,2.0,-0.0014100000000000223,0.0015230577114685442,False,0.0,True
mixed_drag,len2_cond3_1.csv,2.5,0.00039999999999990044,0.001514954488810025,False,0.0,True
mixed_drag,len2_cond3_1.csv,3.0,0.0016400000000000858,0.0015096609907120258,True,6.516950464403003e-05,True
mixed_drag,len2_cond3_1.csv,3.5,-0.0013199999999999878,0.0015122254982469136,False,0.0,True
mixed_drag,len2_cond3_1.csv,4.0,0.0018500000000000183,0.0015053746825640008,True,0.00017231265871800873,True
mixed_drag,len2_cond3_1.csv,4.5,-0.0028849999999996934,0.0015114476881100656,True,0.0006867761559448138,True
mixed_drag,len2_cond3_1.csv,5.0,0.0012449999999996075,0.0014944982172664027,False,0.0,True
mixed_drag,len2_cond3_1.csv,5.5,0.00039500000000014523,0.0014883638578535889,False,0.0,True
mixed_drag,len2_cond3_1.csv,6.0,-0.0012550000000000616,0.0014881733831664215,False,0.0,True
mixed_drag,len2_cond3_1.csv,6.5,0.002000000000000182,0.0014872972016496623,True,0.00025635139917525994,True
mixed_drag,len2_cond3_1.csv,7.0,-0.0020399999999999863,0.0014762320635828632,True,0.0002818839682085615,True
mixed_drag,len2_cond3_1.csv,7.5,0.0028999999999997916,0.0014858038374560198,True,0.0007070980812718859,True
mixed_drag,len2_cond3_1.csv,8.0,-0.002029999999999643,0.0014762499038185,True,0.00027687504809057156,True
mixed_drag,len2_cond3_1.csv,8.5,0.0012249999999999206,0.0014697457951162417,False,0.0,True
mixed_drag,len2_cond3_1.csv,9.0,-0.0025399999999998757,0.001462088725925292,True,0.0005389556370372917,True
mixed_drag,len2_cond3_1.csv,9.5,4.499999999996174e-05,0.0014649061434589437,False,0.0,True
mixed_drag,len2_cond3_1.csv,10.0,0.00045000000000000595,0.0014719384516554857,False,0.0,True
mixed_drag,len2_cond3_1.csv,10.5,0.0017100000000002114,0.001458371580952676,True,0.00012581420952376772,True
mixed_drag,len2_cond3_1.csv,11.0,-0.00017000000000000348,0.0014627852134382671,False,0.0,True
mixed_drag,len2_cond3_1.csv,11.5,-0.0004699999999997484,0.0014529877745347536,False,0.0,True
mixed_drag,len2_cond3_1.csv,12.0,0.00043999999999999595,0.0014460789106103004,False,0.0,True
mixed_drag,len2_cond3_1.csv,12.5,-0.001575000000000104,0.00144330438326705,True,6.58478083665271e-05,True
mixed_drag,len2_cond3_1.csv,13.0,0.0022849999999999954,0.0014456136601860813,True,0.00041969316990695695,True
mixed_drag,len2_cond3_1.csv,13.5,-0.0004050000000000442,0.001436406445792083,False,0.0,True
mixed_drag,len2_cond3_1.csv,14.0,-0.00180499999999989,0.0014543323119860251,True,0.00017533384400693244,True
mixed_drag,len2_cond3_1.csv,14.5,0.0013699999999998713,0.001442671283497917,False,0.0,True
mixed_drag,len2_cond3_1.csv,15.0,-0.0019549999999999845,0.0014324749648709175,True,0.0002612625175645335,True
mixed_drag,len2_cond3_1.csv,15.5,0.0016349999999997755,0.001430166843108039,True,0.00010241657844586827,True
mixed_drag,len2_cond3_1.csv,16.0,3.499999999997949e-05,0.001425995830109938,False,0.0,True
mixed_drag,len2_cond3_1.csv,16.5,-0.00024000000000014288,0.0014227521758119963,False,0.0,True
mixed_drag,len2_cond3_1.csv,17.0,0.0012650000000001549,0.0014181850038007802,False,0.0,True
mixed_drag,len2_cond3_1.csv,17.5,-0.0015899999999999248,0.001437015553726528,True,7.649222313669841e-05,True
mixed_drag,len2_cond3_1.csv,18.0,0.0008800000000001584,0.0014213860114051975,False,0.0,True
mixed_drag,len2_cond3_1.csv,18.5,-0.00040999999999991044,0.0014170138039460022,False,0.0,True
mixed_drag,len2_cond3_1.csv,19.0,-0.0009849999999999581,0.0014132287666137233,False,0.0,True
mixed_drag,len2_cond3_1.csv,19.5,0.0004649999999998544,0.0014136506941567744,False,0.0,True
mixed_drag,len2_cond3_1.csv,20.0,0.00011999999999974184,0.0014109411970643765,False,0.0,True
mixed_drag,len2_cond3_1.csv,20.5,0.0003499999999999892,0.0014148624730602897,False,0.0,True
mixed_drag,len2_cond3_1.csv,21.0,0.00024999999999997247,0.0014167579317158853,False,0.0,True
mixed_drag,len2_cond3_1.csv,21.5,-0.0006049999999998001,0.0014003125474106968,False,0.0,True
mixed_drag,len2_cond3_1.csv,22.0,0.0003449999999999287,0.0014029476188040693,False,0.0,True
mixed_drag,len2_cond3_1.csv,22.5,0.002070000000000183,0.0013997206197986776,True,0.0003351396901007526,True
mixed_drag,len2_cond3_1.csv,23.0,-0.003069999999999823,0.0013978192874945557,True,0.0008360903562526336,True
mixed_drag,len2_cond3_1.csv,23.5,0.0025249999999998538,0.0013953863362599485,True,0.0005648068318699526,True
mixed_drag,len2_cond3_1.csv,24.0,-0.0006500000000000672,0.0013979233925502813,False,0.0,True
mixed_drag,len2_cond3_1.csv,24.5,-0.00041999999999992044,0.001399021892274656,False,0.0,True
mixed_drag,len2_cond3_1.csv,25.0,9.49999999997897e-05,0.0013876105784000827,False,0.0,True
mixed_drag,len2_cond3_1.csv,25.5,-0.0007099999999998219,0.0013924122753093432,False,0.0,True
mixed_drag,len2_cond3_1.csv,26.0,0.0002499999999997782,0.001385371482319733,False,0.0,True
mixed_drag,len2_cond3_1.csv,26.5,5.499999999990235e-05,0.0013890113148536457,False,0.0,True
mixed_drag,len2_cond3_1.csv,27.0,-0.00029499999999996196,0.001381109125104419,False,0.0,True
mixed_drag,len2_cond3_1.csv,27.5,0.00013000000000015777,0.0013880684310652487,False,0.0,True
mixed_drag,len2_cond3_1.csv,28.0,0.0011350000000001637,0.0013887472777981543,False,0.0,True
mixed_drag,len2_cond3_1.csv,28.5,-0.0007649999999999046,0.0013776328735234417,False,0.0,True
mixed_drag,len2_cond3_1.csv,29.0,-0.0004100000000003545,0.0013794598988065192,False,0.0,True
mixed_drag,len2_cond3_1.csv,29.5,0.00022000000000024778,0.0013750228447149274,False,0.0,True
mixed_drag,len2_cond3_1.csv,30.0,0.00013000000000011613,0.001377154469380335,False,0.0,True
mixed_drag,len2_cond3_1.csv,30.5,-0.0012500000000000289,0.0013746533591252493,False,0.0,True
mixed_drag,len2_cond3_1.csv,31.0,0.00040500000000007197,0.001377991366942082,False,0.0,True
mixed_drag,len2_cond3_1.csv,31.5,1.4999999999931735e-05,0.0013738150793855442,False,0.0,True
mixed_drag,len2_cond3_1.csv,32.0,0.0013850000000003027,0.001368411151136684,True,8.294424431809304e-06,True
mixed_drag,len2_cond3_1.csv,32.5,-0.0007450000000002732,0.0013667781047723298,False,0.0,True
mixed_drag,len2_cond3_1.csv,33.0,-0.00047999999999978615,0.001365302964096062,False,0.0,True
mixed_drag,len2_cond3_1.csv,33.5,0.00028999999999995696,0.0013667200947603674,False,0.0,True
mixed_drag,len2_cond3_1.csv,34.0,0.00023500000000011012,0.0013754107118546751,False,0.0,True
mixed_drag,len2_cond3_1.csv,34.5,-0.00037999999999949186,0.0013662721119859864,False,0.0,True
mixed_drag,len2_cond3_1.csv,35.0,0.0001050000000002993,0.00137016897660898,False,0.0,True
mixed_drag,len2_cond3_1.csv,35.5,0.0027800000000004488,0.0013571208423839127,True,0.0007114395788082679,True
mixed_drag,len2_cond3_1.csv,36.0,-0.002219999999999861,0.0013609079233259447,True,0.000429546038336958,True
mixed_drag,len2_cond3_1.csv,36.5,-0.0010449999999992965,0.0013577335421447278,False,0.0,True
mixed_drag,len2_cond3_1.csv,37.0,-0.0005900000000003854,0.0013575176085735652,False,0.0,True
mixed_drag,len2_cond3_1.csv,37.5,0.00020999999999969654,0.0013558035624070903,False,0.0,True
mixed_drag,len2_cond3_1.csv,38.0,0.0020349999999995927,0.0013662721119859864,True,0.00033436394400680313,True
mixed_drag,len2_cond3_1.csv,38.5,-0.00183499999999992,0.0013538635635132001,True,0.00024056821824335994,True
mixed_drag,len2_cond3_1.csv,39.0,0.0010350000000003967,0.0013510209876350847,False,0.0,True
mixed_drag,len2_cond3_1.csv,39.5,-0.0005199999999999372,0.001349877637265834,False,0.0,True
mixed_drag,len2_cond3_1.csv,40.0,-0.001254999999999909,0.0013525079867384836,False,0.0,True
mixed_drag,len2_cond3_1.csv,40.5,0.0008599999999998843,0.0013491197436041958,False,0.0,True
mixed_drag,len2_cond3_1.csv,41.0,0.0006749999999998008,0.0013497945798506,False,0.0,True
mixed_drag,len2_cond3_1.csv,41.5,0.00023000000000028553,0.0013470637284509585,False,0.0,True
mixed_drag,len2_cond3_1.csv,42.0,-0.0007000000000003115,0.0013485874113855886,False,0.0,True
mixed_drag,len2_cond3_1.csv,42.5,9.000000000050634e-05,0.0013394675689286535,False,0.0,True
mixed_drag,len2_cond3_1.csv,43.0,0.000510000000000066,0.0013422233723663591,False,0.0,True
mixed_drag,len2_cond3_1.csv,43.5,-0.0003899999999992243,0.0013360279376777619,False,0.0,True
mixed_drag,len2_cond3_1.csv,44.0,0.00046000000000008534,0.0013346980301552735,False,0.0,True
mixed_drag,len2_cond3_1.csv,44.5,-0.001670000000000088,0.0013371232188291956,True,0.00016643839058544624,True
mixed_drag,len2_cond3_1.csv,45.0,0.00034499999999951236,0.0013404238686236256,False,0.0,True
mixed_drag,len2_cond3_1.csv,45.5,0.001084999999999614,0.0013349722239848246,False,0.0,True
mixed_drag,len2_cond3_1.csv,46.0,0.000280000000000169,0.00133028271425127,False,0.0,True
mixed_drag,len2_cond3_1.csv,46.5,-0.0013050000000003892,0.0013347312025374341,False,0.0,True
mixed_drag,len2_cond3_1.csv,47.0,0.0011249999999997234,0.0013266349489307087,False,0.0,True
mixed_drag,len2_cond3_1.csv,47.5,0.00014999999999984123,0.0013338958775334516,False,0.0,True
mixed_drag,len2_cond3_1.csv,48.0,0.0008550000000000502,0.0013371232188291956,False,0.0,True
mixed_drag,len2_cond3_1.csv,48.5,-0.001799999999999552,0.0013319009060706686,True,0.00023404954696444168,True
mixed_drag,len2_cond3_1.csv,49.0,3.5000000000090514e-05,0.0013288196719123018,False,0.0,True
mixed_drag,len2_cond3_1.csv,49.5,0.00046000000000001595,0.0013242446394599327,False,0.0,True
mixed_drag,len2_cond3_1.csv,50.0,0.0013350000000001139,0.001326844613885364,True,4.077693057374953e-06,True
mixed_drag,len2_cond3_1.csv,50.5,-0.0010349999999994947,0.0013227131271528528,False,0.0,True
mixed_drag,len2_cond3_1.csv,51.0,-0.0006849999999999148,0.001326504539035862,False,0.0,True
mixed_drag,len2_cond3_1.csv,51.5,0.0005100000000003713,0.0013177954349807433,False,0.0,True
mixed_drag,len2_cond3_1.csv,52.0,-0.0012199999999996658,0.0013205177070734176,False,0.0,True
mixed_drag,len2_cond3_1.csv,52.5,0.0012949999999999073,0.001322024251337686,False,0.0,True
mixed_drag,len2_cond3_1.csv,53.0,0.0012250000000001426,0.0013147323144846396,False,0.0,True
mixed_drag,len2_cond3_1.csv,53.5,-0.0013400000000002438,0.00131455848706206,True,1.272075646909193e-05,True
mixed_drag,len2_cond3_1.csv,54.0,0.0005949999999999914,0.001313579391203542,False,0.0,True
mixed_drag,len2_cond3_1.csv,54.5,-0.0010950000000001514,0.001319384903221063,False,0.0,True
mixed_drag,len2_cond3_1.csv,55.0,0.0006999999999996315,0.0013177954349807433,False,0.0,True
mixed_drag,len2_cond3_1.csv,55.5,-0.001249999999999446,0.0013174932888840125,False,0.0,True
mixed_drag,len2_cond3_1.csv,56.0,0.0017600000000000948,0.0013141336213455424,True,0.00022293318932727622,True
mixed_drag,len2_cond3_1.csv,56.5,-0.0007249999999997536,0.0013099987739053857,False,0.0,True
mixed_drag,len2_cond3_1.csv,57.0,-0.0005649999999996352,0.0013118539834646452,False,0.0,True
mixed_drag,len2_cond3_1.csv,57.5,0.0013399999999999315,0.0013055293176618085,True,1.7235341169061528e-05,True
mixed_drag,len2_cond3_1.csv,58.0,-0.00046000000000005065,0.001305424011095732,False,0.0,True
mixed_drag,len2_cond3_1.csv,58.5,-0.00047500000000029463,0.0013115871412125546,False,0.0,True
mixed_drag,len2_cond3_1.csv,59.0,0.0007200000000000539,0.001311102269949501,False,0.0,True
mixed_drag,len3_cond1_1.csv,0.0,0.00175499999999984,0.0014465010604932935,True,0.00015424946975327325,True
mixed_drag,len3_cond1_1.csv,0.5,-0.0004350000000000742,0.0014453424286048717,False,0.0,True
mixed_drag,len3_cond1_1.csv,1.0,-0.0006749999999999673,0.001448376573680793,False,0.0,True
mixed_drag,len3_cond1_1.csv,1.5,0.0009149999999999991,0.0014468208630483875,False,0.0,True
mixed_drag,len3_cond1_1.csv,2.0,-0.0011199999999998989,0.0014440500568872394,False,0.0,True
mixed_drag,len3_cond1_1.csv,2.5,0.0022649999999999615,0.0014411411823784096,True,0.0004119294088107757,True
mixed_drag,len3_cond1_1.csv,3.0,-0.0007499999999999868,0.0014532917977438321,False,0.0,True
mixed_drag,len3_cond1_1.csv,3.5,-0.0020050000000000345,0.0014448911029045013,True,0.0002800544485477666,True
mixed_drag,len3_cond1_1.csv,4.0,0.002114999999999978,0.0014465010604932935,True,0.00033424946975334224,True
mixed_drag,len3_cond1_1.csv,4.5,-0.0022849999999999815,0.001446548679111537,True,0.00041922566044422216,True
mixed_drag,len3_cond1_1.csv,5.0,0.001099999999999983,0.0014449243004852027,False,0.0,True
mixed_drag,len3_cond1_1.csv,5.5,0.0015299999999999203,0.0014494968267773727,True,4.0251586611273816e-05,True
mixed_drag,len3_cond1_1.csv,6.0,4.0000000000151026e-05,0.0014434161729169545,False,0.0,True
mixed_drag,len3_cond1_1.csv,6.5,-0.0010099999999999554,0.0014411411823784096,False,0.0,True
mixed_drag,len3_cond1_1.csv,7.0,4.499999999998949e-05,0.0014440103815009236,False,0.0,True
mixed_drag,len3_cond1_1.csv,7.5,-0.0008349999999999191,0.0014422262364970082,False,0.0,True
mixed_drag,len3_cond1_1.csv,8.0,0.00024999999999941735,0.0014434161729169545,False,0.0,True
mixed_drag,len3_cond1_1.csv,8.5,-0.0005949999999999012,0.0014386423740812685,False,0.0,True
mixed_drag,len3_cond1_1.csv,9.0,0.0010249999999999912,0.0014370068829724864,False,0.0,True
mixed_drag,len3_cond1_1.csv,9.5,0.001754999999999951,0.0014468942602165356,True,0.00015405286989170772,True
mixed_drag,len3_cond1_1.csv,10.0,-0.0027449999999997754,0.001440767566432891,True,0.000652116216783442,True
mixed_drag,len3_cond1_1.csv,10.5,0.0019000000000000128,0.0014411411823784096,True,0.00022942940881080158,True
mixed_drag,len3_cond1_1.csv,11.0,-0.0010950000000001237,0.001440806264847989,False,0.0,True
mixed_drag,len3_cond1_1.csv,11.5,-2.999999999986347e-05,0.0014391539797130035,False,0.0,True
mixed_drag,len3_cond1_1.csv,12.0,0.001734999999999709,0.0014408828196206414,True,0.0001470585901895338,True
mixed_drag,len3_cond1_1.csv,12.5,-0.002134999999999998,0.0014353855479890191,True,0.00034980722600548944,True
mixed_drag,len3_cond1_1.csv,13.0,-0.000710000000000089,0.0014386043311201675,False,0.0,True
mixed_drag,len3_cond1_1.csv,13.5,0.0015299999999999203,0.0014398999776451312,True,4.505001117739455e-05,True
mixed_drag,len3_cond1_1.csv,14.0,-0.001274999999999804,0.0014352442673605773,False,0.0,True
mixed_drag,len3_cond1_1.csv,14.5,0.0007149999999997991,0.0014360426317253149,False,0.0,True
mixed_drag,len3_cond1_1.csv,15.0,1.0000000000044695e-05,0.0014323218687616328,False,0.0,True
mixed_drag,len3_cond1_1.csv,15.5,0.0005650000000002597,0.0014359856140275424,False,0.0,True
mixed_drag,len3_cond1_1.csv,16.0,-0.0012399999999997968,0.0014385948936240928,False,0.0,True
mixed_drag,len3_cond1_1.csv,16.5,0.00165499999999974,0.0014305255928032938,True,0.00011223720359822308,True
mixed_drag,len3_cond1_1.csv,17.0,-0.0010450000000002506,0.0014358714408815865,False,0.0,True
mixed_drag,len3_cond1_1.csv,17.5,0.002200000000000202,0.001441299730726286,True,0.0003793501346369579,True
mixed_drag,len3_cond1_1.csv,18.0,-0.001975000000000393,0.0014334940227978465,True,0.0002707529886012733,True
mixed_drag,len3_cond1_1.csv,18.5,0.0008199999999999319,0.001431346581134812,False,0.0,True
mixed_drag,len3_cond1_1.csv,19.0,-0.0008800000000002001,0.0014345234511414305,False,0.0,True
mixed_drag,len3_cond1_1.csv,19.5,-0.0011350000000003302,0.0014281993352419065,False,0.0,True
mixed_drag,len3_cond1_1.csv,20.0,0.0005050000000000887,0.00143739486302986,False,0.0,True
mixed_drag,len3_cond1_1.csv,20.5,0.0002500000000000835,0.001425726634295633,False,0.0,True
mixed_drag,len3_cond1_1.csv,21.0,0.0003749999999997644,0.0014337750800656164,False,0.0,True
mixed_drag,len3_cond1_1.csv,21.5,0.0017300000000003424,0.0014383241291873786,True,0.00014583793540648188,True
mixed_drag,len3_cond1_1.csv,22.0,-0.0008200000000001539,0.0014307645484524403,False,0.0,True
mixed_drag,len3_cond1_1.csv,22.5,-0.0001700000000001145,0.0014271271224712066,False,0.0,True
mixed_drag,len3_cond1_1.csv,23.0,0.000915000000000124,0.0014279188094807353,False,0.0,True
mixed_drag,len3_cond1_1.csv,23.5,-0.0028100000000003678,0.0014303707302177585,True,0.0006898146348913046,True
mixed_drag,len3_cond1_1.csv,24.0,0.0025850000000002815,0.0014330082479095455,True,0.0005759958760453679,True
mixed_drag,len3_cond1_1.csv,24.5,-0.0012499999999999734,0.001422732159483864,False,0.0,True
mixed_drag,len3_cond1_1.csv,25.0,-0.00024000000000021227,0.0014277282041948688,False,0.0,True
mixed_drag,len3_cond1_1.csv,25.5,0.0005350000000001187,0.0014353373845680836,False,0.0,True
mixed_drag,len3_cond1_1.csv,26.0,5.000000000032756e-06,0.0014277068400134186,False,0.0,True
mixed_drag,len3_cond1_1.csv,26.5,-0.0005799999999995809,0.0014245542356430489,False,0.0,True
mixed_drag,len3_cond1_1.csv,27.0,-8.499999999982133e-05,0.0014261083723688516,False,0.0,True
mixed_drag,len3_cond1_1.csv,27.5,-0.001320000000000432,0.0014228982880224368,False,0.0,True
mixed_drag,len3_cond1_1.csv,28.0,0.0011450000000002847,0.0014302319806733434,False,0.0,True
mixed_drag,len3_cond1_1.csv,28.5,0.0022050000000002346,0.0014176475643235416,True,0.00039367621783834635,True
mixed_drag,len3_cond1_1.csv,29.0,-0.0009299999999998892,0.0014220261837411927,False,0.0,True
mixed_drag,len3_cond1_1.csv,29.5,0.00026500000000023727,0.0014225856791281995,False,0.0,True
mixed_drag,len3_cond1_1.csv,30.0,-0.0008050000000002777,0.0014284553669787652,False,0.0,True
mixed_drag,len3_cond1_1.csv,30.5,0.0009200000000001429,0.0014206555782530772,False,0.0,True
mixed_drag,len3_cond1_1.csv,31.0,0.0003799999999999637,0.001421259184123357,False,0.0,True
mixed_drag,len3_cond1_1.csv,31.5,-0.001304999999999945,0.0014258449957635,False,0.0,True
mixed_drag,len3_cond1_1.csv,32.0,0.0003449999999998177,0.0014244674539344734,False,0.0,True
mixed_drag,len3_cond1_1.csv,32.5,0.0004500000000001725,0.0014139333825107438,False,0.0,True
mixed_drag,len3_cond1_1.csv,33.0,-0.0017999999999996075,0.0014213389442249652,True,0.00018933052788732113,True
mixed_drag,len3_cond1_1.csv,33.5,0.0018350000000000866,0.0014206208154809187,True,0.00020718959225958392,True
mixed_drag,len3_cond1_1.csv,34.0,-0.0016199999999999548,0.0014202884362621714,True,9.985578186889172e-05,True
mixed_drag,len3_cond1_1.csv,34.5,0.0024100000000000232,0.001416406387053635,True,0.0004967968064731939,True
mixed_drag,len3_cond1_1.csv,35.0,-0.0004449999999999732,0.0014123738596647888,False,0.0,True
mixed_drag,len3_cond1_1.csv,35.5,-0.00013000000000035206,0.0014192465586005923,False,0.0,True
mixed_drag,len3_cond1_1.csv,36.0,-0.0011599999999994948,0.0014223503522156876,False,0.0,True
mixed_drag,len3_cond1_1.csv,36.5,0.0006949999999996681,0.0014099095610152616,False,0.0,True
mixed_drag,len3_cond1_1.csv,37.0,-0.0012100000000001832,0.0014128970882984085,False,0.0,True
mixed_drag,len3_cond1_1.csv,37.5,0.0007650000000002932,0.0014089321923688787,False,0.0,True
mixed_drag,len3_cond1_1.csv,38.0,0.0004550000000005383,0.0014213344081194781,False,0.0,True
mixed_drag,len3_cond1_1.csv,38.5,-0.001254999999999784,0.0014117760521841953,False,0.0,True
mixed_drag,len3_cond1_1.csv,39.0,-0.0007499999999995288,0.0014034614025803724,False,0.0,True
mixed_drag,len3_cond1_1.csv,39.5,0.0022899999999990706,0.0014132999699727835,True,0.0004383500150131434,True
mixed_drag,len3_cond1_1.csv,40.0,-0.001014999999999655,0.001420333126511315,False,0.0,True
mixed_drag,len3_cond1_1.csv,40.5,-0.0008450000000005398,0.0014054539653565597,False,0.0,True
mixed_drag,len3_cond1_1.csv,41.0,0.0014150000000001384,0.0014095508241556563,True,2.7245879222410115e-06,True
mixed_drag,len3_cond1_1.csv,41.5,-0.00047999999999953635,0.0014030788851117882,False,0.0,True
mixed_drag,len3_cond1_1.csv,42.0,0.0015699999999995162,0.001416900924053379,True,7.654953797306863e-05,True
mixed_drag,len3_cond1_1.csv,42.5,-0.0010099999999995113,0.0014081873427292196,False,0.0,True
mixed_drag,len3_cond1_1.csv,43.0,-0.0010400000000000964,0.0013971076906469984,False,0.0,True
mixed_drag,len3_cond1_1.csv,43.5,0.00032499999999999196,0.001408264058672988,False,0.0,True
mixed_drag,len3_cond1_1.csv,44.0,0.00032000000000032003,0.001413152156807098,False,0.0,True
mixed_drag,len3_cond1_1.csv,44.5,-0.0015250000000009978,0.0014023735194578163,True,6.131324027159072e-05,True
mixed_drag,len3_cond1_1.csv,45.0,0.0016800000000006254,0.0014070251361161647,True,0.00013648743194223038,True
mixed_drag,len3_cond1_1.csv,45.5,7.00000000000145e-05,0.0014032063571598646,False,0.0,True
mixed_drag,len3_cond1_1.csv,46.0,-0.0005649999999992605,0.0014132327161045749,False,0.0,True
mixed_drag,len3_cond1_1.csv,46.5,0.00014999999999987246,0.001406483960784681,False,0.0,True
mixed_drag,len3_cond1_1.csv,47.0,0.0009700000000000819,0.0013949631920970856,False,0.0,True
mixed_drag,len3_cond1_1.csv,47.5,-0.001224999999999643,0.0014143683289205584,False,0.0,True
mixed_drag,len3_cond1_1.csv,48.0,0.0007549999999995061,0.0014132327161045749,False,0.0,True
mixed_drag,len3_cond1_1.csv,48.5,-0.00022000000000099718,0.0013996315266209232,False,0.0,True
mixed_drag,len3_cond1_1.csv,49.0,-0.0001649999999993046,0.0014049891832804413,False,0.0,True
mixed_drag,len3_cond1_1.csv,49.5,-0.0007099999999995998,0.001404397320631791,False,0.0,True
mixed_drag,len3_cond1_1.csv,50.0,-0.0003300000000000525,0.0014096831883570952,False,0.0,True
mixed_drag,len3_cond1_1.csv,50.5,0.002175000000000371,0.0014040868374429359,True,0.0003854565812787176,True
mixed_drag,len3_cond1_1.csv,51.0,-0.0009050000000003222,0.0013969181756051554,False,0.0,True
mixed_drag,len3_cond1_1.csv,51.5,-0.0016500000000001097,0.001406655372309267,True,0.00012167231384542141,True
mixed_drag,len3_cond1_1.csv,52.0,0.0022900000000003473,0.0014096831883570952,True,0.00044015840582162593,True
mixed_drag,len3_cond1_1.csv,52.5,-0.0022600000000000398,0.0013985963254957584,True,0.0004307018372521406,True
mixed_drag,len3_cond1_1.csv,53.0,0.00012500000000015277,0.0014027628569827158,False,0.0,True
mixed_drag,len3_cond1_1.csv,53.5,0.0017199999999997079,0.0013966843809918577,True,0.0001616578095039251,True
mixed_drag,len3_cond1_1.csv,54.0,-0.0009299999999999864,0.0014071328243845938,False,0.0,True
mixed_drag,len3_cond1_1.csv,54.5,0.0011550000000002392,0.0014031507946618746,False,0.0,True
mixed_drag,len3_cond1_1.csv,55.0,1.5000000000098268e-05,0.001396272566584771,False,0.0,True
mixed_drag,len3_cond1_1.csv,55.5,-0.000359999999999569,0.0014003243003554665,False,0.0,True
mixed_drag,len3_cond1_1.csv,56.0,2.500000000010827e-05,0.0014109460443443344,False,0.0,True
mixed_drag,len3_cond1_1.csv,56.5,-0.00030500000000011074,0.0013980750532208365,False,0.0,True
mixed_drag,len3_cond1_1.csv,57.0,0.00039999999999990044,0.0014007187294504248,False,0.0,True
mixed_drag,len3_cond1_1.csv,57.5,-0.0010599999999999915,0.0014007638479555222,False,0.0,True
mixed_drag,len3_cond1_1.csv,58.0,-0.00028500000000025727,0.0014007629702617133,False,0.0,True
mixed_drag,len3_cond1_1.csv,58.5,0.0015250000000006647,0.0014034597713899243,True,6.077011430537021e-05,True
mixed_drag,len3_cond1_1.csv,59.0,-0.0013399999999999523,0.0013969597174953398,False,0.0,True
mixed_drag,len3_cond2_1.csv,0.0,0.0035049999999999804,0.0014657630365450885,True,0.0010196184817274458,True
mixed_drag,len3_cond2_1.csv,0.5,-0.0018649999999998945,0.0014737538943427862,True,0.00019562305282855416,True
mixed_drag,len3_cond2_1.csv,1.0,0.00011500000000003174,0.0014743562679871078,False,0.0,True
mixed_drag,len3_cond2_1.csv,1.5,0.0021249999999999325,0.001465007795901911,True,0.0003299961020490108,True
mixed_drag,len3_cond2_1.csv,2.0,-0.003614999999999924,0.00147443518238264,True,0.0010702824088086418,True
mixed_drag,len3_cond2_1.csv,2.5,0.0013450000000001516,0.0014544799149128157,False,0.0,True
mixed_drag,len3_cond2_1.csv,3.0,0.00048500000000002014,0.0014720519470064627,False,0.0,True
mixed_drag,len3_cond2_1.csv,3.5,-0.0012600000000000389,0.0014688914615073585,False,0.0,True
mixed_drag,len3_cond2_1.csv,4.0,0.001334999999999864,0.0014498193840776427,False,0.0,True
mixed_drag,len3_cond2_1.csv,4.5,-0.002134999999999998,0.001461414551472025,True,0.0003367927242639865,True
mixed_drag,len3_cond2_1.csv,5.0,0.001165000000000041,0.0014522850582060068,False,0.0,True
mixed_drag,len3_cond2_1.csv,5.5,0.0013799999999999368,0.0014467587469329149,False,0.0,True
mixed_drag,len3_cond2_1.csv,6.0,-0.002134999999999998,0.0014557943732103724,True,0.0003396028133948128,True
mixed_drag,len3_cond2_1.csv,6.5,0.0003049999999999997,0.0014367374255750331,False,0.0,True
mixed_drag,len3_cond2_1.csv,7.0,0.0021399999999999753,0.0014456233673313709,True,0.0003471883163343022,True
mixed_drag,len3_cond2_1.csv,7.5,-0.002114999999999867,0.0014499567322178982,True,0.0003325216338909844,True
mixed_drag,len3_cond2_1.csv,8.0,0.0012449999999997186,0.001428295321995845,False,0.0,True
mixed_drag,len3_cond2_1.csv,8.5,-0.0006649999999998046,0.0014358702128908043,False,0.0,True
mixed_drag,len3_cond2_1.csv,9.0,0.0017450000000000937,0.0014253403189693023,True,0.00015982984051539568,True
mixed_drag,len3_cond2_1.csv,9.5,0.00044499999999980666,0.0014318944009084134,False,0.0,True
mixed_drag,len3_cond2_1.csv,10.0,-0.0025799999999999157,0.0014342407000589993,True,0.000572879649970458,True
mixed_drag,len3_cond2_1.csv,10.5,0.0014000000000000679,0.0014172139659410278,False,0.0,True
mixed_drag,len3_cond2_1.csv,11.0,2.000000000003735e-05,0.0014262853595416762,False,0.0,True
mixed_drag,len3_cond2_1.csv,11.5,-0.001174999999999593,0.0014298694812751732,False,0.0,True
mixed_drag,len3_cond2_1.csv,12.0,0.0017699999999997162,0.0014112990868076797,True,0.00017935045659601826,True
mixed_drag,len3_cond2_1.csv,12.5,-0.0022400000000000753,0.0014185033946466684,True,0.0004107483026767033,True
mixed_drag,len3_cond2_1.csv,13.0,0.0006800000000000209,0.001411068771044396,False,0.0,True
mixed_drag,len3_cond2_1.csv,13.5,0.0026499999999995416,0.001411805142821508,True,0.0006190974285890166,True
mixed_drag,len3_cond2_1.csv,14.0,-0.003214999999999746,0.0014221165165637629,True,0.0008964417417179913,True
mixed_drag,len3_cond2_1.csv,14.5,0.0006599999999999939,0.0013982903830951506,False,0.0,True
mixed_drag,len3_cond2_1.csv,15.0,0.00036499999999999033,0.0014034622605028264,False,0.0,True
mixed_drag,len3_cond2_1.csv,15.5,-0.0015850000000000586,0.0014141932038040945,True,8.540339809798205e-05,True
mixed_drag,len3_cond2_1.csv,16.0,0.0008900000000001684,0.0014013272439671778,False,0.0,True
mixed_drag,len3_cond2_1.csv,16.5,0.0007500000000000284,0.0014068880405586582,False,0.0,True
mixed_drag,len3_cond2_1.csv,17.0,-0.0007550000000002763,0.0013924201757049496,False,0.0,True
mixed_drag,len3_cond2_1.csv,17.5,0.0007750000000000257,0.0014025611543484948,False,0.0,True
mixed_drag,len3_cond2_1.csv,18.0,0.0011499999999998733,0.0014077280692655811,False,0.0,True
mixed_drag,len3_cond2_1.csv,18.5,0.00027500000000013625,0.0013864984673425066,False,0.0,True
mixed_drag,len3_cond2_1.csv,19.0,-0.0005699999999998623,0.0013926521003036576,False,0.0,True
mixed_drag,len3_cond2_1.csv,19.5,-0.001034999999999675,0.0013994493407681902,False,0.0,True
mixed_drag,len3_cond2_1.csv,20.0,0.0001549999999997942,0.0013866594498307663,False,0.0,True
mixed_drag,len3_cond2_1.csv,20.5,-0.0017700000000002158,0.0013925634975439777,True,0.00018871825122811908,True
mixed_drag,len3_cond2_1.csv,21.0,0.000980000000000203,0.0013816122004008217,False,0.0,True
mixed_drag,len3_cond2_1.csv,21.5,0.001030000000000142,0.0013948370213694265,False,0.0,True
mixed_drag,len3_cond2_1.csv,22.0,0.00016499999999963766,0.0014016148567001395,False,0.0,True
mixed_drag,len3_cond2_1.csv,22.5,-0.000320000000000098,0.0013751822432354777,False,0.0,True
mixed_drag,len3_cond2_1.csv,23.0,0.00035000000000015574,0.0013858698527462448,False,0.0,True
mixed_drag,len3_cond2_1.csv,23.5,-0.0018549999999999955,0.001390627035249005,True,0.00023218648237549524,True
mixed_drag,len3_cond2_1.csv,24.0,0.00016499999999991521,0.001383579141137704,False,0.0,True
mixed_drag,len3_cond2_1.csv,24.5,0.0007849999999999246,0.0013837123217638417,False,0.0,True
mixed_drag,len3_cond2_1.csv,25.0,1.5000000000181535e-05,0.0013659532179446767,False,0.0,True
mixed_drag,len3_cond2_1.csv,25.5,0.00011500000000028154,0.0013775027521574907,False,0.0,True
mixed_drag,len3_cond2_1.csv,26.0,-0.0006649999999999712,0.0013958657499620023,False,0.0,True
mixed_drag,len3_cond2_1.csv,26.5,-0.00018499999999999073,0.0013684309013449545,False,0.0,True
mixed_drag,len3_cond2_1.csv,27.0,0.0009249999999997316,0.0013768520959230152,False,0.0,True
mixed_drag,len3_cond2_1.csv,27.5,-0.0017449999999999966,0.0013780747847383442,True,0.0001834626076308262,True
mixed_drag,len3_cond2_1.csv,28.0,0.001980000000000315,0.001378700173370509,True,0.00030064991331490293,True
mixed_drag,len3_cond2_1.csv,28.5,0.0010350000000000081,0.001378460801803419,False,0.0,True
mixed_drag,len3_cond2_1.csv,29.0,-0.0019150000000001943,0.0013608567577658643,True,0.000277071621117165,True
mixed_drag,len3_cond2_1.csv,29.5,0.0014000000000002344,0.0013670783938492881,True,1.6460803075473134e-05,True
mixed_drag,len3_cond2_1.csv,30.0,-0.00013999999999986246,0.0013802702846769399,False,0.0,True
mixed_drag,len3_cond2_1.csv,30.5,0.0008250000000001312,0.0013602937697239313,False,0.0,True
mixed_drag,len3_cond2_1.csv,31.0,-0.001109999999999861,0.0013709445064727281,False,0.0,True
mixed_drag,len3_cond2_1.csv,31.5,8.499999999994623e-05,0.0013773370093517086,False,0.0,True
mixed_drag,len3_cond2_1.csv,32.0,-0.0003099999999996439,0.0013629941633274507,False,0.0,True
mixed_drag,len3_cond2_1.csv,32.5,-0.00012000000000012001,0.001372365922944163,False,0.0,True
mixed_drag,len3_cond2_1.csv,33.0,9.500000000026154e-05,0.0013538125218261936,False,0.0,True
mixed_drag,len3_cond2_1.csv,33.5,0.00019500000000043094,0.0013588191748678514,False,0.0,True
mixed_drag,len3_cond2_1.csv,34.0,0.0013649999999993945,0.0013718659131510943,False,0.0,True
mixed_drag,len3_cond2_1.csv,34.5,-0.0014750000000003372,0.0013524450178881273,True,6.127749105610495e-05,True
mixed_drag,len3_cond2_1.csv,35.0,0.001459999999999656,0.0013671242563757062,True,4.643787181197491e-05,True
mixed_drag,len3_cond2_1.csv,35.5,-0.0015200000000000907,0.0013624622914664738,True,7.876885426680844e-05,True
mixed_drag,len3_cond2_1.csv,36.0,0.0017550000000000066,0.0013578825738258101,True,0.0001985587130870982,True
mixed_drag,len3_cond2_1.csv,36.5,-0.002319999999999822,0.001364144452384391,True,0.00047792777380771556,True
mixed_drag,len3_cond2_1.csv,37.0,0.002249999999999752,0.0013473995000195004,True,0.0004513002499901258,True
mixed_drag,len3_cond2_1.csv,37.5,-0.0014500000000001734,0.0013632625489635628,True,4.336872551830527e-05,True
mixed_drag,len3_cond2_1.csv,38.0,0.0006049999999999667,0.0013660607875451145,False,0.0,True
mixed_drag,len3_cond2_1.csv,38.5,-0.0005549999999999722,0.0013460822459204571,False,0.0,True
mixed_drag,len3_cond2_1.csv,39.0,-0.0003699999999995929,0.001356474289539452,False,0.0,True
mixed_drag,len3_cond2_1.csv,39.5,0.00011500000000085747,0.0013553365725108893,False,0.0,True
mixed_drag,len3_cond2_1.csv,40.0,-0.00016000000000043757,0.0013456840855393894,False,0.0,True
mixed_drag,len3_cond2_1.csv,40.5,0.00023999999999985144,0.0013560892724941596,False,0.0,True
mixed_drag,len3_cond2_1.csv,41.0,0.00045000000000039453,0.0013393247244473444,False,0.0,True
mixed_drag,len3_cond2_1.csv,41.5,0.0011649999999998155,0.0013494305745233364,False,0.0,True
mixed_drag,len3_cond2_1.csv,42.0,-0.0021299999999996044,0.0013632625489635628,True,0.0003833687255180208,True
mixed_drag,len3_cond2_1.csv,42.5,0.0007850000000001467,0.0013393926588335262,False,0.0,True
mixed_drag,len3_cond2_1.csv,43.0,-0.0010549999999999726,0.0013518510392395184,False,0.0,True
mixed_drag,len3_cond2_1.csv,43.5,0.0012450000000001349,0.0013395560153233166,False,0.0,True
mixed_drag,len3_cond2_1.csv,44.0,0.0004500000000006166,0.0013464140779580734,False,0.0,True
mixed_drag,len3_cond2_1.csv,44.5,-0.0020250000000006096,0.0013538257524077087,True,0.00033558712379645045,True
mixed_drag,len3_cond2_1.csv,45.0,0.0025600000000001732,0.001332138410433522,True,0.0006139307947833255,True
mixed_drag,len3_cond2_1.csv,45.5,-0.0012550000000003114,0.0013469570294695858,False,0.0,True
mixed_drag,len3_cond2_1.csv,46.0,-0.00020000000000022777,0.0013478089948928398,False,0.0,True
mixed_drag,len3_cond2_1.csv,46.5,0.00042500000000017524,0.0013375185502675793,False,0.0,True
mixed_drag,len3_cond2_1.csv,47.0,-0.0007050000000003998,0.00134461223445921,False,0.0,True
mixed_drag,len3_cond2_1.csv,47.5,0.00044000000000017636,0.001330231526691554,False,0.0,True
mixed_drag,len3_cond2_1.csv,48.0,8.00000000000245e-05,0.0013402200186865892,False,0.0,True
mixed_drag,len3_cond2_1.csv,48.5,-0.00026999999999999247,0.0013478563331380357,False,0.0,True
mixed_drag,len3_cond2_1.csv,49.0,0.0008299999999997754,0.0013259606811149263,False,0.0,True
mixed_drag,len3_cond2_1.csv,49.5,-0.0010350000000006743,0.0013363526972205958,False,0.0,True
mixed_drag,len3_cond2_1.csv,50.0,1.5000000000181535e-05,0.0013297978985658745,False,0.0,True
mixed_drag,len3_cond2_1.csv,50.5,0.00017999999999990246,0.0013311184841837197,False,0.0,True
mixed_drag,len3_cond2_1.csv,51.0,0.00013999999999997348,0.0013377729262455634,False,0.0,True
mixed_drag,len3_cond2_1.csv,51.5,0.0015499999999998848,0.00132516259752455,True,0.00011241870123766741,True
mixed_drag,len3_cond2_1.csv,52.0,-0.002034999999999204,0.0013366042031847244,True,0.00034919789840723986,True
mixed_drag,len3_cond2_1.csv,52.5,4.500000000007276e-05,0.0013451284189311007,False,0.0,True
mixed_drag,len3_cond2_1.csv,53.0,-1.4999999999820712e-05,0.0013200111303234671,False,0.0,True
mixed_drag,len3_cond2_1.csv,53.5,-0.0009300000000001807,0.0013318893667662022,False,0.0,True
mixed_drag,len3_cond2_1.csv,54.0,0.00176500000000019,0.0013245509275179599,True,0.00022022453624111508,True
mixed_drag,len3_cond2_1.csv,54.5,-0.0009349999999996861,0.001322581502634129,False,0.0,True
mixed_drag,len3_cond2_1.csv,55.0,0.0007849999999997026,0.0013327079584627807,False,0.0,True
mixed_drag,len3_cond2_1.csv,55.5,-0.0007150000000004375,0.0013132343603777224,False,0.0,True
mixed_drag,len3_cond2_1.csv,56.0,0.00023000000000000104,0.001329261080071685,False,0.0,True
mixed_drag,len3_cond2_1.csv,56.5,-0.0011399999999996413,0.0013318654699705336,False,0.0,True
mixed_drag,len3_cond2_1.csv,57.0,0.0018849999999995815,0.0013143309914327337,True,0.0002853345042834239,True
mixed_drag,len3_cond2_1.csv,57.5,-0.0010450000000002957,0.0013282273869316828,False,0.0,True
mixed_drag,len3_cond2_1.csv,58.0,0.0005449999999994444,0.001321087824377814,False,0.0,True
mixed_drag,len3_cond2_1.csv,58.5,-0.0005450000000001842,0.0013166992587456663,False,0.0,True
mixed_drag,len3_cond2_1.csv,59.0,-9.000000000009001e-05,0.0013260253553099037,False,0.0,True
mixed_drag,len3_cond3_1.csv,0.0,0.0011250000000002647,0.0015475935549689537,False,0.0,True
mixed_drag,len3_cond3_1.csv,0.5,0.00046999999999997044,0.0015448173330022037,False,0.0,True
mixed_drag,len3_cond3_1.csv,1.0,-0.0008349999999999608,0.0015426846578550128,False,0.0,True
mixed_drag,len3_cond3_1.csv,1.5,0.0018999999999999018,0.0015257140145735451,True,0.00018714299271317832,True
mixed_drag,len3_cond3_1.csv,2.0,-0.0029199999999998116,0.001534315119837702,True,0.0006928424400810549,True
mixed_drag,len3_cond3_1.csv,2.5,0.0015500000000001624,0.0015179194156540949,True,1.6040292173033748e-05,True
mixed_drag,len3_cond3_1.csv,3.0,-0.0008899999999999741,0.0015189333307472795,False,0.0,True
mixed_drag,len3_cond3_1.csv,3.5,0.0008149999999997881,0.0015257596864869888,False,0.0,True
mixed_drag,len3_cond3_1.csv,4.0,-0.0004300000000001525,0.0015057236176443329,False,0.0,True
mixed_drag,len3_cond3_1.csv,4.5,-5.999999999994898e-05,0.001502384378607227,False,0.0,True
mixed_drag,len3_cond3_1.csv,5.0,0.00037500000000012523,0.0014984572067488152,False,0.0,True
mixed_drag,len3_cond3_1.csv,5.5,0.0002950000000000452,0.0015009931165334682,False,0.0,True
mixed_drag,len3_cond3_1.csv,6.0,-0.0006049999999997446,0.001490716099838015,False,0.0,True
mixed_drag,len3_cond3_1.csv,6.5,0.0017349999999999866,0.0014733989979123846,True,0.000130800501043801,True
mixed_drag,len3_cond3_1.csv,7.0,-0.0013750000000001261,0.0014702051656280343,False,0.0,True
mixed_drag,len3_cond3_1.csv,7.5,-0.0004249999999998977,0.0014976433534570456,False,0.0,True
mixed_drag,len3_cond3_1.csv,8.0,0.0019099999999998563,0.0014663358152864118,True,0.00022183209235672225,True
mixed_drag,len3_cond3_1.csv,8.5,-0.0029199999999998116,0.0014699661412872966,True,0.0007250169293562575,True
mixed_drag,len3_cond3_1.csv,9.0,0.0010650000000002602,0.0014696459343661087,False,0.0,True
mixed_drag,len3_cond3_1.csv,9.5,0.0006849999999998246,0.0014666902215927616,False,0.0,True
mixed_drag,len3_cond3_1.csv,10.0,-0.002354999999999885,0.0014541319067069665,True,0.00045043404664645915,True
mixed_drag,len3_cond3_1.csv,10.5,0.0022000000000000353,0.0014461014284366856,True,0.0003769492857816748,True
mixed_drag,len3_cond3_1.csv,11.0,-0.00048500000000029075,0.0014477210724099694,False,0.0,True
mixed_drag,len3_cond3_1.csv,11.5,-8.999999999992347e-05,0.0014602132604081084,False,0.0,True
mixed_drag,len3_cond3_1.csv,12.0,0.0001999999999996449,0.0014340578184178427,False,0.0,True
mixed_drag,len3_cond3_1.csv,12.5,0.0012799999999999478,0.0014354236422103284,False,0.0,True
mixed_drag,len3_cond3_1.csv,13.0,-0.0015749999999997988,0.0014311373685451277,True,7.193131572733557e-05,True
mixed_drag,len3_cond3_1.csv,13.5,0.0004750000000000032,0.0014326186359891625,False,0.0,True
mixed_drag,len3_cond3_1.csv,14.0,-5.500000000002725e-05,0.0014247318069764046,False,0.0,True
mixed_drag,len3_cond3_1.csv,14.5,-5.0000000000050004e-05,0.001412761093395477,False,0.0,True
mixed_drag,len3_cond3_1.csv,15.0,3.0000000000002247e-05,0.0014149893293668226,False,0.0,True
mixed_drag,len3_cond3_1.csv,15.5,0.0002249999999999197,0.001425250317073074,False,0.0,True
mixed_drag,len3_cond3_1.csv,16.0,0.0009749999999999481,0.0014075167939888162,False,0.0,True
mixed_drag,len3_cond3_1.csv,16.5,-0.0003850000000000797,0.001410492120047196,False,0.0,True
mixed_drag,len3_cond3_1.csv,17.0,-0.0019100000000000505,0.0014039046633816164,True,0.00025304766830921705,True
mixed_drag,len3_cond3_1.csv,17.5,0.0012600000000001499,0.001406892450624641,False,0.0,True
mixed_drag,len3_cond3_1.csv,18.0,-0.000320000000000209,0.001401604578437845,False,0.0,True
mixed_drag,len3_cond3_1.csv,18.5,-0.0013950000000001461,0.0013962039867274113,False,0.0,True
mixed_drag,len3_cond3_1.csv,19.0,0.00016499999999991521,0.0013934512914441548,False,0.0,True
mixed_drag,len3_cond3_1.csv,19.5,0.0006099999999998329,0.0013985835576679762,False,0.0,True
mixed_drag,len3_cond3_1.csv,20.0,-0.00023499999999976318,0.0013893809594457338,False,0.0,True
mixed_drag,len3_cond3_1.csv,20.5,0.00025999999999992696,0.001388243199315136,False,0.0,True
mixed_drag,len3_cond3_1.csv,21.0,3.500000000018766e-05,0.0013884746397386158,False,0.0,True
mixed_drag,len3_cond3_1.csv,21.5,0.000760000000000205,0.001390221742847347,False,0.0,True
mixed_drag,len3_cond3_1.csv,22.0,0.001074999999999826,0.001382965842316179,False,0.0,True
mixed_drag,len3_cond3_1.csv,22.5,-0.0019449999999997525,0.0013766752067191413,True,0.0002841623966403056,True
mixed_drag,len3_cond3_1.csv,23.0,0.0019049999999997541,0.0013789205206249557,True,0.0002630397396873992,True
mixed_drag,len3_cond3_1.csv,23.5,-0.0022500000000001963,0.0013831089150967678,True,0.00043344554245171416,True
mixed_drag,len3_cond3_1.csv,24.0,-0.0002649999999999597,0.0013724754418601277,False,0.0,True
mixed_drag,len3_cond3_1.csv,24.5,-0.00024000000000024002,0.0013708186141759271,False,0.0,True
mixed_drag,len3_cond3_1.csv,25.0,-4.999999999907856e-06,0.001374038964137221,False,0.0,True
mixed_drag,len3_cond3_1.csv,25.5,0.0010999999999999899,0.00137574624075253,False,0.0,True
mixed_drag,len3_cond3_1.csv,26.0,-0.0006050000000002997,0.0013686750124841328,False,0.0,True
mixed_drag,len3_cond3_1.csv,26.5,0.0011450000000000626,0.0013642584718470722,False,0.0,True
mixed_drag,len3_cond3_1.csv,27.0,1.942890293094024e-16,0.0013598345816458511,False,0.0,True
mixed_drag,len3_cond3_1.csv,27.5,-0.0007850000000003132,0.001368572267793636,False,0.0,True
mixed_drag,len3_cond3_1.csv,28.0,0.0006250000000002087,0.0013601161857734988,False,0.0,True
mixed_drag,len3_cond3_1.csv,28.5,0.0002749999999998032,0.0013593964795278945,False,0.0,True
mixed_drag,len3_cond3_1.csv,29.0,-0.0004100000000000041,0.0013550834621554064,False,0.0,True
mixed_drag,len3_cond3_1.csv,29.5,0.0011700000000002264,0.0013574791700238051,False,0.0,True
mixed_drag,len3_cond3_1.csv,30.0,0.0001549999999997942,0.001356760647594837,False,0.0,True
mixed_drag,len3_cond3_1.csv,30.5,-0.0008749999999999591,0.0013499577877910186,False,0.0,True
mixed_drag,len3_cond3_1.csv,31.0,0.0013299999999998417,0.0013574791700238051,False,0.0,True
mixed_drag,len3_cond3_1.csv,31.5,-0.0013000000000002454,0.0013463053512591124,False,0.0,True
mixed_drag,len3_cond3_1.csv,32.0,0.00036500000000011523,0.0013465541411008218,False,0.0,True
mixed_drag,len3_cond3_1.csv,32.5,2.0000000000131024e-05,0.001346272884586921,False,0.0,True
mixed_drag,len3_cond3_1.csv,33.0,4.5000000000232354e-05,0.0013426073905528119,False,0.0,True
mixed_drag,len3_cond3_1.csv,33.5,-0.0003249999999997699,0.0013469709911280883,False,0.0,True
mixed_drag,len3_cond3_1.csv,34.0,-0.0008249999999999091,0.0013458514744600933,False,0.0,True
mixed_drag,len3_cond3_1.csv,34.5,0.0011350000000001081,0.0013405695140096179,False,0.0,True
mixed_drag,len3_cond3_1.csv,35.0,0.00011500000000030236,0.0013408515628129656,False,0.0,True
mixed_drag,len3_cond3_1.csv,35.5,-0.0020349999999998702,0.0013413233885986857,True,0.00034683830570059226,True
mixed_drag,len3_cond3_1.csv,36.0,0.0007000000000000339,0.0013426128454048002,False,0.0,True
mixed_drag,len3_cond3_1.csv,36.5,0.0008350000000004743,0.0013378591310262147,False,0.0,True
mixed_drag,len3_cond3_1.csv,37.0,-0.0010100000000002468,0.001330889559392354,False,0.0,True
mixed_drag,len3_cond3_1.csv,37.5,0.0003749999999997644,0.0013389317601885254,False,0.0,True
mixed_drag,len3_cond3_1.csv,38.0,0.0015399999999994307,0.0013388621871686978,True,0.00010056890641536647,True
mixed_drag,len3_cond3_1.csv,38.5,-0.0007450000000001622,0.0013291289045830063,False,0.0,True
mixed_drag,len3_cond3_1.csv,39.0,-0.0011050000000004528,0.001333880840498771,False,0.0,True
mixed_drag,len3_cond3_1.csv,39.5,0.00016500000000033155,0.0013330006691115214,False,0.0,True
mixed_drag,len3_cond3_1.csv,40.0,0.0005399999999998184,0.0013372175228520038,False,0.0,True
mixed_drag,len3_cond3_1.csv,40.5,-0.00043000000000009697,0.0013283539955440658,False,0.0,True
mixed_drag,len3_cond3_1.csv,41.0,0.0015349999999997033,0.0013246201620665179,True,0.00010518991896659271,True
mixed_drag,len3_cond3_1.csv,41.5,-0.00038500000000026013,0.0013267952495071209,False,0.0,True
mixed_drag,len3_cond3_1.csv,42.0,-0.00034999999999996145,0.0013309504177055535,False,0.0,True
mixed_drag,len3_cond3_1.csv,42.5,0.0009449999999998626,0.0013204064240712533,False,0.0,True
mixed_drag,len3_cond3_1.csv,43.0,-0.002270000000000272,0.0013239041032637568,True,0.0004730479483682574,True
mixed_drag,len3_cond3_1.csv,43.5,0.002194999999999697,0.0013268146284199185,True,0.00043409268578988936,True
mixed_drag,len3_cond3_1.csv,44.0,-0.0016399999999996417,0.0013223075508439523,True,0.00015884622457784474,True
mixed_drag,len3_cond3_1.csv,44.5,-0.0010149999999999604,0.0013204064240712533,False,0.0,True
mixed_drag,len3_cond3_1.csv,45.0,0.0004900000000001847,0.0013180771322433148,False,0.0,True
mixed_drag,len3_cond3_1.csv,45.5,-0.0001449999999998397,0.0013274065432026638,False,0.0,True
mixed_drag,len3_cond3_1.csv,46.0,0.0006399999999998907,0.0013204017390299205,False,0.0,True
mixed_drag,len3_cond3_1.csv,46.5,0.00044000000000035677,0.0013129520112819247,False,0.0,True
mixed_drag,len3_cond3_1.csv,47.0,-7.999999999983021e-05,0.0013141010477999914,False,0.0,True
mixed_drag,len3_cond3_1.csv,47.5,-0.0009599999999998846,0.0013167467384327682,False,0.0,True
mixed_drag,len3_cond3_1.csv,48.0,0.0021750000000000935,0.0013149044064321535,True,0.00043004779678397,True
mixed_drag,len3_cond3_1.csv,48.5,-0.001715000000000022,0.0013153829737194745,True,0.00019980851314027376,True
mixed_drag,len3_cond3_1.csv,49.0,-0.00016999999999969817,0.0013103042787813133,False,0.0,True
mixed_drag,len3_cond3_1.csv,49.5,0.0005000000000000802,0.0013076853668074677,False,0.0,True
mixed_drag,len3_cond3_1.csv,50.0,-6.0000000000753895e-05,0.0013181354403435466,False,0.0,True
mixed_drag,len3_cond3_1.csv,50.5,-0.0004750000000000587,0.0013067557873785898,False,0.0,True
mixed_drag,len3_cond3_1.csv,51.0,-0.0007150000000000489,0.0013059887012444858,False,0.0,True
mixed_drag,len3_cond3_1.csv,51.5,0.002359999999999817,0.0013081605302182081,True,0.0005259197348908044,True
mixed_drag,len3_cond3_1.csv,52.0,-0.00015500000000037706,0.0013092125139419954,False,0.0,True
mixed_drag,len3_cond3_1.csv,52.5,0.00027000000000038105,0.0013075587726422851,False,0.0,True
mixed_drag,len3_cond3_1.csv,53.0,-0.002079999999999582,0.0013012564779080412,True,0.00038937176104577047,True
mixed_drag,len3_cond3_1.csv,53.5,0.0010650000000000876,0.0013047348592705834,False,0.0,True
mixed_drag,len3_cond3_1.csv,54.0,0.00026500000000057033,0.0013086698745934846,False,0.0,True
mixed_drag,len3_cond3_1.csv,54.5,0.000235000000000124,0.0013032579463785826,False,0.0,True
mixed_drag,len3_cond3_1.csv,55.0,-0.0004649999999996046,0.0013023029995625143,False,0.0,True
mixed_drag,len3_cond3_1.csv,55.5,-0.000779999999999937,0.0012998803868859152,False,0.0,True
mixed_drag,len3_cond3_1.csv,56.0,0.00040000000000033065,0.0013009677960685712,False,0.0,True
mixed_drag,len3_cond3_1.csv,56.5,-0.0005799999999998862,0.0013019016539115497,False,0.0,True
mixed_drag,len3_cond3_1.csv,57.0,0.0021899999999999142,0.0012983187517844616,True,0.0004458406241077263,True
mixed_drag,len3_cond3_1.csv,57.5,-0.000570000000000008,0.0013032547332323607,False,0.0,True
mixed_drag,len3_cond3_1.csv,58.0,-0.0012549999999997563,0.0013006162881782125,False,0.0,True
mixed_drag,len3_cond3_1.csv,58.5,0.00033999999999959063,0.0013014821759635095,False,0.0,True
mixed_drag,len3_cond3_1.csv,59.0,-0.0005750000000002142,0.0012988419727114453,False,0.0,True
mixed_drag,len4_cond1_1.csv,0.0,0.0009399999999999409,0.0015012500411624326,False,0.0,True
mixed_drag,len4_cond1_1.csv,0.5,-0.0011249999999998206,0.0014957351871491707,False,0.0,True
mixed_drag,len4_cond1_1.csv,1.0,-0.0007349999999999302,0.0014886329722149816,False,0.0,True
mixed_drag,len4_cond1_1.csv,1.5,0.001100000000000101,0.001498383489363658,False,0.0,True
mixed_drag,len4_cond1_1.csv,2.0,0.001080000000000192,0.0014932929832111744,False,0.0,True
mixed_drag,len4_cond1_1.csv,2.5,-0.0022000000000000353,0.0014839816299662104,True,0.00035800918501691244,True
mixed_drag,len4_cond1_1.csv,3.0,0.0016700000000000603,0.0014952648020307262,True,8.736759898466707e-05,True
mixed_drag,len4_cond1_1.csv,3.5,-8.999999999992347e-05,0.0014890999978981764,False,0.0,True
mixed_drag,len4_cond1_1.csv,4.0,-0.001550000000000079,0.0014864101916109017,True,3.1794904194588696e-05,True
mixed_drag,len4_cond1_1.csv,4.5,0.0020049999999999235,0.001492370503931633,True,0.00025631474803414526,True
mixed_drag,len4_cond1_1.csv,5.0,-0.0028799999999997716,0.0014851866278241372,True,0.000697406686087817,True
mixed_drag,len4_cond1_1.csv,5.5,0.0005949999999998457,0.0014790125710932751,False,0.0,True
mixed_drag,len4_cond1_1.csv,6.0,0.0020049999999999235,0.001489026214835326,True,0.00025798689258229874,True
mixed_drag,len4_cond1_1.csv,6.5,0.00016499999999997073,0.001479587977065446,False,0.0,True
mixed_drag,len4_cond1_1.csv,7.0,-0.002155000000000129,0.0014736018729382865,True,0.00034069906353092127,True
mixed_drag,len4_cond1_1.csv,7.5,0.0037399999999999656,0.001490450417084723,True,0.0011247747914576213,True
mixed_drag,len4_cond1_1.csv,8.0,-0.0036849999999999383,0.0014778944075260676,True,0.0011035527962369352,True
mixed_drag,len4_cond1_1.csv,8.5,0.001584999999999892,0.0014703998333692166,True,5.730008331533774e-05,True
mixed_drag,len4_cond1_1.csv,9.0,0.000620000000000287,0.0014963357936579578,False,0.0,True
mixed_drag,len4_cond1_1.csv,9.5,-0.0010299999999998644,0.001474777750729835,False,0.0,True
mixed_drag,len4_cond1_1.csv,10.0,-0.00012999999999996348,0.0014699995952880483,False,0.0,True
mixed_drag,len4_cond1_1.csv,10.5,0.0026449999999997864,0.0014900204138853191,True,0.0005774897930572336,True
mixed_drag,len4_cond1_1.csv,11.0,-0.003195000000000059,0.0014724155434019386,True,0.00086129222829906,True
mixed_drag,len4_cond1_1.csv,11.5,0.00040000000000006697,0.0014709289006038305,False,0.0,True
mixed_drag,len4_cond1_1.csv,12.0,0.0019649999999999945,0.0014927578623164222,True,0.00023612106884178617,True
mixed_drag,len4_cond1_1.csv,12.5,-0.0025800000000000267,0.0014720352328631773,True,0.0005539823835684246,True
mixed_drag,len4_cond1_1.csv,13.0,0.0021250000000000435,0.0014666284448811386,True,0.00032918577755945244,True
mixed_drag,len4_cond1_1.csv,13.5,-0.000980000000000092,0.0014826670483787166,False,0.0,True
mixed_drag,len4_cond1_1.csv,14.0,0.00016000000000016001,0.0014704716139945463,False,0.0,True
mixed_drag,len4_cond1_1.csv,14.5,-0.00033500000000014074,0.0014671610225002324,False,0.0,True
mixed_drag,len4_cond1_1.csv,15.0,8.999999999992347e-05,0.0014687270381006329,False,0.0,True
mixed_drag,len4_cond1_1.csv,15.5,0.00034499999999959563,0.0014719240565252256,False,0.0,True
mixed_drag,len4_cond1_1.csv,16.0,-0.0008549999999997171,0.001466264159269516,False,0.0,True
mixed_drag,len4_cond1_1.csv,16.5,0.0008050000000001112,0.0014687886558503935,False,0.0,True
mixed_drag,len4_cond1_1.csv,17.0,-0.0017250000000006427,0.0014717129968008775,True,0.00012664350159988257,True
mixed_drag,len4_cond1_1.csv,17.5,0.0025450000000004636,0.00146410463939448,True,0.0005404476803029916,True
mixed_drag,len4_cond1_1.csv,18.0,-0.0009299999999997643,0.0014651908320370101,False,0.0,True
mixed_drag,len4_cond1_1.csv,18.5,-0.0011500000000004285,0.0014770470411740897,False,0.0,True
mixed_drag,len4_cond1_1.csv,19.0,0.002315000000000178,0.0014632704114736956,True,0.0004258647942632411,True
mixed_drag,len4_cond1_1.csv,19.5,-0.0007649999999999602,0.0014535508346950159,False,0.0,True
mixed_drag,len4_cond1_1.csv,20.0,-0.002100000000000657,0.0014847227743017492,True,0.00030763861284945385,True
mixed_drag,len4_cond1_1.csv,20.5,0.0021650000000000835,0.0014601623951967214,True,0.0003524188024016811,True
mixed_drag,len4_cond1_1.csv,21.0,-0.0005100000000001215,0.0014515050853038333,False,0.0,True
mixed_drag,len4_cond1_1.csv,21.5,9.999999999732445e-06,0.001488980834783104,False,0.0,True
mixed_drag,len4_cond1_1.csv,22.0,-0.0010499999999998844,0.00145834439691512,False,0.0,True
mixed_drag,len4_cond1_1.csv,22.5,0.0012749999999999706,0.0014546946121565623,False,0.0,True
mixed_drag,len4_cond1_1.csv,23.0,-0.0010050000000000336,0.001487099213265957,False,0.0,True
mixed_drag,len4_cond1_1.csv,23.5,0.0021099999999999453,0.001458320966092025,True,0.0003258395169539601,True
mixed_drag,len4_cond1_1.csv,24.0,-0.001395000000000035,0.0014590831049475573,False,0.0,True
mixed_drag,len4_cond1_1.csv,24.5,0.0014199999999999768,0.0014789085883618863,False,0.0,True
mixed_drag,len4_cond1_1.csv,25.0,-0.0015899999999998693,0.0014579656229194752,True,6.601718854019705e-05,True
mixed_drag,len4_cond1_1.csv,25.5,-9.000000000010389e-05,0.001455491696910484,False,0.0,True
mixed_drag,len4_cond1_1.csv,26.0,0.0005999999999999339,0.001471251246885719,False,0.0,True
mixed_drag,len4_cond1_1.csv,26.5,9.000000000014552e-05,0.0014577779210473837,False,0.0,True
mixed_drag,len4_cond1_1.csv,27.0,0.0009150000000000234,0.0014576678687520594,False,0.0,True
mixed_drag,len4_cond1_1.csv,27.5,-0.0007449999999997736,0.0014571340366529531,False,0.0,True
mixed_drag,len4_cond1_1.csv,28.0,0.001214999999999966,0.0014574435491213197,False,0.0,True
mixed_drag,len4_cond1_1.csv,28.5,-0.0011149999999999077,0.0014569973555667753,False,0.0,True
mixed_drag,len4_cond1_1.csv,29.0,4.999999999921734e-06,0.0014579696194483617,False,0.0,True
mixed_drag,len4_cond1_1.csv,29.5,-0.0002750000000000252,0.0014555898580117126,False,0.0,True
mixed_drag,len4_cond1_1.csv,30.0,-4.000000000001225e-05,0.0014532101535763055,False,0.0,True
mixed_drag,len4_cond1_1.csv,30.5,-0.00013500000000010726,0.0014556236631817442,False,0.0,True
mixed_drag,len4_cond1_1.csv,31.0,0.00138000000000027,0.0014545746680662687,False,0.0,True
mixed_drag,len4_cond1_1.csv,31.5,-0.0013749999999998763,0.0014512351411885025,False,0.0,True
mixed_drag,len4_cond1_1.csv,32.0,-0.0002350000000003183,0.0014630121997974365,False,0.0,True
mixed_drag,len4_cond1_1.csv,32.5,0.0003400000000007841,0.0014536303980171733,False,0.0,True
mixed_drag,len4_cond1_1.csv,33.0,0.0010849999999996696,0.0014460165296411099,False,0.0,True
mixed_drag,len4_cond1_1.csv,33.5,-0.002060000000000617,0.001459052800788251,True,0.00030047359960618295,True
mixed_drag,len4_cond1_1.csv,34.0,-6.499999999920458e-05,0.0014518220450687551,False,0.0,True
mixed_drag,len4_cond1_1.csv,34.5,0.0024249999999992333,0.0014464923140641097,True,0.0004892538429675617,True
mixed_drag,len4_cond1_1.csv,35.0,-0.0030100000000005123,0.0014563534029691009,True,0.0007768232985157055,True
mixed_drag,len4_cond1_1.csv,35.5,0.00036500000000061483,0.0014537607392746002,False,0.0,True
mixed_drag,len4_cond1_1.csv,36.0,-3.500000000017378e-05,0.0014403782053538313,False,0.0,True
mixed_drag,len4_cond1_1.csv,36.5,-0.0004850000000005128,0.001455264737431068,False,0.0,True
mixed_drag,len4_cond1_1.csv,37.0,0.002855000000000163,0.0014561143909360284,True,0.000699442804532067,True
mixed_drag,len4_cond1_1.csv,37.5,-0.0018449999999992084,0.0014408798696064035,True,0.00020206006519640242,True
mixed_drag,len4_cond1_1.csv,38.0,-0.00040000000000040004,0.0014514982792465986,False,0.0,True
mixed_drag,len4_cond1_1.csv,38.5,0.0024400000000001087,0.0014601162020800315,True,0.0004899418989600384,True
mixed_drag,len4_cond1_1.csv,39.0,-0.0011249999999998206,0.0014396283307855878,False,0.0,True
mixed_drag,len4_cond1_1.csv,39.5,-0.0020450000000004076,0.0014405449625124992,True,0.0003022275187439542,True
mixed_drag,len4_cond1_1.csv,40.0,0.003629999999999689,0.0014666151662571418,True,0.0010816924168712736,True
mixed_drag,len4_cond1_1.csv,40.5,-0.0022899999999999032,0.0014377449467282742,True,0.0004261275266358144,True
mixed_drag,len4_cond1_1.csv,41.0,0.0008549999999995506,0.0014315798457957328,False,0.0,True
mixed_drag,len4_cond1_1.csv,41.5,0.0013700000000004264,0.0014640945866879233,False,0.0,True
mixed_drag,len4_cond1_1.csv,42.0,-0.0017099999999998783,0.0014368166647434598,True,0.00013659166762820926,True
mixed_drag,len4_cond1_1.csv,42.5,-0.0006949999999998624,0.0014285537901027351,False,0.0,True
mixed_drag,len4_cond1_1.csv,43.0,0.002275000000000027,0.0014610170558642314,True,0.0004069914720678977,True
mixed_drag,len4_cond1_1.csv,43.5,-0.0014599999999995728,0.0014361687243316212,True,1.1915637833975778e-05,True
mixed_drag,len4_cond1_1.csv,44.0,0.00012000000000005062,0.0014308772998582867,False,0.0,True
mixed_drag,len4_cond1_1.csv,44.5,0.001080000000000414,0.0014437974784235392,False,0.0,True
mixed_drag,len4_cond1_1.csv,45.0,-0.002254999999999674,0.0014337338343326695,True,0.0004106330828335021,True
mixed_drag,len4_cond1_1.csv,45.5,1.0000000000301434e-05,0.0014312766718545295,False,0.0,True
mixed_drag,len4_cond1_1.csv,46.0,0.0004900000000002125,0.001442567258522471,False,0.0,True
mixed_drag,len4_cond1_1.csv,46.5,-0.0008100000000008656,0.0014310105915308355,False,0.0,True
mixed_drag,len4_cond1_1.csv,47.0,0.0010699999999998905,0.001432202182113952,False,0.0,True
mixed_drag,len4_cond1_1.csv,47.5,0.0009050000000003777,0.0014427611280471413,False,0.0,True
mixed_drag,len4_cond1_1.csv,48.0,-0.0003900000000006676,0.0014301618471536798,False,0.0,True
mixed_drag,len4_cond1_1.csv,48.5,-0.0018549999999996902,0.0014335078786520353,True,0.00021074606067382744,True
mixed_drag,len4_cond1_1.csv,49.0,0.0018499999999997963,0.0014365735065769072,True,0.00020671324671144454,True
mixed_drag,len4_cond1_1.csv,49.5,-0.0007150000000004653,0.0014281259333902,False,0.0,True
mixed_drag,len4_cond1_1.csv,50.0,0.000370000000000148,0.0014276004356380634,False,0.0,True
mixed_drag,len4_cond1_1.csv,50.5,0.0007149999999999102,0.0014403460352933068,False,0.0,True
mixed_drag,len4_cond1_1.csv,51.0,-0.0016900000000008575,0.0014277680366632476,True,0.00013111598166880495,True
mixed_drag,len4_cond1_1.csv,51.5,0.0009550000000003722,0.0014263779792793997,False,0.0,True
mixed_drag,len4_cond1_1.csv,52.0,0.0018950000000001466,0.0014377906533220067,True,0.00022860467333906992,True
mixed_drag,len4_cond1_1.csv,52.5,-0.0018249999999995214,0.0014318305855247006,True,0.00019658470723741043,True
mixed_drag,len4_cond1_1.csv,53.0,-0.0018399999999997307,0.0014287339788013578,True,0.00020563301059918645,True
mixed_drag,len4_cond1_1.csv,53.5,0.0022099999999998787,0.0014330377708792698,True,0.00038848111456030437,True
mixed_drag,len4_cond1_1.csv,54.0,0.00023000000000050758,0.0014376818212359012,False,0.0,True
mixed_drag,len4_cond1_1.csv,54.5,-0.00010500000000024379,0.0014256539786586862,False,0.0,True
mixed_drag,len4_cond1_1.csv,55.0,-0.0005149999999990995,0.001430532126649687,False,0.0,True
mixed_drag,len4_cond1_1.csv,55.5,-0.00043500000000018524,0.0014463103800962348,False,0.0,True
mixed_drag,len4_cond1_1.csv,56.0,0.0015600000000002279,0.001426864371376977,True,6.656781431162542e-05,True
mixed_drag,len4_cond1_1.csv,56.5,-0.0010949999999993743,0.001426087457257602,False,0.0,True
mixed_drag,len4_cond1_1.csv,57.0,-1.9999999999797957e-05,0.0014512193290032774,False,0.0,True
mixed_drag,len4_cond1_1.csv,57.5,-0.000200000000000089,0.0014259416922719939,False,0.0,True
mixed_drag,len4_cond1_1.csv,58.0,-0.0014349999999998808,0.001423612171796079,True,5.693914101900918e-06,True
mixed_drag,len4_cond1_1.csv,58.5,0.00012500000000015277,0.0014324878843207079,False,0.0,True
mixed_drag,len4_cond1_1.csv,59.0,0.001040000000000041,0.00142654564055591,False,0.0,True
mixed_drag,len4_cond2_1.csv,0.0,0.0008350000000000302,0.0014416465407780551,False,0.0,True
mixed_drag,len4_cond2_1.csv,0.5,-0.002955000000000041,0.0014512508679246318,True,0.0007518745660377044,True
mixed_drag,len4_cond2_1.csv,1.0,0.0033250000000000224,0.0014202075035688166,True,0.0009523962482156027,True
mixed_drag,len4_cond2_1.csv,1.5,-0.0021900000000000253,0.0014290698784757993,True,0.000380465060762113,True
mixed_drag,len4_cond2_1.csv,2.0,0.00032999999999994145,0.0014413841078110298,False,0.0,True
mixed_drag,len4_cond2_1.csv,2.5,0.0003450000000000397,0.0014123538468267822,False,0.0,True
mixed_drag,len4_cond2_1.csv,3.0,0.0005350000000000077,0.0014220481597116683,False,0.0,True
mixed_drag,len4_cond2_1.csv,3.5,-0.0004299999999998194,0.0014262982979688465,False,0.0,True
mixed_drag,len4_cond2_1.csv,4.0,0.0009799999999998699,0.0014062456577968526,False,0.0,True
mixed_drag,len4_cond2_1.csv,4.5,-0.0006349999999999342,0.001417067430893989,False,0.0,True
mixed_drag,len4_cond2_1.csv,5.0,-0.0007949999999998791,0.0014085376873902052,False,0.0,True
mixed_drag,len4_cond2_1.csv,5.5,0.0010299999999998644,0.0014008145806628997,False,0.0,True
mixed_drag,len4_cond2_1.csv,6.0,7.500000000013052e-05,0.0014090781889738889,False,0.0,True
mixed_drag,len4_cond2_1.csv,6.5,-0.0009950000000000792,0.0014002473585123648,False,0.0,True
mixed_drag,len4_cond2_1.csv,7.0,0.0017099999999998783,0.0013951480083253408,True,0.00015742599583726876,True
mixed_drag,len4_cond2_1.csv,7.5,-0.0004999999999999449,0.001397062409350437,False,0.0,True
mixed_drag,len4_cond2_1.csv,8.0,-0.0010699999999998488,0.001397654742899893,False,0.0,True
mixed_drag,len4_cond2_1.csv,8.5,0.0007749999999999702,0.0013900298370530123,False,0.0,True
mixed_drag,len4_cond2_1.csv,9.0,-0.0012649999999999606,0.001395019805672256,False,0.0,True
mixed_drag,len4_cond2_1.csv,9.5,-0.0007099999999997664,0.0014019672382582962,False,0.0,True
mixed_drag,len4_cond2_1.csv,10.0,0.0020249999999997215,0.0013881528172692906,True,0.00031842359136521545,True
mixed_drag,len4_cond2_1.csv,10.5,-0.00010500000000002174,0.0013881999692588161,False,0.0,True
mixed_drag,len4_cond2_1.csv,11.0,-0.00032999999999988594,0.0013961104428936587,False,0.0,True
mixed_drag,len4_cond2_1.csv,11.5,0.00022999999999995246,0.001390375425989633,False,0.0,True
mixed_drag,len4_cond2_1.csv,12.0,-0.0002550000000000052,0.0013861324926374456,False,0.0,True
mixed_drag,len4_cond2_1.csv,12.5,-0.000995000000000107,0.0013840997111748785,False,0.0,True
mixed_drag,len4_cond2_1.csv,13.0,0.0009949999999999681,0.0013893683947940236,False,0.0,True
mixed_drag,len4_cond2_1.csv,13.5,-0.0009949999999999681,0.0013829492503421245,False,0.0,True
mixed_drag,len4_cond2_1.csv,14.0,0.0005149999999998073,0.0013835944825757699,False,0.0,True
mixed_drag,len4_cond2_1.csv,14.5,-0.00044000000000010697,0.0013874700646935103,False,0.0,True
mixed_drag,len4_cond2_1.csv,15.0,0.00017999999999995797,0.0013788764347905326,False,0.0,True
mixed_drag,len4_cond2_1.csv,15.5,-0.00013999999999995266,0.0013688175271934398,False,0.0,True
mixed_drag,len4_cond2_1.csv,16.0,0.0010850000000001137,0.0013769788062420393,False,0.0,True
mixed_drag,len4_cond2_1.csv,16.5,-0.0011299999999999644,0.0013760250704618507,False,0.0,True
mixed_drag,len4_cond2_1.csv,17.0,0.000904999999999781,0.0013686210389821582,False,0.0,True
mixed_drag,len4_cond2_1.csv,17.5,0.0006800000000000694,0.0013726845171371596,False,0.0,True
mixed_drag,len4_cond2_1.csv,18.0,-0.0013600000000000279,0.001372744720284705,False,0.0,True
mixed_drag,len4_cond2_1.csv,18.5,-0.0007050000000002055,0.0013656421575324576,False,0.0,True
mixed_drag,len4_cond2_1.csv,19.0,0.0010299999999999199,0.0013760964106450542,False,0.0,True
mixed_drag,len4_cond2_1.csv,19.5,-0.0009450000000001957,0.0013687388091665636,False,0.0,True
mixed_drag,len4_cond2_1.csv,20.0,0.0022250000000001158,0.0013579798582445575,True,0.00043351007087777914,True
mixed_drag,len4_cond2_1.csv,20.5,-0.0008699999999999264,0.0013695665114341151,False,0.0,True
mixed_drag,len4_cond2_1.csv,21.0,0.0003999999999997339,0.0013700132913004029,False,0.0,True
mixed_drag,len4_cond2_1.csv,21.5,-0.0003750000000000142,0.0013541212875967463,False,0.0,True
mixed_drag,len4_cond2_1.csv,22.0,0.00011500000000003174,0.0013618529887330052,False,0.0,True
mixed_drag,len4_cond2_1.csv,22.5,-0.0005050000000000887,0.001373383493018693,False,0.0,True
mixed_drag,len4_cond2_1.csv,23.0,0.0004050000000000997,0.0013533402504223345,False,0.0,True
mixed_drag,len4_cond2_1.csv,23.5,-9.999999999996123e-05,0.0013568008638195162,False,0.0,True
mixed_drag,len4_cond2_1.csv,24.0,-0.001184999999999936,0.0013624236201221595,False,0.0,True
mixed_drag,len4_cond2_1.csv,24.5,0.0021250000000000435,0.0013505333108539482,True,0.0003872333445730477,True
mixed_drag,len4_cond2_1.csv,25.0,0.00016999999999990634,0.0013587549621619584,False,0.0,True
mixed_drag,len4_cond2_1.csv,25.5,-0.0010800000000001364,0.001366181321257395,False,0.0,True
mixed_drag,len4_cond2_1.csv,26.0,0.0010650000000000936,0.0013485611625055215,False,0.0,True
mixed_drag,len4_cond2_1.csv,26.5,0.0002649999999999528,0.0013588454313922852,False,0.0,True
mixed_drag,len4_cond2_1.csv,27.0,-0.0017400000000000748,0.001357333690533366,True,0.0001913331547333544,True
mixed_drag,len4_cond2_1.csv,27.5,-0.0005949999999997901,0.0013452994321279516,False,0.0,True
mixed_drag,len4_cond2_1.csv,28.0,0.0003350000000000297,0.0013490510649539261,False,0.0,True
mixed_drag,len4_cond2_1.csv,28.5,-0.00020500000000017726,0.001355178401060789,False,0.0,True
mixed_drag,len4_cond2_1.csv,29.0,0.0007250000000001422,0.0013433675355681378,False,0.0,True
mixed_drag,len4_cond2_1.csv,29.5,-0.000979999999999731,0.0013472894839481888,False,0.0,True
mixed_drag,len4_cond2_1.csv,30.0,0.0010999999999996568,0.0013477359490567844,False,0.0,True
mixed_drag,len4_cond2_1.csv,30.5,0.0012550000000000616,0.0013468386572850584,False,0.0,True
mixed_drag,len4_cond2_1.csv,31.0,-0.00022500000000019726,0.0013442424727971765,False,0.0,True
mixed_drag,len4_cond2_1.csv,31.5,-0.0020249999999999713,0.0013477359490567844,True,0.00033863202547159343,True
mixed_drag,len4_cond2_1.csv,32.0,0.0012250000000002537,0.0013474416494797018,False,0.0,True
mixed_drag,len4_cond2_1.csv,32.5,0.000580000000000136,0.0013422052974852543,False,0.0,True
mixed_drag,len4_cond2_1.csv,33.0,-0.0010999999999999899,0.0013461169084316073,False,0.0,True
mixed_drag,len4_cond2_1.csv,33.5,0.0005800000000000249,0.0013440442924799443,False,0.0,True
mixed_drag,len4_cond2_1.csv,34.0,-0.0005599999999993388,0.001339606352330698,False,0.0,True
mixed_drag,len4_cond2_1.csv,34.5,0.00030999999999985726,0.00133831655862801,False,0.0,True
mixed_drag,len4_cond2_1.csv,35.0,0.00017000000000039206,0.0013392851926632544,False,0.0,True
mixed_drag,len4_cond2_1.csv,35.5,-0.001244999999999885,0.0013384077769475248,False,0.0,True
mixed_drag,len4_cond2_1.csv,36.0,2.0000000000366946e-05,0.0013334456789424512,False,0.0,True
mixed_drag,len4_cond2_1.csv,36.5,0.0025399999999998757,0.0013417889538166689,True,0.0005991055230916032,True
mixed_drag,len4_cond2_1.csv,37.0,-0.0021449999999995084,0.0013366896406205875,True,0.0004041551796894605,True
mixed_drag,len4_cond2_1.csv,37.5,0.0005500000000004668,0.0013243379281848407,False,0.0,True
mixed_drag,len4_cond2_1.csv,38.0,0.0014600000000000724,0.001329955911671259,True,6.50220441644067e-05,True
mixed_drag,len4_cond2_1.csv,38.5,-0.0004549999999999277,0.0013344737590974892,False,0.0,True
mixed_drag,len4_cond2_1.csv,39.0,-0.0007950000000000179,0.0013266725238184837,False,0.0,True
mixed_drag,len4_cond2_1.csv,39.5,0.00035000000000001696,0.0013300610992176708,False,0.0,True
mixed_drag,len4_cond2_1.csv,40.0,-0.0012700000000002154,0.001337283387997221,False,0.0,True
mixed_drag,len4_cond2_1.csv,40.5,0.0012499999999996958,0.0013250980559673037,False,0.0,True
mixed_drag,len4_cond2_1.csv,41.0,-0.0014350000000000335,0.001332649880136036,True,5.117505993199869e-05,True
mixed_drag,len4_cond2_1.csv,41.5,5.9999999999615916e-05,0.0013392640854659901,False,0.0,True
mixed_drag,len4_cond2_1.csv,42.0,0.0007849999999998691,0.001322560630367234,False,0.0,True
mixed_drag,len4_cond2_1.csv,42.5,0.0014749999999996016,0.001328812847972683,True,7.309357601345936e-05,True
mixed_drag,len4_cond2_1.csv,43.0,-0.0016849999999999365,0.0013279601392142027,True,0.00017851993039286695,True
mixed_drag,len4_cond2_1.csv,43.5,-0.00017499999999975868,0.001320238130441003,False,0.0,True
mixed_drag,len4_cond2_1.csv,44.0,0.0007449999999998153,0.0013266520341840295,False,0.0,True
mixed_drag,len4_cond2_1.csv,44.5,5.000000000066063e-05,0.0013323355334512919,False,0.0,True
mixed_drag,len4_cond2_1.csv,45.0,0.00039999999999990044,0.0013189255780301423,False,0.0,True
mixed_drag,len4_cond2_1.csv,45.5,-0.0010399999999999021,0.0013228858299549964,False,0.0,True
mixed_drag,len4_cond2_1.csv,46.0,-0.0006050000000000777,0.001332002728423919,False,0.0,True
mixed_drag,len4_cond2_1.csv,46.5,-0.0004799999999992588,0.0013178568923028554,False,0.0,True
mixed_drag,len4_cond2_1.csv,47.0,0.0008049999999995838,0.001319414067533392,False,0.0,True
mixed_drag,len4_cond2_1.csv,47.5,0.0014749999999995322,0.001321019336460735,True,7.699033176939861e-05,True
mixed_drag,len4_cond2_1.csv,48.0,-0.0007949999999998791,0.0013199499535895233,False,0.0,True
mixed_drag,len4_cond2_1.csv,48.5,-0.00010499999999991072,0.0013196816579158933,False,0.0,True
mixed_drag,len4_cond2_1.csv,49.0,-0.000315000000000093,0.0013125172675898307,False,0.0,True
mixed_drag,len4_cond2_1.csv,49.5,0.0009050000000003777,0.0013186568277099545,False,0.0,True
mixed_drag,len4_cond2_1.csv,50.0,-0.001280000000000392,0.0013179157960329993,False,0.0,True
mixed_drag,len4_cond2_1.csv,50.5,0.0010849999999994475,0.0013112935443388273,False,0.0,True
mixed_drag,len4_cond2_1.csv,51.0,-0.000300000000000078,0.0013139403544861824,False,0.0,True
mixed_drag,len4_cond2_1.csv,51.5,-0.0002400000000000735,0.0013167465828924593,False,0.0,True
mixed_drag,len4_cond2_1.csv,52.0,5.0000000000986755e-06,0.0013116074193115213,False,0.0,True
mixed_drag,len4_cond2_1.csv,52.5,0.0001550000000000995,0.0013161754121226966,False,0.0,True
mixed_drag,len4_cond2_1.csv,53.0,-0.00029000000000034554,0.0013155069608696483,False,0.0,True
mixed_drag,len4_cond2_1.csv,53.5,0.0008550000000001612,0.0013132571736026936,False,0.0,True
mixed_drag,len4_cond2_1.csv,54.0,0.0007399999999997964,0.0013085142431165792,False,0.0,True
mixed_drag,len4_cond2_1.csv,54.5,-0.0025400000000002088,0.0013139468992591293,True,0.0006130265503705395,True
mixed_drag,len4_cond2_1.csv,55.0,0.001999999999999863,0.0013090977396936123,True,0.00034545113015312535,True
mixed_drag,len4_cond2_1.csv,55.5,-0.0007200000000004703,0.0013120196618498939,False,0.0,True
mixed_drag,len4_cond2_1.csv,56.0,-0.0017649999999997945,0.0013163085662750021,True,0.0002243457168623962,True
mixed_drag,len4_cond2_1.csv,56.5,0.0022549999999999792,0.0013080971327371878,True,0.0004734514336313957,True
mixed_drag,len4_cond2_1.csv,57.0,-0.001674999999999524,0.0013092737971903154,True,0.00018286310140460435,True
mixed_drag,len4_cond2_1.csv,57.5,0.0014049999999997675,0.0013164230293202623,True,4.428848533975262e-05,True
mixed_drag,len4_cond2_1.csv,58.0,-0.0002749999999996644,0.0013047631005602062,False,0.0,True
mixed_drag,len4_cond2_1.csv,58.5,0.00015000000000067737,0.0013083963368545138,False,0.0,True
mixed_drag,len4_cond2_1.csv,59.0,-0.0006599999999995498,0.0013160431791833925,False,0.0,True
mixed_drag,len4_cond3_1.csv,0.0,0.000905000000000003,0.0014324839757559743,False,0.0,True
mixed_drag,len4_cond3_1.csv,0.5,-0.0002300000000000635,0.0014287281112859,False,0.0,True
mixed_drag,len4_cond3_1.csv,1.0,-0.0010649999999999826,0.0014220343958713858,False,0.0,True
mixed_drag,len4_cond3_1.csv,1.5,0.0014850000000000418,0.0014196938605655182,True,3.2653069717261804e-05,True
mixed_drag,len4_cond3_1.csv,2.0,-0.000980000000000092,0.0014173778826558111,False,0.0,True
mixed_drag,len4_cond3_1.csv,2.5,-0.0017299999999997873,0.0014160283229369907,True,0.0001569858385313983,True
mixed_drag,len4_cond3_1.csv,3.0,0.0019899999999999085,0.001414219423404022,True,0.0002878902882979433,True
mixed_drag,len4_cond3_1.csv,3.5,-0.00034999999999996145,0.001409254929913226,False,0.0,True
mixed_drag,len4_cond3_1.csv,4.0,0.0007100000000000994,0.0014117318759886918,False,0.0,True
mixed_drag,len4_cond3_1.csv,4.5,-0.0019000000000000128,0.0014024287909808557,True,0.00024878560450957853,True
mixed_drag,len4_cond3_1.csv,5.0,0.0013500000000000179,0.0014084324199558204,False,0.0,True
mixed_drag,len4_cond3_1.csv,5.5,-0.0017300000000000093,0.0014090530221844957,True,0.0001604734889077568,True
mixed_drag,len4_cond3_1.csv,6.0,0.00030999999999997696,0.0013974310524004277,False,0.0,True
mixed_drag,len4_cond3_1.csv,6.5,0.0022199999999999442,0.00140195235224662,True,0.0004090238238766621,True
mixed_drag,len4_cond3_1.csv,7.0,-0.0020449999999997415,0.0014064332955635152,True,0.00031928335221811314,True
mixed_drag,len4_cond3_1.csv,7.5,0.0011799999999999589,0.001392594401245177,False,0.0,True
mixed_drag,len4_cond3_1.csv,8.0,0.0009649999999999381,0.0013887797477885112,False,0.0,True
mixed_drag,len4_cond3_1.csv,8.5,-0.0023249999999999105,0.0014024287909808557,True,0.00046128560450952726,True
mixed_drag,len4_cond3_1.csv,9.0,0.001645000000000063,0.0013848383160091954,True,0.00013008084199543385,True
mixed_drag,len4_cond3_1.csv,9.5,0.0001300000000000745,0.0013869796568063465,False,0.0,True
mixed_drag,len4_cond3_1.csv,10.0,-0.0009000000000000119,0.00139414735163558,False,0.0,True
mixed_drag,len4_cond3_1.csv,10.5,0.0005850000000000577,0.0013781563916641763,False,0.0,True
mixed_drag,len4_cond3_1.csv,11.0,-0.0015750000000000763,0.0013788295260500688,True,9.808523697500378e-05,True
mixed_drag,len4_cond3_1.csv,11.5,0.000720000000000165,0.0013774798359913055,False,0.0,True
mixed_drag,len4_cond3_1.csv,12.0,0.0020600000000000618,0.0013738983792596089,True,0.00034305081037022645,True
mixed_drag,len4_cond3_1.csv,12.5,-0.0016050000000001098,0.001369477373564493,True,0.00011776131321780843,True
mixed_drag,len4_cond3_1.csv,13.0,6.500000000014827e-05,0.0013755434704512803,False,0.0,True
mixed_drag,len4_cond3_1.csv,13.5,0.0009249999999998426,0.0013678055898615367,False,0.0,True
mixed_drag,len4_cond3_1.csv,14.0,-0.0005199999999999094,0.001369553117548385,False,0.0,True
mixed_drag,len4_cond3_1.csv,14.5,-0.00012000000000012001,0.0013756005542292192,False,0.0,True
mixed_drag,len4_cond3_1.csv,15.0,-0.0006950000000001122,0.001365257422425469,False,0.0,True
mixed_drag,len4_cond3_1.csv,15.5,-7.500000000004725e-05,0.001363927481049518,False,0.0,True
mixed_drag,len4_cond3_1.csv,16.0,-0.0011700000000001154,0.0013663728083310566,False,0.0,True
mixed_drag,len4_cond3_1.csv,16.5,0.0015050000000004227,0.0013649960952099068,True,7.000195239525791e-05,True
mixed_drag,len4_cond3_1.csv,17.0,0.0003349999999998077,0.0013581157931935911,False,0.0,True
mixed_drag,len4_cond3_1.csv,17.5,-0.0011099999999999166,0.0013604218887421444,False,0.0,True
mixed_drag,len4_cond3_1.csv,18.0,-0.00015999999999993797,0.0013685117411484423,False,0.0,True
mixed_drag,len4_cond3_1.csv,18.5,-0.00039500000000031177,0.0013566887885255168,False,0.0,True
mixed_drag,len4_cond3_1.csv,19.0,0.0018499999999999073,0.0013537434554349082,True,0.0002481282722824995,True
mixed_drag,len4_cond3_1.csv,19.5,0.0003650000000000042,0.0013649425116124166,False,0.0,True
mixed_drag,len4_cond3_1.csv,20.0,0.0003149999999998432,0.0013540251008239772,False,0.0,True
mixed_drag,len4_cond3_1.csv,20.5,-0.002714999999999912,0.001353448574857794,True,0.0006807757125710588,True
mixed_drag,len4_cond3_1.csv,21.0,0.002559999999999951,0.001361767775349664,True,0.0005991161123251436,True
mixed_drag,len4_cond3_1.csv,21.5,-0.0006350000000002187,0.0013516781115528829,False,0.0,True
mixed_drag,len4_cond3_1.csv,22.0,-1.0000000000096737e-05,0.0013486174816129686,False,0.0,True
mixed_drag,len4_cond3_1.csv,22.5,-0.00041000000000002146,0.001360874080584846,False,0.0,True
mixed_drag,len4_cond3_1.csv,23.0,-0.0008200000000000984,0.0013512550786622573,False,0.0,True
mixed_drag,len4_cond3_1.csv,23.5,0.0007000000000002005,0.0013510191013241892,False,0.0,True
mixed_drag,len4_cond3_1.csv,24.0,-0.00025500000000011624,0.0013589815234702329,False,0.0,True
mixed_drag,len4_cond3_1.csv,24.5,0.0006150000000000322,0.0013488370672524099,False,0.0,True
mixed_drag,len4_cond3_1.csv,25.0,-0.0010099999999998444,0.0013451291897717999,False,0.0,True
mixed_drag,len4_cond3_1.csv,25.5,0.0014450000000000296,0.001346975300738724,True,4.901234963065285e-05,True
mixed_drag,len4_cond3_1.csv,26.0,-0.0020600000000001173,0.0013452052951060953,True,0.000357397352447011,True
mixed_drag,len4_cond3_1.csv,26.5,0.0022999999999999965,0.0013432273765514315,True,0.00047838631172428237,True
mixed_drag,len4_cond3_1.csv,27.0,-2.9999999999946736e-05,0.0013424505653371096,False,0.0,True
mixed_drag,len4_cond3_1.csv,27.5,-0.0009250000000001757,0.001350759477090718,False,0.0,True
mixed_drag,len4_cond3_1.csv,28.0,0.0005350000000002297,0.001338837842843039,False,0.0,True
mixed_drag,len4_cond3_1.csv,28.5,0.0008399999999996882,0.0013406398854219662,False,0.0,True
mixed_drag,len4_cond3_1.csv,29.0,-0.0005000000000001115,0.0013437420734009945,False,0.0,True
mixed_drag,len4_cond3_1.csv,29.5,-0.0020949999999995694,0.0013357854691903941,True,0.00037960726540458764,True
mixed_drag,len4_cond3_1.csv,30.0,0.0018699999999999412,0.0013318623613475201,True,0.0002690688193262105,True
mixed_drag,len4_cond3_1.csv,30.5,-0.0009099999999998554,0.0013417183590367387,False,0.0,True
mixed_drag,len4_cond3_1.csv,31.0,0.00182499999999991,0.0013323983371862469,True,0.0002463008314068316,True
mixed_drag,len4_cond3_1.csv,31.5,-0.0013550000000000367,0.001329617185399205,True,1.2691407300415838e-05,True
mixed_drag,len4_cond3_1.csv,32.0,7.999999999991347e-05,0.0013388593846372777,False,0.0,True
mixed_drag,len4_cond3_1.csv,32.5,0.0014899999999997693,0.0013286215156046294,True,8.068924219756994e-05,True
mixed_drag,len4_cond3_1.csv,33.0,-0.0020799999999999846,0.001324862701080707,True,0.00037756864945963885,True
mixed_drag,len4_cond3_1.csv,33.5,0.000954999999999484,0.0013299580689739364,False,0.0,True
mixed_drag,len4_cond3_1.csv,34.0,-9.999999999948939e-05,0.0013264810980236465,False,0.0,True
mixed_drag,len4_cond3_1.csv,34.5,6.499999999973194e-05,0.0013235901773782218,False,0.0,True
mixed_drag,len4_cond3_1.csv,35.0,-0.0018949999999992861,0.0013236749247096799,True,0.00028566253764480314,True
mixed_drag,len4_cond3_1.csv,35.5,0.001574999999999882,0.0013296384746890589,True,0.0001226807626554116,True
mixed_drag,len4_cond3_1.csv,36.0,0.0005749999999997701,0.0013202820411229027,False,0.0,True
mixed_drag,len4_cond3_1.csv,36.5,-0.0012450000000002043,0.001319609521917806,False,0.0,True
mixed_drag,len4_cond3_1.csv,37.0,0.0005949999999996791,0.0013288289903609209,False,0.0,True
mixed_drag,len4_cond3_1.csv,37.5,5.0000000000355316e-05,0.0013182909130729052,False,0.0,True
mixed_drag,len4_cond3_1.csv,38.0,-0.00033999999999995145,0.0013223061702404525,False,0.0,True
mixed_drag,len4_cond3_1.csv,38.5,0.00014500000000011726,0.0013243655507002032,False,0.0,True
mixed_drag,len4_cond3_1.csv,39.0,0.0005849999999999467,0.0013147976834688416,False,0.0,True
mixed_drag,len4_cond3_1.csv,39.5,-0.0007899999999996616,0.0013215793488815485,False,0.0,True
mixed_drag,len4_cond3_1.csv,40.0,-0.0002649999999999597,0.0013175031170088432,False,0.0,True
mixed_drag,len4_cond3_1.csv,40.5,-0.00015999999999977144,0.0013119850910298283,False,0.0,True
mixed_drag,len4_cond3_1.csv,41.0,0.0015949999999995343,0.0013149809045535444,True,0.00014000954772299496,True
mixed_drag,len4_cond3_1.csv,41.5,-0.002259999999999679,0.0013168454500198255,True,0.0004715772749899266,True
mixed_drag,len4_cond3_1.csv,42.0,0.0006300000000001305,0.001310428019441807,False,0.0,True
mixed_drag,len4_cond3_1.csv,42.5,-0.0006999999999994511,0.001309576117165194,False,0.0,True
mixed_drag,len4_cond3_1.csv,43.0,0.0006299999999999084,0.0013147920758272908,False,0.0,True
mixed_drag,len4_cond3_1.csv,43.5,-0.000660000000000327,0.0013081547963128587,False,0.0,True
mixed_drag,len4_cond3_1.csv,44.0,0.0016549999999999065,0.0013106684845270405,True,0.000172165757736433,True
mixed_drag,len4_cond3_1.csv,44.5,-0.0011249999999998067,0.0013053882045584867,False,0.0,True
mixed_drag,len4_cond3_1.csv,45.0,0.0017399999999994087,0.0013104739917486515,True,0.00021476300412537862,True
mixed_drag,len4_cond3_1.csv,45.5,-0.0006849999999999912,0.0013043094127868674,False,0.0,True
mixed_drag,len4_cond3_1.csv,46.0,0.0008050000000001389,0.0013070537862708,False,0.0,True
mixed_drag,len4_cond3_1.csv,46.5,0.00013999999999986246,0.0013073006623529595,False,0.0,True
mixed_drag,len4_cond3_1.csv,47.0,-0.0019949999999994694,0.0013033308434726755,True,0.00034583457826339696,True
mixed_drag,len4_cond3_1.csv,47.5,0.001440000000000139,0.0013014316948400046,True,6.928415258006726e-05,True
mixed_drag,len4_cond3_1.csv,48.0,-0.0006799999999996809,0.0013088992764783574,False,0.0,True
mixed_drag,len4_cond3_1.csv,48.5,0.0012649999999999884,0.001301384836506637,False,0.0,True
mixed_drag,len4_cond3_1.csv,49.0,-0.0015049999999997045,0.0012983185281843254,True,0.00010334073590768955,True
mixed_drag,len4_cond3_1.csv,49.5,-5.0000000000494094e-05,0.0013045092911149513,False,0.0,True
mixed_drag,len4_cond3_1.csv,50.0,-6.999999999970918e-05,0.001299112203346334,False,0.0,True
mixed_drag,len4_cond3_1.csv,50.5,0.00010999999999963816,0.001295240865994206,False,0.0,True
mixed_drag,len4_cond3_1.csv,51.0,0.00042500000000009197,0.0013059935564949633,False,0.0,True
mixed_drag,len4_cond3_1.csv,51.5,0.0008800000000001862,0.0012988359060238592,False,0.0,True
mixed_drag,len4_cond3_1.csv,52.0,-0.0012050000000002198,0.0012947288700210413,False,0.0,True
mixed_drag,len4_cond3_1.csv,52.5,-0.000539999999999638,0.0013051509848096875,False,0.0,True
mixed_drag,len4_cond3_1.csv,53.0,-0.00020500000000048257,0.0013001838006297278,False,0.0,True
mixed_drag,len4_cond3_1.csv,53.5,-0.00014500000000042257,0.0012941331363298576,False,0.0,True
mixed_drag,len4_cond3_1.csv,54.0,-5.000000000476845e-06,0.0012970292293777832,False,0.0,True
mixed_drag,len4_cond3_1.csv,54.5,0.001840000000000036,0.0013005964109995103,True,0.0002697017945002629,True
mixed_drag,len4_cond3_1.csv,55.0,-0.00013999999999955715,0.0012940342825949946,False,0.0,True
mixed_drag,len4_cond3_1.csv,55.5,-0.0014400000000004166,0.0012946853762301417,True,7.265731188513746e-05,True
mixed_drag,len4_cond3_1.csv,56.0,0.0006949999999999457,0.0012990622911729002,False,0.0,True
mixed_drag,len4_cond3_1.csv,56.5,-0.001265000000000488,0.00129191318571096,False,0.0,True
mixed_drag,len4_cond3_1.csv,57.0,0.0005599999999999078,0.0012939935892109925,False,0.0,True
mixed_drag,len4_cond3_1.csv,57.5,0.0008749999999997649,0.0012951278930626187,False,0.0,True
mixed_drag,len4_cond3_1.csv,58.0,0.0002299999999998137,0.0012907761971092052,False,0.0,True
mixed_drag,len4_cond3_1.csv,58.5,-0.0010949999999998877,0.0012897748468831153,False,0.0,True
mixed_drag,len4_cond3_1.csv,59.0,9.000000000031205e-05,0.0012924881405524404,False,0.0,True
mixed_drag,len5_cond1_1.csv,0.0,0.0017400000000000193,0.0013602166123870669,True,0.00018989169380647622,True
mixed_drag,len5_cond1_1.csv,0.5,-0.00023499999999998522,0.0013634637528347144,False,0.0,True
mixed_drag,len5_cond1_1.csv,1.0,-0.0024250000000000105,0.0013614263292128423,True,0.000531786835393584,True
mixed_drag,len5_cond1_1.csv,1.5,0.0019949999999999413,0.0013596491401498521,True,0.0003176754299250446,True
mixed_drag,len5_cond1_1.csv,2.0,8.500000000000174e-05,0.001370331449618835,False,0.0,True
mixed_drag,len5_cond1_1.csv,2.5,-0.0002549999999999497,0.0013602617593239518,False,0.0,True
mixed_drag,len5_cond1_1.csv,3.0,-0.0005349999999999522,0.0013592361293293552,False,0.0,True
mixed_drag,len5_cond1_1.csv,3.5,0.0008449999999999847,0.0013617911587612698,False,0.0,True
mixed_drag,len5_cond1_1.csv,4.0,0.0006350000000001355,0.0013601850938286726,False,0.0,True
mixed_drag,len5_cond1_1.csv,4.5,-0.0016399999999998638,0.001362054610145718,True,0.00013897269492707293,True
mixed_drag,len5_cond1_1.csv,5.0,0.0006549999999998501,0.0013579119890555654,False,0.0,True
mixed_drag,len5_cond1_1.csv,5.5,0.0011999999999999997,0.0013528822856995009,False,0.0,True
mixed_drag,len5_cond1_1.csv,6.0,-0.001794999999999991,0.0013687193866059623,True,0.00021314030669701437,True
mixed_drag,len5_cond1_1.csv,6.5,0.00013500000000005175,0.0013551377325074106,False,0.0,True
mixed_drag,len5_cond1_1.csv,7.0,0.0006249999999999312,0.0013610663388935612,False,0.0,True
mixed_drag,len5_cond1_1.csv,7.5,-0.0010899999999999244,0.0013655085924098166,False,0.0,True
mixed_drag,len5_cond1_1.csv,8.0,0.00048500000000017973,0.0013591035246723329,False,0.0,True
mixed_drag,len5_cond1_1.csv,8.5,0.0018699999999997607,0.0013606395513098323,True,0.00025468022434496423,True
mixed_drag,len5_cond1_1.csv,9.0,-0.0012849999999998696,0.0013584658948112517,False,0.0,True
mixed_drag,len5_cond1_1.csv,9.5,-0.0012799999999999478,0.0013528486569529157,False,0.0,True
mixed_drag,len5_cond1_1.csv,10.0,-0.00038499999999974666,0.0013613775237767925,False,0.0,True
mixed_drag,len5_cond1_1.csv,10.5,0.0013150000000000661,0.0013573797469643716,False,0.0,True
mixed_drag,len5_cond1_1.csv,11.0,6.999999999998674e-05,0.0013606410564073034,False,0.0,True
mixed_drag,len5_cond1_1.csv,11.5,-3.0000000000196536e-05,0.0013639584785681018,False,0.0,True
mixed_drag,len5_cond1_1.csv,12.0,0.0013399999999999523,0.0013568611435201953,False,0.0,True
mixed_drag,len5_cond1_1.csv,12.5,-0.002495000000000025,0.0013519909905442998,True,0.0005715045047278624,True
mixed_drag,len5_cond1_1.csv,13.0,-0.0004700000000001925,0.0013552213443976707,False,0.0,True
mixed_drag,len5_cond1_1.csv,13.5,0.00025500000000006073,0.0013557145279590884,False,0.0,True
mixed_drag,len5_cond1_1.csv,14.0,0.000980000000000314,0.0013589479301929527,False,0.0,True
mixed_drag,len5_cond1_1.csv,14.5,-0.0005149999999999322,0.0013527223635795345,False,0.0,True
mixed_drag,len5_cond1_1.csv,15.0,0.0005299999999999055,0.0013537701391736932,False,0.0,True
mixed_drag,len5_cond1_1.csv,15.5,0.00018999999999991246,0.001361825610595844,False,0.0,True
mixed_drag,len5_cond1_1.csv,16.0,0.0007150000000000212,0.001352403367911139,False,0.0,True
mixed_drag,len5_cond1_1.csv,16.5,-0.0007400000000001294,0.0013568694169780377,False,0.0,True
mixed_drag,len5_cond1_1.csv,17.0,-0.00012000000000023103,0.0013632046364303583,False,0.0,True
mixed_drag,len5_cond1_1.csv,17.5,-0.0008000000000001062,0.001352754191495872,False,0.0,True
mixed_drag,len5_cond1_1.csv,18.0,0.0015100000000000668,0.001353585901982955,True,7.820704900855595e-05,True
mixed_drag,len5_cond1_1.csv,18.5,0.00028999999999990145,0.0013536066736732398,False,0.0,True
mixed_drag,len5_cond1_1.csv,19.0,-0.0004750000000000379,0.0013479535937931184,False,0.0,True
mixed_drag,len5_cond1_1.csv,19.5,-0.0005399999999999849,0.0013573445571667105,False,0.0,True
mixed_drag,len5_cond1_1.csv,20.0,0.0012350000000000971,0.0013524884659217636,False,0.0,True
mixed_drag,len5_cond1_1.csv,20.5,-0.0020350000000000923,0.0013532460933405868,True,0.00034087695332975275,True
mixed_drag,len5_cond1_1.csv,21.0,-4.999999999810711e-06,0.0013577282576793504,False,0.0,True
mixed_drag,len5_cond1_1.csv,21.5,-0.00014000000000019552,0.0013500196267801129,False,0.0,True
mixed_drag,len5_cond1_1.csv,22.0,-3.500000000017378e-05,0.0013519378837983692,False,0.0,True
mixed_drag,len5_cond1_1.csv,22.5,0.0020300000000003093,0.0013510023361112604,True,0.0003394988319445245,True
mixed_drag,len5_cond1_1.csv,23.0,0.0001349999999998297,0.001355116690756244,False,0.0,True
mixed_drag,len5_cond1_1.csv,23.5,-0.0007100000000000994,0.0013549781893089803,False,0.0,True
mixed_drag,len5_cond1_1.csv,24.0,-0.00017500000000025828,0.0013491662994515852,False,0.0,True
mixed_drag,len5_cond1_1.csv,24.5,0.00032999999999987206,0.001350614779462251,False,0.0,True
mixed_drag,len5_cond1_1.csv,25.0,-0.0006650000000000267,0.0013597893498582408,False,0.0,True
mixed_drag,len5_cond1_1.csv,25.5,0.0003200000000002645,0.0013483404642263335,False,0.0,True
mixed_drag,len5_cond1_1.csv,26.0,0.0005499999999997729,0.0013537380235693428,False,0.0,True
mixed_drag,len5_cond1_1.csv,26.5,-0.0019050000000001566,0.001357094252478213,True,0.00027395287376097183,True
mixed_drag,len5_cond1_1.csv,27.0,0.0020950000000000135,0.001348091980104977,True,0.00037345400994751824,True
mixed_drag,len5_cond1_1.csv,27.5,-0.0016950000000000576,0.0013565803502106127,True,0.00016920982489472243,True
mixed_drag,len5_cond1_1.csv,28.0,0.00022999999999995246,0.0013505848129087836,False,0.0,True
mixed_drag,len5_cond1_1.csv,28.5,0.0013599999999997434,0.001346180321731273,True,6.909839134235226e-06,True
mixed_drag,len5_cond1_1.csv,29.0,-0.0016000000000002679,0.0013554456207516396,True,0.00012227718962431414,True
mixed_drag,len5_cond1_1.csv,29.5,0.00043999999999999595,0.0013505848129087836,False,0.0,True
mixed_drag,len5_cond1_1.csv,30.0,-0.00014499999999970092,0.0013475637702279023,False,0.0,True
mixed_drag,len5_cond1_1.csv,30.5,0.001415000000000055,0.001356543388557441,True,2.922830572130706e-05,True
mixed_drag,len5_cond1_1.csv,31.0,-0.0012250000000003092,0.0013487364910850395,False,0.0,True
mixed_drag,len5_cond1_1.csv,31.5,0.0011399999999996968,0.0013519560950785961,False,0.0,True
mixed_drag,len5_cond1_1.csv,32.0,-0.0018099999999999783,0.001349253867296288,True,0.0002303730663518451,True
mixed_drag,len5_cond1_1.csv,32.5,0.0006299999999993255,0.0013485167304605199,False,0.0,True
mixed_drag,len5_cond1_1.csv,33.0,0.0004599999999997939,0.001352749141863372,False,0.0,True
mixed_drag,len5_cond1_1.csv,33.5,-0.00030999999999947736,0.0013475236440267616,False,0.0,True
mixed_drag,len5_cond1_1.csv,34.0,0.0006650000000001897,0.0013433099817712593,False,0.0,True
mixed_drag,len5_cond1_1.csv,34.5,0.0012599999999995948,0.0013562198760167996,False,0.0,True
mixed_drag,len5_cond1_1.csv,35.0,-0.0006749999999998146,0.0013458959763479829,False,0.0,True
mixed_drag,len5_cond1_1.csv,35.5,-0.0003200000000007086,0.0013513398629132385,False,0.0,True
mixed_drag,len5_cond1_1.csv,36.0,-0.0019249999999999545,0.0013548465881756916,True,0.0002850767059121315,True
mixed_drag,len5_cond1_1.csv,36.5,0.0028849999999999154,0.0013477023774605844,True,0.0007686488112696654,True
mixed_drag,len5_cond1_1.csv,37.0,-0.0013099999999997003,0.0013485625728058737,False,0.0,True
mixed_drag,len5_cond1_1.csv,37.5,-0.0005950000000004563,0.0013499435625295134,False,0.0,True
mixed_drag,len5_cond1_1.csv,38.0,0.0007200000000002205,0.0013459260168928486,False,0.0,True
mixed_drag,len5_cond1_1.csv,38.5,-0.00023499999999948562,0.0013454938785320376,False,0.0,True
mixed_drag,len5_cond1_1.csv,39.0,-0.0007449999999995516,0.00134834508026181,False,0.0,True
mixed_drag,len5_cond1_1.csv,39.5,0.00031499999999994033,0.001347003534041646,False,0.0,True
mixed_drag,len5_cond1_1.csv,40.0,0.0012950000000000461,0.0013535453812749093,False,0.0,True
mixed_drag,len5_cond1_1.csv,40.5,-0.0020899999999994257,0.0013475963951109838,True,0.0003712018024442209,True
mixed_drag,len5_cond1_1.csv,41.0,0.0001599999999996049,0.0013453241536080824,False,0.0,True
mixed_drag,len5_cond1_1.csv,41.5,0.0003700000000003145,0.0013502138965070228,False,0.0,True
mixed_drag,len5_cond1_1.csv,42.0,-0.00035500000000027176,0.0013463594364524014,False,0.0,True
mixed_drag,len5_cond1_1.csv,42.5,0.00028499999999959114,0.0013503529338100577,False,0.0,True
mixed_drag,len5_cond1_1.csv,43.0,-0.0005150000000000432,0.0013442473123959446,False,0.0,True
mixed_drag,len5_cond1_1.csv,43.5,0.0013449999999994786,0.0013462500952782111,False,0.0,True
mixed_drag,len5_cond1_1.csv,44.0,0.0007199999999999429,0.0013502055468243793,False,0.0,True
mixed_drag,len5_cond1_1.csv,44.5,-0.0009999999999999454,0.0013429630815875934,False,0.0,True
mixed_drag,len5_cond1_1.csv,45.0,0.0012500000000004452,0.0013432003785891107,False,0.0,True
mixed_drag,len5_cond1_1.csv,45.5,-0.0012650000000002937,0.0013539300655108536,False,0.0,True
mixed_drag,len5_cond1_1.csv,46.0,0.0006199999999998984,0.0013421454005469158,False,0.0,True
mixed_drag,len5_cond1_1.csv,46.5,0.0001799999999996249,0.001348342584546792,False,0.0,True
mixed_drag,len5_cond1_1.csv,47.0,-0.0006499999999997064,0.001349129641925952,False,0.0,True
mixed_drag,len5_cond1_1.csv,47.5,-0.0005850000000003353,0.0013426363160992387,False,0.0,True
mixed_drag,len5_cond1_1.csv,48.0,0.0003950000000004228,0.0013484289800442194,False,0.0,True
mixed_drag,len5_cond1_1.csv,48.5,-0.00020999999999982144,0.001343961623238126,False,0.0,True
mixed_drag,len5_cond1_1.csv,49.0,0.0013000000000001205,0.0013426300546115525,False,0.0,True
mixed_drag,len5_cond1_1.csv,49.5,-0.0005399999999998739,0.0013467585468004543,False,0.0,True
mixed_drag,len5_cond1_1.csv,50.0,-0.0004149999999994991,0.0013432679109429612,False,0.0,True
mixed_drag,len5_cond1_1.csv,50.5,-0.00042500000000017524,0.0013430375582393415,False,0.0,True
mixed_drag,len5_cond1_1.csv,51.0,0.0008199999999999319,0.0013462870034142574,False,0.0,True
mixed_drag,len5_cond1_1.csv,51.5,8.499999999989072e-05,0.001339676024373684,False,0.0,True
mixed_drag,len5_cond1_1.csv,52.0,-0.00027499999999969216,0.00133804717772844,False,0.0,True
mixed_drag,len5_cond1_1.csv,52.5,-0.00013000000000018552,0.001339797785289419,False,0.0,True
mixed_drag,len5_cond1_1.csv,53.0,-0.00016500000000033155,0.0013402090468616439,False,0.0,True
mixed_drag,len5_cond1_1.csv,53.5,0.0006949999999998346,0.0013454938785320376,False,0.0,True
mixed_drag,len5_cond1_1.csv,54.0,0.00020999999999987695,0.0013387486298130965,False,0.0,True
mixed_drag,len5_cond1_1.csv,54.5,-0.0018299999999995958,0.0013392265193735765,True,0.0002453867403130097,True
mixed_drag,len5_cond1_1.csv,55.0,0.0004949999999994681,0.0013495266914530697,False,0.0,True
mixed_drag,len5_cond1_1.csv,55.5,0.0009099999999997443,0.0013376088870233366,False,0.0,True
mixed_drag,len5_cond1_1.csv,56.0,-0.0004900000000002125,0.00133804717772844,False,0.0,True
mixed_drag,len5_cond1_1.csv,56.5,-0.0012199999999996658,0.0013453068049707974,False,0.0,True
mixed_drag,len5_cond1_1.csv,57.0,0.0013449999999997075,0.0013379644830684818,True,3.51775846561288e-06,True
mixed_drag,len5_cond1_1.csv,57.5,-0.00010999999999938836,0.0013353835767094097,False,0.0,True
mixed_drag,len5_cond1_1.csv,58.0,0.0005599999999996719,0.0013388236062551208,False,0.0,True
mixed_drag,len5_cond1_1.csv,58.5,-0.0002950000000001389,0.0013333303428071082,False,0.0,True
mixed_drag,len5_cond1_1.csv,59.0,-0.00036999999999992594,0.001347737058908179,False,0.0,True
mixed_drag,len5_cond2_1.csv,0.0,-0.0007049999999999834,0.0013745719001272542,False,0.0,True
mixed_drag,len5_cond2_1.csv,0.5,0.0003549999999999942,0.0013749163716702266,False,0.0,True
mixed_drag,len5_cond2_1.csv,1.0,0.0005699999999998484,0.0013776150202477724,False,0.0,True
mixed_drag,len5_cond2_1.csv,1.5,-0.001590000000000008,0.0013683463329239522,True,0.00011082683353802795,True
mixed_drag,len5_cond2_1.csv,2.0,0.0023050000000000015,0.0013829007741836866,True,0.00046104961290815733,True
mixed_drag,len5_cond2_1.csv,2.5,-0.0002449999999999397,0.001373473047629065,False,0.0,True
mixed_drag,len5_cond2_1.csv,3.0,-0.0010100000000000109,0.0013771229851255126,False,0.0,True
mixed_drag,len5_cond2_1.csv,3.5,-0.00047000000000008146,0.0013742224628146187,False,0.0,True
mixed_drag,len5_cond2_1.csv,4.0,0.0011099999999999166,0.0013702803199872147,False,0.0,True
mixed_drag,len5_cond2_1.csv,4.5,-0.00199500000000008,0.0013754331525373212,True,0.0003097834237313794,True
mixed_drag,len5_cond2_1.csv,5.0,0.0015600000000001168,0.0013660414525947084,True,9.697927370270424e-05,True
mixed_drag,len5_cond2_1.csv,5.5,-0.0009450000000000049,0.0013647563458925847,False,0.0,True
mixed_drag,len5_cond2_1.csv,6.0,0.0005999999999999339,0.0013711444252973428,False,0.0,True
mixed_drag,len5_cond2_1.csv,6.5,3.500000000006276e-05,0.0013629383001595304,False,0.0,True
mixed_drag,len5_cond2_1.csv,7.0,-0.0012950000000000739,0.001369138576783697,False,0.0,True
mixed_drag,len5_cond2_1.csv,7.5,0.0010149999999999881,0.0013730344135291024,False,0.0,True
mixed_drag,len5_cond2_1.csv,8.0,0.001324999999999965,0.0013589445420591892,False,0.0,True
mixed_drag,len5_cond2_1.csv,8.5,-0.0003600000000000825,0.0013572147722476792,False,0.0,True
mixed_drag,len5_cond2_1.csv,9.0,-0.001294999999999935,0.0013611147384603784,False,0.0,True
mixed_drag,len5_cond2_1.csv,9.5,0.00012499999999991684,0.0013564672091143965,False,0.0,True
mixed_drag,len5_cond2_1.csv,10.0,0.0008499999999999064,0.0013611727631275162,False,0.0,True
mixed_drag,len5_cond2_1.csv,10.5,-0.0006650000000001377,0.0013587835928280249,False,0.0,True
mixed_drag,len5_cond2_1.csv,11.0,-0.0006850000000001577,0.0013518450404912154,False,0.0,True
mixed_drag,len5_cond2_1.csv,11.5,0.0004050000000000997,0.0013609585849946723,False,0.0,True
mixed_drag,len5_cond2_1.csv,12.0,0.0008649999999997826,0.0013541187660495277,False,0.0,True
mixed_drag,len5_cond2_1.csv,12.5,-0.0003449999999999842,0.0013574080245649398,False,0.0,True
mixed_drag,len5_cond2_1.csv,13.0,0.0007099999999999884,0.0013548595050576634,False,0.0,True
mixed_drag,len5_cond2_1.csv,13.5,0.00020500000000017726,0.001351884485956449,False,0.0,True
mixed_drag,len5_cond2_1.csv,14.0,0.0002449999999999952,0.0013561922091200548,False,0.0,True
mixed_drag,len5_cond2_1.csv,14.5,-0.001414999999999944,0.0013501749866985748,True,3.241250665068462e-05,True
mixed_drag,len5_cond2_1.csv,15.0,-0.00029499999999995155,0.0013530786719761984,False,0.0,True
mixed_drag,len5_cond2_1.csv,15.5,0.00029999999999996696,0.0013569617035814187,False,0.0,True
mixed_drag,len5_cond2_1.csv,16.0,0.0015400000000000968,0.0013472654884335896,True,9.636725578325361e-05,True
mixed_drag,len5_cond2_1.csv,16.5,-0.0014250000000000929,0.001353924013336696,True,3.553799333169845e-05,True
mixed_drag,len5_cond2_1.csv,17.0,0.0011049999999999116,0.0013527606872067585,False,0.0,True
mixed_drag,len5_cond2_1.csv,17.5,-0.0018700000000000938,0.0013425877114772457,True,0.00026370614426142404,True
mixed_drag,len5_cond2_1.csv,18.0,0.0022300000000003983,0.0013493618760710327,True,0.00044031906196468273,True
mixed_drag,len5_cond2_1.csv,18.5,5.499999999947214e-05,0.0013491720433952766,False,0.0,True
mixed_drag,len5_cond2_1.csv,19.0,-0.001735000000000153,0.0013412664951677241,True,0.00019686675241621448,True
mixed_drag,len5_cond2_1.csv,19.5,0.0005849999999999467,0.0013469681302273042,False,0.0,True
mixed_drag,len5_cond2_1.csv,20.0,-0.0013900000000001134,0.001344325960206988,True,2.283701989656264e-05,True
mixed_drag,len5_cond2_1.csv,20.5,0.0006450000000001663,0.0013416502403989278,False,0.0,True
mixed_drag,len5_cond2_1.csv,21.0,0.0005650000000002597,0.0013428614611531884,False,0.0,True
mixed_drag,len5_cond2_1.csv,21.5,0.0002049999999998997,0.0013417608009146896,False,0.0,True
mixed_drag,len5_cond2_1.csv,22.0,-0.0015500000000003011,0.0013430698295666327,True,0.0001034650852168342,True
mixed_drag,len5_cond2_1.csv,22.5,0.0023650000000002835,0.001343770542539055,True,0.0005106147287306142,True
mixed_drag,len5_cond2_1.csv,23.0,-0.0012449999999998573,0.0013384972403732217,False,0.0,True
mixed_drag,len5_cond2_1.csv,23.5,0.0012100000000000444,0.0013426648946493376,False,0.0,True
mixed_drag,len5_cond2_1.csv,24.0,-0.001264999999999905,0.0013364505391871926,False,0.0,True
mixed_drag,len5_cond2_1.csv,24.5,0.0008899999999998354,0.0013404307581617208,False,0.0,True
mixed_drag,len5_cond2_1.csv,25.0,0.0002749999999998587,0.001343292342210406,False,0.0,True
mixed_drag,len5_cond2_1.csv,25.5,0.00042000000000008697,0.0013345717690595666,False,0.0,True
mixed_drag,len5_cond2_1.csv,26.0,-0.0011350000000000943,0.001334490587142725,False,0.0,True
mixed_drag,len5_cond2_1.csv,26.5,-0.0004450000000000287,0.001342928582737042,False,0.0,True
mixed_drag,len5_cond2_1.csv,27.0,0.0015550000000001396,0.001333167668083863,True,0.00011091616595813826,True
mixed_drag,len5_cond2_1.csv,27.5,-0.0006099999999998051,0.0013347194481462437,False,0.0,True
mixed_drag,len5_cond2_1.csv,28.0,-0.0027800000000001157,0.0013375373956671054,True,0.000721231302166505,True
mixed_drag,len5_cond2_1.csv,28.5,0.0014550000000001506,0.0013303480136604932,True,6.232599316982872e-05,True
mixed_drag,len5_cond2_1.csv,29.0,0.0008850000000000802,0.0013282402316586494,False,0.0,True
mixed_drag,len5_cond2_1.csv,29.5,-0.000250000000000139,0.0013316181331830413,False,0.0,True
mixed_drag,len5_cond2_1.csv,30.0,0.0010349999999999665,0.001330583649855488,False,0.0,True
mixed_drag,len5_cond2_1.csv,30.5,-0.0020999999999999908,0.0013360406013098519,True,0.00038197969934506944,True
mixed_drag,len5_cond2_1.csv,31.0,0.0009699999999998599,0.0013295593797712257,False,0.0,True
mixed_drag,len5_cond2_1.csv,31.5,0.001030000000000142,0.0013306666570883441,False,0.0,True
mixed_drag,len5_cond2_1.csv,32.0,-0.002209999999999712,0.0013326788652810767,True,0.0004386605673593176,True
mixed_drag,len5_cond2_1.csv,32.5,0.002354999999999774,0.0013285624648225762,True,0.0005132187675885988,True
mixed_drag,len5_cond2_1.csv,33.0,-0.0011549999999997396,0.0013303091477204338,False,0.0,True
mixed_drag,len5_cond2_1.csv,33.5,-2.499999999971969e-05,0.0013271630209990854,False,0.0,True
mixed_drag,len5_cond2_1.csv,34.0,-0.001119999999999649,0.001323651597042524,False,0.0,True
mixed_drag,len5_cond2_1.csv,34.5,0.0005499999999996619,0.0013332575647885402,False,0.0,True
mixed_drag,len5_cond2_1.csv,35.0,0.0003949999999999787,0.0013253478758606402,False,0.0,True
mixed_drag,len5_cond2_1.csv,35.5,0.00036500000000042054,0.0013213043086919756,False,0.0,True
mixed_drag,len5_cond2_1.csv,36.0,0.0007150000000001877,0.0013322090369352212,False,0.0,True
mixed_drag,len5_cond2_1.csv,36.5,-0.0010550000000006943,0.0013224016906332504,False,0.0,True
mixed_drag,len5_cond2_1.csv,37.0,7.500000000049134e-05,0.0013219378504254744,False,0.0,True
mixed_drag,len5_cond2_1.csv,37.5,-0.00030999999999986594,0.001328956173783582,False,0.0,True
mixed_drag,len5_cond2_1.csv,38.0,0.0007149999999998546,0.0013188018929310749,False,0.0,True
mixed_drag,len5_cond2_1.csv,38.5,0.0003699999999998982,0.001318761951861269,False,0.0,True
mixed_drag,len5_cond2_1.csv,39.0,-0.0007699999999997709,0.0013223266775014353,False,0.0,True
mixed_drag,len5_cond2_1.csv,39.5,0.0016699999999997966,0.0013182683030689116,True,0.00017586584846544253,True
mixed_drag,len5_cond2_1.csv,40.0,-0.0011699999999995603,0.001315013545900668,False,0.0,True
mixed_drag,len5_cond2_1.csv,40.5,-0.0012599999999998723,0.001319744379244096,False,0.0,True
mixed_drag,len5_cond2_1.csv,41.0,0.0002799999999999747,0.0013195558942346616,False,0.0,True
mixed_drag,len5_cond2_1.csv,41.5,0.0009599999999996833,0.0013237905987929643,False,0.0,True
mixed_drag,len5_cond2_1.csv,42.0,-0.0005399999999996519,0.0013178620783236077,False,0.0,True
mixed_drag,len5_cond2_1.csv,42.5,0.0004999999999999172,0.0013162457511603348,False,0.0,True
mixed_drag,len5_cond2_1.csv,43.0,-0.0008750000000002922,0.0013191904622701725,False,0.0,True
mixed_drag,len5_cond2_1.csv,43.5,0.0005249999999999422,0.001313906026728739,False,0.0,True
mixed_drag,len5_cond2_1.csv,44.0,0.0003500000000006276,0.0013191562704833104,False,0.0,True
mixed_drag,len5_cond2_1.csv,44.5,0.0010300000000005305,0.001314250364680431,False,0.0,True
mixed_drag,len5_cond2_1.csv,45.0,-0.0024099999999997387,0.0013084423710448064,True,0.000550778814477466,True
mixed_drag,len5_cond2_1.csv,45.5,0.001360000000000361,0.0013167401897718708,True,2.162990511424506e-05,True
mixed_drag,len5_cond2_1.csv,46.0,0.0007149999999991885,0.0013114490431823612,False,0.0,True
mixed_drag,len5_cond2_1.csv,46.5,-0.0003200000000000494,0.0013139731957484133,False,0.0,True
mixed_drag,len5_cond2_1.csv,47.0,-0.0018899999999997252,0.0013159315294635771,True,0.00028703423526807404,True
mixed_drag,len5_cond2_1.csv,47.5,0.002499999999999891,0.0013089869332209363,True,0.0005955065333894773,True
mixed_drag,len5_cond2_1.csv,48.0,-0.0015599999999998115,0.00130822711777014,True,0.00012588644111483581,True
mixed_drag,len5_cond2_1.csv,48.5,-0.0004299999999998194,0.0013121272397011172,False,0.0,True
mixed_drag,len5_cond2_1.csv,49.0,-5.0000000003935785e-06,0.0013057069274296721,False,0.0,True
mixed_drag,len5_cond2_1.csv,49.5,-0.00015499999999946112,0.0013117281431248413,False,0.0,True
mixed_drag,len5_cond2_1.csv,50.0,0.00035499999999960563,0.0013083538753967498,False,0.0,True
mixed_drag,len5_cond2_1.csv,50.5,-0.000624999999999723,0.0013059451396403863,False,0.0,True
mixed_drag,len5_cond2_1.csv,51.0,0.0017349999999995425,0.0013090357205657226,True,0.00021298213971690993,True
mixed_drag,len5_cond2_1.csv,51.5,-0.0013050000000000561,0.0013071009700143304,False,0.0,True
mixed_drag,len5_cond2_1.csv,52.0,0.0001849999999995397,0.0013075356347713879,False,0.0,True
mixed_drag,len5_cond2_1.csv,52.5,0.0008099999999998109,0.0013099619554687739,False,0.0,True
mixed_drag,len5_cond2_1.csv,53.0,-0.0015549999999998065,0.0013057159482764858,True,0.00012464202586166036,True
mixed_drag,len5_cond2_1.csv,53.5,0.0027499999999997526,0.0013037197519176846,True,0.0007231401240410339,True
mixed_drag,len5_cond2_1.csv,54.0,-0.0009000000000004005,0.0013066458797433547,False,0.0,True
mixed_drag,len5_cond2_1.csv,54.5,-0.001330000000000206,0.0013016736476244236,True,1.4163176187891187e-05,True
mixed_drag,len5_cond2_1.csv,55.0,0.0005350000000000632,0.0013048575954660415,False,0.0,True
mixed_drag,len5_cond2_1.csv,55.5,0.0012799999999993372,0.0013015914900386455,False,0.0,True
mixed_drag,len5_cond2_1.csv,56.0,-0.002640000000000149,0.0013005957499416963,True,0.0006697021250292262,True
mixed_drag,len5_cond2_1.csv,56.5,0.0004350000000000187,0.0013030514479073078,False,0.0,True
mixed_drag,len5_cond2_1.csv,57.0,0.0012949999999998518,0.0013011588713899753,False,0.0,True
mixed_drag,len5_cond2_1.csv,57.5,4.0000000000275926e-05,0.0012997817922893906,False,0.0,True
mixed_drag,len5_cond2_1.csv,58.0,2.4999999999997247e-05,0.001304380238863714,False,0.0,True
mixed_drag,len5_cond2_1.csv,58.5,0.000225000000000114,0.0012983979355988232,False,0.0,True
mixed_drag,len5_cond2_1.csv,59.0,0.0008050000000000279,0.001296095091039865,False,0.0,True
mixed_drag,len5_cond3_1.csv,0.0,-0.00036999999999998145,0.0013987780751201578,False,0.0,True
mixed_drag,len5_cond3_1.csv,0.5,-0.0015100000000000113,0.0014036129420445561,True,5.3193528977727605e-05,True
mixed_drag,len5_cond3_1.csv,1.0,0.0017099999999998783,0.0013995722219002735,True,0.00015521388904980238,True
mixed_drag,len5_cond3_1.csv,1.5,-0.0004500000000000025,0.0013950686651032166,False,0.0,True
mixed_drag,len5_cond3_1.csv,2.0,-0.00019000000000002348,0.0014009800009766715,False,0.0,True
mixed_drag,len5_cond3_1.csv,2.5,-0.0007150000000000212,0.0013887378437496688,False,0.0,True
mixed_drag,len5_cond3_1.csv,3.0,0.0020600000000000063,0.001390074436642529,True,0.0003349627816787386,True
mixed_drag,len5_cond3_1.csv,3.5,-0.0023699999999999832,0.0013951441439196649,True,0.00048742792804015917,True
mixed_drag,len5_cond3_1.csv,4.0,0.00037999999999988043,0.0013810851697595356,False,0.0,True
mixed_drag,len5_cond3_1.csv,4.5,0.002344999999999986,0.0013810931497830095,True,0.00048195342510848815,True
mixed_drag,len5_cond3_1.csv,5.0,-0.0012299999999998423,0.0013788068287243506,False,0.0,True
mixed_drag,len5_cond3_1.csv,5.5,3.5000000000021125e-05,0.001373520065083264,False,0.0,True
mixed_drag,len5_cond3_1.csv,6.0,-0.0005550000000001942,0.001379487642598898,False,0.0,True
mixed_drag,len5_cond3_1.csv,6.5,0.0012250000000000316,0.0013703537821211987,False,0.0,True
mixed_drag,len5_cond3_1.csv,7.0,-0.0005199999999999094,0.0013722305338837316,False,0.0,True
mixed_drag,len5_cond3_1.csv,7.5,-0.00036999999999998145,0.0013759164549571419,False,0.0,True
mixed_drag,len5_cond3_1.csv,8.0,-0.0010399999999998744,0.0013633056821496243,False,0.0,True
mixed_drag,len5_cond3_1.csv,8.5,0.001495000000000024,0.0013632869789099275,True,6.585651054504828e-05,True
mixed_drag,len5_cond3_1.csv,9.0,-0.0005450000000000177,0.00136327658632925,False,0.0,True
mixed_drag,len5_cond3_1.csv,9.5,0.0007250000000001144,0.001354810548780553,False,0.0,True
mixed_drag,len5_cond3_1.csv,10.0,-0.0005050000000001997,0.001363681311954501,False,0.0,True
mixed_drag,len5_cond3_1.csv,10.5,-0.00029999999999985594,0.001355214673176075,False,0.0,True
mixed_drag,len5_cond3_1.csv,11.0,-0.00022500000000001685,0.0013525810914387902,False,0.0,True
mixed_drag,len5_cond3_1.csv,11.5,0.00035999999999991594,0.0013572935767504606,False,0.0,True
mixed_drag,len5_cond3_1.csv,12.0,-0.00012000000000012001,0.0013480393484994666,False,0.0,True
mixed_drag,len5_cond3_1.csv,12.5,0.0002649999999997932,0.0013514074108204482,False,0.0,True
mixed_drag,len5_cond3_1.csv,13.0,-0.0003149999999999542,0.001350512562294995,False,0.0,True
mixed_drag,len5_cond3_1.csv,13.5,0.00032500000000007523,0.0013419875932393405,False,0.0,True
mixed_drag,len5_cond3_1.csv,14.0,-0.0002900000000001235,0.0013413685512615127,False,0.0,True
mixed_drag,len5_cond3_1.csv,14.5,-0.00032999999999983043,0.0013398784319055136,False,0.0,True
mixed_drag,len5_cond3_1.csv,15.0,0.0011899999999998821,0.0013390911306495926,False,0.0,True
mixed_drag,len5_cond3_1.csv,15.5,-0.0010350000000001192,0.0013472678529947405,False,0.0,True
mixed_drag,len5_cond3_1.csv,16.0,-0.0011000000000003785,0.0013356070713644917,False,0.0,True
mixed_drag,len5_cond3_1.csv,16.5,0.0022899999999999587,0.0013343557163701244,True,0.00047782214181491694,True
mixed_drag,len5_cond3_1.csv,17.0,0.0006700000000000594,0.001337610245423591,False,0.0,True
mixed_drag,len5_cond3_1.csv,17.5,-0.002674999999999872,0.0013296046782956905,True,0.0006726976608520906,True
mixed_drag,len5_cond3_1.csv,18.0,0.0013699999999998713,0.0013348528119116138,True,1.7573594044128778e-05,True
mixed_drag,len5_cond3_1.csv,18.5,-0.00034999999999990594,0.0013301705380105722,False,0.0,True
mixed_drag,len5_cond3_1.csv,19.0,-0.0008049999999997642,0.0013241714989521655,False,0.0,True
mixed_drag,len5_cond3_1.csv,19.5,0.0009950000000000792,0.001335203853501609,False,0.0,True
mixed_drag,len5_cond3_1.csv,20.0,0.0008199999999997654,0.0013254966538374152,False,0.0,True
mixed_drag,len5_cond3_1.csv,20.5,-0.001534999999999953,0.0013239036261319713,True,0.00010554818693399087,True
mixed_drag,len5_cond3_1.csv,21.0,0.0015999999999998793,0.0013269878522755812,True,0.00013650607386214903,True
mixed_drag,len5_cond3_1.csv,21.5,-0.0009150000000003322,0.0013207231735672263,False,0.0,True
mixed_drag,len5_cond3_1.csv,22.0,0.0009899999999999354,0.0013238978097288266,False,0.0,True
mixed_drag,len5_cond3_1.csv,22.5,-0.002455000000000207,0.0013240187937160132,True,0.0005654906031420969,True
mixed_drag,len5_cond3_1.csv,23.0,0.0016549999999997123,0.001317488390530255,True,0.00016875580473472865,True
mixed_drag,len5_cond3_1.csv,23.5,0.00039000000000019575,0.0013231421589758928,False,0.0,True
mixed_drag,len5_cond3_1.csv,24.0,-0.0003199999999997649,0.001316117034681175,False,0.0,True
mixed_drag,len5_cond3_1.csv,24.5,0.00038500000000013523,0.0013151407757521364,False,0.0,True
mixed_drag,len5_cond3_1.csv,25.0,-4.999999999999449e-05,0.0013163722697505605,False,0.0,True
mixed_drag,len5_cond3_1.csv,25.5,-0.00011999999999989797,0.0013143610413848532,False,0.0,True
mixed_drag,len5_cond3_1.csv,26.0,-0.00027499999999972685,0.001315997680456235,False,0.0,True
mixed_drag,len5_cond3_1.csv,26.5,0.00021500000000013175,0.0013151407757521364,False,0.0,True
mixed_drag,len5_cond3_1.csv,27.0,0.0003700000000000647,0.001310217293453053,False,0.0,True
mixed_drag,len5_cond3_1.csv,27.5,-0.0019399999999998585,0.0013110145898901217,True,0.0003144927050548684,True
mixed_drag,len5_cond3_1.csv,28.0,0.0018099999999999783,0.0013140109079241619,True,0.0002479945460379082,True
mixed_drag,len5_cond3_1.csv,28.5,0.00023000000000016063,0.0013090432974246938,False,0.0,True
mixed_drag,len5_cond3_1.csv,29.0,-0.0008649999999999769,0.0013116593529986641,False,0.0,True
mixed_drag,len5_cond3_1.csv,29.5,-0.0013399999999997303,0.0013081539493190071,True,1.592302534036158e-05,True
mixed_drag,len5_cond3_1.csv,30.0,0.0010100000000002503,0.0013034259492715487,False,0.0,True
mixed_drag,len5_cond3_1.csv,30.5,0.00027999999999989145,0.0013060200695811438,False,0.0,True
mixed_drag,len5_cond3_1.csv,31.0,-0.0010650000000002324,0.001306170453199291,False,0.0,True
mixed_drag,len5_cond3_1.csv,31.5,0.0010549999999998894,0.0013097927856311504,False,0.0,True
mixed_drag,len5_cond3_1.csv,32.0,-0.0009199999999996988,0.00131093972602754,False,0.0,True
mixed_drag,len5_cond3_1.csv,32.5,0.001404999999999379,0.0013053867403667516,True,4.980662981631369e-05,True
mixed_drag,len5_cond3_1.csv,33.0,0.0003250000000000475,0.0013065733722705027,False,0.0,True
mixed_drag,len5_cond3_1.csv,33.5,-0.0011049999999993565,0.0013042440332527553,False,0.0,True
mixed_drag,len5_cond3_1.csv,34.0,0.0001650000000002344,0.0013004218193212755,False,0.0,True
mixed_drag,len5_cond3_1.csv,34.5,0.0005400000000000404,0.001300311435913596,False,0.0,True
mixed_drag,len5_cond3_1.csv,35.0,-0.0004999999999998894,0.0013015622197719106,False,0.0,True
mixed_drag,len5_cond3_1.csv,35.5,0.0009999999999998812,0.0013030965148834517,False,0.0,True
mixed_drag,len5_cond3_1.csv,36.0,-0.0007699999999994933,0.0012987362843010376,False,0.0,True
mixed_drag,len5_cond3_1.csv,36.5,-9.00000000000345e-05,0.0012986572014954713,False,0.0,True
mixed_drag,len5_cond3_1.csv,37.0,-0.0012650000000007655,0.0013005713418700168,False,0.0,True
mixed_drag,len5_cond3_1.csv,37.5,0.0008749999999999591,0.0013032617443385068,False,0.0,True
mixed_drag,len5_cond3_1.csv,38.0,5.999999999972694e-05,0.0012990479681536005,False,0.0,True
mixed_drag,len5_cond3_1.csv,38.5,-0.0005099999999999827,0.0012984174967783208,False,0.0,True
mixed_drag,len5_cond3_1.csv,39.0,0.0009149999999998326,0.0012999942956587662,False,0.0,True
mixed_drag,len5_cond3_1.csv,39.5,-0.00031500000000033584,0.0012942658400254246,False,0.0,True
mixed_drag,len5_cond3_1.csv,40.0,-0.0002200000000001645,0.001297047978458419,False,0.0,True
mixed_drag,len5_cond3_1.csv,40.5,0.0007050000000002887,0.0012966443608893154,False,0.0,True
mixed_drag,len5_cond3_1.csv,41.0,0.0005649999999997289,0.001292631977704835,False,0.0,True
mixed_drag,len5_cond3_1.csv,41.5,-0.0017449999999998023,0.0012987362843010376,True,0.00022313185784938235,True
mixed_drag,len5_cond3_1.csv,42.0,-4.999999999644178e-06,0.0012943209455766169,False,0.0,True
mixed_drag,len5_cond3_1.csv,42.5,0.0007249999999996565,0.001295447986265601,False,0.0,True
mixed_drag,len5_cond3_1.csv,43.0,-0.0007249999999997536,0.0012957011318136486,False,0.0,True
mixed_drag,len5_cond3_1.csv,43.5,0.0021799999999997516,0.0012930733095600474,True,0.0004434633452198521,True
mixed_drag,len5_cond3_1.csv,44.0,-0.002104999999999857,0.001290498532498614,True,0.0004072507337506215,True
mixed_drag,len5_cond3_1.csv,44.5,0.0019399999999998863,0.001291683108568084,True,0.0003241584457159011,True
mixed_drag,len5_cond3_1.csv,45.0,-0.001054999999999598,0.0012934880915992555,False,0.0,True
mixed_drag,len5_cond3_1.csv,45.5,-0.00010000000000007225,0.0012932872137174924,False,0.0,True
mixed_drag,len5_cond3_1.csv,46.0,-0.001355000000000356,0.0012898786741955873,True,3.25606629023843e-05,True
mixed_drag,len5_cond3_1.csv,46.5,0.0019199999999999183,0.0012877679765059564,True,0.00031611601174698096,True
mixed_drag,len5_cond3_1.csv,47.0,-0.002169999999999783,0.0012911058751288293,True,0.00043944706243547696,True
mixed_drag,len5_cond3_1.csv,47.5,0.0016049999999998843,0.001287688486822888,True,0.00015865575658849818,True
mixed_drag,len5_cond3_1.csv,48.0,-0.000350000000000239,0.0012911500485026626,False,0.0,True
mixed_drag,len5_cond3_1.csv,48.5,0.0015650000000001774,0.0012910242343138012,True,0.00013698788284318808,True
mixed_drag,len5_cond3_1.csv,49.0,-0.0017200000000002769,0.001286003895910385,True,0.00021699805204494597,True
mixed_drag,len5_cond3_1.csv,49.5,-0.0003299999999997749,0.0012865472991000584,False,0.0,True
mixed_drag,len5_cond3_1.csv,50.0,0.0011550000000003224,0.001287688486822888,False,0.0,True
mixed_drag,len5_cond3_1.csv,50.5,-0.0005549999999999236,0.0012844437379700459,False,0.0,True
mixed_drag,len5_cond3_1.csv,51.0,0.00032500000000043605,0.0012854657083589364,False,0.0,True
mixed_drag,len5_cond3_1.csv,51.5,-0.0013949999999998408,0.0012858790179323051,True,5.456049103376784e-05,True
mixed_drag,len5_cond3_1.csv,52.0,0.0007749999999992763,0.0012854657083589364,False,0.0,True
mixed_drag,len5_cond3_1.csv,52.5,-0.0007249999999996704,0.0012835789303490028,False,0.0,True
mixed_drag,len5_cond3_1.csv,53.0,0.0004800000000000082,0.0012849891432709626,False,0.0,True
mixed_drag,len5_cond3_1.csv,53.5,0.0004849999999998744,0.0012825710734901464,False,0.0,True
mixed_drag,len5_cond3_1.csv,54.0,-0.0006749999999995648,0.0012862021991531998,False,0.0,True
mixed_drag,len5_cond3_1.csv,54.5,-0.00044999999999988105,0.0012832804133250904,False,0.0,True
mixed_drag,len5_cond3_1.csv,55.0,0.0015150000000001829,0.0012828584632461708,True,0.00011607076837700603,True
mixed_drag,len5_cond3_1.csv,55.5,0.0016299999999996873,0.0012821860103409742,True,0.00017390699482935652,True
mixed_drag,len5_cond3_1.csv,56.0,-0.002094999999999854,0.001279445409444548,True,0.0004077772952776529,True
mixed_drag,len5_cond3_1.csv,56.5,0.0005749999999997701,0.0012818601895963103,False,0.0,True
mixed_drag,len5_cond3_1.csv,57.0,-0.0007150000000000767,0.00128126261810162,False,0.0,True
mixed_drag,len5_cond3_1.csv,57.5,0.0003849999999995836,0.0012814462899765908,False,0.0,True
mixed_drag,len5_cond3_1.csv,58.0,0.0006449999999999512,0.0012823263042111405,False,0.0,True
mixed_drag,len5_cond3_1.csv,58.5,-0.0001599999999996743,0.0012802204783522943,False,0.0,True
mixed_drag,len5_cond3_1.csv,59.0,0.00027000000000032554,0.0012825710734901464,False,0.0,True
